sequence,timestamp_utc,input_file,projection_variables_completed,projection_variables_total,projections_completed_since_previous_event,time_since_previous_projection_seconds,cumulative_projection_time_seconds,evaluation_elapsed_seconds
1,2026-09-30T22:16:01.546532300Z,dataset_9/uvl/automotive02_01.uvl,1,2074,1,0.017163,0.017163,261.632706
2,2026-09-30T22:16:01.566680Z,dataset_9/uvl/automotive02_01.uvl,2,2074,1,0.017151,0.034314,261.652340
3,2026-09-30T22:16:01.578597900Z,dataset_9/uvl/automotive02_01.uvl,3,2074,1,0.011891,0.046205,261.665090
4,2026-09-30T22:16:01.590844Z,dataset_9/uvl/automotive02_01.uvl,4,2074,1,0.010961,0.057167,261.676667
5,2026-09-30T22:16:01.602317700Z,dataset_9/uvl/automotive02_01.uvl,5,2074,1,0.010826,0.067993,261.688130
6,2026-09-30T22:16:01.613234Z,dataset_9/uvl/automotive02_01.uvl,6,2074,1,0.010472,0.078465,261.699543
7,2026-09-30T22:16:01.624523700Z,dataset_9/uvl/automotive02_01.uvl,7,2074,1,0.010613,0.089078,261.710844
8,2026-09-30T22:16:01.636773400Z,dataset_9/uvl/automotive02_01.uvl,8,2074,1,0.011067,0.100145,261.722645
9,2026-09-30T22:16:01.646580200Z,dataset_9/uvl/automotive02_01.uvl,9,2074,1,0.010465,0.110611,261.733736
10,2026-09-30T22:16:01.658715Z,dataset_9/uvl/automotive02_01.uvl,10,2074,1,0.010332,0.120942,261.744624
11,2026-09-30T22:16:01.669391Z,dataset_9/uvl/automotive02_01.uvl,11,2074,1,0.010577,0.131519,261.755809
12,2026-09-30T22:16:01.681064900Z,dataset_9/uvl/automotive02_01.uvl,12,2074,1,0.010968,0.142487,261.767459
13,2026-09-30T22:16:01.693238500Z,dataset_9/uvl/automotive02_01.uvl,13,2074,1,0.010899,0.153385,261.779029
14,2026-09-30T22:16:01.704973400Z,dataset_9/uvl/automotive02_01.uvl,14,2074,1,0.011218,0.164604,261.790997
15,2026-09-30T22:16:01.717813800Z,dataset_9/uvl/automotive02_01.uvl,15,2074,1,0.012806,0.177410,261.804460
16,2026-09-30T22:16:01.729887500Z,dataset_9/uvl/automotive02_01.uvl,16,2074,1,0.011085,0.188495,261.816204
17,2026-09-30T22:16:01.741704600Z,dataset_9/uvl/automotive02_01.uvl,17,2074,1,0.010860,0.199355,261.827673
18,2026-09-30T22:16:01.755426900Z,dataset_9/uvl/automotive02_01.uvl,18,2074,1,0.010769,0.210124,261.842196
19,2026-09-30T22:16:01.767837700Z,dataset_9/uvl/automotive02_01.uvl,19,2074,1,0.011415,0.221539,261.854172
20,2026-09-30T22:16:01.779617300Z,dataset_9/uvl/automotive02_01.uvl,20,2074,1,0.011118,0.232657,261.865919
21,2026-09-30T22:16:01.792983900Z,dataset_9/uvl/automotive02_01.uvl,21,2074,1,0.012152,0.244809,261.878743
22,2026-09-30T22:16:01.805472500Z,dataset_9/uvl/automotive02_01.uvl,22,2074,1,0.012746,0.257555,261.892118
23,2026-09-30T22:16:01.819145200Z,dataset_9/uvl/automotive02_01.uvl,23,2074,1,0.012363,0.269918,261.905208
24,2026-09-30T22:16:01.829613400Z,dataset_9/uvl/automotive02_01.uvl,24,2074,1,0.010812,0.280730,261.916649
25,2026-09-30T22:16:01.842372200Z,dataset_9/uvl/automotive02_01.uvl,25,2074,1,0.011256,0.291986,261.928486
26,2026-09-30T22:16:01.855043300Z,dataset_9/uvl/automotive02_01.uvl,26,2074,1,0.011603,0.303589,261.940727
27,2026-09-30T22:16:01.866765Z,dataset_9/uvl/automotive02_01.uvl,27,2074,1,0.011259,0.314848,261.952582
28,2026-09-30T22:16:01.879661300Z,dataset_9/uvl/automotive02_01.uvl,28,2074,1,0.012083,0.326931,261.965494
29,2026-09-30T22:16:01.890741600Z,dataset_9/uvl/automotive02_01.uvl,29,2074,1,0.010886,0.337818,261.977028
30,2026-09-30T22:16:01.901744900Z,dataset_9/uvl/automotive02_01.uvl,30,2074,1,0.010968,0.348786,261.988589
31,2026-09-30T22:16:01.913859500Z,dataset_9/uvl/automotive02_01.uvl,31,2074,1,0.010664,0.359450,261.999858
32,2026-09-30T22:16:01.924464700Z,dataset_9/uvl/automotive02_01.uvl,32,2074,1,0.010579,0.370029,262.011054
33,2026-09-30T22:16:01.937209800Z,dataset_9/uvl/automotive02_01.uvl,33,2074,1,0.011065,0.381093,262.023297
34,2026-09-30T22:16:01.948995700Z,dataset_9/uvl/automotive02_01.uvl,34,2074,1,0.010878,0.391971,262.034825
35,2026-09-30T22:16:01.960891900Z,dataset_9/uvl/automotive02_01.uvl,35,2074,1,0.011231,0.403202,262.046649
36,2026-09-30T22:16:01.971742200Z,dataset_9/uvl/automotive02_01.uvl,36,2074,1,0.011033,0.414236,262.058246
37,2026-09-30T22:16:01.985365600Z,dataset_9/uvl/automotive02_01.uvl,37,2074,1,0.012101,0.426337,262.071200
38,2026-09-30T22:16:01.996948600Z,dataset_9/uvl/automotive02_01.uvl,38,2074,1,0.011085,0.437421,262.082889
39,2026-09-30T22:16:02.007629200Z,dataset_9/uvl/automotive02_01.uvl,39,2074,1,0.010801,0.448222,262.094314
40,2026-09-30T22:16:02.019525100Z,dataset_9/uvl/automotive02_01.uvl,40,2074,1,0.010826,0.459048,262.105736
41,2026-09-30T22:16:02.031027900Z,dataset_9/uvl/automotive02_01.uvl,41,2074,1,0.010716,0.469764,262.117018
42,2026-09-30T22:16:02.043269200Z,dataset_9/uvl/automotive02_01.uvl,42,2074,1,0.011478,0.481241,262.129098
43,2026-09-30T22:16:02.054923200Z,dataset_9/uvl/automotive02_01.uvl,43,2074,1,0.011303,0.492544,262.141063
44,2026-09-30T22:16:02.066684500Z,dataset_9/uvl/automotive02_01.uvl,44,2074,1,0.010609,0.503153,262.152341
45,2026-09-30T22:16:02.077859700Z,dataset_9/uvl/automotive02_01.uvl,45,2074,1,0.010873,0.514026,262.163768
46,2026-09-30T22:16:02.089735400Z,dataset_9/uvl/automotive02_01.uvl,46,2074,1,0.011997,0.526023,262.176377
47,2026-09-30T22:16:02.102624100Z,dataset_9/uvl/automotive02_01.uvl,47,2074,1,0.011506,0.537530,262.188591
48,2026-09-30T22:16:02.113876800Z,dataset_9/uvl/automotive02_01.uvl,48,2074,1,0.010819,0.548348,262.200133
49,2026-09-30T22:16:02.126929800Z,dataset_9/uvl/automotive02_01.uvl,49,2074,1,0.011794,0.560142,262.212808
50,2026-09-30T22:16:02.138886500Z,dataset_9/uvl/automotive02_01.uvl,50,2074,1,0.011452,0.571594,262.224819
51,2026-09-30T22:16:02.150656300Z,dataset_9/uvl/automotive02_01.uvl,51,2074,1,0.011680,0.583274,262.237076
52,2026-09-30T22:16:02.163226700Z,dataset_9/uvl/automotive02_01.uvl,52,2074,1,0.011507,0.594781,262.249184
53,2026-09-30T22:16:02.175174600Z,dataset_9/uvl/automotive02_01.uvl,53,2074,1,0.011274,0.606055,262.261073
54,2026-09-30T22:16:02.187544600Z,dataset_9/uvl/automotive02_01.uvl,54,2074,1,0.012138,0.618193,262.274034
55,2026-09-30T22:16:02.200634500Z,dataset_9/uvl/automotive02_01.uvl,55,2074,1,0.011656,0.629849,262.286318
56,2026-09-30T22:16:02.212565300Z,dataset_9/uvl/automotive02_01.uvl,56,2074,1,0.011408,0.641256,262.298419
57,2026-09-30T22:16:02.225145Z,dataset_9/uvl/automotive02_01.uvl,57,2074,1,0.011921,0.653177,262.310955
58,2026-09-30T22:16:02.237177900Z,dataset_9/uvl/automotive02_01.uvl,58,2074,1,0.011811,0.664988,262.323401
59,2026-09-30T22:16:02.250616300Z,dataset_9/uvl/automotive02_01.uvl,59,2074,1,0.012645,0.677633,262.336925
60,2026-09-30T22:16:02.263045500Z,dataset_9/uvl/automotive02_01.uvl,60,2074,1,0.012486,0.690119,262.350068
61,2026-09-30T22:16:02.276509500Z,dataset_9/uvl/automotive02_01.uvl,61,2074,1,0.012722,0.702841,262.363335
62,2026-09-30T22:16:02.289948Z,dataset_9/uvl/automotive02_01.uvl,62,2074,1,0.011667,0.714508,262.375611
63,2026-09-30T22:16:02.301517500Z,dataset_9/uvl/automotive02_01.uvl,63,2074,1,0.011667,0.726175,262.387901
64,2026-09-30T22:16:02.313192900Z,dataset_9/uvl/automotive02_01.uvl,64,2074,1,0.011090,0.737265,262.399684
65,2026-09-30T22:16:02.325339400Z,dataset_9/uvl/automotive02_01.uvl,65,2074,1,0.010964,0.748229,262.411230
66,2026-09-30T22:16:02.336890800Z,dataset_9/uvl/automotive02_01.uvl,66,2074,1,0.011015,0.759244,262.422808
67,2026-09-30T22:16:02.347832100Z,dataset_9/uvl/automotive02_01.uvl,67,2074,1,0.010278,0.769522,262.433671
68,2026-09-30T22:16:02.359654700Z,dataset_9/uvl/automotive02_01.uvl,68,2074,1,0.011024,0.780546,262.445396
69,2026-09-30T22:16:02.370660500Z,dataset_9/uvl/automotive02_01.uvl,69,2074,1,0.010814,0.791361,262.456826
70,2026-09-30T22:16:02.382427700Z,dataset_9/uvl/automotive02_01.uvl,70,2074,1,0.010931,0.802291,262.468289
71,2026-09-30T22:16:02.394467300Z,dataset_9/uvl/automotive02_01.uvl,71,2074,1,0.011263,0.813554,262.480140
72,2026-09-30T22:16:02.404946100Z,dataset_9/uvl/automotive02_01.uvl,72,2074,1,0.010511,0.824065,262.491607
73,2026-09-30T22:16:02.416592900Z,dataset_9/uvl/automotive02_01.uvl,73,2074,1,0.010437,0.834502,262.502639
74,2026-09-30T22:16:02.426445Z,dataset_9/uvl/automotive02_01.uvl,74,2074,1,0.010523,0.845025,262.513720
75,2026-09-30T22:16:02.438400200Z,dataset_9/uvl/automotive02_01.uvl,75,2074,1,0.010277,0.855301,262.524559
76,2026-09-30T22:16:02.448988300Z,dataset_9/uvl/automotive02_01.uvl,76,2074,1,0.010441,0.865742,262.535584
77,2026-09-30T22:16:02.460439500Z,dataset_9/uvl/automotive02_01.uvl,77,2074,1,0.010515,0.876257,262.546627
78,2026-09-30T22:16:02.471607800Z,dataset_9/uvl/automotive02_01.uvl,78,2074,1,0.010439,0.886697,262.557619
79,2026-09-30T22:16:02.482645500Z,dataset_9/uvl/automotive02_01.uvl,79,2074,1,0.010864,0.897560,262.569002
80,2026-09-30T22:16:02.494561400Z,dataset_9/uvl/automotive02_01.uvl,80,2074,1,0.010916,0.908477,262.580469
81,2026-09-30T22:16:02.505734900Z,dataset_9/uvl/automotive02_01.uvl,81,2074,1,0.010869,0.919346,262.591922
82,2026-09-30T22:16:02.516482900Z,dataset_9/uvl/automotive02_01.uvl,82,2074,1,0.010366,0.929711,262.602861
83,2026-09-30T22:16:02.528288300Z,dataset_9/uvl/automotive02_01.uvl,83,2074,1,0.010906,0.940618,262.614309
84,2026-09-30T22:16:02.540156300Z,dataset_9/uvl/automotive02_01.uvl,84,2074,1,0.010995,0.951612,262.625891
85,2026-09-30T22:16:02.551388800Z,dataset_9/uvl/automotive02_01.uvl,85,2074,1,0.010924,0.962536,262.637365
86,2026-09-30T22:16:02.561310300Z,dataset_9/uvl/automotive02_01.uvl,86,2074,1,0.010290,0.972826,262.648279
87,2026-09-30T22:16:02.572659100Z,dataset_9/uvl/automotive02_01.uvl,87,2074,1,0.010503,0.983329,262.659296
88,2026-09-30T22:16:02.585341100Z,dataset_9/uvl/automotive02_01.uvl,88,2074,1,0.011918,0.995247,262.671773
89,2026-09-30T22:16:02.596803700Z,dataset_9/uvl/automotive02_01.uvl,89,2074,1,0.010808,1.006055,262.683209
90,2026-09-30T22:16:02.607649200Z,dataset_9/uvl/automotive02_01.uvl,90,2074,1,0.010454,1.016509,262.694213
91,2026-09-30T22:16:02.618891600Z,dataset_9/uvl/automotive02_01.uvl,91,2074,1,0.010635,1.027144,262.705375
92,2026-09-30T22:16:02.629847300Z,dataset_9/uvl/automotive02_01.uvl,92,2074,1,0.010505,1.037649,262.716430
93,2026-09-30T22:16:02.641093400Z,dataset_9/uvl/automotive02_01.uvl,93,2074,1,0.010551,1.048200,262.727511
94,2026-09-30T22:16:02.652682800Z,dataset_9/uvl/automotive02_01.uvl,94,2074,1,0.011017,1.059217,262.739060
95,2026-09-30T22:16:02.664148800Z,dataset_9/uvl/automotive02_01.uvl,95,2074,1,0.010684,1.069901,262.750291
96,2026-09-30T22:16:02.676308400Z,dataset_9/uvl/automotive02_01.uvl,96,2074,1,0.011142,1.081043,262.761974
97,2026-09-30T22:16:02.686997800Z,dataset_9/uvl/automotive02_01.uvl,97,2074,1,0.010529,1.091572,262.773043
98,2026-09-30T22:16:02.699871500Z,dataset_9/uvl/automotive02_01.uvl,98,2074,1,0.012093,1.103666,262.785654
99,2026-09-30T22:16:02.711364900Z,dataset_9/uvl/automotive02_01.uvl,99,2074,1,0.010969,1.114634,262.797097
100,2026-09-30T22:16:02.721712500Z,dataset_9/uvl/automotive02_01.uvl,100,2074,1,0.010389,1.125023,262.808015
101,2026-09-30T22:16:02.741337300Z,dataset_9/uvl/automotive02_01.uvl,101,2074,1,0.019106,1.144129,262.827662
102,2026-09-30T22:16:02.901410100Z,dataset_9/uvl/automotive02_01.uvl,102,2074,1,0.020405,1.164534,262.987915
103,2026-09-30T22:16:03.004972400Z,dataset_9/uvl/automotive02_01.uvl,103,2074,1,0.101798,1.266332,263.091738
104,2026-09-30T22:16:03.017890200Z,dataset_9/uvl/automotive02_01.uvl,104,2074,1,0.011673,1.278005,263.104512
105,2026-09-30T22:16:03.031206700Z,dataset_9/uvl/automotive02_01.uvl,105,2074,1,0.011806,1.289811,263.116880
106,2026-09-30T22:16:03.043160700Z,dataset_9/uvl/automotive02_01.uvl,106,2074,1,0.012189,1.302000,263.129659
107,2026-09-30T22:16:03.055454Z,dataset_9/uvl/automotive02_01.uvl,107,2074,1,0.012184,1.314183,263.142382
108,2026-09-30T22:16:03.070585800Z,dataset_9/uvl/automotive02_01.uvl,108,2074,1,0.013839,1.328022,263.156813
109,2026-09-30T22:16:03.085666100Z,dataset_9/uvl/automotive02_01.uvl,109,2074,1,0.014043,1.342065,263.171508
110,2026-09-30T22:16:03.099947Z,dataset_9/uvl/automotive02_01.uvl,110,2074,1,0.013827,1.355892,263.185952
111,2026-09-30T22:16:03.110701800Z,dataset_9/uvl/automotive02_01.uvl,111,2074,1,0.010420,1.366312,263.196992
112,2026-09-30T22:16:03.123160500Z,dataset_9/uvl/automotive02_01.uvl,112,2074,1,0.012088,1.378400,263.209609
113,2026-09-30T22:16:03.135205600Z,dataset_9/uvl/automotive02_01.uvl,113,2074,1,0.011577,1.389977,263.221831
114,2026-09-30T22:16:03.146878200Z,dataset_9/uvl/automotive02_01.uvl,114,2074,1,0.011051,1.401028,263.233460
115,2026-09-30T22:16:03.159332500Z,dataset_9/uvl/automotive02_01.uvl,115,2074,1,0.010995,1.412023,263.245002
116,2026-09-30T22:16:03.170475200Z,dataset_9/uvl/automotive02_01.uvl,116,2074,1,0.010835,1.422859,263.256365
117,2026-09-30T22:16:03.181944300Z,dataset_9/uvl/automotive02_01.uvl,117,2074,1,0.010879,1.433738,263.267791
118,2026-09-30T22:16:03.193070900Z,dataset_9/uvl/automotive02_01.uvl,118,2074,1,0.010608,1.444345,263.279035
119,2026-09-30T22:16:03.204449900Z,dataset_9/uvl/automotive02_01.uvl,119,2074,1,0.010573,1.454918,263.290151
120,2026-09-30T22:16:03.215268100Z,dataset_9/uvl/automotive02_01.uvl,120,2074,1,0.010354,1.465272,263.301072
121,2026-09-30T22:16:03.226562300Z,dataset_9/uvl/automotive02_01.uvl,121,2074,1,0.010898,1.476170,263.312464
122,2026-09-30T22:16:03.237382400Z,dataset_9/uvl/automotive02_01.uvl,122,2074,1,0.010397,1.486568,263.323387
123,2026-09-30T22:16:03.247777600Z,dataset_9/uvl/automotive02_01.uvl,123,2074,1,0.010426,1.496994,263.334296
124,2026-09-30T22:16:03.259260100Z,dataset_9/uvl/automotive02_01.uvl,124,2074,1,0.010515,1.507509,263.345293
125,2026-09-30T22:16:03.270259800Z,dataset_9/uvl/automotive02_01.uvl,125,2074,1,0.010399,1.517908,263.356189
126,2026-09-30T22:16:03.280784900Z,dataset_9/uvl/automotive02_01.uvl,126,2074,1,0.010755,1.528663,263.367456
127,2026-09-30T22:16:03.293106700Z,dataset_9/uvl/automotive02_01.uvl,127,2074,1,0.011197,1.539861,263.379161
128,2026-09-30T22:16:03.305087600Z,dataset_9/uvl/automotive02_01.uvl,128,2074,1,0.011427,1.551288,263.391153
129,2026-09-30T22:16:03.317371300Z,dataset_9/uvl/automotive02_01.uvl,129,2074,1,0.011488,1.562776,263.403313
130,2026-09-30T22:16:03.328804500Z,dataset_9/uvl/automotive02_01.uvl,130,2074,1,0.011201,1.573977,263.415113
131,2026-09-30T22:16:03.341692700Z,dataset_9/uvl/automotive02_01.uvl,131,2074,1,0.011731,1.585708,263.427408
132,2026-09-30T22:16:03.352407600Z,dataset_9/uvl/automotive02_01.uvl,132,2074,1,0.010607,1.596315,263.438528
133,2026-09-30T22:16:03.364198900Z,dataset_9/uvl/automotive02_01.uvl,133,2074,1,0.010957,1.607273,263.450077
134,2026-09-30T22:16:03.375378200Z,dataset_9/uvl/automotive02_01.uvl,134,2074,1,0.010799,1.618071,263.461395
135,2026-09-30T22:16:03.387014200Z,dataset_9/uvl/automotive02_01.uvl,135,2074,1,0.010793,1.628864,263.472677
136,2026-09-30T22:16:03.396976300Z,dataset_9/uvl/automotive02_01.uvl,136,2074,1,0.010356,1.639220,263.483598
137,2026-09-30T22:16:03.408621700Z,dataset_9/uvl/automotive02_01.uvl,137,2074,1,0.010360,1.649579,263.494726
138,2026-09-30T22:16:03.419051700Z,dataset_9/uvl/automotive02_01.uvl,138,2074,1,0.010453,1.660032,263.505690
139,2026-09-30T22:16:03.429814Z,dataset_9/uvl/automotive02_01.uvl,139,2074,1,0.010571,1.670604,263.516756
140,2026-09-30T22:16:03.441249500Z,dataset_9/uvl/automotive02_01.uvl,140,2074,1,0.010392,1.680995,263.527663
141,2026-09-30T22:16:03.452457100Z,dataset_9/uvl/automotive02_01.uvl,141,2074,1,0.010479,1.691474,263.538662
142,2026-09-30T22:16:03.463947400Z,dataset_9/uvl/automotive02_01.uvl,142,2074,1,0.010634,1.702109,263.549799
143,2026-09-30T22:16:03.474147200Z,dataset_9/uvl/automotive02_01.uvl,143,2074,1,0.010337,1.712445,263.560654
144,2026-09-30T22:16:03.485204Z,dataset_9/uvl/automotive02_01.uvl,144,2074,1,0.010501,1.722946,263.571666
145,2026-09-30T22:16:03.496844600Z,dataset_9/uvl/automotive02_01.uvl,145,2074,1,0.010493,1.733439,263.582646
146,2026-09-30T22:16:03.508118300Z,dataset_9/uvl/automotive02_01.uvl,146,2074,1,0.010650,1.744089,263.593821
147,2026-09-30T22:16:03.518932500Z,dataset_9/uvl/automotive02_01.uvl,147,2074,1,0.010346,1.754434,263.604717
148,2026-09-30T22:16:03.530082900Z,dataset_9/uvl/automotive02_01.uvl,148,2074,1,0.010567,1.765001,263.615766
149,2026-09-30T22:16:03.540232100Z,dataset_9/uvl/automotive02_01.uvl,149,2074,1,0.010498,1.775499,263.626757
150,2026-09-30T22:16:03.551681600Z,dataset_9/uvl/automotive02_01.uvl,150,2074,1,0.010153,1.785652,263.637417
151,2026-09-30T22:16:03.561800600Z,dataset_9/uvl/automotive02_01.uvl,151,2074,1,0.010406,1.796058,263.648321
152,2026-09-30T22:16:03.572958700Z,dataset_9/uvl/automotive02_01.uvl,152,2074,1,0.011116,1.807174,263.659964
153,2026-09-30T22:16:03.584182300Z,dataset_9/uvl/automotive02_01.uvl,153,2074,1,0.010349,1.817522,263.670823
154,2026-09-30T22:16:03.596497700Z,dataset_9/uvl/automotive02_01.uvl,154,2074,1,0.010757,1.828279,263.682238
155,2026-09-30T22:16:03.607552100Z,dataset_9/uvl/automotive02_01.uvl,155,2074,1,0.010682,1.838961,263.693424
156,2026-09-30T22:16:03.618104900Z,dataset_9/uvl/automotive02_01.uvl,156,2074,1,0.010716,1.849676,263.704632
157,2026-09-30T22:16:03.629538400Z,dataset_9/uvl/automotive02_01.uvl,157,2074,1,0.010357,1.860033,263.715510
158,2026-09-30T22:16:03.640948400Z,dataset_9/uvl/automotive02_01.uvl,158,2074,1,0.010818,1.870851,263.726805
159,2026-09-30T22:16:03.651384Z,dataset_9/uvl/automotive02_01.uvl,159,2074,1,0.010656,1.881507,263.737963
160,2026-09-30T22:16:03.662388400Z,dataset_9/uvl/automotive02_01.uvl,160,2074,1,0.010549,1.892056,263.749021
161,2026-09-30T22:16:03.673179200Z,dataset_9/uvl/automotive02_01.uvl,161,2074,1,0.010184,1.902241,263.759723
162,2026-09-30T22:16:03.685209100Z,dataset_9/uvl/automotive02_01.uvl,162,2074,1,0.010693,1.912934,263.770904
163,2026-09-30T22:16:03.696752400Z,dataset_9/uvl/automotive02_01.uvl,163,2074,1,0.011355,1.924289,263.782756
164,2026-09-30T22:16:03.707483800Z,dataset_9/uvl/automotive02_01.uvl,164,2074,1,0.010430,1.934719,263.793708
165,2026-09-30T22:16:03.718105700Z,dataset_9/uvl/automotive02_01.uvl,165,2074,1,0.010482,1.945201,263.804725
166,2026-09-30T22:16:03.729337Z,dataset_9/uvl/automotive02_01.uvl,166,2074,1,0.010753,1.955954,263.815995
167,2026-09-30T22:16:03.739982800Z,dataset_9/uvl/automotive02_01.uvl,167,2074,1,0.010648,1.966602,263.827169
168,2026-09-30T22:16:03.751448700Z,dataset_9/uvl/automotive02_01.uvl,168,2074,1,0.010349,1.976951,263.838078
169,2026-09-30T22:16:03.763148600Z,dataset_9/uvl/automotive02_01.uvl,169,2074,1,0.010469,1.987420,263.849024
170,2026-09-30T22:16:03.774333700Z,dataset_9/uvl/automotive02_01.uvl,170,2074,1,0.010788,1.998208,263.860303
171,2026-09-30T22:16:03.785303700Z,dataset_9/uvl/automotive02_01.uvl,171,2074,1,0.010359,2.008567,263.871157
172,2026-09-30T22:16:03.796786900Z,dataset_9/uvl/automotive02_01.uvl,172,2074,1,0.011456,2.020022,263.883093
173,2026-09-30T22:16:03.808610600Z,dataset_9/uvl/automotive02_01.uvl,173,2074,1,0.011393,2.031415,263.895052
174,2026-09-30T22:16:03.820685600Z,dataset_9/uvl/automotive02_01.uvl,174,2074,1,0.010972,2.042388,263.906615
175,2026-09-30T22:16:03.831836100Z,dataset_9/uvl/automotive02_01.uvl,175,2074,1,0.010398,2.052786,263.917537
176,2026-09-30T22:16:03.843086300Z,dataset_9/uvl/automotive02_01.uvl,176,2074,1,0.010858,2.063644,263.928901
177,2026-09-30T22:16:03.854938Z,dataset_9/uvl/automotive02_01.uvl,177,2074,1,0.011468,2.075112,263.940932
178,2026-09-30T22:16:03.865843500Z,dataset_9/uvl/automotive02_01.uvl,178,2074,1,0.010402,2.085513,263.951882
179,2026-09-30T22:16:03.876778900Z,dataset_9/uvl/automotive02_01.uvl,179,2074,1,0.010763,2.096276,263.963170
180,2026-09-30T22:16:03.888441500Z,dataset_9/uvl/automotive02_01.uvl,180,2074,1,0.011533,2.107809,263.975207
181,2026-09-30T22:16:03.901554800Z,dataset_9/uvl/automotive02_01.uvl,181,2074,1,0.011846,2.119655,263.987569
182,2026-09-30T22:16:03.912668200Z,dataset_9/uvl/automotive02_01.uvl,182,2074,1,0.010660,2.130315,263.998793
183,2026-09-30T22:16:03.924458700Z,dataset_9/uvl/automotive02_01.uvl,183,2074,1,0.010988,2.141303,264.010311
184,2026-09-30T22:16:03.935926600Z,dataset_9/uvl/automotive02_01.uvl,184,2074,1,0.010772,2.152075,264.021594
185,2026-09-30T22:16:03.946601200Z,dataset_9/uvl/automotive02_01.uvl,185,2074,1,0.010556,2.162630,264.032649
186,2026-09-30T22:16:03.957321300Z,dataset_9/uvl/automotive02_01.uvl,186,2074,1,0.010390,2.173021,264.043542
187,2026-09-30T22:16:03.968106700Z,dataset_9/uvl/automotive02_01.uvl,187,2074,1,0.010549,2.183570,264.054603
188,2026-09-30T22:16:03.979586Z,dataset_9/uvl/automotive02_01.uvl,188,2074,1,0.011233,2.194803,264.066361
189,2026-09-30T22:16:03.991077800Z,dataset_9/uvl/automotive02_01.uvl,189,2074,1,0.010540,2.205343,264.077448
190,2026-09-30T22:16:04.002462600Z,dataset_9/uvl/automotive02_01.uvl,190,2074,1,0.010338,2.215681,264.088277
191,2026-09-30T22:16:04.012773400Z,dataset_9/uvl/automotive02_01.uvl,191,2074,1,0.010437,2.226118,264.099178
192,2026-09-30T22:16:04.024205900Z,dataset_9/uvl/automotive02_01.uvl,192,2074,1,0.010701,2.236818,264.110376
193,2026-09-30T22:16:04.035213Z,dataset_9/uvl/automotive02_01.uvl,193,2074,1,0.010362,2.247181,264.121234
194,2026-09-30T22:16:04.045965700Z,dataset_9/uvl/automotive02_01.uvl,194,2074,1,0.010764,2.257944,264.132451
195,2026-09-30T22:16:04.058682300Z,dataset_9/uvl/automotive02_01.uvl,195,2074,1,0.011703,2.269647,264.144660
196,2026-09-30T22:16:04.070770900Z,dataset_9/uvl/automotive02_01.uvl,196,2074,1,0.011708,2.281355,264.156998
197,2026-09-30T22:16:04.082411Z,dataset_9/uvl/automotive02_01.uvl,197,2074,1,0.010755,2.292110,264.168276
198,2026-09-30T22:16:04.093378200Z,dataset_9/uvl/automotive02_01.uvl,198,2074,1,0.011000,2.303110,264.179781
199,2026-09-30T22:16:04.104960100Z,dataset_9/uvl/automotive02_01.uvl,199,2074,1,0.010615,2.313725,264.190882
200,2026-09-30T22:16:04.116143600Z,dataset_9/uvl/automotive02_01.uvl,200,2074,1,0.010368,2.324092,264.201843
201,2026-09-30T22:16:04.126986600Z,dataset_9/uvl/automotive02_01.uvl,201,2074,1,0.010443,2.334535,264.212860
202,2026-09-30T22:16:04.137030500Z,dataset_9/uvl/automotive02_01.uvl,202,2074,1,0.010651,2.345186,264.224014
203,2026-09-30T22:16:04.147699Z,dataset_9/uvl/automotive02_01.uvl,203,2074,1,0.010366,2.355552,264.234943
204,2026-09-30T22:16:04.160258300Z,dataset_9/uvl/automotive02_01.uvl,204,2074,1,0.010586,2.366138,264.246288
205,2026-09-30T22:16:04.170557900Z,dataset_9/uvl/automotive02_01.uvl,205,2074,1,0.010719,2.376857,264.257543
206,2026-09-30T22:16:04.182586700Z,dataset_9/uvl/automotive02_01.uvl,206,2074,1,0.010840,2.387697,264.268938
207,2026-09-30T22:16:04.193280200Z,dataset_9/uvl/automotive02_01.uvl,207,2074,1,0.010377,2.398074,264.279824
208,2026-09-30T22:16:04.205095100Z,dataset_9/uvl/automotive02_01.uvl,208,2074,1,0.010644,2.408719,264.290970
209,2026-09-30T22:16:04.216546500Z,dataset_9/uvl/automotive02_01.uvl,209,2074,1,0.011652,2.420371,264.303173
210,2026-09-30T22:16:04.229789200Z,dataset_9/uvl/automotive02_01.uvl,210,2074,1,0.012428,2.432799,264.316134
211,2026-09-30T22:16:04.242053100Z,dataset_9/uvl/automotive02_01.uvl,211,2074,1,0.011055,2.443853,264.327750
212,2026-09-30T22:16:04.252134900Z,dataset_9/uvl/automotive02_01.uvl,212,2074,1,0.010390,2.454243,264.338639
213,2026-09-30T22:16:04.265111400Z,dataset_9/uvl/automotive02_01.uvl,213,2074,1,0.012224,2.466467,264.351358
214,2026-09-30T22:16:04.276482700Z,dataset_9/uvl/automotive02_01.uvl,214,2074,1,0.010979,2.477446,264.362897
215,2026-09-30T22:16:04.287330700Z,dataset_9/uvl/automotive02_01.uvl,215,2074,1,0.010442,2.487888,264.373886
216,2026-09-30T22:16:04.299083500Z,dataset_9/uvl/automotive02_01.uvl,216,2074,1,0.010557,2.498445,264.384986
217,2026-09-30T22:16:04.310321Z,dataset_9/uvl/automotive02_01.uvl,217,2074,1,0.010620,2.509065,264.396157
218,2026-09-30T22:16:04.320610600Z,dataset_9/uvl/automotive02_01.uvl,218,2074,1,0.010886,2.519951,264.407587
219,2026-09-30T22:16:04.332556800Z,dataset_9/uvl/automotive02_01.uvl,219,2074,1,0.010218,2.530169,264.418502
220,2026-09-30T22:16:04.342953600Z,dataset_9/uvl/automotive02_01.uvl,220,2074,1,0.010586,2.540755,264.429533
221,2026-09-30T22:16:04.354306700Z,dataset_9/uvl/automotive02_01.uvl,221,2074,1,0.010458,2.551213,264.440479
222,2026-09-30T22:16:04.365112Z,dataset_9/uvl/automotive02_01.uvl,222,2074,1,0.010345,2.561559,264.451320
223,2026-09-30T22:16:04.376332700Z,dataset_9/uvl/automotive02_01.uvl,223,2074,1,0.010528,2.572087,264.462321
224,2026-09-30T22:16:04.388583500Z,dataset_9/uvl/automotive02_01.uvl,224,2074,1,0.011676,2.583762,264.474491
225,2026-09-30T22:16:04.399745500Z,dataset_9/uvl/automotive02_01.uvl,225,2074,1,0.010400,2.594163,264.485580
226,2026-09-30T22:16:04.410033100Z,dataset_9/uvl/automotive02_01.uvl,226,2074,1,0.010403,2.604566,264.496513
227,2026-09-30T22:16:04.421914100Z,dataset_9/uvl/automotive02_01.uvl,227,2074,1,0.010932,2.615497,264.507927
228,2026-09-30T22:16:04.432600700Z,dataset_9/uvl/automotive02_01.uvl,228,2074,1,0.010886,2.626383,264.519371
229,2026-09-30T22:16:04.444838400Z,dataset_9/uvl/automotive02_01.uvl,229,2074,1,0.011256,2.637639,264.531147
230,2026-09-30T22:16:04.455907100Z,dataset_9/uvl/automotive02_01.uvl,230,2074,1,0.010351,2.647991,264.542039
231,2026-09-30T22:16:04.466545400Z,dataset_9/uvl/automotive02_01.uvl,231,2074,1,0.010708,2.658698,264.553229
232,2026-09-30T22:16:04.478627300Z,dataset_9/uvl/automotive02_01.uvl,232,2074,1,0.011003,2.669701,264.564812
233,2026-09-30T22:16:04.489869800Z,dataset_9/uvl/automotive02_01.uvl,233,2074,1,0.010332,2.680033,264.575680
234,2026-09-30T22:16:04.501789Z,dataset_9/uvl/automotive02_01.uvl,234,2074,1,0.011279,2.691312,264.587471
235,2026-09-30T22:16:04.513039500Z,dataset_9/uvl/automotive02_01.uvl,235,2074,1,0.010738,2.702050,264.598778
236,2026-09-30T22:16:04.523683Z,dataset_9/uvl/automotive02_01.uvl,236,2074,1,0.010674,2.712724,264.609991
237,2026-09-30T22:16:04.535214500Z,dataset_9/uvl/automotive02_01.uvl,237,2074,1,0.010384,2.723108,264.620933
238,2026-09-30T22:16:04.545891900Z,dataset_9/uvl/automotive02_01.uvl,238,2074,1,0.010469,2.733576,264.631862
239,2026-09-30T22:16:04.557550500Z,dataset_9/uvl/automotive02_01.uvl,239,2074,1,0.011232,2.744808,264.643576
240,2026-09-30T22:16:04.568785700Z,dataset_9/uvl/automotive02_01.uvl,240,2074,1,0.010549,2.755357,264.654601
241,2026-09-30T22:16:04.578971500Z,dataset_9/uvl/automotive02_01.uvl,241,2074,1,0.010389,2.765746,264.665473
242,2026-09-30T22:16:04.591127200Z,dataset_9/uvl/automotive02_01.uvl,242,2074,1,0.011477,2.777223,264.677444
243,2026-09-30T22:16:04.602698600Z,dataset_9/uvl/automotive02_01.uvl,243,2074,1,0.011254,2.788477,264.689211
244,2026-09-30T22:16:04.614118600Z,dataset_9/uvl/automotive02_01.uvl,244,2074,1,0.010424,2.798901,264.700125
245,2026-09-30T22:16:04.626157400Z,dataset_9/uvl/automotive02_01.uvl,245,2074,1,0.011653,2.810553,264.712242
246,2026-09-30T22:16:04.636923800Z,dataset_9/uvl/automotive02_01.uvl,246,2074,1,0.011028,2.821581,264.723811
247,2026-09-30T22:16:04.647758200Z,dataset_9/uvl/automotive02_01.uvl,247,2074,1,0.010577,2.832158,264.734972
248,2026-09-30T22:16:04.659310900Z,dataset_9/uvl/automotive02_01.uvl,248,2074,1,0.010347,2.842505,264.745839
249,2026-09-30T22:16:04.670882900Z,dataset_9/uvl/automotive02_01.uvl,249,2074,1,0.011027,2.853532,264.757318
250,2026-09-30T22:16:04.683320500Z,dataset_9/uvl/automotive02_01.uvl,250,2074,1,0.011262,2.864794,264.769073
251,2026-09-30T22:16:04.694722300Z,dataset_9/uvl/automotive02_01.uvl,251,2074,1,0.010979,2.875773,264.780553
252,2026-09-30T22:16:04.704873600Z,dataset_9/uvl/automotive02_01.uvl,252,2074,1,0.010395,2.886168,264.791497
253,2026-09-30T22:16:04.717483900Z,dataset_9/uvl/automotive02_01.uvl,253,2074,1,0.011065,2.897233,264.803156
254,2026-09-30T22:16:04.728946800Z,dataset_9/uvl/automotive02_01.uvl,254,2074,1,0.011062,2.908295,264.814708
255,2026-09-30T22:16:04.739871700Z,dataset_9/uvl/automotive02_01.uvl,255,2074,1,0.010484,2.918778,264.825666
256,2026-09-30T22:16:04.750907700Z,dataset_9/uvl/automotive02_01.uvl,256,2074,1,0.010486,2.929264,264.836678
257,2026-09-30T22:16:04.761114900Z,dataset_9/uvl/automotive02_01.uvl,257,2074,1,0.010552,2.939816,264.847774
258,2026-09-30T22:16:04.773092700Z,dataset_9/uvl/automotive02_01.uvl,258,2074,1,0.010619,2.950435,264.858884
259,2026-09-30T22:16:04.782583100Z,dataset_9/uvl/automotive02_01.uvl,259,2074,1,0.010382,2.960816,264.869792
260,2026-09-30T22:16:04.794934500Z,dataset_9/uvl/automotive02_01.uvl,260,2074,1,0.011065,2.971882,264.881342
261,2026-09-30T22:16:04.806029700Z,dataset_9/uvl/automotive02_01.uvl,261,2074,1,0.010579,2.982460,264.892426
262,2026-09-30T22:16:04.817317200Z,dataset_9/uvl/automotive02_01.uvl,262,2074,1,0.010278,2.992739,264.903202
263,2026-09-30T22:16:04.829684400Z,dataset_9/uvl/automotive02_01.uvl,263,2074,1,0.011675,3.004414,264.915350
264,2026-09-30T22:16:04.839763800Z,dataset_9/uvl/automotive02_01.uvl,264,2074,1,0.010676,3.015089,264.926508
265,2026-09-30T22:16:04.851454600Z,dataset_9/uvl/automotive02_01.uvl,265,2074,1,0.010515,3.025604,264.937503
266,2026-09-30T22:16:04.862396900Z,dataset_9/uvl/automotive02_01.uvl,266,2074,1,0.010394,3.035997,264.948381
267,2026-09-30T22:16:04.873016400Z,dataset_9/uvl/automotive02_01.uvl,267,2074,1,0.010503,3.046500,264.959314
268,2026-09-30T22:16:04.884265300Z,dataset_9/uvl/automotive02_01.uvl,268,2074,1,0.010948,3.057448,264.970754
269,2026-09-30T22:16:04.894915300Z,dataset_9/uvl/automotive02_01.uvl,269,2074,1,0.010339,3.067786,264.981523
270,2026-09-30T22:16:04.906168500Z,dataset_9/uvl/automotive02_01.uvl,270,2074,1,0.010701,3.078487,264.992662
271,2026-09-30T22:16:04.917908400Z,dataset_9/uvl/automotive02_01.uvl,271,2074,1,0.010927,3.089414,265.004106
272,2026-09-30T22:16:04.928720500Z,dataset_9/uvl/automotive02_01.uvl,272,2074,1,0.010715,3.100129,265.015307
273,2026-09-30T22:16:04.939999300Z,dataset_9/uvl/automotive02_01.uvl,273,2074,1,0.010339,3.110468,265.026131
274,2026-09-30T22:16:04.950890Z,dataset_9/uvl/automotive02_01.uvl,274,2074,1,0.010423,3.120892,265.037003
275,2026-09-30T22:16:04.960811500Z,dataset_9/uvl/automotive02_01.uvl,275,2074,1,0.010475,3.131366,265.047941
276,2026-09-30T22:16:04.972114200Z,dataset_9/uvl/automotive02_01.uvl,276,2074,1,0.010299,3.141666,265.058697
277,2026-09-30T22:16:04.984974Z,dataset_9/uvl/automotive02_01.uvl,277,2074,1,0.011687,3.153352,265.070846
278,2026-09-30T22:16:04.996127300Z,dataset_9/uvl/automotive02_01.uvl,278,2074,1,0.010496,3.163848,265.081851
279,2026-09-30T22:16:05.005849900Z,dataset_9/uvl/automotive02_01.uvl,279,2074,1,0.010348,3.174195,265.092670
280,2026-09-30T22:16:05.017463800Z,dataset_9/uvl/automotive02_01.uvl,280,2074,1,0.010507,3.184702,265.103651
281,2026-09-30T22:16:05.028762400Z,dataset_9/uvl/automotive02_01.uvl,281,2074,1,0.010599,3.195301,265.114706
282,2026-09-30T22:16:05.040245700Z,dataset_9/uvl/automotive02_01.uvl,282,2074,1,0.010944,3.206245,265.126138
283,2026-09-30T22:16:05.052972Z,dataset_9/uvl/automotive02_01.uvl,283,2074,1,0.011858,3.218103,265.138631
284,2026-09-30T22:16:05.063Z,dataset_9/uvl/automotive02_01.uvl,284,2074,1,0.010649,3.228751,265.149759
285,2026-09-30T22:16:05.075623900Z,dataset_9/uvl/automotive02_01.uvl,285,2074,1,0.011263,3.240015,265.161482
286,2026-09-30T22:16:05.087216200Z,dataset_9/uvl/automotive02_01.uvl,286,2074,1,0.011759,3.251774,265.173776
287,2026-09-30T22:16:05.099210600Z,dataset_9/uvl/automotive02_01.uvl,287,2074,1,0.010755,3.262529,265.185094
288,2026-09-30T22:16:05.110256500Z,dataset_9/uvl/automotive02_01.uvl,288,2074,1,0.010454,3.272983,265.196100
289,2026-09-30T22:16:05.120622100Z,dataset_9/uvl/automotive02_01.uvl,289,2074,1,0.010560,3.283543,265.207125
290,2026-09-30T22:16:05.131859100Z,dataset_9/uvl/automotive02_01.uvl,290,2074,1,0.010382,3.293924,265.217989
291,2026-09-30T22:16:05.143104400Z,dataset_9/uvl/automotive02_01.uvl,291,2074,1,0.010656,3.304580,265.229156
292,2026-09-30T22:16:05.154652Z,dataset_9/uvl/automotive02_01.uvl,292,2074,1,0.010645,3.315225,265.240304
293,2026-09-30T22:16:05.165827700Z,dataset_9/uvl/automotive02_01.uvl,293,2074,1,0.010862,3.326087,265.251639
294,2026-09-30T22:16:05.176215Z,dataset_9/uvl/automotive02_01.uvl,294,2074,1,0.010326,3.336413,265.262455
295,2026-09-30T22:16:05.186983Z,dataset_9/uvl/automotive02_01.uvl,295,2074,1,0.010614,3.347026,265.273556
296,2026-09-30T22:16:05.197696400Z,dataset_9/uvl/automotive02_01.uvl,296,2074,1,0.010554,3.357580,265.284591
297,2026-09-30T22:16:05.209237100Z,dataset_9/uvl/automotive02_01.uvl,297,2074,1,0.010605,3.368185,265.295679
298,2026-09-30T22:16:05.220946900Z,dataset_9/uvl/automotive02_01.uvl,298,2074,1,0.010428,3.378613,265.306687
299,2026-09-30T22:16:05.232445800Z,dataset_9/uvl/automotive02_01.uvl,299,2074,1,0.011263,3.389876,265.318426
300,2026-09-30T22:16:05.242982Z,dataset_9/uvl/automotive02_01.uvl,300,2074,1,0.010386,3.400263,265.329333
301,2026-09-30T22:16:05.253921100Z,dataset_9/uvl/automotive02_01.uvl,301,2074,1,0.010404,3.410667,265.340207
302,2026-09-30T22:16:05.265281700Z,dataset_9/uvl/automotive02_01.uvl,302,2074,1,0.010666,3.421332,265.351347
303,2026-09-30T22:16:05.276977500Z,dataset_9/uvl/automotive02_01.uvl,303,2074,1,0.010962,3.432295,265.362824
304,2026-09-30T22:16:05.287341100Z,dataset_9/uvl/automotive02_01.uvl,304,2074,1,0.010624,3.442919,265.373954
305,2026-09-30T22:16:05.299007700Z,dataset_9/uvl/automotive02_01.uvl,305,2074,1,0.010931,3.453850,265.385420
306,2026-09-30T22:16:05.310844100Z,dataset_9/uvl/automotive02_01.uvl,306,2074,1,0.010675,3.464525,265.396558
307,2026-09-30T22:16:05.320560200Z,dataset_9/uvl/automotive02_01.uvl,307,2074,1,0.010552,3.475077,265.407580
308,2026-09-30T22:16:05.332493100Z,dataset_9/uvl/automotive02_01.uvl,308,2074,1,0.010530,3.485607,265.418596
309,2026-09-30T22:16:05.344149700Z,dataset_9/uvl/automotive02_01.uvl,309,2074,1,0.010509,3.496115,265.429887
310,2026-09-30T22:16:05.354858300Z,dataset_9/uvl/automotive02_01.uvl,310,2074,1,0.010588,3.506703,265.440937
311,2026-09-30T22:16:05.366272700Z,dataset_9/uvl/automotive02_01.uvl,311,2074,1,0.010908,3.517611,265.452321
312,2026-09-30T22:16:05.376443400Z,dataset_9/uvl/automotive02_01.uvl,312,2074,1,0.010714,3.528325,265.463563
313,2026-09-30T22:16:05.388425900Z,dataset_9/uvl/automotive02_01.uvl,313,2074,1,0.010981,3.539306,265.475058
314,2026-09-30T22:16:05.399783Z,dataset_9/uvl/automotive02_01.uvl,314,2074,1,0.010744,3.550050,265.486258
315,2026-09-30T22:16:05.410873600Z,dataset_9/uvl/automotive02_01.uvl,315,2074,1,0.010244,3.560294,265.496979
316,2026-09-30T22:16:05.422757200Z,dataset_9/uvl/automotive02_01.uvl,316,2074,1,0.012024,3.572317,265.509497
317,2026-09-30T22:16:05.433991400Z,dataset_9/uvl/automotive02_01.uvl,317,2074,1,0.010573,3.582890,265.520497
318,2026-09-30T22:16:05.446042500Z,dataset_9/uvl/automotive02_01.uvl,318,2074,1,0.011473,3.594363,265.532428
319,2026-09-30T22:16:05.457098900Z,dataset_9/uvl/automotive02_01.uvl,319,2074,1,0.010347,3.604710,265.543239
320,2026-09-30T22:16:05.468103800Z,dataset_9/uvl/automotive02_01.uvl,320,2074,1,0.010855,3.615564,265.554543
321,2026-09-30T22:16:05.480091400Z,dataset_9/uvl/automotive02_01.uvl,321,2074,1,0.010959,3.626524,265.565959
322,2026-09-30T22:16:05.491047500Z,dataset_9/uvl/automotive02_01.uvl,322,2074,1,0.010731,3.637255,265.577174
323,2026-09-30T22:16:05.501776100Z,dataset_9/uvl/automotive02_01.uvl,323,2074,1,0.010823,3.648078,265.588515
324,2026-09-30T22:16:05.513155500Z,dataset_9/uvl/automotive02_01.uvl,324,2074,1,0.010536,3.658614,265.599483
325,2026-09-30T22:16:05.524351100Z,dataset_9/uvl/automotive02_01.uvl,325,2074,1,0.010668,3.669282,265.610611
326,2026-09-30T22:16:05.536417Z,dataset_9/uvl/automotive02_01.uvl,326,2074,1,0.010997,3.680279,265.622179
327,2026-09-30T22:16:05.546868200Z,dataset_9/uvl/automotive02_01.uvl,327,2074,1,0.010242,3.690521,265.632876
328,2026-09-30T22:16:05.558038500Z,dataset_9/uvl/automotive02_01.uvl,328,2074,1,0.010606,3.701127,265.643936
329,2026-09-30T22:16:05.569007700Z,dataset_9/uvl/automotive02_01.uvl,329,2074,1,0.010895,3.712022,265.655378
330,2026-09-30T22:16:05.579753Z,dataset_9/uvl/automotive02_01.uvl,330,2074,1,0.010278,3.722300,265.666122
331,2026-09-30T22:16:05.592107700Z,dataset_9/uvl/automotive02_01.uvl,331,2074,1,0.011280,3.733580,265.677843
332,2026-09-30T22:16:05.602577400Z,dataset_9/uvl/automotive02_01.uvl,332,2074,1,0.011204,3.744784,265.689588
333,2026-09-30T22:16:05.614757400Z,dataset_9/uvl/automotive02_01.uvl,333,2074,1,0.010659,3.755443,265.700782
334,2026-09-30T22:16:05.625498500Z,dataset_9/uvl/automotive02_01.uvl,334,2074,1,0.010293,3.765736,265.711584
335,2026-09-30T22:16:05.636865Z,dataset_9/uvl/automotive02_01.uvl,335,2074,1,0.010798,3.776534,265.722862
336,2026-09-30T22:16:05.646532400Z,dataset_9/uvl/automotive02_01.uvl,336,2074,1,0.010373,3.786907,265.733705
337,2026-09-30T22:16:05.658799700Z,dataset_9/uvl/automotive02_01.uvl,337,2074,1,0.010310,3.797217,265.744523
338,2026-09-30T22:16:05.669290500Z,dataset_9/uvl/automotive02_01.uvl,338,2074,1,0.010468,3.807685,265.755438
339,2026-09-30T22:16:05.681294200Z,dataset_9/uvl/automotive02_01.uvl,339,2074,1,0.011167,3.818852,265.767072
340,2026-09-30T22:16:05.692189500Z,dataset_9/uvl/automotive02_01.uvl,340,2074,1,0.010824,3.829676,265.778376
341,2026-09-30T22:16:05.702835400Z,dataset_9/uvl/automotive02_01.uvl,341,2074,1,0.010440,3.840116,265.789319
342,2026-09-30T22:16:05.713873100Z,dataset_9/uvl/automotive02_01.uvl,342,2074,1,0.010584,3.850699,265.800402
343,2026-09-30T22:16:05.725780Z,dataset_9/uvl/automotive02_01.uvl,343,2074,1,0.010864,3.861563,265.811772
344,2026-09-30T22:16:05.737412900Z,dataset_9/uvl/automotive02_01.uvl,344,2074,1,0.010801,3.872364,265.823103
345,2026-09-30T22:16:05.748024700Z,dataset_9/uvl/automotive02_01.uvl,345,2074,1,0.010414,3.882778,265.833946
346,2026-09-30T22:16:05.759291600Z,dataset_9/uvl/automotive02_01.uvl,346,2074,1,0.010570,3.893349,265.844975
347,2026-09-30T22:16:05.768976800Z,dataset_9/uvl/automotive02_01.uvl,347,2074,1,0.010814,3.904163,265.856230
348,2026-09-30T22:16:05.781340Z,dataset_9/uvl/automotive02_01.uvl,348,2074,1,0.010468,3.914631,265.867417
349,2026-09-30T22:16:05.792190Z,dataset_9/uvl/automotive02_01.uvl,349,2074,1,0.011006,3.925636,265.878879
350,2026-09-30T22:16:05.804202700Z,dataset_9/uvl/automotive02_01.uvl,350,2074,1,0.010638,3.936274,265.889979
351,2026-09-30T22:16:05.814787300Z,dataset_9/uvl/automotive02_01.uvl,351,2074,1,0.010254,3.946529,265.900700
352,2026-09-30T22:16:05.825328900Z,dataset_9/uvl/automotive02_01.uvl,352,2074,1,0.010764,3.957292,265.911887
353,2026-09-30T22:16:05.837056200Z,dataset_9/uvl/automotive02_01.uvl,353,2074,1,0.010734,3.968027,265.923129
354,2026-09-30T22:16:05.847689600Z,dataset_9/uvl/automotive02_01.uvl,354,2074,1,0.010250,3.978276,265.933865
355,2026-09-30T22:16:05.859287500Z,dataset_9/uvl/automotive02_01.uvl,355,2074,1,0.010948,3.989225,265.945260
356,2026-09-30T22:16:05.870736400Z,dataset_9/uvl/automotive02_01.uvl,356,2074,1,0.010727,3.999952,265.956457
357,2026-09-30T22:16:05.880833Z,dataset_9/uvl/automotive02_01.uvl,357,2074,1,0.010396,4.010348,265.967325
358,2026-09-30T22:16:05.893100800Z,dataset_9/uvl/automotive02_01.uvl,358,2074,1,0.011144,4.021492,265.979064
359,2026-09-30T22:16:05.904094600Z,dataset_9/uvl/automotive02_01.uvl,359,2074,1,0.010685,4.032177,265.990256
360,2026-09-30T22:16:05.914541500Z,dataset_9/uvl/automotive02_01.uvl,360,2074,1,0.010883,4.043059,266.001699
361,2026-09-30T22:16:05.926998600Z,dataset_9/uvl/automotive02_01.uvl,361,2074,1,0.010842,4.053901,266.013041
362,2026-09-30T22:16:05.938294300Z,dataset_9/uvl/automotive02_01.uvl,362,2074,1,0.010825,4.064726,266.024385
363,2026-09-30T22:16:05.949240800Z,dataset_9/uvl/automotive02_01.uvl,363,2074,1,0.010392,4.075118,266.035293
364,2026-09-30T22:16:05.960048600Z,dataset_9/uvl/automotive02_01.uvl,364,2074,1,0.010599,4.085717,266.046383
365,2026-09-30T22:16:05.970754700Z,dataset_9/uvl/automotive02_01.uvl,365,2074,1,0.010350,4.096067,266.057205
366,2026-09-30T22:16:05.982515900Z,dataset_9/uvl/automotive02_01.uvl,366,2074,1,0.010593,4.106660,266.068277
367,2026-09-30T22:16:05.993104500Z,dataset_9/uvl/automotive02_01.uvl,367,2074,1,0.010955,4.117615,266.079691
368,2026-09-30T22:16:06.004781600Z,dataset_9/uvl/automotive02_01.uvl,368,2074,1,0.010671,4.128286,266.090870
369,2026-09-30T22:16:06.015818400Z,dataset_9/uvl/automotive02_01.uvl,369,2074,1,0.010620,4.138906,266.101958
370,2026-09-30T22:16:06.026842100Z,dataset_9/uvl/automotive02_01.uvl,370,2074,1,0.011133,4.150039,266.113556
371,2026-09-30T22:16:06.038475100Z,dataset_9/uvl/automotive02_01.uvl,371,2074,1,0.010771,4.160810,266.124801
372,2026-09-30T22:16:06.049466400Z,dataset_9/uvl/automotive02_01.uvl,372,2074,1,0.010396,4.171206,266.135665
373,2026-09-30T22:16:06.060742Z,dataset_9/uvl/automotive02_01.uvl,373,2074,1,0.010507,4.181713,266.146600
374,2026-09-30T22:16:06.072315Z,dataset_9/uvl/automotive02_01.uvl,374,2074,1,0.011269,4.192982,266.158346
375,2026-09-30T22:16:06.082453800Z,dataset_9/uvl/automotive02_01.uvl,375,2074,1,0.010668,4.203650,266.169582
376,2026-09-30T22:16:06.095163400Z,dataset_9/uvl/automotive02_01.uvl,376,2074,1,0.011527,4.215178,266.181777
377,2026-09-30T22:16:06.105727700Z,dataset_9/uvl/automotive02_01.uvl,377,2074,1,0.010619,4.225797,266.192886
378,2026-09-30T22:16:06.118070400Z,dataset_9/uvl/automotive02_01.uvl,378,2074,1,0.010749,4.236546,266.204093
379,2026-09-30T22:16:06.129773100Z,dataset_9/uvl/automotive02_01.uvl,379,2074,1,0.011092,4.247638,266.215647
380,2026-09-30T22:16:06.140389500Z,dataset_9/uvl/automotive02_01.uvl,380,2074,1,0.010759,4.258397,266.226853
381,2026-09-30T22:16:06.152315Z,dataset_9/uvl/automotive02_01.uvl,381,2074,1,0.010722,4.269119,266.238068
382,2026-09-30T22:16:06.164387300Z,dataset_9/uvl/automotive02_01.uvl,382,2074,1,0.011948,4.281067,266.250519
383,2026-09-30T22:16:06.175521600Z,dataset_9/uvl/automotive02_01.uvl,383,2074,1,0.010342,4.291409,266.261288
384,2026-09-30T22:16:06.186951200Z,dataset_9/uvl/automotive02_01.uvl,384,2074,1,0.010964,4.302373,266.272678
385,2026-09-30T22:16:06.198729100Z,dataset_9/uvl/automotive02_01.uvl,385,2074,1,0.011385,4.313758,266.284518
386,2026-09-30T22:16:06.209335600Z,dataset_9/uvl/automotive02_01.uvl,386,2074,1,0.010588,4.324346,266.295586
387,2026-09-30T22:16:06.220715500Z,dataset_9/uvl/automotive02_01.uvl,387,2074,1,0.010361,4.334707,266.306382
388,2026-09-30T22:16:06.231822300Z,dataset_9/uvl/automotive02_01.uvl,388,2074,1,0.010708,4.345414,266.317515
389,2026-09-30T22:16:06.242396700Z,dataset_9/uvl/automotive02_01.uvl,389,2074,1,0.010608,4.356023,266.328571
390,2026-09-30T22:16:06.254862900Z,dataset_9/uvl/automotive02_01.uvl,390,2074,1,0.011885,4.367908,266.340891
391,2026-09-30T22:16:06.265871800Z,dataset_9/uvl/automotive02_01.uvl,391,2074,1,0.010941,4.378849,266.352244
392,2026-09-30T22:16:06.276594700Z,dataset_9/uvl/automotive02_01.uvl,392,2074,1,0.010779,4.389627,266.363483
393,2026-09-30T22:16:06.288475900Z,dataset_9/uvl/automotive02_01.uvl,393,2074,1,0.010670,4.400297,266.374565
394,2026-09-30T22:16:06.300131Z,dataset_9/uvl/automotive02_01.uvl,394,2074,1,0.010800,4.411097,266.385831
395,2026-09-30T22:16:06.311032Z,dataset_9/uvl/automotive02_01.uvl,395,2074,1,0.010589,4.421687,266.396834
396,2026-09-30T22:16:06.321733800Z,dataset_9/uvl/automotive02_01.uvl,396,2074,1,0.010522,4.432209,266.407767
397,2026-09-30T22:16:06.332586300Z,dataset_9/uvl/automotive02_01.uvl,397,2074,1,0.010378,4.442587,266.418560
398,2026-09-30T22:16:06.343200600Z,dataset_9/uvl/automotive02_01.uvl,398,2074,1,0.011149,4.453736,266.430107
399,2026-09-30T22:16:06.354737900Z,dataset_9/uvl/automotive02_01.uvl,399,2074,1,0.010654,4.464390,266.441193
400,2026-09-30T22:16:06.366349900Z,dataset_9/uvl/automotive02_01.uvl,400,2074,1,0.010483,4.474873,266.452117
401,2026-09-30T22:16:06.376485600Z,dataset_9/uvl/automotive02_01.uvl,401,2074,1,0.010269,4.485142,266.462801
402,2026-09-30T22:16:06.388511200Z,dataset_9/uvl/automotive02_01.uvl,402,2074,1,0.011003,4.496145,266.474171
403,2026-09-30T22:16:06.399896900Z,dataset_9/uvl/automotive02_01.uvl,403,2074,1,0.011111,4.507256,266.485702
404,2026-09-30T22:16:06.410670400Z,dataset_9/uvl/automotive02_01.uvl,404,2074,1,0.010374,4.517630,266.496548
405,2026-09-30T22:16:06.421633900Z,dataset_9/uvl/automotive02_01.uvl,405,2074,1,0.010636,4.528266,266.507591
406,2026-09-30T22:16:06.432446400Z,dataset_9/uvl/automotive02_01.uvl,406,2074,1,0.010707,4.538973,266.518731
407,2026-09-30T22:16:06.443065100Z,dataset_9/uvl/automotive02_01.uvl,407,2074,1,0.010623,4.549596,266.529779
408,2026-09-30T22:16:06.454991100Z,dataset_9/uvl/automotive02_01.uvl,408,2074,1,0.010481,4.560077,266.540739
409,2026-09-30T22:16:06.465873Z,dataset_9/uvl/automotive02_01.uvl,409,2074,1,0.010592,4.570669,266.551750
410,2026-09-30T22:16:06.476940600Z,dataset_9/uvl/automotive02_01.uvl,410,2074,1,0.010629,4.581298,266.562818
411,2026-09-30T22:16:06.487271400Z,dataset_9/uvl/automotive02_01.uvl,411,2074,1,0.010387,4.591685,266.573679
412,2026-09-30T22:16:06.498197600Z,dataset_9/uvl/automotive02_01.uvl,412,2074,1,0.010561,4.602246,266.584679
413,2026-09-30T22:16:06.510143100Z,dataset_9/uvl/automotive02_01.uvl,413,2074,1,0.011095,4.613340,266.596273
414,2026-09-30T22:16:06.521236400Z,dataset_9/uvl/automotive02_01.uvl,414,2074,1,0.010395,4.623736,266.607172
415,2026-09-30T22:16:06.531925200Z,dataset_9/uvl/automotive02_01.uvl,415,2074,1,0.010362,4.634098,266.617953
416,2026-09-30T22:16:06.543101900Z,dataset_9/uvl/automotive02_01.uvl,416,2074,1,0.010639,4.644737,266.629017
417,2026-09-30T22:16:06.553906800Z,dataset_9/uvl/automotive02_01.uvl,417,2074,1,0.010572,4.655309,266.640030
418,2026-09-30T22:16:06.564201Z,dataset_9/uvl/automotive02_01.uvl,418,2074,1,0.010245,4.665554,266.650702
419,2026-09-30T22:16:06.575791700Z,dataset_9/uvl/automotive02_01.uvl,419,2074,1,0.010694,4.676248,266.661795
420,2026-09-30T22:16:06.587131500Z,dataset_9/uvl/automotive02_01.uvl,420,2074,1,0.011236,4.687484,266.673484
421,2026-09-30T22:16:06.598547400Z,dataset_9/uvl/automotive02_01.uvl,421,2074,1,0.010683,4.698167,266.684631
422,2026-09-30T22:16:06.609716100Z,dataset_9/uvl/automotive02_01.uvl,422,2074,1,0.010395,4.708562,266.695470
423,2026-09-30T22:16:06.620583400Z,dataset_9/uvl/automotive02_01.uvl,423,2074,1,0.010599,4.719161,266.706506
424,2026-09-30T22:16:06.631055900Z,dataset_9/uvl/automotive02_01.uvl,424,2074,1,0.010635,4.729796,266.717613
425,2026-09-30T22:16:06.642349100Z,dataset_9/uvl/automotive02_01.uvl,425,2074,1,0.010331,4.740127,266.728384
426,2026-09-30T22:16:06.653088900Z,dataset_9/uvl/automotive02_01.uvl,426,2074,1,0.010575,4.750702,266.739382
427,2026-09-30T22:16:06.664005400Z,dataset_9/uvl/automotive02_01.uvl,427,2074,1,0.010723,4.761425,266.750535
428,2026-09-30T22:16:06.675384100Z,dataset_9/uvl/automotive02_01.uvl,428,2074,1,0.010890,4.772314,266.761855
429,2026-09-30T22:16:06.687403600Z,dataset_9/uvl/automotive02_01.uvl,429,2074,1,0.010527,4.782842,266.773172
430,2026-09-30T22:16:06.697728Z,dataset_9/uvl/automotive02_01.uvl,430,2074,1,0.011113,4.793955,266.784709
431,2026-09-30T22:16:06.710350100Z,dataset_9/uvl/automotive02_01.uvl,431,2074,1,0.011011,4.804966,266.796161
432,2026-09-30T22:16:06.720488700Z,dataset_9/uvl/automotive02_01.uvl,432,2074,1,0.010969,4.815935,266.807554
433,2026-09-30T22:16:06.733345Z,dataset_9/uvl/automotive02_01.uvl,433,2074,1,0.011200,4.827135,266.819195
434,2026-09-30T22:16:06.744466900Z,dataset_9/uvl/automotive02_01.uvl,434,2074,1,0.010552,4.837687,266.830210
435,2026-09-30T22:16:06.755059900Z,dataset_9/uvl/automotive02_01.uvl,435,2074,1,0.010483,4.848170,266.841151
436,2026-09-30T22:16:06.766234800Z,dataset_9/uvl/automotive02_01.uvl,436,2074,1,0.010361,4.858532,266.851937
437,2026-09-30T22:16:06.776470300Z,dataset_9/uvl/automotive02_01.uvl,437,2074,1,0.010579,4.869110,266.862920
438,2026-09-30T22:16:06.789768400Z,dataset_9/uvl/automotive02_01.uvl,438,2074,1,0.012395,4.881505,266.875760
439,2026-09-30T22:16:06.800716Z,dataset_9/uvl/automotive02_01.uvl,439,2074,1,0.011158,4.892664,266.887362
440,2026-09-30T22:16:06.812649800Z,dataset_9/uvl/automotive02_01.uvl,440,2074,1,0.010915,4.903579,266.898740
441,2026-09-30T22:16:06.822889Z,dataset_9/uvl/automotive02_01.uvl,441,2074,1,0.010424,4.914003,266.909594
442,2026-09-30T22:16:06.834106900Z,dataset_9/uvl/automotive02_01.uvl,442,2074,1,0.010571,4.924574,266.920589
443,2026-09-30T22:16:06.847732500Z,dataset_9/uvl/automotive02_01.uvl,443,2074,1,0.012429,4.937003,266.933479
444,2026-09-30T22:16:06.857935200Z,dataset_9/uvl/automotive02_01.uvl,444,2074,1,0.010364,4.947367,266.944296
445,2026-09-30T22:16:06.869654Z,dataset_9/uvl/automotive02_01.uvl,445,2074,1,0.011055,4.958422,266.955764
446,2026-09-30T22:16:06.881146900Z,dataset_9/uvl/automotive02_01.uvl,446,2074,1,0.010782,4.969204,266.966979
447,2026-09-30T22:16:06.890699500Z,dataset_9/uvl/automotive02_01.uvl,447,2074,1,0.010401,4.979605,266.977788
448,2026-09-30T22:16:06.902879600Z,dataset_9/uvl/automotive02_01.uvl,448,2074,1,0.010740,4.990345,266.988896
449,2026-09-30T22:16:06.913165400Z,dataset_9/uvl/automotive02_01.uvl,449,2074,1,0.010349,5.000694,266.999687
450,2026-09-30T22:16:06.924740500Z,dataset_9/uvl/automotive02_01.uvl,450,2074,1,0.010656,5.011349,267.010798
451,2026-09-30T22:16:06.935704200Z,dataset_9/uvl/automotive02_01.uvl,451,2074,1,0.010478,5.021827,267.021694
452,2026-09-30T22:16:06.946084500Z,dataset_9/uvl/automotive02_01.uvl,452,2074,1,0.010452,5.032279,267.032554
453,2026-09-30T22:16:06.957717800Z,dataset_9/uvl/automotive02_01.uvl,453,2074,1,0.010509,5.042788,267.043470
454,2026-09-30T22:16:06.967930900Z,dataset_9/uvl/automotive02_01.uvl,454,2074,1,0.010189,5.052977,267.054076
455,2026-09-30T22:16:06.978613400Z,dataset_9/uvl/automotive02_01.uvl,455,2074,1,0.010468,5.063445,267.064941
456,2026-09-30T22:16:06.989885200Z,dataset_9/uvl/automotive02_01.uvl,456,2074,1,0.011081,5.074526,267.076481
457,2026-09-30T22:16:07.002106300Z,dataset_9/uvl/automotive02_01.uvl,457,2074,1,0.011202,5.085727,267.088152
458,2026-09-30T22:16:07.013971900Z,dataset_9/uvl/automotive02_01.uvl,458,2074,1,0.011046,5.096773,267.099690
459,2026-09-30T22:16:07.024576400Z,dataset_9/uvl/automotive02_01.uvl,459,2074,1,0.010619,5.107392,267.110718
460,2026-09-30T22:16:07.035440700Z,dataset_9/uvl/automotive02_01.uvl,460,2074,1,0.010743,5.118135,267.121903
461,2026-09-30T22:16:07.046091300Z,dataset_9/uvl/automotive02_01.uvl,461,2074,1,0.010385,5.128520,267.132737
462,2026-09-30T22:16:07.057751200Z,dataset_9/uvl/automotive02_01.uvl,462,2074,1,0.010686,5.139206,267.143826
463,2026-09-30T22:16:07.069028300Z,dataset_9/uvl/automotive02_01.uvl,463,2074,1,0.010784,5.149990,267.155028
464,2026-09-30T22:16:07.081160500Z,dataset_9/uvl/automotive02_01.uvl,464,2074,1,0.011387,5.161378,267.166827
465,2026-09-30T22:16:07.092109700Z,dataset_9/uvl/automotive02_01.uvl,465,2074,1,0.010742,5.172120,267.178141
466,2026-09-30T22:16:07.103340800Z,dataset_9/uvl/automotive02_01.uvl,466,2074,1,0.010663,5.182783,267.189226
467,2026-09-30T22:16:07.114096800Z,dataset_9/uvl/automotive02_01.uvl,467,2074,1,0.010648,5.193431,267.200305
468,2026-09-30T22:16:07.124240500Z,dataset_9/uvl/automotive02_01.uvl,468,2074,1,0.010240,5.203671,267.210962
469,2026-09-30T22:16:07.135075100Z,dataset_9/uvl/automotive02_01.uvl,469,2074,1,0.010646,5.214317,267.222051
470,2026-09-30T22:16:07.147119600Z,dataset_9/uvl/automotive02_01.uvl,470,2074,1,0.010611,5.224929,267.233128
471,2026-09-30T22:16:07.157970100Z,dataset_9/uvl/automotive02_01.uvl,471,2074,1,0.010574,5.235502,267.244137
472,2026-09-30T22:16:07.169273800Z,dataset_9/uvl/automotive02_01.uvl,472,2074,1,0.010390,5.245892,267.254978
473,2026-09-30T22:16:07.179411600Z,dataset_9/uvl/automotive02_01.uvl,473,2074,1,0.010868,5.256760,267.266245
474,2026-09-30T22:16:07.191156700Z,dataset_9/uvl/automotive02_01.uvl,474,2074,1,0.010828,5.267588,267.277505
475,2026-09-30T22:16:07.202403Z,dataset_9/uvl/automotive02_01.uvl,475,2074,1,0.010808,5.278396,267.288760
476,2026-09-30T22:16:07.214312600Z,dataset_9/uvl/automotive02_01.uvl,476,2074,1,0.011092,5.289488,267.300301
477,2026-09-30T22:16:07.225755600Z,dataset_9/uvl/automotive02_01.uvl,477,2074,1,0.011045,5.300533,267.311784
478,2026-09-30T22:16:07.237238200Z,dataset_9/uvl/automotive02_01.uvl,478,2074,1,0.011049,5.311582,267.323280
479,2026-09-30T22:16:07.247811700Z,dataset_9/uvl/automotive02_01.uvl,479,2074,1,0.010253,5.321834,267.333985
480,2026-09-30T22:16:07.258624Z,dataset_9/uvl/automotive02_01.uvl,480,2074,1,0.010394,5.332228,267.344787
481,2026-09-30T22:16:07.269473Z,dataset_9/uvl/automotive02_01.uvl,481,2074,1,0.010893,5.343121,267.356112
482,2026-09-30T22:16:07.279716300Z,dataset_9/uvl/automotive02_01.uvl,482,2074,1,0.010347,5.353468,267.366874
483,2026-09-30T22:16:07.293083Z,dataset_9/uvl/automotive02_01.uvl,483,2074,1,0.011681,5.365149,267.379117
484,2026-09-30T22:16:07.304129900Z,dataset_9/uvl/automotive02_01.uvl,484,2074,1,0.010599,5.375748,267.390133
485,2026-09-30T22:16:07.314352800Z,dataset_9/uvl/automotive02_01.uvl,485,2074,1,0.010586,5.386334,267.401137
486,2026-09-30T22:16:07.325406700Z,dataset_9/uvl/automotive02_01.uvl,486,2074,1,0.010356,5.396690,267.411899
487,2026-09-30T22:16:07.337409800Z,dataset_9/uvl/automotive02_01.uvl,487,2074,1,0.010877,5.407567,267.423238
488,2026-09-30T22:16:07.348740700Z,dataset_9/uvl/automotive02_01.uvl,488,2074,1,0.010953,5.418521,267.434752
489,2026-09-30T22:16:07.359360900Z,dataset_9/uvl/automotive02_01.uvl,489,2074,1,0.010426,5.428946,267.445663
490,2026-09-30T22:16:07.371917600Z,dataset_9/uvl/automotive02_01.uvl,490,2074,1,0.011444,5.440390,267.457704
491,2026-09-30T22:16:07.382697700Z,dataset_9/uvl/automotive02_01.uvl,491,2074,1,0.011413,5.451802,267.469571
492,2026-09-30T22:16:07.394655900Z,dataset_9/uvl/automotive02_01.uvl,492,2074,1,0.010571,5.462374,267.480665
493,2026-09-30T22:16:07.405062600Z,dataset_9/uvl/automotive02_01.uvl,493,2074,1,0.010367,5.472740,267.491461
494,2026-09-30T22:16:07.416258900Z,dataset_9/uvl/automotive02_01.uvl,494,2074,1,0.010473,5.483213,267.502396
495,2026-09-30T22:16:07.427503100Z,dataset_9/uvl/automotive02_01.uvl,495,2074,1,0.010504,5.493717,267.513318
496,2026-09-30T22:16:07.436991500Z,dataset_9/uvl/automotive02_01.uvl,496,2074,1,0.010447,5.504164,267.524176
497,2026-09-30T22:16:07.449881800Z,dataset_9/uvl/automotive02_01.uvl,497,2074,1,0.010692,5.514856,267.535538
498,2026-09-30T22:16:07.460916800Z,dataset_9/uvl/automotive02_01.uvl,498,2074,1,0.010768,5.525624,267.546757
499,2026-09-30T22:16:07.472430500Z,dataset_9/uvl/automotive02_01.uvl,499,2074,1,0.011434,5.537058,267.558650
500,2026-09-30T22:16:07.483418400Z,dataset_9/uvl/automotive02_01.uvl,500,2074,1,0.010990,5.548047,267.570067
501,2026-09-30T22:16:07.495725Z,dataset_9/uvl/automotive02_01.uvl,501,2074,1,0.011409,5.559456,267.582028
502,2026-09-30T22:16:07.507792600Z,dataset_9/uvl/automotive02_01.uvl,502,2074,1,0.010903,5.570359,267.593514
503,2026-09-30T22:16:07.517934300Z,dataset_9/uvl/automotive02_01.uvl,503,2074,1,0.010543,5.580902,267.604495
504,2026-09-30T22:16:07.528672600Z,dataset_9/uvl/automotive02_01.uvl,504,2074,1,0.010304,5.591206,267.615241
505,2026-09-30T22:16:07.540053500Z,dataset_9/uvl/automotive02_01.uvl,505,2074,1,0.011051,5.602258,267.626718
506,2026-09-30T22:16:07.552163100Z,dataset_9/uvl/automotive02_01.uvl,506,2074,1,0.011549,5.613807,267.638690
507,2026-09-30T22:16:07.565078100Z,dataset_9/uvl/automotive02_01.uvl,507,2074,1,0.011986,5.625793,267.651114
508,2026-09-30T22:16:07.576136500Z,dataset_9/uvl/automotive02_01.uvl,508,2074,1,0.010265,5.636057,267.661800
509,2026-09-30T22:16:07.587209400Z,dataset_9/uvl/automotive02_01.uvl,509,2074,1,0.010732,5.646789,267.672960
510,2026-09-30T22:16:07.598254400Z,dataset_9/uvl/automotive02_01.uvl,510,2074,1,0.010647,5.657436,267.684051
511,2026-09-30T22:16:07.609018Z,dataset_9/uvl/automotive02_01.uvl,511,2074,1,0.010366,5.667802,267.694830
512,2026-09-30T22:16:07.619797500Z,dataset_9/uvl/automotive02_01.uvl,512,2074,1,0.010464,5.678266,267.705779
513,2026-09-30T22:16:07.631060400Z,dataset_9/uvl/automotive02_01.uvl,513,2074,1,0.010639,5.688905,267.716822
514,2026-09-30T22:16:07.641864100Z,dataset_9/uvl/automotive02_01.uvl,514,2074,1,0.010410,5.699315,267.727644
515,2026-09-30T22:16:07.652065400Z,dataset_9/uvl/automotive02_01.uvl,515,2074,1,0.010164,5.709479,267.738200
516,2026-09-30T22:16:07.663185600Z,dataset_9/uvl/automotive02_01.uvl,516,2074,1,0.010515,5.719994,267.749098
517,2026-09-30T22:16:07.673180700Z,dataset_9/uvl/automotive02_01.uvl,517,2074,1,0.010505,5.730499,267.760013
518,2026-09-30T22:16:07.684053400Z,dataset_9/uvl/automotive02_01.uvl,518,2074,1,0.010291,5.740790,267.770729
519,2026-09-30T22:16:07.696963400Z,dataset_9/uvl/automotive02_01.uvl,519,2074,1,0.011765,5.752555,267.782902
520,2026-09-30T22:16:07.708622800Z,dataset_9/uvl/automotive02_01.uvl,520,2074,1,0.011002,5.763557,267.794344
521,2026-09-30T22:16:07.719240100Z,dataset_9/uvl/automotive02_01.uvl,521,2074,1,0.010684,5.774240,267.805449
522,2026-09-30T22:16:07.729669800Z,dataset_9/uvl/automotive02_01.uvl,522,2074,1,0.010255,5.784495,267.816193
523,2026-09-30T22:16:07.740250700Z,dataset_9/uvl/automotive02_01.uvl,523,2074,1,0.010685,5.795180,267.827268
524,2026-09-30T22:16:07.752214200Z,dataset_9/uvl/automotive02_01.uvl,524,2074,1,0.010724,5.805904,267.838493
525,2026-09-30T22:16:07.762877100Z,dataset_9/uvl/automotive02_01.uvl,525,2074,1,0.010252,5.816156,267.849159
526,2026-09-30T22:16:07.774614Z,dataset_9/uvl/automotive02_01.uvl,526,2074,1,0.010852,5.827008,267.860391
527,2026-09-30T22:16:07.785570900Z,dataset_9/uvl/automotive02_01.uvl,527,2074,1,0.010864,5.837872,267.871699
528,2026-09-30T22:16:07.796185Z,dataset_9/uvl/automotive02_01.uvl,528,2074,1,0.010278,5.848150,267.882410
529,2026-09-30T22:16:07.807751400Z,dataset_9/uvl/automotive02_01.uvl,529,2074,1,0.011006,5.859156,267.893803
530,2026-09-30T22:16:07.818943300Z,dataset_9/uvl/automotive02_01.uvl,530,2074,1,0.010455,5.869611,267.904682
531,2026-09-30T22:16:07.829156300Z,dataset_9/uvl/automotive02_01.uvl,531,2074,1,0.010328,5.879939,267.915415
532,2026-09-30T22:16:07.840147900Z,dataset_9/uvl/automotive02_01.uvl,532,2074,1,0.010293,5.890232,267.926118
533,2026-09-30T22:16:07.850570200Z,dataset_9/uvl/automotive02_01.uvl,533,2074,1,0.010507,5.900739,267.937020
534,2026-09-30T22:16:07.860854800Z,dataset_9/uvl/automotive02_01.uvl,534,2074,1,0.010464,5.911203,267.947893
535,2026-09-30T22:16:07.872757800Z,dataset_9/uvl/automotive02_01.uvl,535,2074,1,0.010170,5.921373,267.958448
536,2026-09-30T22:16:07.882770600Z,dataset_9/uvl/automotive02_01.uvl,536,2074,1,0.010747,5.932120,267.969648
537,2026-09-30T22:16:07.894499400Z,dataset_9/uvl/automotive02_01.uvl,537,2074,1,0.010455,5.942576,267.980562
538,2026-09-30T22:16:07.905093500Z,dataset_9/uvl/automotive02_01.uvl,538,2074,1,0.010264,5.952840,267.991245
539,2026-09-30T22:16:07.916104300Z,dataset_9/uvl/automotive02_01.uvl,539,2074,1,0.010497,5.963337,268.002187
540,2026-09-30T22:16:07.926417200Z,dataset_9/uvl/automotive02_01.uvl,540,2074,1,0.010469,5.973806,268.013074
541,2026-09-30T22:16:07.936961900Z,dataset_9/uvl/automotive02_01.uvl,541,2074,1,0.010350,5.984155,268.023817
542,2026-09-30T22:16:07.948861900Z,dataset_9/uvl/automotive02_01.uvl,542,2074,1,0.010608,5.994763,268.034818
543,2026-09-30T22:16:07.959627300Z,dataset_9/uvl/automotive02_01.uvl,543,2074,1,0.010497,6.005260,268.045779
544,2026-09-30T22:16:07.970886900Z,dataset_9/uvl/automotive02_01.uvl,544,2074,1,0.010563,6.015824,268.056762
545,2026-09-30T22:16:07.981073100Z,dataset_9/uvl/automotive02_01.uvl,545,2074,1,0.010419,6.026243,268.067650
546,2026-09-30T22:16:07.993412700Z,dataset_9/uvl/automotive02_01.uvl,546,2074,1,0.011113,6.037356,268.079154
547,2026-09-30T22:16:08.005150300Z,dataset_9/uvl/automotive02_01.uvl,547,2074,1,0.011619,6.048975,268.091220
548,2026-09-30T22:16:08.016799800Z,dataset_9/uvl/automotive02_01.uvl,548,2074,1,0.010742,6.059717,268.102456
549,2026-09-30T22:16:08.026391900Z,dataset_9/uvl/automotive02_01.uvl,549,2074,1,0.010547,6.070263,268.113401
550,2026-09-30T22:16:08.037243400Z,dataset_9/uvl/automotive02_01.uvl,550,2074,1,0.010714,6.080978,268.124536
551,2026-09-30T22:16:08.049890Z,dataset_9/uvl/automotive02_01.uvl,551,2074,1,0.011126,6.092104,268.136084
552,2026-09-30T22:16:08.060723800Z,dataset_9/uvl/automotive02_01.uvl,552,2074,1,0.010368,6.102472,268.146905
553,2026-09-30T22:16:08.072414900Z,dataset_9/uvl/automotive02_01.uvl,553,2074,1,0.011064,6.113536,268.158361
554,2026-09-30T22:16:08.084404100Z,dataset_9/uvl/automotive02_01.uvl,554,2074,1,0.011510,6.125046,268.170284
555,2026-09-30T22:16:08.096122200Z,dataset_9/uvl/automotive02_01.uvl,555,2074,1,0.011190,6.136236,268.181959
556,2026-09-30T22:16:08.107316100Z,dataset_9/uvl/automotive02_01.uvl,556,2074,1,0.010865,6.147101,268.193239
557,2026-09-30T22:16:08.118047500Z,dataset_9/uvl/automotive02_01.uvl,557,2074,1,0.010552,6.157653,268.204218
558,2026-09-30T22:16:08.129015700Z,dataset_9/uvl/automotive02_01.uvl,558,2074,1,0.010554,6.168208,268.215184
559,2026-09-30T22:16:08.140112100Z,dataset_9/uvl/automotive02_01.uvl,559,2074,1,0.010177,6.178385,268.225775
560,2026-09-30T22:16:08.150517900Z,dataset_9/uvl/automotive02_01.uvl,560,2074,1,0.010477,6.188862,268.236652
561,2026-09-30T22:16:08.160860400Z,dataset_9/uvl/automotive02_01.uvl,561,2074,1,0.010442,6.199304,268.247495
562,2026-09-30T22:16:08.171764300Z,dataset_9/uvl/automotive02_01.uvl,562,2074,1,0.010142,6.209445,268.258073
563,2026-09-30T22:16:08.182767900Z,dataset_9/uvl/automotive02_01.uvl,563,2074,1,0.010692,6.220137,268.269158
564,2026-09-30T22:16:08.194146100Z,dataset_9/uvl/automotive02_01.uvl,564,2074,1,0.010328,6.230465,268.279891
565,2026-09-30T22:16:08.204766200Z,dataset_9/uvl/automotive02_01.uvl,565,2074,1,0.010368,6.240833,268.290657
566,2026-09-30T22:16:08.215028Z,dataset_9/uvl/automotive02_01.uvl,566,2074,1,0.010581,6.251414,268.301629
567,2026-09-30T22:16:08.226739100Z,dataset_9/uvl/automotive02_01.uvl,567,2074,1,0.010450,6.261863,268.312506
568,2026-09-30T22:16:08.237391700Z,dataset_9/uvl/automotive02_01.uvl,568,2074,1,0.010264,6.272127,268.323198
569,2026-09-30T22:16:08.247726900Z,dataset_9/uvl/automotive02_01.uvl,569,2074,1,0.010917,6.283044,268.334507
570,2026-09-30T22:16:08.259726Z,dataset_9/uvl/automotive02_01.uvl,570,2074,1,0.010994,6.294038,268.345921
571,2026-09-30T22:16:08.270585100Z,dataset_9/uvl/automotive02_01.uvl,571,2074,1,0.010477,6.304515,268.356804
572,2026-09-30T22:16:08.281836100Z,dataset_9/uvl/automotive02_01.uvl,572,2074,1,0.010355,6.314870,268.367564
573,2026-09-30T22:16:08.292988Z,dataset_9/uvl/automotive02_01.uvl,573,2074,1,0.010952,6.325822,268.378914
574,2026-09-30T22:16:08.303240600Z,dataset_9/uvl/automotive02_01.uvl,574,2074,1,0.010540,6.336362,268.389881
575,2026-09-30T22:16:08.314574300Z,dataset_9/uvl/automotive02_01.uvl,575,2074,1,0.010348,6.346710,268.400649
576,2026-09-30T22:16:08.325735600Z,dataset_9/uvl/automotive02_01.uvl,576,2074,1,0.010705,6.357415,268.411732
577,2026-09-30T22:16:08.337345500Z,dataset_9/uvl/automotive02_01.uvl,577,2074,1,0.011658,6.369073,268.423826
578,2026-09-30T22:16:08.347981800Z,dataset_9/uvl/automotive02_01.uvl,578,2074,1,0.010028,6.379101,268.434283
579,2026-09-30T22:16:08.359291600Z,dataset_9/uvl/automotive02_01.uvl,579,2074,1,0.010679,6.389780,268.445352
580,2026-09-30T22:16:08.369188500Z,dataset_9/uvl/automotive02_01.uvl,580,2074,1,0.010652,6.400432,268.456448
581,2026-09-30T22:16:08.381514400Z,dataset_9/uvl/automotive02_01.uvl,581,2074,1,0.010376,6.410807,268.467279
582,2026-09-30T22:16:08.392674Z,dataset_9/uvl/automotive02_01.uvl,582,2074,1,0.010519,6.421326,268.478384
583,2026-09-30T22:16:08.402511700Z,dataset_9/uvl/automotive02_01.uvl,583,2074,1,0.010607,6.431933,268.489395
584,2026-09-30T22:16:08.415276600Z,dataset_9/uvl/automotive02_01.uvl,584,2074,1,0.011768,6.443701,268.501622
585,2026-09-30T22:16:08.426458700Z,dataset_9/uvl/automotive02_01.uvl,585,2074,1,0.010351,6.454053,268.512403
586,2026-09-30T22:16:08.437323500Z,dataset_9/uvl/automotive02_01.uvl,586,2074,1,0.010823,6.464876,268.523622
587,2026-09-30T22:16:08.447859100Z,dataset_9/uvl/automotive02_01.uvl,587,2074,1,0.010384,6.475260,268.534427
588,2026-09-30T22:16:08.458704700Z,dataset_9/uvl/automotive02_01.uvl,588,2074,1,0.010382,6.485642,268.545200
589,2026-09-30T22:16:08.469032600Z,dataset_9/uvl/automotive02_01.uvl,589,2074,1,0.010323,6.495965,268.555926
590,2026-09-30T22:16:08.481241500Z,dataset_9/uvl/automotive02_01.uvl,590,2074,1,0.010614,6.506579,268.566930
591,2026-09-30T22:16:08.492347Z,dataset_9/uvl/automotive02_01.uvl,591,2074,1,0.010660,6.517239,268.578118
592,2026-09-30T22:16:08.502464400Z,dataset_9/uvl/automotive02_01.uvl,592,2074,1,0.010267,6.527506,268.588813
593,2026-09-30T22:16:08.513194700Z,dataset_9/uvl/automotive02_01.uvl,593,2074,1,0.010328,6.537834,268.599531
594,2026-09-30T22:16:08.524376500Z,dataset_9/uvl/automotive02_01.uvl,594,2074,1,0.010511,6.548345,268.610454
595,2026-09-30T22:16:08.535199500Z,dataset_9/uvl/automotive02_01.uvl,595,2074,1,0.010241,6.558586,268.621117
596,2026-09-30T22:16:08.546051600Z,dataset_9/uvl/automotive02_01.uvl,596,2074,1,0.010492,6.569078,268.632004
597,2026-09-30T22:16:08.556252200Z,dataset_9/uvl/automotive02_01.uvl,597,2074,1,0.010414,6.579492,268.642822
598,2026-09-30T22:16:08.567891900Z,dataset_9/uvl/automotive02_01.uvl,598,2074,1,0.010925,6.590417,268.654144
599,2026-09-30T22:16:08.578718200Z,dataset_9/uvl/automotive02_01.uvl,599,2074,1,0.010184,6.600601,268.664751
600,2026-09-30T22:16:08.589875800Z,dataset_9/uvl/automotive02_01.uvl,600,2074,1,0.010975,6.611576,268.676158
601,2026-09-30T22:16:08.600827700Z,dataset_9/uvl/automotive02_01.uvl,601,2074,1,0.010608,6.622185,268.687253
602,2026-09-30T22:16:08.611063800Z,dataset_9/uvl/automotive02_01.uvl,602,2074,1,0.010326,6.632511,268.698033
603,2026-09-30T22:16:08.623181600Z,dataset_9/uvl/automotive02_01.uvl,603,2074,1,0.010586,6.643096,268.708997
604,2026-09-30T22:16:08.634170200Z,dataset_9/uvl/automotive02_01.uvl,604,2074,1,0.010643,6.653739,268.720070
605,2026-09-30T22:16:08.644959200Z,dataset_9/uvl/automotive02_01.uvl,605,2074,1,0.010229,6.663968,268.730722
606,2026-09-30T22:16:08.655947Z,dataset_9/uvl/automotive02_01.uvl,606,2074,1,0.010863,6.674831,268.741962
607,2026-09-30T22:16:08.666706400Z,dataset_9/uvl/automotive02_01.uvl,607,2074,1,0.010562,6.685393,268.752935
608,2026-09-30T22:16:08.677948800Z,dataset_9/uvl/automotive02_01.uvl,608,2074,1,0.010877,6.696269,268.764300
609,2026-09-30T22:16:08.689036Z,dataset_9/uvl/automotive02_01.uvl,609,2074,1,0.010437,6.706706,268.775237
610,2026-09-30T22:16:08.700691700Z,dataset_9/uvl/automotive02_01.uvl,610,2074,1,0.010835,6.717541,268.786490
611,2026-09-30T22:16:08.710865100Z,dataset_9/uvl/automotive02_01.uvl,611,2074,1,0.010387,6.727928,268.797294
612,2026-09-30T22:16:08.721756Z,dataset_9/uvl/automotive02_01.uvl,612,2074,1,0.010359,6.738286,268.808030
613,2026-09-30T22:16:08.732518600Z,dataset_9/uvl/automotive02_01.uvl,613,2074,1,0.010523,6.748809,268.818952
614,2026-09-30T22:16:08.742921300Z,dataset_9/uvl/automotive02_01.uvl,614,2074,1,0.010755,6.759564,268.830118
615,2026-09-30T22:16:08.755196900Z,dataset_9/uvl/automotive02_01.uvl,615,2074,1,0.010376,6.769939,268.840904
616,2026-09-30T22:16:08.766350700Z,dataset_9/uvl/automotive02_01.uvl,616,2074,1,0.010890,6.780829,268.852242
617,2026-09-30T22:16:08.777877400Z,dataset_9/uvl/automotive02_01.uvl,617,2074,1,0.010888,6.791717,268.863592
618,2026-09-30T22:16:08.788860500Z,dataset_9/uvl/automotive02_01.uvl,618,2074,1,0.010834,6.802550,268.874894
619,2026-09-30T22:16:08.800721300Z,dataset_9/uvl/automotive02_01.uvl,619,2074,1,0.011193,6.813743,268.886565
620,2026-09-30T22:16:08.810946800Z,dataset_9/uvl/automotive02_01.uvl,620,2074,1,0.011084,6.824827,268.898077
621,2026-09-30T22:16:08.822722300Z,dataset_9/uvl/automotive02_01.uvl,621,2074,1,0.010572,6.835399,268.909066
622,2026-09-30T22:16:08.834361600Z,dataset_9/uvl/automotive02_01.uvl,622,2074,1,0.010705,6.846105,268.920188
623,2026-09-30T22:16:08.845155500Z,dataset_9/uvl/automotive02_01.uvl,623,2074,1,0.010850,6.856955,268.931448
624,2026-09-30T22:16:08.857337400Z,dataset_9/uvl/automotive02_01.uvl,624,2074,1,0.011195,6.868150,268.943031
625,2026-09-30T22:16:08.868879600Z,dataset_9/uvl/automotive02_01.uvl,625,2074,1,0.011932,6.880082,268.955379
626,2026-09-30T22:16:08.879729100Z,dataset_9/uvl/automotive02_01.uvl,626,2074,1,0.010860,6.890942,268.966673
627,2026-09-30T22:16:08.892259800Z,dataset_9/uvl/automotive02_01.uvl,627,2074,1,0.011213,6.902154,268.978353
628,2026-09-30T22:16:08.902499800Z,dataset_9/uvl/automotive02_01.uvl,628,2074,1,0.010938,6.913092,268.989676
629,2026-09-30T22:16:08.914233200Z,dataset_9/uvl/automotive02_01.uvl,629,2074,1,0.010503,6.923595,269.000587
630,2026-09-30T22:16:08.926483700Z,dataset_9/uvl/automotive02_01.uvl,630,2074,1,0.012280,6.935875,269.013319
631,2026-09-30T22:16:08.938453400Z,dataset_9/uvl/automotive02_01.uvl,631,2074,1,0.010319,6.946194,269.024227
632,2026-09-30T22:16:08.948884100Z,dataset_9/uvl/automotive02_01.uvl,632,2074,1,0.010649,6.956844,269.035358
633,2026-09-30T22:16:08.960425300Z,dataset_9/uvl/automotive02_01.uvl,633,2074,1,0.010482,6.967326,269.046240
634,2026-09-30T22:16:08.971060800Z,dataset_9/uvl/automotive02_01.uvl,634,2074,1,0.010648,6.977974,269.057277
635,2026-09-30T22:16:08.982460200Z,dataset_9/uvl/automotive02_01.uvl,635,2074,1,0.010755,6.988729,269.068423
636,2026-09-30T22:16:08.993237900Z,dataset_9/uvl/automotive02_01.uvl,636,2074,1,0.010406,6.999135,269.079260
637,2026-09-30T22:16:09.004808500Z,dataset_9/uvl/automotive02_01.uvl,637,2074,1,0.010855,7.009990,269.090513
638,2026-09-30T22:16:09.016854500Z,dataset_9/uvl/automotive02_01.uvl,638,2074,1,0.012019,7.022009,269.102894
639,2026-09-30T22:16:09.026531700Z,dataset_9/uvl/automotive02_01.uvl,639,2074,1,0.010348,7.032357,269.113638
640,2026-09-30T22:16:09.038721500Z,dataset_9/uvl/automotive02_01.uvl,640,2074,1,0.010936,7.043293,269.124985
641,2026-09-30T22:16:09.049929500Z,dataset_9/uvl/automotive02_01.uvl,641,2074,1,0.010356,7.053648,269.135723
642,2026-09-30T22:16:09.060866400Z,dataset_9/uvl/automotive02_01.uvl,642,2074,1,0.010761,7.064410,269.146847
643,2026-09-30T22:16:09.071737100Z,dataset_9/uvl/automotive02_01.uvl,643,2074,1,0.010590,7.075000,269.157810
644,2026-09-30T22:16:09.083719600Z,dataset_9/uvl/automotive02_01.uvl,644,2074,1,0.011308,7.086308,269.169504
645,2026-09-30T22:16:09.094704600Z,dataset_9/uvl/automotive02_01.uvl,645,2074,1,0.010917,7.097225,269.180948
646,2026-09-30T22:16:09.105899200Z,dataset_9/uvl/automotive02_01.uvl,646,2074,1,0.010505,7.107730,269.191854
647,2026-09-30T22:16:09.116501500Z,dataset_9/uvl/automotive02_01.uvl,647,2074,1,0.010418,7.118148,269.202680
648,2026-09-30T22:16:09.126630300Z,dataset_9/uvl/automotive02_01.uvl,648,2074,1,0.010243,7.128391,269.213330
649,2026-09-30T22:16:09.137183400Z,dataset_9/uvl/automotive02_01.uvl,649,2074,1,0.010642,7.139033,269.224323
650,2026-09-30T22:16:09.149403600Z,dataset_9/uvl/automotive02_01.uvl,650,2074,1,0.010575,7.149608,269.235309
651,2026-09-30T22:16:09.160132900Z,dataset_9/uvl/automotive02_01.uvl,651,2074,1,0.010325,7.159933,269.246051
652,2026-09-30T22:16:09.171090Z,dataset_9/uvl/automotive02_01.uvl,652,2074,1,0.010639,7.170572,269.257052
653,2026-09-30T22:16:09.182132200Z,dataset_9/uvl/automotive02_01.uvl,653,2074,1,0.010739,7.181311,269.268176
654,2026-09-30T22:16:09.193178600Z,dataset_9/uvl/automotive02_01.uvl,654,2074,1,0.010415,7.191725,269.278991
655,2026-09-30T22:16:09.203228500Z,dataset_9/uvl/automotive02_01.uvl,655,2074,1,0.010344,7.202069,269.289847
656,2026-09-30T22:16:09.214777800Z,dataset_9/uvl/automotive02_01.uvl,656,2074,1,0.010533,7.212602,269.300752
657,2026-09-30T22:16:09.225429300Z,dataset_9/uvl/automotive02_01.uvl,657,2074,1,0.010638,7.223240,269.311800
658,2026-09-30T22:16:09.235132800Z,dataset_9/uvl/automotive02_01.uvl,658,2074,1,0.010031,7.233271,269.322246
659,2026-09-30T22:16:09.247813500Z,dataset_9/uvl/automotive02_01.uvl,659,2074,1,0.012384,7.245655,269.334986
660,2026-09-30T22:16:09.261064300Z,dataset_9/uvl/automotive02_01.uvl,660,2074,1,0.012612,7.258267,269.347984
661,2026-09-30T22:16:09.273422600Z,dataset_9/uvl/automotive02_01.uvl,661,2074,1,0.011042,7.269310,269.359492
662,2026-09-30T22:16:09.285110400Z,dataset_9/uvl/automotive02_01.uvl,662,2074,1,0.011081,7.280391,269.370982
663,2026-09-30T22:16:09.295936600Z,dataset_9/uvl/automotive02_01.uvl,663,2074,1,0.011058,7.291448,269.382416
664,2026-09-30T22:16:09.307734400Z,dataset_9/uvl/automotive02_01.uvl,664,2074,1,0.011214,7.302662,269.394063
665,2026-09-30T22:16:09.319068700Z,dataset_9/uvl/automotive02_01.uvl,665,2074,1,0.010843,7.313505,269.405303
666,2026-09-30T22:16:09.329554900Z,dataset_9/uvl/automotive02_01.uvl,666,2074,1,0.010347,7.323852,269.416033
667,2026-09-30T22:16:09.341256500Z,dataset_9/uvl/automotive02_01.uvl,667,2074,1,0.010840,7.334691,269.427216
668,2026-09-30T22:16:09.351569300Z,dataset_9/uvl/automotive02_01.uvl,668,2074,1,0.010731,7.345422,269.438353
669,2026-09-30T22:16:09.363263200Z,dataset_9/uvl/automotive02_01.uvl,669,2074,1,0.010315,7.355737,269.449058
670,2026-09-30T22:16:09.373040200Z,dataset_9/uvl/automotive02_01.uvl,670,2074,1,0.010658,7.366395,269.460066
671,2026-09-30T22:16:09.385887200Z,dataset_9/uvl/automotive02_01.uvl,671,2074,1,0.011109,7.377504,269.471562
672,2026-09-30T22:16:09.396772600Z,dataset_9/uvl/automotive02_01.uvl,672,2074,1,0.010423,7.387927,269.482439
673,2026-09-30T22:16:09.407292800Z,dataset_9/uvl/automotive02_01.uvl,673,2074,1,0.010456,7.398383,269.493358
674,2026-09-30T22:16:09.417883600Z,dataset_9/uvl/automotive02_01.uvl,674,2074,1,0.010659,7.409042,269.504417
675,2026-09-30T22:16:09.429809700Z,dataset_9/uvl/automotive02_01.uvl,675,2074,1,0.010661,7.419703,269.515479
676,2026-09-30T22:16:09.440093100Z,dataset_9/uvl/automotive02_01.uvl,676,2074,1,0.010119,7.429821,269.525990
677,2026-09-30T22:16:09.450516400Z,dataset_9/uvl/automotive02_01.uvl,677,2074,1,0.010283,7.440104,269.536645
678,2026-09-30T22:16:09.461082900Z,dataset_9/uvl/automotive02_01.uvl,678,2074,1,0.010681,7.450785,269.547692
679,2026-09-30T22:16:09.473138Z,dataset_9/uvl/automotive02_01.uvl,679,2074,1,0.010942,7.461726,269.559046
680,2026-09-30T22:16:09.484161600Z,dataset_9/uvl/automotive02_01.uvl,680,2074,1,0.010654,7.472381,269.570090
681,2026-09-30T22:16:09.494873800Z,dataset_9/uvl/automotive02_01.uvl,681,2074,1,0.010505,7.482885,269.580977
682,2026-09-30T22:16:09.505935Z,dataset_9/uvl/automotive02_01.uvl,682,2074,1,0.010377,7.493263,269.591741
683,2026-09-30T22:16:09.516660200Z,dataset_9/uvl/automotive02_01.uvl,683,2074,1,0.010418,7.503681,269.602521
684,2026-09-30T22:16:09.526457800Z,dataset_9/uvl/automotive02_01.uvl,684,2074,1,0.010735,7.514416,269.613629
685,2026-09-30T22:16:09.538327300Z,dataset_9/uvl/automotive02_01.uvl,685,2074,1,0.010552,7.524968,269.624579
686,2026-09-30T22:16:09.550028500Z,dataset_9/uvl/automotive02_01.uvl,686,2074,1,0.010973,7.535941,269.635978
687,2026-09-30T22:16:09.560874600Z,dataset_9/uvl/automotive02_01.uvl,687,2074,1,0.011059,7.546999,269.647409
688,2026-09-30T22:16:09.572368800Z,dataset_9/uvl/automotive02_01.uvl,688,2074,1,0.011135,7.558135,269.658919
689,2026-09-30T22:16:09.582734500Z,dataset_9/uvl/automotive02_01.uvl,689,2074,1,0.010304,7.568438,269.669624
690,2026-09-30T22:16:09.595953100Z,dataset_9/uvl/automotive02_01.uvl,690,2074,1,0.011587,7.580025,269.681638
691,2026-09-30T22:16:09.607222400Z,dataset_9/uvl/automotive02_01.uvl,691,2074,1,0.011150,7.591174,269.693200
692,2026-09-30T22:16:09.617704900Z,dataset_9/uvl/automotive02_01.uvl,692,2074,1,0.010948,7.602123,269.704585
693,2026-09-30T22:16:09.629579600Z,dataset_9/uvl/automotive02_01.uvl,693,2074,1,0.010345,7.612467,269.715322
694,2026-09-30T22:16:09.640182200Z,dataset_9/uvl/automotive02_01.uvl,694,2074,1,0.010810,7.623277,269.726480
695,2026-09-30T22:16:09.651583600Z,dataset_9/uvl/automotive02_01.uvl,695,2074,1,0.010624,7.633901,269.737515
696,2026-09-30T22:16:09.662562400Z,dataset_9/uvl/automotive02_01.uvl,696,2074,1,0.010882,7.644783,269.748801
697,2026-09-30T22:16:09.674639400Z,dataset_9/uvl/automotive02_01.uvl,697,2074,1,0.011234,7.656017,269.760423
698,2026-09-30T22:16:09.686031800Z,dataset_9/uvl/automotive02_01.uvl,698,2074,1,0.011212,7.667229,269.772054
699,2026-09-30T22:16:09.697840200Z,dataset_9/uvl/automotive02_01.uvl,699,2074,1,0.011825,7.679054,269.784291
700,2026-09-30T22:16:09.709223800Z,dataset_9/uvl/automotive02_01.uvl,700,2074,1,0.010443,7.689496,269.795105
701,2026-09-30T22:16:09.718867Z,dataset_9/uvl/automotive02_01.uvl,701,2074,1,0.010379,7.699875,269.805856
702,2026-09-30T22:16:09.729688600Z,dataset_9/uvl/automotive02_01.uvl,702,2074,1,0.010487,7.710363,269.816749
703,2026-09-30T22:16:09.740212Z,dataset_9/uvl/automotive02_01.uvl,703,2074,1,0.010374,7.720737,269.827489
704,2026-09-30T22:16:09.751616900Z,dataset_9/uvl/automotive02_01.uvl,704,2074,1,0.010613,7.731349,269.838463
705,2026-09-30T22:16:09.763338Z,dataset_9/uvl/automotive02_01.uvl,705,2074,1,0.010339,7.741688,269.849187
706,2026-09-30T22:16:09.773479Z,dataset_9/uvl/automotive02_01.uvl,706,2074,1,0.010377,7.752066,269.859975
707,2026-09-30T22:16:09.785327100Z,dataset_9/uvl/automotive02_01.uvl,707,2074,1,0.010649,7.762715,269.871006
708,2026-09-30T22:16:09.796130200Z,dataset_9/uvl/automotive02_01.uvl,708,2074,1,0.010406,7.773121,269.881795
709,2026-09-30T22:16:09.805568100Z,dataset_9/uvl/automotive02_01.uvl,709,2074,1,0.010434,7.783555,269.892588
710,2026-09-30T22:16:09.817300700Z,dataset_9/uvl/automotive02_01.uvl,710,2074,1,0.010354,7.793909,269.903341
711,2026-09-30T22:16:09.828483100Z,dataset_9/uvl/automotive02_01.uvl,711,2074,1,0.010439,7.804348,269.914208
712,2026-09-30T22:16:09.839066500Z,dataset_9/uvl/automotive02_01.uvl,712,2074,1,0.010559,7.814907,269.925165
713,2026-09-30T22:16:09.849521500Z,dataset_9/uvl/automotive02_01.uvl,713,2074,1,0.010085,7.824991,269.935641
714,2026-09-30T22:16:09.860951200Z,dataset_9/uvl/automotive02_01.uvl,714,2074,1,0.010715,7.835706,269.946731
715,2026-09-30T22:16:09.872129400Z,dataset_9/uvl/automotive02_01.uvl,715,2074,1,0.011030,7.846736,269.958152
716,2026-09-30T22:16:09.882780300Z,dataset_9/uvl/automotive02_01.uvl,716,2074,1,0.010452,7.857188,269.969006
717,2026-09-30T22:16:09.895082600Z,dataset_9/uvl/automotive02_01.uvl,717,2074,1,0.011410,7.868598,269.980899
718,2026-09-30T22:16:09.907082500Z,dataset_9/uvl/automotive02_01.uvl,718,2074,1,0.011638,7.880236,269.992956
719,2026-09-30T22:16:09.919090500Z,dataset_9/uvl/automotive02_01.uvl,719,2074,1,0.011454,7.891690,270.004854
720,2026-09-30T22:16:09.930881600Z,dataset_9/uvl/automotive02_01.uvl,720,2074,1,0.011372,7.903061,270.016681
721,2026-09-30T22:16:09.941111800Z,dataset_9/uvl/automotive02_01.uvl,721,2074,1,0.010373,7.913434,270.027446
722,2026-09-30T22:16:09.952473400Z,dataset_9/uvl/automotive02_01.uvl,722,2074,1,0.010679,7.924113,270.038495
723,2026-09-30T22:16:09.963047900Z,dataset_9/uvl/automotive02_01.uvl,723,2074,1,0.010770,7.934883,270.049642
724,2026-09-30T22:16:09.974245100Z,dataset_9/uvl/automotive02_01.uvl,724,2074,1,0.010358,7.945241,270.060373
725,2026-09-30T22:16:09.985106400Z,dataset_9/uvl/automotive02_01.uvl,725,2074,1,0.011250,7.956492,270.071985
726,2026-09-30T22:16:09.997699600Z,dataset_9/uvl/automotive02_01.uvl,726,2074,1,0.011102,7.967594,270.083476
727,2026-09-30T22:16:10.009748300Z,dataset_9/uvl/automotive02_01.uvl,727,2074,1,0.011906,7.979500,270.095759
728,2026-09-30T22:16:10.020949200Z,dataset_9/uvl/automotive02_01.uvl,728,2074,1,0.011225,7.990725,270.107441
729,2026-09-30T22:16:10.032561500Z,dataset_9/uvl/automotive02_01.uvl,729,2074,1,0.010922,8.001647,270.118799
730,2026-09-30T22:16:10.042953600Z,dataset_9/uvl/automotive02_01.uvl,730,2074,1,0.010622,8.012268,270.129808
731,2026-09-30T22:16:10.054775200Z,dataset_9/uvl/automotive02_01.uvl,731,2074,1,0.010539,8.022807,270.140746
732,2026-09-30T22:16:10.064876900Z,dataset_9/uvl/automotive02_01.uvl,732,2074,1,0.010313,8.033119,270.151432
733,2026-09-30T22:16:10.076631400Z,dataset_9/uvl/automotive02_01.uvl,733,2074,1,0.010925,8.044045,270.162703
734,2026-09-30T22:16:10.088523100Z,dataset_9/uvl/automotive02_01.uvl,734,2074,1,0.011650,8.055695,270.174740
735,2026-09-30T22:16:10.099868100Z,dataset_9/uvl/automotive02_01.uvl,735,2074,1,0.010562,8.066257,270.185701
736,2026-09-30T22:16:10.110075500Z,dataset_9/uvl/automotive02_01.uvl,736,2074,1,0.010402,8.076659,270.196476
737,2026-09-30T22:16:10.122062300Z,dataset_9/uvl/automotive02_01.uvl,737,2074,1,0.010932,8.087591,270.207798
738,2026-09-30T22:16:10.132761600Z,dataset_9/uvl/automotive02_01.uvl,738,2074,1,0.011059,8.098650,270.219242
739,2026-09-30T22:16:10.143462300Z,dataset_9/uvl/automotive02_01.uvl,739,2074,1,0.010389,8.109039,270.230006
740,2026-09-30T22:16:10.154977400Z,dataset_9/uvl/automotive02_01.uvl,740,2074,1,0.010656,8.119695,270.241042
741,2026-09-30T22:16:10.166732900Z,dataset_9/uvl/automotive02_01.uvl,741,2074,1,0.011506,8.131201,270.252935
742,2026-09-30T22:16:10.176428700Z,dataset_9/uvl/automotive02_01.uvl,742,2074,1,0.010311,8.141512,270.263661
743,2026-09-30T22:16:10.188668700Z,dataset_9/uvl/automotive02_01.uvl,743,2074,1,0.010504,8.152016,270.275049
744,2026-09-30T22:16:10.199942700Z,dataset_9/uvl/automotive02_01.uvl,744,2074,1,0.010835,8.162851,270.286311
745,2026-09-30T22:16:10.211002100Z,dataset_9/uvl/automotive02_01.uvl,745,2074,1,0.010977,8.173828,270.297693
746,2026-09-30T22:16:10.222793100Z,dataset_9/uvl/automotive02_01.uvl,746,2074,1,0.010918,8.184746,270.308980
747,2026-09-30T22:16:10.234073900Z,dataset_9/uvl/automotive02_01.uvl,747,2074,1,0.011096,8.195842,270.320431
748,2026-09-30T22:16:10.245112600Z,dataset_9/uvl/automotive02_01.uvl,748,2074,1,0.010679,8.206521,270.331529
749,2026-09-30T22:16:10.255686500Z,dataset_9/uvl/automotive02_01.uvl,749,2074,1,0.010473,8.216994,270.342402
750,2026-09-30T22:16:10.267466300Z,dataset_9/uvl/automotive02_01.uvl,750,2074,1,0.010365,8.227359,270.353139
751,2026-09-30T22:16:10.278004300Z,dataset_9/uvl/automotive02_01.uvl,751,2074,1,0.010720,8.238079,270.364235
752,2026-09-30T22:16:10.290211200Z,dataset_9/uvl/automotive02_01.uvl,752,2074,1,0.011346,8.249425,270.375955
753,2026-09-30T22:16:10.301391600Z,dataset_9/uvl/automotive02_01.uvl,753,2074,1,0.010899,8.260324,270.387267
754,2026-09-30T22:16:10.311320900Z,dataset_9/uvl/automotive02_01.uvl,754,2074,1,0.010294,8.270618,270.397973
755,2026-09-30T22:16:10.323110200Z,dataset_9/uvl/automotive02_01.uvl,755,2074,1,0.010533,8.281151,270.408872
756,2026-09-30T22:16:10.332676700Z,dataset_9/uvl/automotive02_01.uvl,756,2074,1,0.010552,8.291703,270.419794
757,2026-09-30T22:16:10.344330700Z,dataset_9/uvl/automotive02_01.uvl,757,2074,1,0.010223,8.301925,270.430399
758,2026-09-30T22:16:10.354968400Z,dataset_9/uvl/automotive02_01.uvl,758,2074,1,0.010727,8.312653,270.441561
759,2026-09-30T22:16:10.365882Z,dataset_9/uvl/automotive02_01.uvl,759,2074,1,0.010523,8.323176,270.452558
760,2026-09-30T22:16:10.378114Z,dataset_9/uvl/automotive02_01.uvl,760,2074,1,0.011008,8.334184,270.464002
761,2026-09-30T22:16:10.388946700Z,dataset_9/uvl/automotive02_01.uvl,761,2074,1,0.011048,8.345232,270.475369
762,2026-09-30T22:16:10.400646800Z,dataset_9/uvl/automotive02_01.uvl,762,2074,1,0.010744,8.355976,270.486475
763,2026-09-30T22:16:10.411749300Z,dataset_9/uvl/automotive02_01.uvl,763,2074,1,0.010540,8.366516,270.497423
764,2026-09-30T22:16:10.422408100Z,dataset_9/uvl/automotive02_01.uvl,764,2074,1,0.010382,8.376897,270.508184
765,2026-09-30T22:16:10.432533Z,dataset_9/uvl/automotive02_01.uvl,765,2074,1,0.010601,8.387498,270.519133
766,2026-09-30T22:16:10.444316300Z,dataset_9/uvl/automotive02_01.uvl,766,2074,1,0.010597,8.398096,270.530162
767,2026-09-30T22:16:10.455535100Z,dataset_9/uvl/automotive02_01.uvl,767,2074,1,0.010696,8.408792,270.541231
768,2026-09-30T22:16:10.466257600Z,dataset_9/uvl/automotive02_01.uvl,768,2074,1,0.010497,8.419289,270.552105
769,2026-09-30T22:16:10.477844900Z,dataset_9/uvl/automotive02_01.uvl,769,2074,1,0.011268,8.430557,270.563727
770,2026-09-30T22:16:10.488859200Z,dataset_9/uvl/automotive02_01.uvl,770,2074,1,0.010710,8.441267,270.574827
771,2026-09-30T22:16:10.499832400Z,dataset_9/uvl/automotive02_01.uvl,771,2074,1,0.010944,8.452211,270.586161
772,2026-09-30T22:16:10.510813100Z,dataset_9/uvl/automotive02_01.uvl,772,2074,1,0.011088,8.463299,270.597638
773,2026-09-30T22:16:10.524253400Z,dataset_9/uvl/automotive02_01.uvl,773,2074,1,0.011998,8.475297,270.610048
774,2026-09-30T22:16:10.535737300Z,dataset_9/uvl/automotive02_01.uvl,774,2074,1,0.011152,8.486449,270.621617
775,2026-09-30T22:16:10.546983700Z,dataset_9/uvl/automotive02_01.uvl,775,2074,1,0.010674,8.497123,270.632724
776,2026-09-30T22:16:10.557982800Z,dataset_9/uvl/automotive02_01.uvl,776,2074,1,0.010920,8.508044,270.644037
777,2026-09-30T22:16:10.568847200Z,dataset_9/uvl/automotive02_01.uvl,777,2074,1,0.010612,8.518656,270.655029
778,2026-09-30T22:16:10.579755800Z,dataset_9/uvl/automotive02_01.uvl,778,2074,1,0.010766,8.529422,270.666194
779,2026-09-30T22:16:10.591642600Z,dataset_9/uvl/automotive02_01.uvl,779,2074,1,0.011228,8.540650,270.677746
780,2026-09-30T22:16:10.602481800Z,dataset_9/uvl/automotive02_01.uvl,780,2074,1,0.010664,8.551314,270.688805
781,2026-09-30T22:16:10.613231200Z,dataset_9/uvl/automotive02_01.uvl,781,2074,1,0.010581,8.561895,270.699763
782,2026-09-30T22:16:10.624307300Z,dataset_9/uvl/automotive02_01.uvl,782,2074,1,0.010304,8.572199,270.710401
783,2026-09-30T22:16:10.635140400Z,dataset_9/uvl/automotive02_01.uvl,783,2074,1,0.010440,8.582639,270.721179
784,2026-09-30T22:16:10.645799600Z,dataset_9/uvl/automotive02_01.uvl,784,2074,1,0.010323,8.592962,270.731864
785,2026-09-30T22:16:10.655863400Z,dataset_9/uvl/automotive02_01.uvl,785,2074,1,0.010260,8.603222,270.742493
786,2026-09-30T22:16:10.666515500Z,dataset_9/uvl/automotive02_01.uvl,786,2074,1,0.010318,8.613540,270.753151
787,2026-09-30T22:16:10.678224300Z,dataset_9/uvl/automotive02_01.uvl,787,2074,1,0.010584,8.624124,270.764206
788,2026-09-30T22:16:10.688367800Z,dataset_9/uvl/automotive02_01.uvl,788,2074,1,0.010356,8.634481,270.774944
789,2026-09-30T22:16:10.699738100Z,dataset_9/uvl/automotive02_01.uvl,789,2074,1,0.010537,8.645017,270.785840
790,2026-09-30T22:16:10.710913100Z,dataset_9/uvl/automotive02_01.uvl,790,2074,1,0.010447,8.655465,270.796646
791,2026-09-30T22:16:10.721684Z,dataset_9/uvl/automotive02_01.uvl,791,2074,1,0.010601,8.666066,270.807624
792,2026-09-30T22:16:10.732571400Z,dataset_9/uvl/automotive02_01.uvl,792,2074,1,0.010236,8.676302,270.818274
793,2026-09-30T22:16:10.743260900Z,dataset_9/uvl/automotive02_01.uvl,793,2074,1,0.010522,8.686823,270.829174
794,2026-09-30T22:16:10.754405200Z,dataset_9/uvl/automotive02_01.uvl,794,2074,1,0.010538,8.697361,270.840075
795,2026-09-30T22:16:10.764139800Z,dataset_9/uvl/automotive02_01.uvl,795,2074,1,0.010291,8.707653,270.850737
796,2026-09-30T22:16:10.775398800Z,dataset_9/uvl/automotive02_01.uvl,796,2074,1,0.010502,8.718155,270.861566
797,2026-09-30T22:16:10.786976300Z,dataset_9/uvl/automotive02_01.uvl,797,2074,1,0.011191,8.729346,270.873144
798,2026-09-30T22:16:10.797953800Z,dataset_9/uvl/automotive02_01.uvl,798,2074,1,0.010422,8.739768,270.883929
799,2026-09-30T22:16:10.808934500Z,dataset_9/uvl/automotive02_01.uvl,799,2074,1,0.010429,8.750197,270.894757
800,2026-09-30T22:16:10.819612400Z,dataset_9/uvl/automotive02_01.uvl,800,2074,1,0.010654,8.760850,270.905765
801,2026-09-30T22:16:10.829768900Z,dataset_9/uvl/automotive02_01.uvl,801,2074,1,0.010451,8.771301,270.916585
802,2026-09-30T22:16:10.841097800Z,dataset_9/uvl/automotive02_01.uvl,802,2074,1,0.010362,8.781663,270.927312
803,2026-09-30T22:16:10.852751200Z,dataset_9/uvl/automotive02_01.uvl,803,2074,1,0.010977,8.792640,270.938624
804,2026-09-30T22:16:10.863928900Z,dataset_9/uvl/automotive02_01.uvl,804,2074,1,0.011084,8.803724,270.950065
805,2026-09-30T22:16:10.875120800Z,dataset_9/uvl/automotive02_01.uvl,805,2074,1,0.010401,8.814125,270.960830
806,2026-09-30T22:16:10.885945100Z,dataset_9/uvl/automotive02_01.uvl,806,2074,1,0.010662,8.824788,270.971837
807,2026-09-30T22:16:10.897100700Z,dataset_9/uvl/automotive02_01.uvl,807,2074,1,0.010642,8.835429,270.982841
808,2026-09-30T22:16:10.907616Z,dataset_9/uvl/automotive02_01.uvl,808,2074,1,0.010470,8.845900,270.993692
809,2026-09-30T22:16:10.917978100Z,dataset_9/uvl/automotive02_01.uvl,809,2074,1,0.010299,8.856198,271.004340
810,2026-09-30T22:16:10.928627800Z,dataset_9/uvl/automotive02_01.uvl,810,2074,1,0.010558,8.866756,271.015225
811,2026-09-30T22:16:10.939750600Z,dataset_9/uvl/automotive02_01.uvl,811,2074,1,0.010581,8.877337,271.026168
812,2026-09-30T22:16:10.950600300Z,dataset_9/uvl/automotive02_01.uvl,812,2074,1,0.010216,8.887554,271.036752
813,2026-09-30T22:16:10.961713Z,dataset_9/uvl/automotive02_01.uvl,813,2074,1,0.010523,8.898076,271.047593
814,2026-09-30T22:16:10.972712600Z,dataset_9/uvl/automotive02_01.uvl,814,2074,1,0.010882,8.908958,271.058848
815,2026-09-30T22:16:10.984006100Z,dataset_9/uvl/automotive02_01.uvl,815,2074,1,0.010454,8.919413,271.069776
816,2026-09-30T22:16:10.994710800Z,dataset_9/uvl/automotive02_01.uvl,816,2074,1,0.010893,8.930306,271.081057
817,2026-09-30T22:16:11.005835300Z,dataset_9/uvl/automotive02_01.uvl,817,2074,1,0.011083,8.941389,271.092509
818,2026-09-30T22:16:11.016547900Z,dataset_9/uvl/automotive02_01.uvl,818,2074,1,0.010349,8.951738,271.103229
819,2026-09-30T22:16:11.028652600Z,dataset_9/uvl/automotive02_01.uvl,819,2074,1,0.011363,8.963101,271.115028
820,2026-09-30T22:16:11.041075600Z,dataset_9/uvl/automotive02_01.uvl,820,2074,1,0.011528,8.974629,271.126910
821,2026-09-30T22:16:11.052130300Z,dataset_9/uvl/automotive02_01.uvl,821,2074,1,0.011428,8.986057,271.138707
822,2026-09-30T22:16:11.063219400Z,dataset_9/uvl/automotive02_01.uvl,822,2074,1,0.010448,8.996505,271.149525
823,2026-09-30T22:16:11.075407900Z,dataset_9/uvl/automotive02_01.uvl,823,2074,1,0.011595,9.008100,271.161547
824,2026-09-30T22:16:11.086948100Z,dataset_9/uvl/automotive02_01.uvl,824,2074,1,0.011282,9.019381,271.173252
825,2026-09-30T22:16:11.098049100Z,dataset_9/uvl/automotive02_01.uvl,825,2074,1,0.010655,9.030037,271.184313
826,2026-09-30T22:16:11.109946600Z,dataset_9/uvl/automotive02_01.uvl,826,2074,1,0.011175,9.041211,271.195884
827,2026-09-30T22:16:11.120621500Z,dataset_9/uvl/automotive02_01.uvl,827,2074,1,0.010872,9.052083,271.207125
828,2026-09-30T22:16:11.132692100Z,dataset_9/uvl/automotive02_01.uvl,828,2074,1,0.010994,9.063077,271.218469
829,2026-09-30T22:16:11.143293100Z,dataset_9/uvl/automotive02_01.uvl,829,2074,1,0.010355,9.073432,271.229195
830,2026-09-30T22:16:11.154301700Z,dataset_9/uvl/automotive02_01.uvl,830,2074,1,0.010543,9.083976,271.240103
831,2026-09-30T22:16:11.165164200Z,dataset_9/uvl/automotive02_01.uvl,831,2074,1,0.010431,9.094406,271.250905
832,2026-09-30T22:16:11.176465500Z,dataset_9/uvl/automotive02_01.uvl,832,2074,1,0.010929,9.105335,271.262248
833,2026-09-30T22:16:11.186784400Z,dataset_9/uvl/automotive02_01.uvl,833,2074,1,0.010375,9.115710,271.273046
834,2026-09-30T22:16:11.197880900Z,dataset_9/uvl/automotive02_01.uvl,834,2074,1,0.010447,9.126157,271.283890
835,2026-09-30T22:16:11.208743600Z,dataset_9/uvl/automotive02_01.uvl,835,2074,1,0.010548,9.136705,271.294800
836,2026-09-30T22:16:11.219564200Z,dataset_9/uvl/automotive02_01.uvl,836,2074,1,0.010338,9.147043,271.305508
837,2026-09-30T22:16:11.229683500Z,dataset_9/uvl/automotive02_01.uvl,837,2074,1,0.010964,9.158007,271.316827
838,2026-09-30T22:16:11.241988700Z,dataset_9/uvl/automotive02_01.uvl,838,2074,1,0.010907,9.168914,271.328095
839,2026-09-30T22:16:11.253150100Z,dataset_9/uvl/automotive02_01.uvl,839,2074,1,0.010419,9.179333,271.338890
840,2026-09-30T22:16:11.263206500Z,dataset_9/uvl/automotive02_01.uvl,840,2074,1,0.010323,9.189656,271.349590
841,2026-09-30T22:16:11.274319900Z,dataset_9/uvl/automotive02_01.uvl,841,2074,1,0.010619,9.200275,271.360569
842,2026-09-30T22:16:11.286006600Z,dataset_9/uvl/automotive02_01.uvl,842,2074,1,0.011476,9.211751,271.372424
843,2026-09-30T22:16:11.296682700Z,dataset_9/uvl/automotive02_01.uvl,843,2074,1,0.010298,9.222049,271.383177
844,2026-09-30T22:16:11.307906900Z,dataset_9/uvl/automotive02_01.uvl,844,2074,1,0.010529,9.232578,271.394198
845,2026-09-30T22:16:11.318934800Z,dataset_9/uvl/automotive02_01.uvl,845,2074,1,0.010652,9.243230,271.405241
846,2026-09-30T22:16:11.329720500Z,dataset_9/uvl/automotive02_01.uvl,846,2074,1,0.010683,9.253913,271.416308
847,2026-09-30T22:16:11.341224300Z,dataset_9/uvl/automotive02_01.uvl,847,2074,1,0.010300,9.264213,271.426988
848,2026-09-30T22:16:11.351666100Z,dataset_9/uvl/automotive02_01.uvl,848,2074,1,0.010741,9.274954,271.438088
849,2026-09-30T22:16:11.363001300Z,dataset_9/uvl/automotive02_01.uvl,849,2074,1,0.010518,9.285472,271.448990
850,2026-09-30T22:16:11.372966200Z,dataset_9/uvl/automotive02_01.uvl,850,2074,1,0.010413,9.295884,271.459773
851,2026-09-30T22:16:11.384195700Z,dataset_9/uvl/automotive02_01.uvl,851,2074,1,0.010760,9.306645,271.470847
852,2026-09-30T22:16:11.395681900Z,dataset_9/uvl/automotive02_01.uvl,852,2074,1,0.011005,9.317650,271.482243
853,2026-09-30T22:16:11.406890200Z,dataset_9/uvl/automotive02_01.uvl,853,2074,1,0.010418,9.328068,271.493071
854,2026-09-30T22:16:11.418032400Z,dataset_9/uvl/automotive02_01.uvl,854,2074,1,0.010270,9.338338,271.503719
855,2026-09-30T22:16:11.428527700Z,dataset_9/uvl/automotive02_01.uvl,855,2074,1,0.010585,9.348923,271.514652
856,2026-09-30T22:16:11.439965300Z,dataset_9/uvl/automotive02_01.uvl,856,2074,1,0.010569,9.359492,271.525636
857,2026-09-30T22:16:11.449707500Z,dataset_9/uvl/automotive02_01.uvl,857,2074,1,0.010324,9.369816,271.536347
858,2026-09-30T22:16:11.460850900Z,dataset_9/uvl/automotive02_01.uvl,858,2074,1,0.011049,9.380865,271.547776
859,2026-09-30T22:16:11.472732500Z,dataset_9/uvl/automotive02_01.uvl,859,2074,1,0.010598,9.391463,271.558810
860,2026-09-30T22:16:11.482540100Z,dataset_9/uvl/automotive02_01.uvl,860,2074,1,0.010352,9.401815,271.569616
861,2026-09-30T22:16:11.494780800Z,dataset_9/uvl/automotive02_01.uvl,861,2074,1,0.010997,9.412812,271.581019
862,2026-09-30T22:16:11.505992600Z,dataset_9/uvl/automotive02_01.uvl,862,2074,1,0.010794,9.423606,271.592217
863,2026-09-30T22:16:11.517347100Z,dataset_9/uvl/automotive02_01.uvl,863,2074,1,0.010473,9.434079,271.603122
864,2026-09-30T22:16:11.528145400Z,dataset_9/uvl/automotive02_01.uvl,864,2074,1,0.010618,9.444696,271.614120
865,2026-09-30T22:16:11.538601800Z,dataset_9/uvl/automotive02_01.uvl,865,2074,1,0.010633,9.455329,271.625143
866,2026-09-30T22:16:11.549070100Z,dataset_9/uvl/automotive02_01.uvl,866,2074,1,0.010494,9.465823,271.636015
867,2026-09-30T22:16:11.560819Z,dataset_9/uvl/automotive02_01.uvl,867,2074,1,0.010252,9.476075,271.646653
868,2026-09-30T22:16:11.570913900Z,dataset_9/uvl/automotive02_01.uvl,868,2074,1,0.010558,9.486632,271.657556
869,2026-09-30T22:16:11.582601700Z,dataset_9/uvl/automotive02_01.uvl,869,2074,1,0.010625,9.497257,271.668544
870,2026-09-30T22:16:11.593267600Z,dataset_9/uvl/automotive02_01.uvl,870,2074,1,0.010283,9.507541,271.679188
871,2026-09-30T22:16:11.603934200Z,dataset_9/uvl/automotive02_01.uvl,871,2074,1,0.010592,9.518132,271.690130
872,2026-09-30T22:16:11.614960900Z,dataset_9/uvl/automotive02_01.uvl,872,2074,1,0.010466,9.528598,271.700995
873,2026-09-30T22:16:11.625871600Z,dataset_9/uvl/automotive02_01.uvl,873,2074,1,0.010295,9.538894,271.711651
874,2026-09-30T22:16:11.636690800Z,dataset_9/uvl/automotive02_01.uvl,874,2074,1,0.010954,9.549848,271.722958
875,2026-09-30T22:16:11.648412400Z,dataset_9/uvl/automotive02_01.uvl,875,2074,1,0.010909,9.560757,271.734268
876,2026-09-30T22:16:11.659290600Z,dataset_9/uvl/automotive02_01.uvl,876,2074,1,0.010486,9.571242,271.745158
877,2026-09-30T22:16:11.668861900Z,dataset_9/uvl/automotive02_01.uvl,877,2074,1,0.010098,9.581340,271.755636
878,2026-09-30T22:16:11.681182600Z,dataset_9/uvl/automotive02_01.uvl,878,2074,1,0.010876,9.592216,271.766860
879,2026-09-30T22:16:11.690852900Z,dataset_9/uvl/automotive02_01.uvl,879,2074,1,0.010645,9.602861,271.777896
880,2026-09-30T22:16:11.702765600Z,dataset_9/uvl/automotive02_01.uvl,880,2074,1,0.010447,9.613308,271.788725
881,2026-09-30T22:16:11.713174Z,dataset_9/uvl/automotive02_01.uvl,881,2074,1,0.010553,9.623861,271.799630
882,2026-09-30T22:16:11.724197400Z,dataset_9/uvl/automotive02_01.uvl,882,2074,1,0.010447,9.634308,271.810455
883,2026-09-30T22:16:11.735267200Z,dataset_9/uvl/automotive02_01.uvl,883,2074,1,0.010231,9.644539,271.821037
884,2026-09-30T22:16:11.746079500Z,dataset_9/uvl/automotive02_01.uvl,884,2074,1,0.010400,9.654939,271.831774
885,2026-09-30T22:16:11.755696500Z,dataset_9/uvl/automotive02_01.uvl,885,2074,1,0.010668,9.665607,271.842848
886,2026-09-30T22:16:11.767424200Z,dataset_9/uvl/automotive02_01.uvl,886,2074,1,0.010348,9.675954,271.853602
887,2026-09-30T22:16:11.778656500Z,dataset_9/uvl/automotive02_01.uvl,887,2074,1,0.010343,9.686297,271.864381
888,2026-09-30T22:16:11.790084900Z,dataset_9/uvl/automotive02_01.uvl,888,2074,1,0.011117,9.697415,271.875867
889,2026-09-30T22:16:11.802141700Z,dataset_9/uvl/automotive02_01.uvl,889,2074,1,0.011900,9.709315,271.888191
890,2026-09-30T22:16:11.812759Z,dataset_9/uvl/automotive02_01.uvl,890,2074,1,0.010355,9.719670,271.898963
891,2026-09-30T22:16:11.824324200Z,dataset_9/uvl/automotive02_01.uvl,891,2074,1,0.010681,9.730352,271.909988
892,2026-09-30T22:16:11.834302100Z,dataset_9/uvl/automotive02_01.uvl,892,2074,1,0.010571,9.740923,271.920946
893,2026-09-30T22:16:11.845074400Z,dataset_9/uvl/automotive02_01.uvl,893,2074,1,0.010309,9.751232,271.931630
894,2026-09-30T22:16:11.856111200Z,dataset_9/uvl/automotive02_01.uvl,894,2074,1,0.010489,9.761721,271.942464
895,2026-09-30T22:16:11.867642800Z,dataset_9/uvl/automotive02_01.uvl,895,2074,1,0.010512,9.772233,271.953360
896,2026-09-30T22:16:11.878123Z,dataset_9/uvl/automotive02_01.uvl,896,2074,1,0.010416,9.782649,271.964143
897,2026-09-30T22:16:11.888893700Z,dataset_9/uvl/automotive02_01.uvl,897,2074,1,0.010452,9.793101,271.975101
898,2026-09-30T22:16:11.900891800Z,dataset_9/uvl/automotive02_01.uvl,898,2074,1,0.011387,9.804488,271.986858
899,2026-09-30T22:16:11.912399400Z,dataset_9/uvl/automotive02_01.uvl,899,2074,1,0.010931,9.815418,271.998154
900,2026-09-30T22:16:11.923004Z,dataset_9/uvl/automotive02_01.uvl,900,2074,1,0.010424,9.825843,272.008963
901,2026-09-30T22:16:11.934195300Z,dataset_9/uvl/automotive02_01.uvl,901,2074,1,0.011085,9.836928,272.020403
902,2026-09-30T22:16:11.944780600Z,dataset_9/uvl/automotive02_01.uvl,902,2074,1,0.010492,9.847420,272.031267
903,2026-09-30T22:16:11.955873600Z,dataset_9/uvl/automotive02_01.uvl,903,2074,1,0.010545,9.857965,272.042199
904,2026-09-30T22:16:11.966817400Z,dataset_9/uvl/automotive02_01.uvl,904,2074,1,0.010330,9.868294,272.052943
905,2026-09-30T22:16:11.978005700Z,dataset_9/uvl/automotive02_01.uvl,905,2074,1,0.010523,9.878817,272.063825
906,2026-09-30T22:16:11.988617700Z,dataset_9/uvl/automotive02_01.uvl,906,2074,1,0.010516,9.889333,272.074723
907,2026-09-30T22:16:12.000952Z,dataset_9/uvl/automotive02_01.uvl,907,2074,1,0.011103,9.900436,272.087096
908,2026-09-30T22:16:12.013295Z,dataset_9/uvl/automotive02_01.uvl,908,2074,1,0.012404,9.912840,272.099865
909,2026-09-30T22:16:12.025859700Z,dataset_9/uvl/automotive02_01.uvl,909,2074,1,0.011644,9.924483,272.111889
910,2026-09-30T22:16:12.037251100Z,dataset_9/uvl/automotive02_01.uvl,910,2074,1,0.011186,9.935669,272.123454
911,2026-09-30T22:16:12.048316Z,dataset_9/uvl/automotive02_01.uvl,911,2074,1,0.010709,9.946378,272.134521
912,2026-09-30T22:16:12.059307900Z,dataset_9/uvl/automotive02_01.uvl,912,2074,1,0.010677,9.957055,272.145551
913,2026-09-30T22:16:12.070563700Z,dataset_9/uvl/automotive02_01.uvl,913,2074,1,0.010547,9.967601,272.156443
914,2026-09-30T22:16:12.081100600Z,dataset_9/uvl/automotive02_01.uvl,914,2074,1,0.010127,9.977728,272.166916
915,2026-09-30T22:16:12.091965700Z,dataset_9/uvl/automotive02_01.uvl,915,2074,1,0.010815,9.988543,272.178065
916,2026-09-30T22:16:12.102582800Z,dataset_9/uvl/automotive02_01.uvl,916,2074,1,0.010521,9.999064,272.188940
917,2026-09-30T22:16:12.113901500Z,dataset_9/uvl/automotive02_01.uvl,917,2074,1,0.010543,10.009607,272.199831
918,2026-09-30T22:16:12.124250500Z,dataset_9/uvl/automotive02_01.uvl,918,2074,1,0.010709,10.020316,272.210929
919,2026-09-30T22:16:12.135198800Z,dataset_9/uvl/automotive02_01.uvl,919,2074,1,0.010687,10.031003,272.221966
920,2026-09-30T22:16:12.146926Z,dataset_9/uvl/automotive02_01.uvl,920,2074,1,0.010582,10.041585,272.232943
921,2026-09-30T22:16:12.157576900Z,dataset_9/uvl/automotive02_01.uvl,921,2074,1,0.010298,10.051883,272.243593
922,2026-09-30T22:16:12.167989Z,dataset_9/uvl/automotive02_01.uvl,922,2074,1,0.010619,10.062501,272.254546
923,2026-09-30T22:16:12.179627800Z,dataset_9/uvl/automotive02_01.uvl,923,2074,1,0.010556,10.073057,272.265487
924,2026-09-30T22:16:12.189874800Z,dataset_9/uvl/automotive02_01.uvl,924,2074,1,0.010269,10.083326,272.276124
925,2026-09-30T22:16:12.201198700Z,dataset_9/uvl/automotive02_01.uvl,925,2074,1,0.010496,10.093822,272.286956
926,2026-09-30T22:16:12.211037Z,dataset_9/uvl/automotive02_01.uvl,926,2074,1,0.010666,10.104488,272.297973
927,2026-09-30T22:16:12.222257200Z,dataset_9/uvl/automotive02_01.uvl,927,2074,1,0.010343,10.114831,272.308694
928,2026-09-30T22:16:12.232502Z,dataset_9/uvl/automotive02_01.uvl,928,2074,1,0.010270,10.125101,272.319472
929,2026-09-30T22:16:12.244668100Z,dataset_9/uvl/automotive02_01.uvl,929,2074,1,0.010702,10.135803,272.330544
930,2026-09-30T22:16:12.255764800Z,dataset_9/uvl/automotive02_01.uvl,930,2074,1,0.010568,10.146371,272.341483
931,2026-09-30T22:16:12.266007800Z,dataset_9/uvl/automotive02_01.uvl,931,2074,1,0.010329,10.156700,272.352181
932,2026-09-30T22:16:12.276414600Z,dataset_9/uvl/automotive02_01.uvl,932,2074,1,0.010843,10.167543,272.363382
933,2026-09-30T22:16:12.288594700Z,dataset_9/uvl/automotive02_01.uvl,933,2074,1,0.010668,10.178211,272.374437
934,2026-09-30T22:16:12.298981900Z,dataset_9/uvl/automotive02_01.uvl,934,2074,1,0.010359,10.188570,272.385181
935,2026-09-30T22:16:12.310256700Z,dataset_9/uvl/automotive02_01.uvl,935,2074,1,0.010580,10.199150,272.396129
936,2026-09-30T22:16:12.321061400Z,dataset_9/uvl/automotive02_01.uvl,936,2074,1,0.010492,10.209642,272.406994
937,2026-09-30T22:16:12.331967100Z,dataset_9/uvl/automotive02_01.uvl,937,2074,1,0.010376,10.220018,272.417745
938,2026-09-30T22:16:12.342898600Z,dataset_9/uvl/automotive02_01.uvl,938,2074,1,0.010449,10.230467,272.428720
939,2026-09-30T22:16:12.354013500Z,dataset_9/uvl/automotive02_01.uvl,939,2074,1,0.010845,10.241312,272.439919
940,2026-09-30T22:16:12.364340800Z,dataset_9/uvl/automotive02_01.uvl,940,2074,1,0.010762,10.252075,272.451067
941,2026-09-30T22:16:12.375376200Z,dataset_9/uvl/automotive02_01.uvl,941,2074,1,0.010419,10.262493,272.461852
942,2026-09-30T22:16:12.386885Z,dataset_9/uvl/automotive02_01.uvl,942,2074,1,0.010815,10.273308,272.472976
943,2026-09-30T22:16:12.398164700Z,dataset_9/uvl/automotive02_01.uvl,943,2074,1,0.010689,10.283997,272.484044
944,2026-09-30T22:16:12.408636600Z,dataset_9/uvl/automotive02_01.uvl,944,2074,1,0.010350,10.294347,272.494751
945,2026-09-30T22:16:12.419658600Z,dataset_9/uvl/automotive02_01.uvl,945,2074,1,0.010507,10.304853,272.505605
946,2026-09-30T22:16:12.429673600Z,dataset_9/uvl/automotive02_01.uvl,946,2074,1,0.010514,10.315367,272.516483
947,2026-09-30T22:16:12.440472100Z,dataset_9/uvl/automotive02_01.uvl,947,2074,1,0.010356,10.325723,272.527207
948,2026-09-30T22:16:12.451493800Z,dataset_9/uvl/automotive02_01.uvl,948,2074,1,0.010445,10.336168,272.537991
949,2026-09-30T22:16:12.463132300Z,dataset_9/uvl/automotive02_01.uvl,949,2074,1,0.010486,10.346655,272.548819
950,2026-09-30T22:16:12.473578300Z,dataset_9/uvl/automotive02_01.uvl,950,2074,1,0.010442,10.357097,272.559622
951,2026-09-30T22:16:12.484415900Z,dataset_9/uvl/automotive02_01.uvl,951,2074,1,0.010420,10.367517,272.570419
952,2026-09-30T22:16:12.496072Z,dataset_9/uvl/automotive02_01.uvl,952,2074,1,0.010985,10.378502,272.581777
953,2026-09-30T22:16:12.505566200Z,dataset_9/uvl/automotive02_01.uvl,953,2074,1,0.010561,10.389063,272.592721
954,2026-09-30T22:16:12.517605Z,dataset_9/uvl/automotive02_01.uvl,954,2074,1,0.010442,10.399505,272.603577
955,2026-09-30T22:16:12.529561800Z,dataset_9/uvl/automotive02_01.uvl,955,2074,1,0.011343,10.410848,272.615321
956,2026-09-30T22:16:12.541023Z,dataset_9/uvl/automotive02_01.uvl,956,2074,1,0.011333,10.422181,272.627027
957,2026-09-30T22:16:12.553141600Z,dataset_9/uvl/automotive02_01.uvl,957,2074,1,0.011883,10.434064,272.639279
958,2026-09-30T22:16:12.565230300Z,dataset_9/uvl/automotive02_01.uvl,958,2074,1,0.011314,10.445378,272.650988
959,2026-09-30T22:16:12.576427700Z,dataset_9/uvl/automotive02_01.uvl,959,2074,1,0.011488,10.456866,272.662856
960,2026-09-30T22:16:12.588659500Z,dataset_9/uvl/automotive02_01.uvl,960,2074,1,0.011532,10.468397,272.674760
961,2026-09-30T22:16:12.600551800Z,dataset_9/uvl/automotive02_01.uvl,961,2074,1,0.011128,10.479525,272.686245
962,2026-09-30T22:16:12.610954300Z,dataset_9/uvl/automotive02_01.uvl,962,2074,1,0.011013,10.490538,272.697645
963,2026-09-30T22:16:12.623286200Z,dataset_9/uvl/automotive02_01.uvl,963,2074,1,0.010984,10.501521,272.708971
964,2026-09-30T22:16:12.634288Z,dataset_9/uvl/automotive02_01.uvl,964,2074,1,0.011113,10.512635,272.720416
965,2026-09-30T22:16:12.644872100Z,dataset_9/uvl/automotive02_01.uvl,965,2074,1,0.010268,10.522903,272.731062
966,2026-09-30T22:16:12.655770900Z,dataset_9/uvl/automotive02_01.uvl,966,2074,1,0.010298,10.533201,272.741698
967,2026-09-30T22:16:12.666546300Z,dataset_9/uvl/automotive02_01.uvl,967,2074,1,0.010361,10.543561,272.752411
968,2026-09-30T22:16:12.676587300Z,dataset_9/uvl/automotive02_01.uvl,968,2074,1,0.010265,10.553827,272.763027
969,2026-09-30T22:16:12.687430400Z,dataset_9/uvl/automotive02_01.uvl,969,2074,1,0.010512,10.564338,272.773859
970,2026-09-30T22:16:12.699312900Z,dataset_9/uvl/automotive02_01.uvl,970,2074,1,0.010849,10.575187,272.785090
971,2026-09-30T22:16:12.709552900Z,dataset_9/uvl/automotive02_01.uvl,971,2074,1,0.010271,10.585458,272.795709
972,2026-09-30T22:16:12.720954900Z,dataset_9/uvl/automotive02_01.uvl,972,2074,1,0.010607,10.596065,272.806824
973,2026-09-30T22:16:12.732417100Z,dataset_9/uvl/automotive02_01.uvl,973,2074,1,0.011481,10.607546,272.818652
974,2026-09-30T22:16:12.746019100Z,dataset_9/uvl/automotive02_01.uvl,974,2074,1,0.012899,10.620445,272.831899
975,2026-09-30T22:16:12.757130100Z,dataset_9/uvl/automotive02_01.uvl,975,2074,1,0.010993,10.631438,272.843309
976,2026-09-30T22:16:12.767767100Z,dataset_9/uvl/automotive02_01.uvl,976,2074,1,0.010360,10.641797,272.854032
977,2026-09-30T22:16:12.779009100Z,dataset_9/uvl/automotive02_01.uvl,977,2074,1,0.010635,10.652432,272.864995
978,2026-09-30T22:16:12.790896500Z,dataset_9/uvl/automotive02_01.uvl,978,2074,1,0.011504,10.663937,272.876882
979,2026-09-30T22:16:12.800870100Z,dataset_9/uvl/automotive02_01.uvl,979,2074,1,0.010410,10.674347,272.887718
980,2026-09-30T22:16:12.812925600Z,dataset_9/uvl/automotive02_01.uvl,980,2074,1,0.010671,10.685018,272.898745
981,2026-09-30T22:16:12.822759800Z,dataset_9/uvl/automotive02_01.uvl,981,2074,1,0.010507,10.695525,272.909614
982,2026-09-30T22:16:12.834083200Z,dataset_9/uvl/automotive02_01.uvl,982,2074,1,0.010316,10.705841,272.920304
983,2026-09-30T22:16:12.844688100Z,dataset_9/uvl/automotive02_01.uvl,983,2074,1,0.010642,10.716483,272.931287
984,2026-09-30T22:16:12.855788300Z,dataset_9/uvl/automotive02_01.uvl,984,2074,1,0.010498,10.726981,272.942160
985,2026-09-30T22:16:12.866607Z,dataset_9/uvl/automotive02_01.uvl,985,2074,1,0.010301,10.737282,272.952825
986,2026-09-30T22:16:12.878007Z,dataset_9/uvl/automotive02_01.uvl,986,2074,1,0.010754,10.748036,272.964109
987,2026-09-30T22:16:12.888670500Z,dataset_9/uvl/automotive02_01.uvl,987,2074,1,0.010716,10.758751,272.975193
988,2026-09-30T22:16:12.900723600Z,dataset_9/uvl/automotive02_01.uvl,988,2074,1,0.011000,10.769751,272.986569
989,2026-09-30T22:16:12.910899300Z,dataset_9/uvl/automotive02_01.uvl,989,2074,1,0.010271,10.780022,272.997219
990,2026-09-30T22:16:12.922416900Z,dataset_9/uvl/automotive02_01.uvl,990,2074,1,0.010735,10.790757,273.008287
991,2026-09-30T22:16:12.933429900Z,dataset_9/uvl/automotive02_01.uvl,991,2074,1,0.010672,10.801429,273.019322
992,2026-09-30T22:16:12.943318200Z,dataset_9/uvl/automotive02_01.uvl,992,2074,1,0.010384,10.811813,273.030072
993,2026-09-30T22:16:12.954725200Z,dataset_9/uvl/automotive02_01.uvl,993,2074,1,0.010354,10.822167,273.040851
994,2026-09-30T22:16:12.966346300Z,dataset_9/uvl/automotive02_01.uvl,994,2074,1,0.010984,10.833151,273.052178
995,2026-09-30T22:16:12.978103300Z,dataset_9/uvl/automotive02_01.uvl,995,2074,1,0.011289,10.844440,273.063863
996,2026-09-30T22:16:12.988439500Z,dataset_9/uvl/automotive02_01.uvl,996,2074,1,0.010344,10.854784,273.074595
997,2026-09-30T22:16:12.999448900Z,dataset_9/uvl/automotive02_01.uvl,997,2074,1,0.010442,10.865226,273.085378
998,2026-09-30T22:16:13.010898500Z,dataset_9/uvl/automotive02_01.uvl,998,2074,1,0.011006,10.876233,273.096726
999,2026-09-30T22:16:13.021610100Z,dataset_9/uvl/automotive02_01.uvl,999,2074,1,0.010346,10.886578,273.107408
1000,2026-09-30T22:16:13.033295200Z,dataset_9/uvl/automotive02_01.uvl,1000,2074,1,0.012093,10.898671,273.119848
1001,2026-09-30T22:16:13.045988800Z,dataset_9/uvl/automotive02_01.uvl,1001,2074,1,0.011607,10.910278,273.131858
1002,2026-09-30T22:16:13.061554800Z,dataset_9/uvl/automotive02_01.uvl,1002,2074,1,0.015188,10.925466,273.147402
1003,2026-09-30T22:16:13.086006200Z,dataset_9/uvl/automotive02_01.uvl,1003,2074,1,0.024322,10.949788,273.172109
1004,2026-09-30T22:16:13.122173100Z,dataset_9/uvl/automotive02_01.uvl,1004,2074,1,0.023221,10.973009,273.208557
1005,2026-09-30T22:16:13.148759800Z,dataset_9/uvl/automotive02_01.uvl,1005,2074,1,0.026005,10.999014,273.235242
1006,2026-09-30T22:16:13.263662600Z,dataset_9/uvl/automotive02_01.uvl,1006,2074,1,0.055420,11.054434,273.350236
1007,2026-09-30T22:16:13.310719900Z,dataset_9/uvl/automotive02_01.uvl,1007,2074,1,0.045039,11.099473,273.396403
1008,2026-09-30T22:16:13.344682300Z,dataset_9/uvl/automotive02_01.uvl,1008,2074,1,0.032611,11.132084,273.430398
1009,2026-09-30T22:16:13.369053300Z,dataset_9/uvl/automotive02_01.uvl,1009,2074,1,0.024478,11.156562,273.455584
1010,2026-09-30T22:16:13.450548300Z,dataset_9/uvl/automotive02_01.uvl,1010,2074,1,0.017557,11.174119,273.536611
1011,2026-09-30T22:16:13.744881400Z,dataset_9/uvl/automotive02_01.uvl,1011,2074,1,0.027861,11.201979,273.830733
1012,2026-09-30T22:16:13.765004700Z,dataset_9/uvl/automotive02_01.uvl,1012,2074,1,0.019790,11.221770,273.851449
1013,2026-09-30T22:16:13.782025100Z,dataset_9/uvl/automotive02_01.uvl,1013,2074,1,0.015698,11.237468,273.867701
1014,2026-09-30T22:16:13.803411400Z,dataset_9/uvl/automotive02_01.uvl,1014,2074,1,0.021785,11.259253,273.889912
1015,2026-09-30T22:16:13.816509400Z,dataset_9/uvl/automotive02_01.uvl,1015,2074,1,0.012262,11.271515,273.902604
1016,2026-09-30T22:16:13.832497300Z,dataset_9/uvl/automotive02_01.uvl,1016,2074,1,0.015711,11.287226,273.918708
1017,2026-09-30T22:16:13.845820500Z,dataset_9/uvl/automotive02_01.uvl,1017,2074,1,0.012980,11.300206,273.932182
1018,2026-09-30T22:16:13.859598300Z,dataset_9/uvl/automotive02_01.uvl,1018,2074,1,0.012863,11.313069,273.945474
1019,2026-09-30T22:16:13.871914600Z,dataset_9/uvl/automotive02_01.uvl,1019,2074,1,0.011958,11.325027,273.958026
1020,2026-09-30T22:16:13.885125100Z,dataset_9/uvl/automotive02_01.uvl,1020,2074,1,0.012395,11.337421,273.970813
1021,2026-09-30T22:16:13.896767200Z,dataset_9/uvl/automotive02_01.uvl,1021,2074,1,0.011703,11.349124,273.982941
1022,2026-09-30T22:16:13.909561400Z,dataset_9/uvl/automotive02_01.uvl,1022,2074,1,0.012110,11.361234,273.995441
1023,2026-09-30T22:16:13.923342500Z,dataset_9/uvl/automotive02_01.uvl,1023,2074,1,0.013169,11.374403,274.009041
1024,2026-09-30T22:16:13.935152Z,dataset_9/uvl/automotive02_01.uvl,1024,2074,1,0.011544,11.385947,274.021015
1025,2026-09-30T22:16:13.947834600Z,dataset_9/uvl/automotive02_01.uvl,1025,2074,1,0.012838,11.398785,274.034234
1026,2026-09-30T22:16:13.960185800Z,dataset_9/uvl/automotive02_01.uvl,1026,2074,1,0.011440,11.410225,274.046051
1027,2026-09-30T22:16:13.971948300Z,dataset_9/uvl/automotive02_01.uvl,1027,2074,1,0.011382,11.421606,274.057855
1028,2026-09-30T22:16:13.983236Z,dataset_9/uvl/automotive02_01.uvl,1028,2074,1,0.011399,11.433006,274.069642
1029,2026-09-30T22:16:13.994364300Z,dataset_9/uvl/automotive02_01.uvl,1029,2074,1,0.010371,11.443376,274.080406
1030,2026-09-30T22:16:14.005495700Z,dataset_9/uvl/automotive02_01.uvl,1030,2074,1,0.010830,11.454207,274.091580
1031,2026-09-30T22:16:14.017441900Z,dataset_9/uvl/automotive02_01.uvl,1031,2074,1,0.011627,11.465833,274.103572
1032,2026-09-30T22:16:14.028029900Z,dataset_9/uvl/automotive02_01.uvl,1032,2074,1,0.010332,11.476165,274.114289
1033,2026-09-30T22:16:14.039945Z,dataset_9/uvl/automotive02_01.uvl,1033,2074,1,0.011757,11.487923,274.126370
1034,2026-09-30T22:16:14.051521500Z,dataset_9/uvl/automotive02_01.uvl,1034,2074,1,0.010732,11.498655,274.137464
1035,2026-09-30T22:16:14.063202300Z,dataset_9/uvl/automotive02_01.uvl,1035,2074,1,0.011043,11.509698,274.148896
1036,2026-09-30T22:16:14.073279Z,dataset_9/uvl/automotive02_01.uvl,1036,2074,1,0.010290,11.519987,274.159556
1037,2026-09-30T22:16:14.084069200Z,dataset_9/uvl/automotive02_01.uvl,1037,2074,1,0.010666,11.530653,274.170562
1038,2026-09-30T22:16:14.094815300Z,dataset_9/uvl/automotive02_01.uvl,1038,2074,1,0.010529,11.541182,274.181447
1039,2026-09-30T22:16:14.105900500Z,dataset_9/uvl/automotive02_01.uvl,1039,2074,1,0.010362,11.551544,274.192149
1040,2026-09-30T22:16:14.117054500Z,dataset_9/uvl/automotive02_01.uvl,1040,2074,1,0.010616,11.562160,274.203082
1041,2026-09-30T22:16:14.128636400Z,dataset_9/uvl/automotive02_01.uvl,1041,2074,1,0.011177,11.573337,274.214611
1042,2026-09-30T22:16:14.138874300Z,dataset_9/uvl/automotive02_01.uvl,1042,2074,1,0.010449,11.583786,274.225402
1043,2026-09-30T22:16:14.149989600Z,dataset_9/uvl/automotive02_01.uvl,1043,2074,1,0.010260,11.594046,274.235997
1044,2026-09-30T22:16:14.161722Z,dataset_9/uvl/automotive02_01.uvl,1044,2074,1,0.011390,11.605436,274.247722
1045,2026-09-30T22:16:14.174671100Z,dataset_9/uvl/automotive02_01.uvl,1045,2074,1,0.012523,11.617959,274.260654
1046,2026-09-30T22:16:14.188828400Z,dataset_9/uvl/automotive02_01.uvl,1046,2074,1,0.014340,11.632299,274.275379
1047,2026-09-30T22:16:14.200638600Z,dataset_9/uvl/automotive02_01.uvl,1047,2074,1,0.011223,11.643523,274.287048
1048,2026-09-30T22:16:14.212773200Z,dataset_9/uvl/automotive02_01.uvl,1048,2074,1,0.011254,11.654776,274.298800
1049,2026-09-30T22:16:14.224463400Z,dataset_9/uvl/automotive02_01.uvl,1049,2074,1,0.011443,11.666219,274.310611
1050,2026-09-30T22:16:14.236016400Z,dataset_9/uvl/automotive02_01.uvl,1050,2074,1,0.010998,11.677218,274.321978
1051,2026-09-30T22:16:14.246650100Z,dataset_9/uvl/automotive02_01.uvl,1051,2074,1,0.010638,11.687856,274.332981
1052,2026-09-30T22:16:14.257891800Z,dataset_9/uvl/automotive02_01.uvl,1052,2074,1,0.010759,11.698615,274.344395
1053,2026-09-30T22:16:14.270316Z,dataset_9/uvl/automotive02_01.uvl,1053,2074,1,0.011372,11.709987,274.356125
1054,2026-09-30T22:16:14.281633200Z,dataset_9/uvl/automotive02_01.uvl,1054,2074,1,0.011474,11.721461,274.367975
1055,2026-09-30T22:16:14.294293600Z,dataset_9/uvl/automotive02_01.uvl,1055,2074,1,0.012378,11.733839,274.380748
1056,2026-09-30T22:16:14.307620900Z,dataset_9/uvl/automotive02_01.uvl,1056,2074,1,0.012159,11.745998,274.393411
1057,2026-09-30T22:16:14.317625800Z,dataset_9/uvl/automotive02_01.uvl,1057,2074,1,0.010698,11.756696,274.404478
1058,2026-09-30T22:16:14.330081500Z,dataset_9/uvl/automotive02_01.uvl,1058,2074,1,0.011371,11.768067,274.416198
1059,2026-09-30T22:16:14.342052900Z,dataset_9/uvl/automotive02_01.uvl,1059,2074,1,0.011136,11.779203,274.427732
1060,2026-09-30T22:16:14.351695200Z,dataset_9/uvl/automotive02_01.uvl,1060,2074,1,0.010261,11.789463,274.438336
1061,2026-09-30T22:16:14.363180500Z,dataset_9/uvl/automotive02_01.uvl,1061,2074,1,0.010784,11.800247,274.449440
1062,2026-09-30T22:16:14.374150900Z,dataset_9/uvl/automotive02_01.uvl,1062,2074,1,0.010870,11.811117,274.460637
1063,2026-09-30T22:16:14.385622900Z,dataset_9/uvl/automotive02_01.uvl,1063,2074,1,0.010542,11.821659,274.471489
1064,2026-09-30T22:16:14.396781500Z,dataset_9/uvl/automotive02_01.uvl,1064,2074,1,0.010958,11.832617,274.482792
1065,2026-09-30T22:16:14.407940300Z,dataset_9/uvl/automotive02_01.uvl,1065,2074,1,0.010596,11.843213,274.493742
1066,2026-09-30T22:16:14.421027Z,dataset_9/uvl/automotive02_01.uvl,1066,2074,1,0.012574,11.855787,274.506701
1067,2026-09-30T22:16:14.431837400Z,dataset_9/uvl/automotive02_01.uvl,1067,2074,1,0.010594,11.866381,274.517654
1068,2026-09-30T22:16:14.441892Z,dataset_9/uvl/automotive02_01.uvl,1068,2074,1,0.010593,11.876974,274.528580
1069,2026-09-30T22:16:14.452858Z,dataset_9/uvl/automotive02_01.uvl,1069,2074,1,0.010910,11.887884,274.539832
1070,2026-09-30T22:16:14.464320400Z,dataset_9/uvl/automotive02_01.uvl,1070,2074,1,0.010115,11.897999,274.550324
1071,2026-09-30T22:16:14.475467900Z,dataset_9/uvl/automotive02_01.uvl,1071,2074,1,0.010708,11.908707,274.561370
1072,2026-09-30T22:16:14.485426300Z,dataset_9/uvl/automotive02_01.uvl,1072,2074,1,0.010729,11.919436,274.572453
1073,2026-09-30T22:16:14.497548500Z,dataset_9/uvl/automotive02_01.uvl,1073,2074,1,0.010555,11.929991,274.583356
1074,2026-09-30T22:16:14.507625200Z,dataset_9/uvl/automotive02_01.uvl,1074,2074,1,0.010333,11.940324,274.594044
1075,2026-09-30T22:16:14.518826200Z,dataset_9/uvl/automotive02_01.uvl,1075,2074,1,0.010542,11.950866,274.604934
1076,2026-09-30T22:16:14.530045400Z,dataset_9/uvl/automotive02_01.uvl,1076,2074,1,0.010550,11.961415,274.615852
1077,2026-09-30T22:16:14.540257800Z,dataset_9/uvl/automotive02_01.uvl,1077,2074,1,0.010350,11.971765,274.626540
1078,2026-09-30T22:16:14.551638900Z,dataset_9/uvl/automotive02_01.uvl,1078,2074,1,0.010935,11.982700,274.637803
1079,2026-09-30T22:16:14.562611700Z,dataset_9/uvl/automotive02_01.uvl,1079,2074,1,0.010568,11.993268,274.648726
1080,2026-09-30T22:16:14.573539400Z,dataset_9/uvl/automotive02_01.uvl,1080,2074,1,0.010298,12.003566,274.659402
1081,2026-09-30T22:16:14.584889300Z,dataset_9/uvl/automotive02_01.uvl,1081,2074,1,0.010826,12.014392,274.670593
1082,2026-09-30T22:16:14.595662700Z,dataset_9/uvl/automotive02_01.uvl,1082,2074,1,0.010387,12.024780,274.681333
1083,2026-09-30T22:16:14.606174500Z,dataset_9/uvl/automotive02_01.uvl,1083,2074,1,0.010340,12.035120,274.692001
1084,2026-09-30T22:16:14.616460500Z,dataset_9/uvl/automotive02_01.uvl,1084,2074,1,0.010291,12.045411,274.702633
1085,2026-09-30T22:16:14.626406600Z,dataset_9/uvl/automotive02_01.uvl,1085,2074,1,0.010529,12.055939,274.713478
1086,2026-09-30T22:16:14.637880900Z,dataset_9/uvl/automotive02_01.uvl,1086,2074,1,0.010563,12.066502,274.724391
1087,2026-09-30T22:16:14.649345400Z,dataset_9/uvl/automotive02_01.uvl,1087,2074,1,0.010311,12.076812,274.735050
1088,2026-09-30T22:16:14.659317500Z,dataset_9/uvl/automotive02_01.uvl,1088,2074,1,0.010291,12.087103,274.745661
1089,2026-09-30T22:16:14.671931700Z,dataset_9/uvl/automotive02_01.uvl,1089,2074,1,0.011764,12.098867,274.757747
1090,2026-09-30T22:16:14.682481600Z,dataset_9/uvl/automotive02_01.uvl,1090,2074,1,0.010489,12.109356,274.768594
1091,2026-09-30T22:16:14.694575300Z,dataset_9/uvl/automotive02_01.uvl,1091,2074,1,0.011816,12.121172,274.780781
1092,2026-09-30T22:16:14.708774100Z,dataset_9/uvl/automotive02_01.uvl,1092,2074,1,0.013348,12.134520,274.794576
1093,2026-09-30T22:16:14.720685Z,dataset_9/uvl/automotive02_01.uvl,1093,2074,1,0.011930,12.146450,274.806958
1094,2026-09-30T22:16:14.734924600Z,dataset_9/uvl/automotive02_01.uvl,1094,2074,1,0.014107,12.160557,274.821537
1095,2026-09-30T22:16:14.747399300Z,dataset_9/uvl/automotive02_01.uvl,1095,2074,1,0.011553,12.172110,274.833497
1096,2026-09-30T22:16:14.758644500Z,dataset_9/uvl/automotive02_01.uvl,1096,2074,1,0.011152,12.183262,274.845058
1097,2026-09-30T22:16:14.770913300Z,dataset_9/uvl/automotive02_01.uvl,1097,2074,1,0.012079,12.195341,274.857529
1098,2026-09-30T22:16:14.784264800Z,dataset_9/uvl/automotive02_01.uvl,1098,2074,1,0.012096,12.207437,274.870031
1099,2026-09-30T22:16:14.796036500Z,dataset_9/uvl/automotive02_01.uvl,1099,2074,1,0.011844,12.219281,274.882280
1100,2026-09-30T22:16:14.808693300Z,dataset_9/uvl/automotive02_01.uvl,1100,2074,1,0.012262,12.231543,274.894926
1101,2026-09-30T22:16:14.820985500Z,dataset_9/uvl/automotive02_01.uvl,1101,2074,1,0.011718,12.243261,274.907033
1102,2026-09-30T22:16:14.833212800Z,dataset_9/uvl/automotive02_01.uvl,1102,2074,1,0.011815,12.255076,274.919230
1103,2026-09-30T22:16:14.845612500Z,dataset_9/uvl/automotive02_01.uvl,1103,2074,1,0.011789,12.266864,274.931395
1104,2026-09-30T22:16:14.857639200Z,dataset_9/uvl/automotive02_01.uvl,1104,2074,1,0.012505,12.279370,274.944293
1105,2026-09-30T22:16:14.871506900Z,dataset_9/uvl/automotive02_01.uvl,1105,2074,1,0.012559,12.291928,274.957233
1106,2026-09-30T22:16:14.883426500Z,dataset_9/uvl/automotive02_01.uvl,1106,2074,1,0.011505,12.303433,274.969127
1107,2026-09-30T22:16:14.896602300Z,dataset_9/uvl/automotive02_01.uvl,1107,2074,1,0.013378,12.316811,274.982883
1108,2026-09-30T22:16:14.909436400Z,dataset_9/uvl/automotive02_01.uvl,1108,2074,1,0.012368,12.329180,274.995628
1109,2026-09-30T22:16:14.922800Z,dataset_9/uvl/automotive02_01.uvl,1109,2074,1,0.013189,12.342368,275.009205
1110,2026-09-30T22:16:14.935108300Z,dataset_9/uvl/automotive02_01.uvl,1110,2074,1,0.011993,12.354361,275.021660
1111,2026-09-30T22:16:14.947968700Z,dataset_9/uvl/automotive02_01.uvl,1111,2074,1,0.012384,12.366746,275.034419
1112,2026-09-30T22:16:14.960770500Z,dataset_9/uvl/automotive02_01.uvl,1112,2074,1,0.011853,12.378598,275.046733
1113,2026-09-30T22:16:14.975680500Z,dataset_9/uvl/automotive02_01.uvl,1113,2074,1,0.014320,12.392919,275.061436
1114,2026-09-30T22:16:14.987453500Z,dataset_9/uvl/automotive02_01.uvl,1114,2074,1,0.012272,12.405191,275.074109
1115,2026-09-30T22:16:15.000886300Z,dataset_9/uvl/automotive02_01.uvl,1115,2074,1,0.012486,12.417676,275.086975
1116,2026-09-30T22:16:15.014178200Z,dataset_9/uvl/automotive02_01.uvl,1116,2074,1,0.012700,12.430377,275.100069
1117,2026-09-30T22:16:15.026522Z,dataset_9/uvl/automotive02_01.uvl,1117,2074,1,0.012289,12.442666,275.112748
1118,2026-09-30T22:16:15.038553300Z,dataset_9/uvl/automotive02_01.uvl,1118,2074,1,0.011890,12.454556,275.125077
1119,2026-09-30T22:16:15.053298300Z,dataset_9/uvl/automotive02_01.uvl,1119,2074,1,0.013536,12.468092,275.139005
1120,2026-09-30T22:16:15.065917500Z,dataset_9/uvl/automotive02_01.uvl,1120,2074,1,0.012407,12.480498,275.151820
1121,2026-09-30T22:16:15.078500500Z,dataset_9/uvl/automotive02_01.uvl,1121,2074,1,0.012526,12.493025,275.164731
1122,2026-09-30T22:16:15.091220800Z,dataset_9/uvl/automotive02_01.uvl,1122,2074,1,0.012412,12.505437,275.177540
1123,2026-09-30T22:16:15.104274300Z,dataset_9/uvl/automotive02_01.uvl,1123,2074,1,0.012635,12.518072,275.190582
1124,2026-09-30T22:16:15.117174300Z,dataset_9/uvl/automotive02_01.uvl,1124,2074,1,0.012260,12.530332,275.203231
1125,2026-09-30T22:16:15.129578400Z,dataset_9/uvl/automotive02_01.uvl,1125,2074,1,0.012482,12.542814,275.216104
1126,2026-09-30T22:16:15.143373800Z,dataset_9/uvl/automotive02_01.uvl,1126,2074,1,0.013009,12.555824,275.229507
1127,2026-09-30T22:16:15.156203200Z,dataset_9/uvl/automotive02_01.uvl,1127,2074,1,0.012546,12.568369,275.242483
1128,2026-09-30T22:16:15.168876800Z,dataset_9/uvl/automotive02_01.uvl,1128,2074,1,0.012464,12.580833,275.255363
1129,2026-09-30T22:16:15.182458400Z,dataset_9/uvl/automotive02_01.uvl,1129,2074,1,0.012442,12.593275,275.268249
1130,2026-09-30T22:16:15.195732500Z,dataset_9/uvl/automotive02_01.uvl,1130,2074,1,0.013228,12.606503,275.281865
1131,2026-09-30T22:16:15.211038400Z,dataset_9/uvl/automotive02_01.uvl,1131,2074,1,0.014606,12.621109,275.296984
1132,2026-09-30T22:16:15.224132300Z,dataset_9/uvl/automotive02_01.uvl,1132,2074,1,0.012672,12.633781,275.310085
1133,2026-09-30T22:16:15.236955700Z,dataset_9/uvl/automotive02_01.uvl,1133,2074,1,0.013642,12.647423,275.324134
1134,2026-09-30T22:16:15.250673400Z,dataset_9/uvl/automotive02_01.uvl,1134,2074,1,0.012051,12.659474,275.336590
1135,2026-09-30T22:16:15.263261500Z,dataset_9/uvl/automotive02_01.uvl,1135,2074,1,0.012467,12.671940,275.349459
1136,2026-09-30T22:16:15.276903600Z,dataset_9/uvl/automotive02_01.uvl,1136,2074,1,0.013158,12.685099,275.363105
1137,2026-09-30T22:16:15.290024700Z,dataset_9/uvl/automotive02_01.uvl,1137,2074,1,0.012718,12.697817,275.376234
1138,2026-09-30T22:16:15.303007300Z,dataset_9/uvl/automotive02_01.uvl,1138,2074,1,0.012484,12.710301,275.389213
1139,2026-09-30T22:16:15.316166500Z,dataset_9/uvl/automotive02_01.uvl,1139,2074,1,0.012414,12.722715,275.402035
1140,2026-09-30T22:16:15.328653100Z,dataset_9/uvl/automotive02_01.uvl,1140,2074,1,0.012533,12.735248,275.414965
1141,2026-09-30T22:16:15.341926200Z,dataset_9/uvl/automotive02_01.uvl,1141,2074,1,0.012515,12.747763,275.427896
1142,2026-09-30T22:16:15.354048400Z,dataset_9/uvl/automotive02_01.uvl,1142,2074,1,0.012410,12.760174,275.440709
1143,2026-09-30T22:16:15.367405400Z,dataset_9/uvl/automotive02_01.uvl,1143,2074,1,0.012426,12.772599,275.453518
1144,2026-09-30T22:16:15.379585400Z,dataset_9/uvl/automotive02_01.uvl,1144,2074,1,0.012538,12.785138,275.466456
1145,2026-09-30T22:16:15.393416400Z,dataset_9/uvl/automotive02_01.uvl,1145,2074,1,0.012538,12.797675,275.479376
1146,2026-09-30T22:16:15.405428100Z,dataset_9/uvl/automotive02_01.uvl,1146,2074,1,0.012627,12.810303,275.492416
1147,2026-09-30T22:16:15.418910900Z,dataset_9/uvl/automotive02_01.uvl,1147,2074,1,0.012548,12.822851,275.505378
1148,2026-09-30T22:16:15.432407600Z,dataset_9/uvl/automotive02_01.uvl,1148,2074,1,0.012963,12.835814,275.518731
1149,2026-09-30T22:16:15.445814100Z,dataset_9/uvl/automotive02_01.uvl,1149,2074,1,0.012539,12.848353,275.531671
1150,2026-09-30T22:16:15.458727400Z,dataset_9/uvl/automotive02_01.uvl,1150,2074,1,0.012540,12.860893,275.544623
1151,2026-09-30T22:16:15.471760700Z,dataset_9/uvl/automotive02_01.uvl,1151,2074,1,0.012486,12.873379,275.557485
1152,2026-09-30T22:16:15.484905700Z,dataset_9/uvl/automotive02_01.uvl,1152,2074,1,0.013143,12.886522,275.571036
1153,2026-09-30T22:16:15.498179300Z,dataset_9/uvl/automotive02_01.uvl,1153,2074,1,0.013214,12.899736,275.584752
1154,2026-09-30T22:16:15.512610900Z,dataset_9/uvl/automotive02_01.uvl,1154,2074,1,0.013128,12.912864,275.598407
1155,2026-09-30T22:16:15.525783700Z,dataset_9/uvl/automotive02_01.uvl,1155,2074,1,0.012842,12.925706,275.611652
1156,2026-09-30T22:16:15.538317300Z,dataset_9/uvl/automotive02_01.uvl,1156,2074,1,0.012153,12.937859,275.624213
1157,2026-09-30T22:16:15.551724200Z,dataset_9/uvl/automotive02_01.uvl,1157,2074,1,0.012952,12.950811,275.637570
1158,2026-09-30T22:16:15.564209200Z,dataset_9/uvl/automotive02_01.uvl,1158,2074,1,0.012707,12.963517,275.650702
1159,2026-09-30T22:16:15.578494400Z,dataset_9/uvl/automotive02_01.uvl,1159,2074,1,0.013235,12.976753,275.664329
1160,2026-09-30T22:16:15.591991900Z,dataset_9/uvl/automotive02_01.uvl,1160,2074,1,0.012948,12.989700,275.677717
1161,2026-09-30T22:16:15.604062200Z,dataset_9/uvl/automotive02_01.uvl,1161,2074,1,0.011989,13.001689,275.690114
1162,2026-09-30T22:16:15.616223700Z,dataset_9/uvl/automotive02_01.uvl,1162,2074,1,0.011990,13.013680,275.702504
1163,2026-09-30T22:16:15.628828Z,dataset_9/uvl/automotive02_01.uvl,1163,2074,1,0.012026,13.025706,275.714908
1164,2026-09-30T22:16:15.641299Z,dataset_9/uvl/automotive02_01.uvl,1164,2074,1,0.011959,13.037665,275.727380
1165,2026-09-30T22:16:15.654123200Z,dataset_9/uvl/automotive02_01.uvl,1165,2074,1,0.012199,13.049864,275.740076
1166,2026-09-30T22:16:15.667343800Z,dataset_9/uvl/automotive02_01.uvl,1166,2074,1,0.012823,13.062688,275.753409
1167,2026-09-30T22:16:15.679719400Z,dataset_9/uvl/automotive02_01.uvl,1167,2074,1,0.012628,13.075316,275.766387
1168,2026-09-30T22:16:15.693683600Z,dataset_9/uvl/automotive02_01.uvl,1168,2074,1,0.012917,13.088233,275.779716
1169,2026-09-30T22:16:15.707595900Z,dataset_9/uvl/automotive02_01.uvl,1169,2074,1,0.013333,13.101566,275.793476
1170,2026-09-30T22:16:15.720277900Z,dataset_9/uvl/automotive02_01.uvl,1170,2074,1,0.012369,13.113935,275.806227
1171,2026-09-30T22:16:15.733348800Z,dataset_9/uvl/automotive02_01.uvl,1171,2074,1,0.012606,13.126540,275.819285
1172,2026-09-30T22:16:15.746587800Z,dataset_9/uvl/automotive02_01.uvl,1172,2074,1,0.012841,13.139381,275.832619
1173,2026-09-30T22:16:15.760158100Z,dataset_9/uvl/automotive02_01.uvl,1173,2074,1,0.013129,13.152510,275.846163
1174,2026-09-30T22:16:15.772584100Z,dataset_9/uvl/automotive02_01.uvl,1174,2074,1,0.011996,13.164506,275.858590
1175,2026-09-30T22:16:15.785560Z,dataset_9/uvl/automotive02_01.uvl,1175,2074,1,0.013674,13.178180,275.872646
1176,2026-09-30T22:16:15.799887Z,dataset_9/uvl/automotive02_01.uvl,1176,2074,1,0.012901,13.191081,275.885994
1177,2026-09-30T22:16:15.813224700Z,dataset_9/uvl/automotive02_01.uvl,1177,2074,1,0.013168,13.204249,275.899586
1178,2026-09-30T22:16:15.827845800Z,dataset_9/uvl/automotive02_01.uvl,1178,2074,1,0.013542,13.217791,275.913547
1179,2026-09-30T22:16:15.840138Z,dataset_9/uvl/automotive02_01.uvl,1179,2074,1,0.012346,13.230137,275.926298
1180,2026-09-30T22:16:15.852479100Z,dataset_9/uvl/automotive02_01.uvl,1180,2074,1,0.011883,13.242020,275.938562
1181,2026-09-30T22:16:15.865030300Z,dataset_9/uvl/automotive02_01.uvl,1181,2074,1,0.012429,13.254449,275.951373
1182,2026-09-30T22:16:15.878975400Z,dataset_9/uvl/automotive02_01.uvl,1182,2074,1,0.013038,13.267487,275.964871
1183,2026-09-30T22:16:15.891885200Z,dataset_9/uvl/automotive02_01.uvl,1183,2074,1,0.013011,13.280497,275.978287
1184,2026-09-30T22:16:15.905821500Z,dataset_9/uvl/automotive02_01.uvl,1184,2074,1,0.013752,13.294249,275.992445
1185,2026-09-30T22:16:15.919118Z,dataset_9/uvl/automotive02_01.uvl,1185,2074,1,0.013064,13.307314,276.005906
1186,2026-09-30T22:16:15.932580400Z,dataset_9/uvl/automotive02_01.uvl,1186,2074,1,0.013174,13.320488,276.019481
1187,2026-09-30T22:16:15.945936300Z,dataset_9/uvl/automotive02_01.uvl,1187,2074,1,0.012043,13.332531,276.031958
1188,2026-09-30T22:16:15.958575300Z,dataset_9/uvl/automotive02_01.uvl,1188,2074,1,0.012301,13.344831,276.044670
1189,2026-09-30T22:16:15.971673500Z,dataset_9/uvl/automotive02_01.uvl,1189,2074,1,0.012263,13.357094,276.057374
1190,2026-09-30T22:16:15.984263900Z,dataset_9/uvl/automotive02_01.uvl,1190,2074,1,0.012333,13.369427,276.070150
1191,2026-09-30T22:16:15.997153100Z,dataset_9/uvl/automotive02_01.uvl,1191,2074,1,0.012474,13.381901,276.083016
1192,2026-09-30T22:16:16.009466900Z,dataset_9/uvl/automotive02_01.uvl,1192,2074,1,0.012201,13.394102,276.095639
1193,2026-09-30T22:16:16.022410800Z,dataset_9/uvl/automotive02_01.uvl,1193,2074,1,0.012197,13.406299,276.108230
1194,2026-09-30T22:16:16.035985400Z,dataset_9/uvl/automotive02_01.uvl,1194,2074,1,0.013550,13.419849,276.122178
1195,2026-09-30T22:16:16.049149500Z,dataset_9/uvl/automotive02_01.uvl,1195,2074,1,0.013195,13.433044,276.135766
1196,2026-09-30T22:16:16.064140200Z,dataset_9/uvl/automotive02_01.uvl,1196,2074,1,0.014045,13.447089,276.150215
1197,2026-09-30T22:16:16.077905400Z,dataset_9/uvl/automotive02_01.uvl,1197,2074,1,0.012965,13.460054,276.163735
1198,2026-09-30T22:16:16.090318600Z,dataset_9/uvl/automotive02_01.uvl,1198,2074,1,0.012554,13.472608,276.176712
1199,2026-09-30T22:16:16.102832300Z,dataset_9/uvl/automotive02_01.uvl,1199,2074,1,0.012395,13.485003,276.189536
1200,2026-09-30T22:16:16.116628400Z,dataset_9/uvl/automotive02_01.uvl,1200,2074,1,0.012516,13.497520,276.202437
1201,2026-09-30T22:16:16.129512600Z,dataset_9/uvl/automotive02_01.uvl,1201,2074,1,0.012527,13.510047,276.215531
1202,2026-09-30T22:16:16.142201200Z,dataset_9/uvl/automotive02_01.uvl,1202,2074,1,0.012410,13.522457,276.228331
1203,2026-09-30T22:16:16.155669700Z,dataset_9/uvl/automotive02_01.uvl,1203,2074,1,0.013367,13.535823,276.242094
1204,2026-09-30T22:16:16.168037Z,dataset_9/uvl/automotive02_01.uvl,1204,2074,1,0.012146,13.547970,276.254643
1205,2026-09-30T22:16:16.181242700Z,dataset_9/uvl/automotive02_01.uvl,1205,2074,1,0.012162,13.560132,276.267213
1206,2026-09-30T22:16:16.194529400Z,dataset_9/uvl/automotive02_01.uvl,1206,2074,1,0.012607,13.572739,276.280263
1207,2026-09-30T22:16:16.207352400Z,dataset_9/uvl/automotive02_01.uvl,1207,2074,1,0.012772,13.585510,276.293414
1208,2026-09-30T22:16:16.221028Z,dataset_9/uvl/automotive02_01.uvl,1208,2074,1,0.013315,13.598826,276.307168
1209,2026-09-30T22:16:16.234119800Z,dataset_9/uvl/automotive02_01.uvl,1209,2074,1,0.012344,13.611170,276.319916
1210,2026-09-30T22:16:16.246641500Z,dataset_9/uvl/automotive02_01.uvl,1210,2074,1,0.012572,13.623742,276.332969
1211,2026-09-30T22:16:16.258045300Z,dataset_9/uvl/automotive02_01.uvl,1211,2074,1,0.010543,13.634285,276.343876
1212,2026-09-30T22:16:16.268756200Z,dataset_9/uvl/automotive02_01.uvl,1212,2074,1,0.010410,13.644696,276.354630
1213,2026-09-30T22:16:16.279512800Z,dataset_9/uvl/automotive02_01.uvl,1213,2074,1,0.010661,13.655356,276.365626
1214,2026-09-30T22:16:16.290879200Z,dataset_9/uvl/automotive02_01.uvl,1214,2074,1,0.011060,13.666417,276.377040
1215,2026-09-30T22:16:16.302098400Z,dataset_9/uvl/automotive02_01.uvl,1215,2074,1,0.010406,13.676823,276.387782
1216,2026-09-30T22:16:16.312793800Z,dataset_9/uvl/automotive02_01.uvl,1216,2074,1,0.010560,13.687383,276.398683
1217,2026-09-30T22:16:16.323572700Z,dataset_9/uvl/automotive02_01.uvl,1217,2074,1,0.011012,13.698396,276.410052
1218,2026-09-30T22:16:16.335118800Z,dataset_9/uvl/automotive02_01.uvl,1218,2074,1,0.010377,13.708773,276.420778
1219,2026-09-30T22:16:16.345379800Z,dataset_9/uvl/automotive02_01.uvl,1219,2074,1,0.010311,13.719084,276.431600
1220,2026-09-30T22:16:16.355761500Z,dataset_9/uvl/automotive02_01.uvl,1220,2074,1,0.010474,13.729558,276.442413
1221,2026-09-30T22:16:16.367411900Z,dataset_9/uvl/automotive02_01.uvl,1221,2074,1,0.010375,13.739933,276.453151
1222,2026-09-30T22:16:16.377729600Z,dataset_9/uvl/automotive02_01.uvl,1222,2074,1,0.010472,13.750405,276.463987
1223,2026-09-30T22:16:16.390355800Z,dataset_9/uvl/automotive02_01.uvl,1223,2074,1,0.012772,13.763177,276.477060
1224,2026-09-30T22:16:16.401684300Z,dataset_9/uvl/automotive02_01.uvl,1224,2074,1,0.010620,13.773796,276.488068
1225,2026-09-30T22:16:16.412589300Z,dataset_9/uvl/automotive02_01.uvl,1225,2074,1,0.010347,13.784143,276.498761
1226,2026-09-30T22:16:16.423789300Z,dataset_9/uvl/automotive02_01.uvl,1226,2074,1,0.010424,13.794567,276.509839
1227,2026-09-30T22:16:16.434330100Z,dataset_9/uvl/automotive02_01.uvl,1227,2074,1,0.010706,13.805273,276.520931
1228,2026-09-30T22:16:16.445901400Z,dataset_9/uvl/automotive02_01.uvl,1228,2074,1,0.010561,13.815834,276.531855
1229,2026-09-30T22:16:16.456072800Z,dataset_9/uvl/automotive02_01.uvl,1229,2074,1,0.010371,13.826205,276.542564
1230,2026-09-30T22:16:16.467537400Z,dataset_9/uvl/automotive02_01.uvl,1230,2074,1,0.010879,13.837084,276.553786
1231,2026-09-30T22:16:16.478801Z,dataset_9/uvl/automotive02_01.uvl,1231,2074,1,0.010816,13.847900,276.564971
1232,2026-09-30T22:16:16.489040900Z,dataset_9/uvl/automotive02_01.uvl,1232,2074,1,0.010388,13.858288,276.575732
1233,2026-09-30T22:16:16.500656800Z,dataset_9/uvl/automotive02_01.uvl,1233,2074,1,0.010611,13.868899,276.586711
1234,2026-09-30T22:16:16.511813100Z,dataset_9/uvl/automotive02_01.uvl,1234,2074,1,0.010554,13.879453,276.597651
1235,2026-09-30T22:16:16.521764900Z,dataset_9/uvl/automotive02_01.uvl,1235,2074,1,0.010375,13.889828,276.608368
1236,2026-09-30T22:16:16.532582800Z,dataset_9/uvl/automotive02_01.uvl,1236,2074,1,0.010366,13.900193,276.619372
1237,2026-09-30T22:16:16.544257800Z,dataset_9/uvl/automotive02_01.uvl,1237,2074,1,0.010513,13.910707,276.630237
1238,2026-09-30T22:16:16.555110Z,dataset_9/uvl/automotive02_01.uvl,1238,2074,1,0.010523,13.921230,276.641115
1239,2026-09-30T22:16:16.565168100Z,dataset_9/uvl/automotive02_01.uvl,1239,2074,1,0.010331,13.931561,276.651822
1240,2026-09-30T22:16:16.576497500Z,dataset_9/uvl/automotive02_01.uvl,1240,2074,1,0.010590,13.942151,276.662781
1241,2026-09-30T22:16:16.587210600Z,dataset_9/uvl/automotive02_01.uvl,1241,2074,1,0.010908,13.953059,276.674019
1242,2026-09-30T22:16:16.598171300Z,dataset_9/uvl/automotive02_01.uvl,1242,2074,1,0.010357,13.963416,276.684736
1243,2026-09-30T22:16:16.609287300Z,dataset_9/uvl/automotive02_01.uvl,1243,2074,1,0.010528,13.973944,276.695772
1244,2026-09-30T22:16:16.620648800Z,dataset_9/uvl/automotive02_01.uvl,1244,2074,1,0.010839,13.984782,276.706972
1245,2026-09-30T22:16:16.632399400Z,dataset_9/uvl/automotive02_01.uvl,1245,2074,1,0.010745,13.995527,276.718105
1246,2026-09-30T22:16:16.643021500Z,dataset_9/uvl/automotive02_01.uvl,1246,2074,1,0.010398,14.005925,276.728880
1247,2026-09-30T22:16:16.654192400Z,dataset_9/uvl/automotive02_01.uvl,1247,2074,1,0.010708,14.016633,276.739939
1248,2026-09-30T22:16:16.664270100Z,dataset_9/uvl/automotive02_01.uvl,1248,2074,1,0.010598,14.027230,276.750891
1249,2026-09-30T22:16:16.675373100Z,dataset_9/uvl/automotive02_01.uvl,1249,2074,1,0.010360,14.037591,276.761603
1250,2026-09-30T22:22:10.120579700Z,dataset_9/uvl/automotive02_01.uvl,1250,2074,1,367.482081,367.482081,630.206429
1251,2026-09-30T22:22:10.132519300Z,dataset_9/uvl/automotive02_01.uvl,1251,2074,1,0.011289,367.493370,630.218233
1252,2026-09-30T22:22:10.144290900Z,dataset_9/uvl/automotive02_01.uvl,1252,2074,1,0.011535,367.504905,630.230154
1253,2026-09-30T22:22:10.156109800Z,dataset_9/uvl/automotive02_01.uvl,1253,2074,1,0.011579,367.516484,630.242126
1254,2026-09-30T22:22:10.169189900Z,dataset_9/uvl/automotive02_01.uvl,1254,2074,1,0.012462,367.528946,630.254958
1255,2026-09-30T22:22:10.179771900Z,dataset_9/uvl/automotive02_01.uvl,1255,2074,1,0.011496,367.540441,630.266849
1256,2026-09-30T22:22:10.193117400Z,dataset_9/uvl/automotive02_01.uvl,1256,2074,1,0.011924,367.552365,630.279181
1257,2026-09-30T22:22:10.205157300Z,dataset_9/uvl/automotive02_01.uvl,1257,2074,1,0.011249,367.563614,630.290829
1258,2026-09-30T22:22:10.216595700Z,dataset_9/uvl/automotive02_01.uvl,1258,2074,1,0.011175,367.574789,630.302397
1259,2026-09-30T22:22:10.228136500Z,dataset_9/uvl/automotive02_01.uvl,1259,2074,1,0.011055,367.585844,630.313821
1260,2026-09-30T22:22:10.238547100Z,dataset_9/uvl/automotive02_01.uvl,1260,2074,1,0.011112,367.596956,630.325313
1261,2026-09-30T22:22:10.251453800Z,dataset_9/uvl/automotive02_01.uvl,1261,2074,1,0.011955,367.608910,630.337658
1262,2026-09-30T22:22:10.264336800Z,dataset_9/uvl/automotive02_01.uvl,1262,2074,1,0.012004,367.620915,630.350039
1263,2026-09-30T22:22:10.275492700Z,dataset_9/uvl/automotive02_01.uvl,1263,2074,1,0.011760,367.632674,630.362209
1264,2026-09-30T22:22:10.287013200Z,dataset_9/uvl/automotive02_01.uvl,1264,2074,1,0.011622,367.644296,630.374202
1265,2026-09-30T22:22:10.299750600Z,dataset_9/uvl/automotive02_01.uvl,1265,2074,1,0.011236,367.655533,630.385815
1266,2026-09-30T22:22:10.311030600Z,dataset_9/uvl/automotive02_01.uvl,1266,2074,1,0.011180,367.666713,630.397376
1267,2026-09-30T22:22:10.322445Z,dataset_9/uvl/automotive02_01.uvl,1267,2074,1,0.010917,367.677630,630.408680
1268,2026-09-30T22:22:10.335485700Z,dataset_9/uvl/automotive02_01.uvl,1268,2074,1,0.012724,367.690353,630.421778
1269,2026-09-30T22:22:10.346578900Z,dataset_9/uvl/automotive02_01.uvl,1269,2074,1,0.011278,367.701631,630.433432
1270,2026-09-30T22:22:10.359002600Z,dataset_9/uvl/automotive02_01.uvl,1270,2074,1,0.011273,367.712904,630.445114
1271,2026-09-30T22:22:10.369164100Z,dataset_9/uvl/automotive02_01.uvl,1271,2074,1,0.010855,367.723759,630.456362
1272,2026-09-30T22:22:10.381927600Z,dataset_9/uvl/automotive02_01.uvl,1272,2074,1,0.011368,367.735128,630.468178
1273,2026-09-30T22:22:10.395862300Z,dataset_9/uvl/automotive02_01.uvl,1273,2074,1,0.013037,367.748165,630.481580
1274,2026-09-30T22:22:10.407724100Z,dataset_9/uvl/automotive02_01.uvl,1274,2074,1,0.011583,367.759748,630.493551
1275,2026-09-30T22:22:10.419238700Z,dataset_9/uvl/automotive02_01.uvl,1275,2074,1,0.011114,367.770862,630.505058
1276,2026-09-30T22:22:10.429486400Z,dataset_9/uvl/automotive02_01.uvl,1276,2074,1,0.011048,367.781910,630.516503
1277,2026-09-30T22:22:10.441927100Z,dataset_9/uvl/automotive02_01.uvl,1277,2074,1,0.011136,367.793046,630.528011
1278,2026-09-30T22:22:10.516672200Z,dataset_9/uvl/automotive02_01.uvl,1278,2074,1,0.074521,367.867567,630.602914
1279,2026-09-30T22:22:10.572113Z,dataset_9/uvl/automotive02_01.uvl,1279,2074,1,0.054534,367.922100,630.657810
1280,2026-09-30T22:22:10.634967Z,dataset_9/uvl/automotive02_01.uvl,1280,2074,1,0.063052,367.985152,630.721239
1281,2026-09-30T22:22:10.694868400Z,dataset_9/uvl/automotive02_01.uvl,1281,2074,1,0.059095,368.044247,630.780696
1282,2026-09-30T22:22:10.744749400Z,dataset_9/uvl/automotive02_01.uvl,1282,2074,1,0.049825,368.094072,630.830909
1283,2026-09-30T22:22:10.799300400Z,dataset_9/uvl/automotive02_01.uvl,1283,2074,1,0.054191,368.148263,630.885502
1284,2026-09-30T22:22:10.862551200Z,dataset_9/uvl/automotive02_01.uvl,1284,2074,1,0.062387,368.210650,630.948290
1285,2026-09-30T22:22:10.917258700Z,dataset_9/uvl/automotive02_01.uvl,1285,2074,1,0.054306,368.264956,631.003060
1286,2026-09-30T22:22:11.065802600Z,dataset_9/uvl/automotive02_01.uvl,1286,2074,1,0.149046,368.414002,631.152486
1287,2026-09-30T22:22:11.126469800Z,dataset_9/uvl/automotive02_01.uvl,1287,2074,1,0.060031,368.474033,631.212877
1288,2026-09-30T22:22:11.188544800Z,dataset_9/uvl/automotive02_01.uvl,1288,2074,1,0.061200,368.535232,631.274530
1289,2026-09-30T22:22:11.250530300Z,dataset_9/uvl/automotive02_01.uvl,1289,2074,1,0.061586,368.596819,631.336491
1290,2026-09-30T22:22:11.308589700Z,dataset_9/uvl/automotive02_01.uvl,1290,2074,1,0.058027,368.654846,631.394899
1291,2026-09-30T22:22:11.320703600Z,dataset_9/uvl/automotive02_01.uvl,1291,2074,1,0.011994,368.666840,631.407296
1292,2026-09-30T22:22:11.379364300Z,dataset_9/uvl/automotive02_01.uvl,1292,2074,1,0.057464,368.724303,631.465255
1293,2026-09-30T22:22:11.437470200Z,dataset_9/uvl/automotive02_01.uvl,1293,2074,1,0.057585,368.781888,631.523221
1294,2026-09-30T22:22:11.450176200Z,dataset_9/uvl/automotive02_01.uvl,1294,2074,1,0.012334,368.794222,631.535929
1295,2026-09-30T22:22:11.511042200Z,dataset_9/uvl/automotive02_01.uvl,1295,2074,1,0.060612,368.854834,631.596945
1296,2026-09-30T22:22:11.569402800Z,dataset_9/uvl/automotive02_01.uvl,1296,2074,1,0.058070,368.912904,631.655400
1297,2026-09-30T22:22:11.628204800Z,dataset_9/uvl/automotive02_01.uvl,1297,2074,1,0.058262,368.971166,631.714030
1298,2026-09-30T22:22:11.875374800Z,dataset_9/uvl/automotive02_01.uvl,1298,2074,1,0.247829,369.218995,631.962268
1299,2026-09-30T22:22:12.276443100Z,dataset_9/uvl/automotive02_01.uvl,1299,2074,1,0.067679,369.286674,632.362860
1300,2026-09-30T22:22:12.335343700Z,dataset_9/uvl/automotive02_01.uvl,1300,2074,1,0.058676,369.345349,632.421996
1301,2026-09-30T22:22:12.394942200Z,dataset_9/uvl/automotive02_01.uvl,1301,2074,1,0.058486,369.403835,632.480823
1302,2026-09-30T22:22:12.454937600Z,dataset_9/uvl/automotive02_01.uvl,1302,2074,1,0.059524,369.463359,632.540686
1303,2026-09-30T22:22:12.513000400Z,dataset_9/uvl/automotive02_01.uvl,1303,2074,1,0.057790,369.521149,632.598870
1304,2026-09-30T22:22:12.629716Z,dataset_9/uvl/automotive02_01.uvl,1304,2074,1,0.117431,369.638580,632.716692
1305,2026-09-30T22:22:12.688494100Z,dataset_9/uvl/automotive02_01.uvl,1305,2074,1,0.057957,369.696537,632.775003
1306,2026-09-30T22:22:12.747799400Z,dataset_9/uvl/automotive02_01.uvl,1306,2074,1,0.059314,369.755851,632.834683
1307,2026-09-30T22:22:12.806562700Z,dataset_9/uvl/automotive02_01.uvl,1307,2074,1,0.057609,369.813460,632.892653
1308,2026-09-30T22:22:12.865078600Z,dataset_9/uvl/automotive02_01.uvl,1308,2074,1,0.058230,369.871690,632.951226
1309,2026-09-30T22:22:12.923304700Z,dataset_9/uvl/automotive02_01.uvl,1309,2074,1,0.058184,369.929873,633.009782
1310,2026-09-30T22:22:12.982598200Z,dataset_9/uvl/automotive02_01.uvl,1310,2074,1,0.059146,369.989019,633.069285
1311,2026-09-30T22:22:13.138572500Z,dataset_9/uvl/automotive02_01.uvl,1311,2074,1,0.155115,370.144134,633.224822
1312,2026-09-30T22:22:13.199225400Z,dataset_9/uvl/automotive02_01.uvl,1312,2074,1,0.059246,370.203380,633.285174
1313,2026-09-30T22:22:13.257758600Z,dataset_9/uvl/automotive02_01.uvl,1313,2074,1,0.058728,370.262109,633.344294
1314,2026-09-30T22:22:13.317544800Z,dataset_9/uvl/automotive02_01.uvl,1314,2074,1,0.058799,370.320908,633.403476
1315,2026-09-30T22:22:13.376385800Z,dataset_9/uvl/automotive02_01.uvl,1315,2074,1,0.058216,370.379124,633.462131
1316,2026-09-30T22:22:13.434982500Z,dataset_9/uvl/automotive02_01.uvl,1316,2074,1,0.058418,370.437541,633.520931
1317,2026-09-30T22:22:13.607736700Z,dataset_9/uvl/automotive02_01.uvl,1317,2074,1,0.172924,370.610466,633.694219
1318,2026-09-30T22:22:13.672927300Z,dataset_9/uvl/automotive02_01.uvl,1318,2074,1,0.063818,370.674284,633.758850
1319,2026-09-30T22:22:13.735072100Z,dataset_9/uvl/automotive02_01.uvl,1319,2074,1,0.062152,370.736436,633.821386
1320,2026-09-30T22:22:13.807479600Z,dataset_9/uvl/automotive02_01.uvl,1320,2074,1,0.071517,370.807953,633.893362
1321,2026-09-30T22:22:13.877775200Z,dataset_9/uvl/automotive02_01.uvl,1321,2074,1,0.070202,370.878155,633.964209
1322,2026-09-30T22:22:13.946650200Z,dataset_9/uvl/automotive02_01.uvl,1322,2074,1,0.068372,370.946526,634.032969
1323,2026-09-30T22:22:13.962977800Z,dataset_9/uvl/automotive02_01.uvl,1323,2074,1,0.015652,370.962178,634.049004
1324,2026-09-30T22:22:14.029640700Z,dataset_9/uvl/automotive02_01.uvl,1324,2074,1,0.066672,371.028850,634.116079
1325,2026-09-30T22:22:14.096902400Z,dataset_9/uvl/automotive02_01.uvl,1325,2074,1,0.066540,371.095390,634.183003
1326,2026-09-30T22:22:14.110156800Z,dataset_9/uvl/automotive02_01.uvl,1326,2074,1,0.012943,371.108332,634.196322
1327,2026-09-30T22:22:14.174278600Z,dataset_9/uvl/automotive02_01.uvl,1327,2074,1,0.064697,371.173030,634.261404
1328,2026-09-30T22:22:14.241242Z,dataset_9/uvl/automotive02_01.uvl,1328,2074,1,0.065735,371.238765,634.327521
1329,2026-09-30T22:22:14.387038600Z,dataset_9/uvl/automotive02_01.uvl,1329,2074,1,0.145832,371.384597,634.473727
1330,2026-09-30T22:22:14.449090Z,dataset_9/uvl/automotive02_01.uvl,1330,2074,1,0.060753,371.445350,634.534867
1331,2026-09-30T22:22:14.507979200Z,dataset_9/uvl/automotive02_01.uvl,1331,2074,1,0.058567,371.503917,634.593801
1332,2026-09-30T22:22:14.566522200Z,dataset_9/uvl/automotive02_01.uvl,1332,2074,1,0.058418,371.562335,634.652569
1333,2026-09-30T22:22:14.578566200Z,dataset_9/uvl/automotive02_01.uvl,1333,2074,1,0.011668,371.574002,634.664592
1334,2026-09-30T22:22:14.636450800Z,dataset_9/uvl/automotive02_01.uvl,1334,2074,1,0.057607,371.631609,634.722556
1335,2026-09-30T22:22:14.695017200Z,dataset_9/uvl/automotive02_01.uvl,1335,2074,1,0.057902,371.689511,634.780899
1336,2026-09-30T22:22:14.744911300Z,dataset_9/uvl/automotive02_01.uvl,1336,2074,1,0.049954,371.739465,634.831233
1337,2026-09-30T22:22:14.756980500Z,dataset_9/uvl/automotive02_01.uvl,1337,2074,1,0.011448,371.750913,634.843060
1338,2026-09-30T22:22:14.769017300Z,dataset_9/uvl/automotive02_01.uvl,1338,2074,1,0.011452,371.762364,634.854879
1339,2026-09-30T22:22:14.972383200Z,dataset_9/uvl/automotive02_01.uvl,1339,2074,1,0.202983,371.965347,635.058246
1340,2026-09-30T22:22:15.041205700Z,dataset_9/uvl/automotive02_01.uvl,1340,2074,1,0.068088,372.033436,635.127014
1341,2026-09-30T22:22:15.052534100Z,dataset_9/uvl/automotive02_01.uvl,1341,2074,1,0.012138,372.045573,635.139645
1342,2026-09-30T22:22:15.107706600Z,dataset_9/uvl/automotive02_01.uvl,1342,2074,1,0.054074,372.099647,635.194128
1343,2026-09-30T22:22:15.120883700Z,dataset_9/uvl/automotive02_01.uvl,1343,2074,1,0.012893,372.112540,635.207445
1344,2026-09-30T22:22:15.132449800Z,dataset_9/uvl/automotive02_01.uvl,1344,2074,1,0.011431,372.123971,635.219248
1345,2026-09-30T22:22:15.199799Z,dataset_9/uvl/automotive02_01.uvl,1345,2074,1,0.064762,372.188733,635.285778
1346,2026-09-30T22:22:15.260698200Z,dataset_9/uvl/automotive02_01.uvl,1346,2074,1,0.060298,372.249031,635.346512
1347,2026-09-30T22:22:15.319379500Z,dataset_9/uvl/automotive02_01.uvl,1347,2074,1,0.058456,372.307487,635.405326
1348,2026-09-30T22:22:15.428585100Z,dataset_9/uvl/automotive02_01.uvl,1348,2074,1,0.109244,372.416731,635.514956
1349,2026-09-30T22:22:15.488872600Z,dataset_9/uvl/automotive02_01.uvl,1349,2074,1,0.059629,372.476360,635.575008
1350,2026-09-30T22:22:15.550658300Z,dataset_9/uvl/automotive02_01.uvl,1350,2074,1,0.060954,372.537314,635.636350
1351,2026-09-30T22:22:15.610912700Z,dataset_9/uvl/automotive02_01.uvl,1351,2074,1,0.060144,372.597458,635.696861
1352,2026-09-30T22:22:15.668927500Z,dataset_9/uvl/automotive02_01.uvl,1352,2074,1,0.058729,372.656187,635.756209
1353,2026-09-30T22:22:15.729232500Z,dataset_9/uvl/automotive02_01.uvl,1353,2074,1,0.059267,372.715454,635.815886
1354,2026-09-30T22:22:15.827674100Z,dataset_9/uvl/automotive02_01.uvl,1354,2074,1,0.097172,372.812626,635.913431
1355,2026-09-30T22:22:16.008557800Z,dataset_9/uvl/automotive02_01.uvl,1355,2074,1,0.180598,372.993224,636.094965
1356,2026-09-30T22:22:16.113013300Z,dataset_9/uvl/automotive02_01.uvl,1356,2074,1,0.103335,373.096559,636.198759
1357,2026-09-30T22:22:16.126910100Z,dataset_9/uvl/automotive02_01.uvl,1357,2074,1,0.013926,373.110485,636.213350
1358,2026-09-30T22:22:16.197995700Z,dataset_9/uvl/automotive02_01.uvl,1358,2074,1,0.069905,373.180390,636.283657
1359,2026-09-30T22:22:16.265030700Z,dataset_9/uvl/automotive02_01.uvl,1359,2074,1,0.067356,373.247746,636.351375
1360,2026-09-30T22:22:16.337376800Z,dataset_9/uvl/automotive02_01.uvl,1360,2074,1,0.071265,373.319011,636.423066
1361,2026-09-30T22:22:16.404893Z,dataset_9/uvl/automotive02_01.uvl,1361,2074,1,0.066718,373.385729,636.490700
1362,2026-09-30T22:22:16.468033700Z,dataset_9/uvl/automotive02_01.uvl,1362,2074,1,0.062907,373.448636,636.553984
1363,2026-09-30T22:22:16.526408400Z,dataset_9/uvl/automotive02_01.uvl,1363,2074,1,0.059052,373.507688,636.613393
1364,2026-09-30T22:22:16.587273200Z,dataset_9/uvl/automotive02_01.uvl,1364,2074,1,0.059907,373.567594,636.673666
1365,2026-09-30T22:22:16.647752500Z,dataset_9/uvl/automotive02_01.uvl,1365,2074,1,0.060670,373.628264,636.734690
1366,2026-09-30T22:22:16.660468200Z,dataset_9/uvl/automotive02_01.uvl,1366,2074,1,0.011079,373.639343,636.746146
1367,2026-09-30T22:22:16.724427400Z,dataset_9/uvl/automotive02_01.uvl,1367,2074,1,0.063648,373.702991,636.810478
1368,2026-09-30T22:22:16.876401500Z,dataset_9/uvl/automotive02_01.uvl,1368,2074,1,0.152682,373.855673,636.963537
1369,2026-09-30T22:22:16.941570500Z,dataset_9/uvl/automotive02_01.uvl,1369,2074,1,0.063771,373.919444,637.027730
1370,2026-09-30T22:22:16.999711Z,dataset_9/uvl/automotive02_01.uvl,1370,2074,1,0.058135,373.977578,637.086226
1371,2026-09-30T22:22:17.060452Z,dataset_9/uvl/automotive02_01.uvl,1371,2074,1,0.059970,374.037548,637.146590
1372,2026-09-30T22:22:17.125285900Z,dataset_9/uvl/automotive02_01.uvl,1372,2074,1,0.064122,374.101670,637.211086
1373,2026-09-30T22:22:17.189775Z,dataset_9/uvl/automotive02_01.uvl,1373,2074,1,0.064687,374.166356,637.276140
1374,2026-09-30T22:22:17.257021900Z,dataset_9/uvl/automotive02_01.uvl,1374,2074,1,0.066615,374.232972,637.343102
1375,2026-09-30T22:22:17.450092Z,dataset_9/uvl/automotive02_01.uvl,1375,2074,1,0.192599,374.425571,637.536108
1376,2026-09-30T22:22:17.527876200Z,dataset_9/uvl/automotive02_01.uvl,1376,2074,1,0.077203,374.502774,637.613957
1377,2026-09-30T22:22:17.595193900Z,dataset_9/uvl/automotive02_01.uvl,1377,2074,1,0.066958,374.569731,637.681321
1378,2026-09-30T22:22:17.610015300Z,dataset_9/uvl/automotive02_01.uvl,1378,2074,1,0.014444,374.584176,637.696203
1379,2026-09-30T22:22:17.682644200Z,dataset_9/uvl/automotive02_01.uvl,1379,2074,1,0.071513,374.655689,637.768382
1380,2026-09-30T22:22:17.749706500Z,dataset_9/uvl/automotive02_01.uvl,1380,2074,1,0.066651,374.722340,637.835417
1381,2026-09-30T22:22:17.813634400Z,dataset_9/uvl/automotive02_01.uvl,1381,2074,1,0.063880,374.786220,637.899673
1382,2026-09-30T22:22:17.952396200Z,dataset_9/uvl/automotive02_01.uvl,1382,2074,1,0.138055,374.924275,638.038112
1383,2026-09-30T22:22:18.019128400Z,dataset_9/uvl/automotive02_01.uvl,1383,2074,1,0.066312,374.990587,638.104787
1384,2026-09-30T22:22:18.082543300Z,dataset_9/uvl/automotive02_01.uvl,1384,2074,1,0.064113,375.054700,638.169322
1385,2026-09-30T22:22:18.150469900Z,dataset_9/uvl/automotive02_01.uvl,1385,2074,1,0.067068,375.121768,638.236758
1386,2026-09-30T22:22:18.216855300Z,dataset_9/uvl/automotive02_01.uvl,1386,2074,1,0.065412,375.187180,638.302626
1387,2026-09-30T22:22:18.286907400Z,dataset_9/uvl/automotive02_01.uvl,1387,2074,1,0.069784,375.256964,638.372915
1388,2026-09-30T22:22:18.357633400Z,dataset_9/uvl/automotive02_01.uvl,1388,2074,1,0.070624,375.327589,638.443965
1389,2026-09-30T22:22:18.425115300Z,dataset_9/uvl/automotive02_01.uvl,1389,2074,1,0.066591,375.394179,638.510918
1390,2026-09-30T22:22:18.629767700Z,dataset_9/uvl/automotive02_01.uvl,1390,2074,1,0.204812,375.598991,638.716101
1391,2026-09-30T22:22:18.704274600Z,dataset_9/uvl/automotive02_01.uvl,1391,2074,1,0.073275,375.672267,638.790073
1392,2026-09-30T22:22:18.779373700Z,dataset_9/uvl/automotive02_01.uvl,1392,2074,1,0.075371,375.747637,638.865851
1393,2026-09-30T22:22:18.857527900Z,dataset_9/uvl/automotive02_01.uvl,1393,2074,1,0.077361,375.824998,638.943603
1394,2026-09-30T22:22:18.929080800Z,dataset_9/uvl/automotive02_01.uvl,1394,2074,1,0.071021,375.896019,639.015481
1395,2026-09-30T22:22:18.992964Z,dataset_9/uvl/automotive02_01.uvl,1395,2074,1,0.063468,375.959488,639.079337
1396,2026-09-30T22:22:19.057625800Z,dataset_9/uvl/automotive02_01.uvl,1396,2074,1,0.063907,376.023395,639.143592
1397,2026-09-30T22:22:19.120598100Z,dataset_9/uvl/automotive02_01.uvl,1397,2074,1,0.063061,376.086455,639.207060
1398,2026-09-30T22:22:19.183973400Z,dataset_9/uvl/automotive02_01.uvl,1398,2074,1,0.063184,376.149640,639.270620
1399,2026-09-30T22:22:19.247675800Z,dataset_9/uvl/automotive02_01.uvl,1399,2074,1,0.063727,376.213367,639.334708
1400,2026-09-30T22:22:19.313048200Z,dataset_9/uvl/automotive02_01.uvl,1400,2074,1,0.063941,376.277308,639.399039
1401,2026-09-30T22:22:19.375275700Z,dataset_9/uvl/automotive02_01.uvl,1401,2074,1,0.062143,376.339451,639.461564
1402,2026-09-30T22:22:19.540738800Z,dataset_9/uvl/automotive02_01.uvl,1402,2074,1,0.165320,376.504771,639.627250
1403,2026-09-30T22:22:19.605018300Z,dataset_9/uvl/automotive02_01.uvl,1403,2074,1,0.063501,376.568272,639.691104
1404,2026-09-30T22:22:19.667441200Z,dataset_9/uvl/automotive02_01.uvl,1404,2074,1,0.062251,376.630523,639.753702
1405,2026-09-30T22:22:19.731103800Z,dataset_9/uvl/automotive02_01.uvl,1405,2074,1,0.062722,376.693245,639.816778
1406,2026-09-30T22:22:19.793316100Z,dataset_9/uvl/automotive02_01.uvl,1406,2074,1,0.062189,376.755434,639.879316
1407,2026-09-30T22:22:19.856049400Z,dataset_9/uvl/automotive02_01.uvl,1407,2074,1,0.062308,376.817742,639.942013
1408,2026-09-30T22:22:19.919144Z,dataset_9/uvl/automotive02_01.uvl,1408,2074,1,0.063841,376.881583,640.006208
1409,2026-09-30T22:22:20.108628900Z,dataset_9/uvl/automotive02_01.uvl,1409,2074,1,0.188536,377.070119,640.195149
1410,2026-09-30T22:22:20.178506800Z,dataset_9/uvl/automotive02_01.uvl,1410,2074,1,0.069285,377.139403,640.265153
1411,2026-09-30T22:22:20.247057400Z,dataset_9/uvl/automotive02_01.uvl,1411,2074,1,0.067471,377.206874,640.333002
1412,2026-09-30T22:22:20.315204100Z,dataset_9/uvl/automotive02_01.uvl,1412,2074,1,0.067952,377.274826,640.401315
1413,2026-09-30T22:22:20.374585900Z,dataset_9/uvl/automotive02_01.uvl,1413,2074,1,0.058596,377.333422,640.460561
1414,2026-09-30T22:22:20.436769Z,dataset_9/uvl/automotive02_01.uvl,1414,2074,1,0.061374,377.394796,640.522543
1415,2026-09-30T22:22:20.495725500Z,dataset_9/uvl/automotive02_01.uvl,1415,2074,1,0.058740,377.453535,640.581631
1416,2026-09-30T22:22:20.636821Z,dataset_9/uvl/automotive02_01.uvl,1416,2074,1,0.140580,377.594115,640.722578
1417,2026-09-30T22:22:20.696652500Z,dataset_9/uvl/automotive02_01.uvl,1417,2074,1,0.059883,377.653998,640.782821
1418,2026-09-30T22:22:20.756960800Z,dataset_9/uvl/automotive02_01.uvl,1418,2074,1,0.059431,377.713429,640.842661
1419,2026-09-30T22:22:20.816270Z,dataset_9/uvl/automotive02_01.uvl,1419,2074,1,0.059279,377.772708,640.902322
1420,2026-09-30T22:22:20.872760700Z,dataset_9/uvl/automotive02_01.uvl,1420,2074,1,0.056233,377.828941,640.958933
1421,2026-09-30T22:22:20.929652800Z,dataset_9/uvl/automotive02_01.uvl,1421,2074,1,0.056184,377.885126,641.015491
1422,2026-09-30T22:22:20.992028700Z,dataset_9/uvl/automotive02_01.uvl,1422,2074,1,0.062359,377.947484,641.078208
1423,2026-09-30T22:22:21.049363100Z,dataset_9/uvl/automotive02_01.uvl,1423,2074,1,0.057003,378.004487,641.135576
1424,2026-09-30T22:22:21.239637Z,dataset_9/uvl/automotive02_01.uvl,1424,2074,1,0.189956,378.194443,641.325926
1425,2026-09-30T22:22:21.316231900Z,dataset_9/uvl/automotive02_01.uvl,1425,2074,1,0.075207,378.269650,641.401925
1426,2026-09-30T22:22:21.398034Z,dataset_9/uvl/automotive02_01.uvl,1426,2074,1,0.081613,378.351264,641.483931
1427,2026-09-30T22:22:21.469156400Z,dataset_9/uvl/automotive02_01.uvl,1427,2074,1,0.071316,378.422580,641.555877
1428,2026-09-30T22:22:21.532510400Z,dataset_9/uvl/automotive02_01.uvl,1428,2074,1,0.062794,378.485374,641.619046
1429,2026-09-30T22:22:21.589935400Z,dataset_9/uvl/automotive02_01.uvl,1429,2074,1,0.057127,378.542500,641.676540
1430,2026-09-30T22:22:21.650074400Z,dataset_9/uvl/automotive02_01.uvl,1430,2074,1,0.058910,378.601411,641.735827
1431,2026-09-30T22:22:21.707092800Z,dataset_9/uvl/automotive02_01.uvl,1431,2074,1,0.056796,378.658207,641.793014
1432,2026-09-30T22:22:21.717828600Z,dataset_9/uvl/automotive02_01.uvl,1432,2074,1,0.011061,378.669268,641.804461
1433,2026-09-30T22:22:21.729785100Z,dataset_9/uvl/automotive02_01.uvl,1433,2074,1,0.011828,378.681096,641.816648
1434,2026-09-30T22:22:21.788536400Z,dataset_9/uvl/automotive02_01.uvl,1434,2074,1,0.057942,378.739038,641.874961
1435,2026-09-30T22:22:21.848407300Z,dataset_9/uvl/automotive02_01.uvl,1435,2074,1,0.059220,378.798258,641.934565
1436,2026-09-30T22:22:21.905146700Z,dataset_9/uvl/automotive02_01.uvl,1436,2074,1,0.056822,378.855080,641.991753
1437,2026-09-30T22:22:22.064036400Z,dataset_9/uvl/automotive02_01.uvl,1437,2074,1,0.157570,379.012650,642.149742
1438,2026-09-30T22:22:22.125753Z,dataset_9/uvl/automotive02_01.uvl,1438,2074,1,0.061460,379.074110,642.211580
1439,2026-09-30T22:22:22.182659700Z,dataset_9/uvl/automotive02_01.uvl,1439,2074,1,0.057643,379.131753,642.269583
1440,2026-09-30T22:22:22.241502500Z,dataset_9/uvl/automotive02_01.uvl,1440,2074,1,0.057433,379.189186,642.327383
1441,2026-09-30T22:22:22.310822900Z,dataset_9/uvl/automotive02_01.uvl,1441,2074,1,0.069271,379.258456,642.397040
1442,2026-09-30T22:22:22.325363600Z,dataset_9/uvl/automotive02_01.uvl,1442,2074,1,0.015179,379.273635,642.412755
1443,2026-09-30T22:22:22.480192300Z,dataset_9/uvl/automotive02_01.uvl,1443,2074,1,0.152919,379.426554,642.566112
1444,2026-09-30T22:22:22.594593800Z,dataset_9/uvl/automotive02_01.uvl,1444,2074,1,0.114177,379.540731,642.680679
1445,2026-09-30T22:22:22.767942400Z,dataset_9/uvl/automotive02_01.uvl,1445,2074,1,0.172240,379.712971,642.853751
1446,2026-09-30T22:22:22.849180Z,dataset_9/uvl/automotive02_01.uvl,1446,2074,1,0.081108,379.794079,642.935256
1447,2026-09-30T22:22:22.940364700Z,dataset_9/uvl/automotive02_01.uvl,1447,2074,1,0.090758,379.884837,643.026835
1448,2026-09-30T22:22:23.059362Z,dataset_9/uvl/automotive02_01.uvl,1448,2074,1,0.118172,380.003008,643.145422
1449,2026-09-30T22:22:23.129965400Z,dataset_9/uvl/automotive02_01.uvl,1449,2074,1,0.069774,380.072783,643.215749
1450,2026-09-30T22:22:23.194863Z,dataset_9/uvl/automotive02_01.uvl,1450,2074,1,0.065298,380.138080,643.281415
1451,2026-09-30T22:22:23.256848200Z,dataset_9/uvl/automotive02_01.uvl,1451,2074,1,0.060754,380.198834,643.342549
1452,2026-09-30T22:22:23.317822500Z,dataset_9/uvl/automotive02_01.uvl,1452,2074,1,0.060755,380.259589,643.403747
1453,2026-09-30T22:22:23.393080Z,dataset_9/uvl/automotive02_01.uvl,1453,2074,1,0.075378,380.334966,643.479503
1454,2026-09-30T22:22:23.615119400Z,dataset_9/uvl/automotive02_01.uvl,1454,2074,1,0.221394,380.556360,643.701262
1455,2026-09-30T22:22:23.705526700Z,dataset_9/uvl/automotive02_01.uvl,1455,2074,1,0.088129,380.644489,643.791645
1456,2026-09-30T22:22:23.774915900Z,dataset_9/uvl/automotive02_01.uvl,1456,2074,1,0.068618,380.713106,643.860647
1457,2026-09-30T22:22:23.882016Z,dataset_9/uvl/automotive02_01.uvl,1457,2074,1,0.106698,380.819804,643.967988
1458,2026-09-30T22:22:23.956027600Z,dataset_9/uvl/automotive02_01.uvl,1458,2074,1,0.073560,380.893365,644.041928
1459,2026-09-30T22:22:24.028656800Z,dataset_9/uvl/automotive02_01.uvl,1459,2074,1,0.072537,380.965902,644.114806
1460,2026-09-30T22:22:24.094186600Z,dataset_9/uvl/automotive02_01.uvl,1460,2074,1,0.064895,381.030797,644.180062
1461,2026-09-30T22:22:24.157719400Z,dataset_9/uvl/automotive02_01.uvl,1461,2074,1,0.063779,381.094576,644.244196
1462,2026-09-30T22:22:24.220612800Z,dataset_9/uvl/automotive02_01.uvl,1462,2074,1,0.062495,381.157070,644.307088
1463,2026-09-30T22:22:24.284909500Z,dataset_9/uvl/automotive02_01.uvl,1463,2074,1,0.063790,381.220861,644.371257
1464,2026-09-30T22:22:24.347910500Z,dataset_9/uvl/automotive02_01.uvl,1464,2074,1,0.062064,381.282924,644.433715
1465,2026-09-30T22:22:24.526489900Z,dataset_9/uvl/automotive02_01.uvl,1465,2074,1,0.178876,381.461800,644.612984
1466,2026-09-30T22:22:24.594537900Z,dataset_9/uvl/automotive02_01.uvl,1466,2074,1,0.066916,381.528716,644.680334
1467,2026-09-30T22:22:24.669036300Z,dataset_9/uvl/automotive02_01.uvl,1467,2074,1,0.074859,381.603575,644.755689
1468,2026-09-30T22:22:24.742135800Z,dataset_9/uvl/automotive02_01.uvl,1468,2074,1,0.072469,381.676044,644.828567
1469,2026-09-30T22:22:24.814362200Z,dataset_9/uvl/automotive02_01.uvl,1469,2074,1,0.071554,381.747598,644.900504
1470,2026-09-30T22:22:24.888637800Z,dataset_9/uvl/automotive02_01.uvl,1470,2074,1,0.073473,381.821071,644.974321
1471,2026-09-30T22:22:25.095369900Z,dataset_9/uvl/automotive02_01.uvl,1471,2074,1,0.206586,382.027657,645.181312
1472,2026-09-30T22:22:25.168367800Z,dataset_9/uvl/automotive02_01.uvl,1472,2074,1,0.072146,382.099802,645.254345
1473,2026-09-30T22:22:25.253938Z,dataset_9/uvl/automotive02_01.uvl,1473,2074,1,0.084957,382.184760,645.339642
1474,2026-09-30T22:22:25.327876200Z,dataset_9/uvl/automotive02_01.uvl,1474,2074,1,0.073511,382.258270,645.413800
1475,2026-09-30T22:22:25.391318600Z,dataset_9/uvl/automotive02_01.uvl,1475,2074,1,0.063356,382.321626,645.477549
1476,2026-09-30T22:22:25.505051500Z,dataset_9/uvl/automotive02_01.uvl,1476,2074,1,0.113217,382.434843,645.591158
1477,2026-09-30T22:22:25.568174900Z,dataset_9/uvl/automotive02_01.uvl,1477,2074,1,0.062546,382.497388,645.654076
1478,2026-09-30T22:22:25.632468400Z,dataset_9/uvl/automotive02_01.uvl,1478,2074,1,0.063884,382.561273,645.718322
1479,2026-09-30T22:22:25.695729100Z,dataset_9/uvl/automotive02_01.uvl,1479,2074,1,0.063283,382.624555,645.781994
1480,2026-09-30T22:22:25.757621800Z,dataset_9/uvl/automotive02_01.uvl,1480,2074,1,0.061233,382.685788,645.843651
1481,2026-09-30T22:22:25.820493600Z,dataset_9/uvl/automotive02_01.uvl,1481,2074,1,0.062981,382.748769,645.906992
1482,2026-09-30T22:22:25.881455500Z,dataset_9/uvl/automotive02_01.uvl,1482,2074,1,0.060118,382.808886,645.967469
1483,2026-09-30T22:22:25.944191400Z,dataset_9/uvl/automotive02_01.uvl,1483,2074,1,0.062024,382.870910,646.029848
1484,2026-09-30T22:22:26.138943900Z,dataset_9/uvl/automotive02_01.uvl,1484,2074,1,0.194642,383.065552,646.224871
1485,2026-09-30T22:22:26.207362800Z,dataset_9/uvl/automotive02_01.uvl,1485,2074,1,0.067664,383.133216,646.293180
1486,2026-09-30T22:22:26.274567700Z,dataset_9/uvl/automotive02_01.uvl,1486,2074,1,0.066807,383.200022,646.360371
1487,2026-09-30T22:22:26.348036500Z,dataset_9/uvl/automotive02_01.uvl,1487,2074,1,0.073241,383.273263,646.434030
1488,2026-09-30T22:22:26.447037900Z,dataset_9/uvl/automotive02_01.uvl,1488,2074,1,0.098940,383.372203,646.533645
1489,2026-09-30T22:22:26.526434600Z,dataset_9/uvl/automotive02_01.uvl,1489,2074,1,0.079028,383.451231,646.613037
1490,2026-09-30T22:22:26.593219600Z,dataset_9/uvl/automotive02_01.uvl,1490,2074,1,0.066217,383.517448,646.679624
1491,2026-09-30T22:22:26.658930Z,dataset_9/uvl/automotive02_01.uvl,1491,2074,1,0.065113,383.582560,646.745115
1492,2026-09-30T22:22:26.725226800Z,dataset_9/uvl/automotive02_01.uvl,1492,2074,1,0.065777,383.648338,646.811266
1493,2026-09-30T22:22:26.792062900Z,dataset_9/uvl/automotive02_01.uvl,1493,2074,1,0.066144,383.714481,646.877807
1494,2026-09-30T22:22:26.947093700Z,dataset_9/uvl/automotive02_01.uvl,1494,2074,1,0.154697,383.869178,647.032984
1495,2026-09-30T22:22:27.007176200Z,dataset_9/uvl/automotive02_01.uvl,1495,2074,1,0.059885,383.929064,647.093240
1496,2026-09-30T22:22:27.064871300Z,dataset_9/uvl/automotive02_01.uvl,1496,2074,1,0.057623,383.986687,647.151257
1497,2026-09-30T22:22:27.122782600Z,dataset_9/uvl/automotive02_01.uvl,1497,2074,1,0.058192,384.044879,647.209806
1498,2026-09-30T22:22:27.182756400Z,dataset_9/uvl/automotive02_01.uvl,1498,2074,1,0.058413,384.103292,647.268635
1499,2026-09-30T22:22:27.238535800Z,dataset_9/uvl/automotive02_01.uvl,1499,2074,1,0.056787,384.160079,647.325791
1500,2026-09-30T22:22:27.297830200Z,dataset_9/uvl/automotive02_01.uvl,1500,2074,1,0.057803,384.217881,647.383991
1501,2026-09-30T22:22:27.355502300Z,dataset_9/uvl/automotive02_01.uvl,1501,2074,1,0.057412,384.275293,647.441806
1502,2026-09-30T22:22:27.412998200Z,dataset_9/uvl/automotive02_01.uvl,1502,2074,1,0.057220,384.332513,647.499428
1503,2026-09-30T22:22:27.615231Z,dataset_9/uvl/automotive02_01.uvl,1503,2074,1,0.201265,384.533779,647.701064
1504,2026-09-30T22:22:27.678795400Z,dataset_9/uvl/automotive02_01.uvl,1504,2074,1,0.063434,384.597213,647.765161
1505,2026-09-30T22:22:27.745120900Z,dataset_9/uvl/automotive02_01.uvl,1505,2074,1,0.065253,384.662465,647.830785
1506,2026-09-30T22:22:27.807774500Z,dataset_9/uvl/automotive02_01.uvl,1506,2074,1,0.063229,384.725694,647.894409
1507,2026-09-30T22:22:27.879718500Z,dataset_9/uvl/automotive02_01.uvl,1507,2074,1,0.070608,384.796302,647.965785
1508,2026-09-30T22:22:27.946269100Z,dataset_9/uvl/automotive02_01.uvl,1508,2074,1,0.065826,384.862129,648.031977
1509,2026-09-30T22:22:28.008710Z,dataset_9/uvl/automotive02_01.uvl,1509,2074,1,0.062194,384.924323,648.094556
1510,2026-09-30T22:22:28.138912100Z,dataset_9/uvl/automotive02_01.uvl,1510,2074,1,0.130075,385.054398,648.225055
1511,2026-09-30T22:22:28.203361500Z,dataset_9/uvl/automotive02_01.uvl,1511,2074,1,0.063905,385.118303,648.289334
1512,2026-09-30T22:22:28.266579200Z,dataset_9/uvl/automotive02_01.uvl,1512,2074,1,0.063209,385.181512,648.352977
1513,2026-09-30T22:22:28.329674900Z,dataset_9/uvl/automotive02_01.uvl,1513,2074,1,0.062260,385.243772,648.415605
1514,2026-09-30T22:22:28.392210400Z,dataset_9/uvl/automotive02_01.uvl,1514,2074,1,0.062567,385.306339,648.478556
1515,2026-09-30T22:22:28.454039Z,dataset_9/uvl/automotive02_01.uvl,1515,2074,1,0.061584,385.367923,648.540539
1516,2026-09-30T22:22:28.517354600Z,dataset_9/uvl/automotive02_01.uvl,1516,2074,1,0.062234,385.430156,648.603149
1517,2026-09-30T22:22:28.579720Z,dataset_9/uvl/automotive02_01.uvl,1517,2074,1,0.062438,385.492594,648.665943
1518,2026-09-30T22:22:28.642984100Z,dataset_9/uvl/automotive02_01.uvl,1518,2074,1,0.063178,385.555772,648.729486
1519,2026-09-30T22:22:28.846133400Z,dataset_9/uvl/automotive02_01.uvl,1519,2074,1,0.202128,385.757900,648.931994
1520,2026-09-30T22:22:28.915071400Z,dataset_9/uvl/automotive02_01.uvl,1520,2074,1,0.068502,385.826403,649.001143
1521,2026-09-30T22:22:28.982610100Z,dataset_9/uvl/automotive02_01.uvl,1521,2074,1,0.067664,385.894067,649.069196
1522,2026-09-30T22:22:29.051573400Z,dataset_9/uvl/automotive02_01.uvl,1522,2074,1,0.067811,385.961878,649.137385
1523,2026-09-30T22:22:29.116545800Z,dataset_9/uvl/automotive02_01.uvl,1523,2074,1,0.064611,386.026489,649.202626
1524,2026-09-30T22:22:29.182330700Z,dataset_9/uvl/automotive02_01.uvl,1524,2074,1,0.065378,386.091867,649.268367
1525,2026-09-30T22:22:29.244795700Z,dataset_9/uvl/automotive02_01.uvl,1525,2074,1,0.062535,386.154402,649.331267
1526,2026-09-30T22:22:29.309187700Z,dataset_9/uvl/automotive02_01.uvl,1526,2074,1,0.064065,386.218467,649.395714
1527,2026-09-30T22:22:29.374522700Z,dataset_9/uvl/automotive02_01.uvl,1527,2074,1,0.064162,386.282629,649.460377
1528,2026-09-30T22:22:29.436702300Z,dataset_9/uvl/automotive02_01.uvl,1528,2074,1,0.061698,386.344328,649.522522
1529,2026-09-30T22:22:29.497767400Z,dataset_9/uvl/automotive02_01.uvl,1529,2074,1,0.061546,386.405874,649.584426
1530,2026-09-30T22:22:29.563224600Z,dataset_9/uvl/automotive02_01.uvl,1530,2074,1,0.064541,386.470414,649.649330
1531,2026-09-30T22:22:29.734921600Z,dataset_9/uvl/automotive02_01.uvl,1531,2074,1,0.171652,386.642067,649.821373
1532,2026-09-30T22:22:29.802883Z,dataset_9/uvl/automotive02_01.uvl,1532,2074,1,0.067658,386.709725,649.889536
1533,2026-09-30T22:22:29.871037300Z,dataset_9/uvl/automotive02_01.uvl,1533,2074,1,0.067478,386.777203,649.957379
1534,2026-09-30T22:22:29.933300800Z,dataset_9/uvl/automotive02_01.uvl,1534,2074,1,0.061513,386.838716,650.019247
1535,2026-09-30T22:22:29.996657800Z,dataset_9/uvl/automotive02_01.uvl,1535,2074,1,0.063031,386.901747,650.082674
1536,2026-09-30T22:22:30.059301800Z,dataset_9/uvl/automotive02_01.uvl,1536,2074,1,0.062301,386.964048,650.145332
1537,2026-09-30T22:22:30.121838Z,dataset_9/uvl/automotive02_01.uvl,1537,2074,1,0.061869,387.025917,650.207579
1538,2026-09-30T22:22:30.181030500Z,dataset_9/uvl/automotive02_01.uvl,1538,2074,1,0.058984,387.084901,650.266909
1539,2026-09-30T22:22:30.394634100Z,dataset_9/uvl/automotive02_01.uvl,1539,2074,1,0.213499,387.298399,650.480889
1540,2026-09-30T22:22:30.464060800Z,dataset_9/uvl/automotive02_01.uvl,1540,2074,1,0.068550,387.366949,650.550114
1541,2026-09-30T22:22:30.533347700Z,dataset_9/uvl/automotive02_01.uvl,1541,2074,1,0.069427,387.436376,650.619908
1542,2026-09-30T22:22:30.612933700Z,dataset_9/uvl/automotive02_01.uvl,1542,2074,1,0.079130,387.515506,650.699425
1543,2026-09-30T22:22:30.681072400Z,dataset_9/uvl/automotive02_01.uvl,1543,2074,1,0.066930,387.582436,650.766981
1544,2026-09-30T22:22:30.745940200Z,dataset_9/uvl/automotive02_01.uvl,1544,2074,1,0.064657,387.647093,650.831977
1545,2026-09-30T22:22:30.857702200Z,dataset_9/uvl/automotive02_01.uvl,1545,2074,1,0.111827,387.758920,650.944144
1546,2026-09-30T22:22:30.923394600Z,dataset_9/uvl/automotive02_01.uvl,1546,2074,1,0.064977,387.823897,651.009490
1547,2026-09-30T22:22:30.985713500Z,dataset_9/uvl/automotive02_01.uvl,1547,2074,1,0.062180,387.886077,651.072021
1548,2026-09-30T22:22:31.072213100Z,dataset_9/uvl/automotive02_01.uvl,1548,2074,1,0.085572,387.971648,651.157938
1549,2026-09-30T22:22:31.159631Z,dataset_9/uvl/automotive02_01.uvl,1549,2074,1,0.087307,388.058955,651.245663
1550,2026-09-30T22:22:31.244201200Z,dataset_9/uvl/automotive02_01.uvl,1550,2074,1,0.084129,388.143084,651.330309
1551,2026-09-30T22:22:31.309744200Z,dataset_9/uvl/automotive02_01.uvl,1551,2074,1,0.065331,388.208415,651.396023
1552,2026-09-30T22:22:31.369464700Z,dataset_9/uvl/automotive02_01.uvl,1552,2074,1,0.059521,388.267936,651.455941
1553,2026-09-30T22:22:31.555796400Z,dataset_9/uvl/automotive02_01.uvl,1553,2074,1,0.185953,388.453889,651.642263
1554,2026-09-30T22:22:31.638867800Z,dataset_9/uvl/automotive02_01.uvl,1554,2074,1,0.082337,388.536226,651.725273
1555,2026-09-30T22:22:31.710080Z,dataset_9/uvl/automotive02_01.uvl,1555,2074,1,0.070095,388.606321,651.795768
1556,2026-09-30T22:22:31.788873700Z,dataset_9/uvl/automotive02_01.uvl,1556,2074,1,0.078324,388.684645,651.874780
1557,2026-09-30T22:22:31.858775300Z,dataset_9/uvl/automotive02_01.uvl,1557,2074,1,0.069701,388.754346,651.944887
1558,2026-09-30T22:22:31.928957Z,dataset_9/uvl/automotive02_01.uvl,1558,2074,1,0.070203,388.824549,652.015486
1559,2026-09-30T22:22:31.995366500Z,dataset_9/uvl/automotive02_01.uvl,1559,2074,1,0.066033,388.890582,652.081890
1560,2026-09-30T22:22:32.061652Z,dataset_9/uvl/automotive02_01.uvl,1560,2074,1,0.065366,388.955948,652.147683
1561,2026-09-30T22:22:32.132119400Z,dataset_9/uvl/automotive02_01.uvl,1561,2074,1,0.069727,389.025675,652.217793
1562,2026-09-30T22:22:32.199940100Z,dataset_9/uvl/automotive02_01.uvl,1562,2074,1,0.068353,389.094028,652.286511
1563,2026-09-30T22:22:32.263088300Z,dataset_9/uvl/automotive02_01.uvl,1563,2074,1,0.062324,389.156352,652.349194
1564,2026-09-30T22:22:32.435476500Z,dataset_9/uvl/automotive02_01.uvl,1564,2074,1,0.171818,389.328170,652.521371
1565,2026-09-30T22:22:32.499493100Z,dataset_9/uvl/automotive02_01.uvl,1565,2074,1,0.063714,389.391884,652.585454
1566,2026-09-30T22:22:32.561777600Z,dataset_9/uvl/automotive02_01.uvl,1566,2074,1,0.062437,389.454322,652.648257
1567,2026-09-30T22:22:32.624224700Z,dataset_9/uvl/automotive02_01.uvl,1567,2074,1,0.061882,389.516204,652.710527
1568,2026-09-30T22:22:32.687422500Z,dataset_9/uvl/automotive02_01.uvl,1568,2074,1,0.062606,389.578809,652.773489
1569,2026-09-30T22:22:32.752802800Z,dataset_9/uvl/automotive02_01.uvl,1569,2074,1,0.065590,389.644399,652.839422
1570,2026-09-30T22:22:32.816592500Z,dataset_9/uvl/automotive02_01.uvl,1570,2074,1,0.062706,389.707104,652.902474
1571,2026-09-30T22:22:33.000081Z,dataset_9/uvl/automotive02_01.uvl,1571,2074,1,0.182914,389.890018,653.085750
1572,2026-09-30T22:22:33.068851700Z,dataset_9/uvl/automotive02_01.uvl,1572,2074,1,0.068272,389.958291,653.154699
1573,2026-09-30T22:22:33.135215800Z,dataset_9/uvl/automotive02_01.uvl,1573,2074,1,0.066027,390.024318,653.221104
1574,2026-09-30T22:22:33.207478400Z,dataset_9/uvl/automotive02_01.uvl,1574,2074,1,0.072149,390.096467,653.293625
1575,2026-09-30T22:22:33.274404Z,dataset_9/uvl/automotive02_01.uvl,1575,2074,1,0.065832,390.162298,653.360333
1576,2026-09-30T22:22:33.397845400Z,dataset_9/uvl/automotive02_01.uvl,1576,2074,1,0.123972,390.286271,653.484674
1577,2026-09-30T22:22:33.463001500Z,dataset_9/uvl/automotive02_01.uvl,1577,2074,1,0.064250,390.350521,653.549235
1578,2026-09-30T22:22:33.525309600Z,dataset_9/uvl/automotive02_01.uvl,1578,2074,1,0.062541,390.413062,653.612135
1579,2026-09-30T22:22:33.585370500Z,dataset_9/uvl/automotive02_01.uvl,1579,2074,1,0.059443,390.472505,653.671953
1580,2026-09-30T22:22:33.646163500Z,dataset_9/uvl/automotive02_01.uvl,1580,2074,1,0.059718,390.532223,653.732038
1581,2026-09-30T22:22:33.725367800Z,dataset_9/uvl/automotive02_01.uvl,1581,2074,1,0.078919,390.611141,653.811395
1582,2026-09-30T22:22:33.795745400Z,dataset_9/uvl/automotive02_01.uvl,1582,2074,1,0.069877,390.681018,653.881718
1583,2026-09-30T22:22:33.956152700Z,dataset_9/uvl/automotive02_01.uvl,1583,2074,1,0.160103,390.841121,654.042213
1584,2026-09-30T22:22:34.055750100Z,dataset_9/uvl/automotive02_01.uvl,1584,2074,1,0.099643,390.940764,654.142353
1585,2026-09-30T22:22:34.125464800Z,dataset_9/uvl/automotive02_01.uvl,1585,2074,1,0.068706,391.009469,654.211717
1586,2026-09-30T22:22:34.198338300Z,dataset_9/uvl/automotive02_01.uvl,1586,2074,1,0.072158,391.081628,654.284251
1587,2026-09-30T22:22:34.276617400Z,dataset_9/uvl/automotive02_01.uvl,1587,2074,1,0.077720,391.159347,654.362374
1588,2026-09-30T22:22:34.352713400Z,dataset_9/uvl/automotive02_01.uvl,1588,2074,1,0.075853,391.235200,654.438865
1589,2026-09-30T22:22:34.427355900Z,dataset_9/uvl/automotive02_01.uvl,1589,2074,1,0.074296,391.309496,654.513521
1590,2026-09-30T22:22:34.492207500Z,dataset_9/uvl/automotive02_01.uvl,1590,2074,1,0.064367,391.373863,654.578272
1591,2026-09-30T22:22:34.557080300Z,dataset_9/uvl/automotive02_01.uvl,1591,2074,1,0.064567,391.438430,654.643216
1592,2026-09-30T22:22:34.620375600Z,dataset_9/uvl/automotive02_01.uvl,1592,2074,1,0.062958,391.501387,654.706578
1593,2026-09-30T22:22:34.685118700Z,dataset_9/uvl/automotive02_01.uvl,1593,2074,1,0.064265,391.565652,654.771206
1594,2026-09-30T22:22:34.758685700Z,dataset_9/uvl/automotive02_01.uvl,1594,2074,1,0.072924,391.638576,654.844518
1595,2026-09-30T22:22:34.828745Z,dataset_9/uvl/automotive02_01.uvl,1595,2074,1,0.069634,391.708211,654.914530
1596,2026-09-30T22:22:34.901047500Z,dataset_9/uvl/automotive02_01.uvl,1596,2074,1,0.071838,391.780048,654.986753
1597,2026-09-30T22:22:35.087352700Z,dataset_9/uvl/automotive02_01.uvl,1597,2074,1,0.185978,391.966026,655.173099
1598,2026-09-30T22:22:35.149692200Z,dataset_9/uvl/automotive02_01.uvl,1598,2074,1,0.062485,392.028511,655.235951
1599,2026-09-30T22:22:35.214145400Z,dataset_9/uvl/automotive02_01.uvl,1599,2074,1,0.064276,392.092788,655.300585
1600,2026-09-30T22:22:35.276296400Z,dataset_9/uvl/automotive02_01.uvl,1600,2074,1,0.061307,392.154095,655.362262
1601,2026-09-30T22:22:35.346663600Z,dataset_9/uvl/automotive02_01.uvl,1601,2074,1,0.071094,392.225189,655.433725
1602,2026-09-30T22:22:35.416361100Z,dataset_9/uvl/automotive02_01.uvl,1602,2074,1,0.068447,392.293636,655.502522
1603,2026-09-30T22:22:35.491058300Z,dataset_9/uvl/automotive02_01.uvl,1603,2074,1,0.074108,392.367744,655.576968
1604,2026-09-30T22:22:35.560765100Z,dataset_9/uvl/automotive02_01.uvl,1604,2074,1,0.069434,392.437177,655.646783
1605,2026-09-30T22:22:35.765871Z,dataset_9/uvl/automotive02_01.uvl,1605,2074,1,0.204544,392.641721,655.851684
1606,2026-09-30T22:22:35.841900400Z,dataset_9/uvl/automotive02_01.uvl,1606,2074,1,0.075226,392.716947,655.927576
1607,2026-09-30T22:22:35.917216200Z,dataset_9/uvl/automotive02_01.uvl,1607,2074,1,0.074954,392.791900,656.002900
1608,2026-09-30T22:22:35.988911500Z,dataset_9/uvl/automotive02_01.uvl,1608,2074,1,0.071158,392.863059,656.074714
1609,2026-09-30T22:22:36.056140500Z,dataset_9/uvl/automotive02_01.uvl,1609,2074,1,0.066932,392.929991,656.142004
1610,2026-09-30T22:22:36.119029600Z,dataset_9/uvl/automotive02_01.uvl,1610,2074,1,0.062628,392.992619,656.204983
1611,2026-09-30T22:22:36.238409400Z,dataset_9/uvl/automotive02_01.uvl,1611,2074,1,0.118849,393.111468,656.324194
1612,2026-09-30T22:22:36.302340Z,dataset_9/uvl/automotive02_01.uvl,1612,2074,1,0.063522,393.174989,656.388068
1613,2026-09-30T22:22:36.365887Z,dataset_9/uvl/automotive02_01.uvl,1613,2074,1,0.063164,393.238153,656.451572
1614,2026-09-30T22:22:36.428665800Z,dataset_9/uvl/automotive02_01.uvl,1614,2074,1,0.063354,393.301506,656.515286
1615,2026-09-30T22:22:36.494817700Z,dataset_9/uvl/automotive02_01.uvl,1615,2074,1,0.065151,393.366658,656.580805
1616,2026-09-30T22:22:36.560207700Z,dataset_9/uvl/automotive02_01.uvl,1616,2074,1,0.064919,393.431577,656.646106
1617,2026-09-30T22:22:36.624634500Z,dataset_9/uvl/automotive02_01.uvl,1617,2074,1,0.063953,393.495529,656.710445
1618,2026-09-30T22:22:36.687573Z,dataset_9/uvl/automotive02_01.uvl,1618,2074,1,0.063313,393.558842,656.774126
1619,2026-09-30T22:22:36.885331100Z,dataset_9/uvl/automotive02_01.uvl,1619,2074,1,0.197369,393.756211,656.971856
1620,2026-09-30T22:22:36.955660100Z,dataset_9/uvl/automotive02_01.uvl,1620,2074,1,0.069685,393.825896,657.042199
1621,2026-09-30T22:22:37.031473300Z,dataset_9/uvl/automotive02_01.uvl,1621,2074,1,0.074564,393.900460,657.117136
1622,2026-09-30T22:22:37.103122300Z,dataset_9/uvl/automotive02_01.uvl,1622,2074,1,0.071188,393.971648,657.189083
1623,2026-09-30T22:22:37.168882400Z,dataset_9/uvl/automotive02_01.uvl,1623,2074,1,0.065642,394.037290,657.255112
1624,2026-09-30T22:22:37.232665900Z,dataset_9/uvl/automotive02_01.uvl,1624,2074,1,0.064184,394.101473,657.319685
1625,2026-09-30T22:22:37.297754900Z,dataset_9/uvl/automotive02_01.uvl,1625,2074,1,0.064510,394.165984,657.384586
1626,2026-09-30T22:22:37.362498300Z,dataset_9/uvl/automotive02_01.uvl,1626,2074,1,0.063510,394.229493,657.448453
1627,2026-09-30T22:22:37.426178600Z,dataset_9/uvl/automotive02_01.uvl,1627,2074,1,0.063361,394.292855,657.512189
1628,2026-09-30T22:22:37.490106500Z,dataset_9/uvl/automotive02_01.uvl,1628,2074,1,0.064041,394.356896,657.576619
1629,2026-09-30T22:22:37.553143600Z,dataset_9/uvl/automotive02_01.uvl,1629,2074,1,0.062495,394.419391,657.639649
1630,2026-09-30T22:22:37.712734600Z,dataset_9/uvl/automotive02_01.uvl,1630,2074,1,0.158341,394.577732,657.798500
1631,2026-09-30T22:22:37.776799300Z,dataset_9/uvl/automotive02_01.uvl,1631,2074,1,0.064541,394.642273,657.863418
1632,2026-09-30T22:22:37.839704200Z,dataset_9/uvl/automotive02_01.uvl,1632,2074,1,0.062879,394.705152,657.926675
1633,2026-09-30T22:22:37.902662Z,dataset_9/uvl/automotive02_01.uvl,1633,2074,1,0.062377,394.767530,657.989415
1634,2026-09-30T22:22:37.967771700Z,dataset_9/uvl/automotive02_01.uvl,1634,2074,1,0.064045,394.831575,658.053808
1635,2026-09-30T22:22:38.031785Z,dataset_9/uvl/automotive02_01.uvl,1635,2074,1,0.063509,394.895083,658.117678
1636,2026-09-30T22:22:38.099475600Z,dataset_9/uvl/automotive02_01.uvl,1636,2074,1,0.067286,394.962369,658.185341
1637,2026-09-30T22:22:38.292034Z,dataset_9/uvl/automotive02_01.uvl,1637,2074,1,0.192327,395.154697,658.378101
1638,2026-09-30T22:22:38.362512300Z,dataset_9/uvl/automotive02_01.uvl,1638,2074,1,0.069492,395.224189,658.448364
1639,2026-09-30T22:22:38.482594100Z,dataset_9/uvl/automotive02_01.uvl,1639,2074,1,0.119608,395.343797,658.568388
1640,2026-09-30T22:22:38.610884600Z,dataset_9/uvl/automotive02_01.uvl,1640,2074,1,0.126494,395.470291,658.697686
1641,2026-09-30T22:22:38.694581500Z,dataset_9/uvl/automotive02_01.uvl,1641,2074,1,0.082468,395.552759,658.780564
1642,2026-09-30T22:22:38.849019400Z,dataset_9/uvl/automotive02_01.uvl,1642,2074,1,0.154053,395.706812,658.934968
1643,2026-09-30T22:22:38.926104600Z,dataset_9/uvl/automotive02_01.uvl,1643,2074,1,0.076713,395.783525,659.012105
1644,2026-09-30T22:22:38.938883Z,dataset_9/uvl/automotive02_01.uvl,1644,2074,1,0.012135,395.795660,659.024626
1645,2026-09-30T22:22:39.005658200Z,dataset_9/uvl/automotive02_01.uvl,1645,2074,1,0.066505,395.862165,659.091518
1646,2026-09-30T22:22:39.088842100Z,dataset_9/uvl/automotive02_01.uvl,1646,2074,1,0.083422,395.945587,659.175332
1647,2026-09-30T22:22:39.163801900Z,dataset_9/uvl/automotive02_01.uvl,1647,2074,1,0.074378,396.019965,659.250205
1648,2026-09-30T22:22:39.232731Z,dataset_9/uvl/automotive02_01.uvl,1648,2074,1,0.068259,396.088224,659.318873
1649,2026-09-30T22:22:39.297051400Z,dataset_9/uvl/automotive02_01.uvl,1649,2074,1,0.063500,396.151725,659.382739
1650,2026-09-30T22:22:39.363139300Z,dataset_9/uvl/automotive02_01.uvl,1650,2074,1,0.066407,396.218132,659.449505
1651,2026-09-30T22:22:39.560067900Z,dataset_9/uvl/automotive02_01.uvl,1651,2074,1,0.196583,396.414715,659.646447
1652,2026-09-30T22:22:39.634001200Z,dataset_9/uvl/automotive02_01.uvl,1652,2074,1,0.072413,396.487128,659.719707
1653,2026-09-30T22:22:39.697086900Z,dataset_9/uvl/automotive02_01.uvl,1653,2074,1,0.063600,396.550728,659.783702
1654,2026-09-30T22:22:39.776958500Z,dataset_9/uvl/automotive02_01.uvl,1654,2074,1,0.078639,396.629367,659.862722
1655,2026-09-30T22:22:39.854505700Z,dataset_9/uvl/automotive02_01.uvl,1655,2074,1,0.077214,396.706580,659.940561
1656,2026-09-30T22:22:39.917342300Z,dataset_9/uvl/automotive02_01.uvl,1656,2074,1,0.062136,396.768716,660.003088
1657,2026-09-30T22:22:39.985321300Z,dataset_9/uvl/automotive02_01.uvl,1657,2074,1,0.068931,396.837647,660.072393
1658,2026-09-30T22:22:40.044934600Z,dataset_9/uvl/automotive02_01.uvl,1658,2074,1,0.058644,396.896291,660.131401
1659,2026-09-30T22:22:40.106025900Z,dataset_9/uvl/automotive02_01.uvl,1659,2074,1,0.060325,396.956616,660.192133
1660,2026-09-30T22:22:40.166675600Z,dataset_9/uvl/automotive02_01.uvl,1660,2074,1,0.059810,397.016426,660.252333
1661,2026-09-30T22:22:40.309476500Z,dataset_9/uvl/automotive02_01.uvl,1661,2074,1,0.143388,397.159814,660.396097
1662,2026-09-30T22:22:40.369085800Z,dataset_9/uvl/automotive02_01.uvl,1662,2074,1,0.059520,397.219334,660.455987
1663,2026-09-30T22:22:40.428671700Z,dataset_9/uvl/automotive02_01.uvl,1663,2074,1,0.059001,397.278335,660.515331
1664,2026-09-30T22:22:40.488634800Z,dataset_9/uvl/automotive02_01.uvl,1664,2074,1,0.059755,397.338090,660.575451
1665,2026-09-30T22:22:40.552350600Z,dataset_9/uvl/automotive02_01.uvl,1665,2074,1,0.062888,397.400978,660.638717
1666,2026-09-30T22:22:40.613109500Z,dataset_9/uvl/automotive02_01.uvl,1666,2074,1,0.059823,397.460800,660.698898
1667,2026-09-30T22:22:40.785301100Z,dataset_9/uvl/automotive02_01.uvl,1667,2074,1,0.172241,397.633041,660.871524
1668,2026-09-30T22:22:40.852448400Z,dataset_9/uvl/automotive02_01.uvl,1668,2074,1,0.065945,397.698987,660.938171
1669,2026-09-30T22:22:40.917390500Z,dataset_9/uvl/automotive02_01.uvl,1669,2074,1,0.064779,397.763766,661.003314
1670,2026-09-30T22:22:40.980943900Z,dataset_9/uvl/automotive02_01.uvl,1670,2074,1,0.063748,397.827514,661.067479
1671,2026-09-30T22:22:41.044705400Z,dataset_9/uvl/automotive02_01.uvl,1671,2074,1,0.062664,397.890178,661.130772
1672,2026-09-30T22:22:41.170868400Z,dataset_9/uvl/automotive02_01.uvl,1672,2074,1,0.125365,398.015543,661.256542
1673,2026-09-30T22:22:41.242321200Z,dataset_9/uvl/automotive02_01.uvl,1673,2074,1,0.071623,398.087166,661.328536
1674,2026-09-30T22:22:41.301773100Z,dataset_9/uvl/automotive02_01.uvl,1674,2074,1,0.059338,398.146504,661.388257
1675,2026-09-30T22:22:41.363234200Z,dataset_9/uvl/automotive02_01.uvl,1675,2074,1,0.060807,398.207311,661.449512
1676,2026-09-30T22:22:41.424544800Z,dataset_9/uvl/automotive02_01.uvl,1676,2074,1,0.060514,398.267824,661.510396
1677,2026-09-30T22:22:41.495741500Z,dataset_9/uvl/automotive02_01.uvl,1677,2074,1,0.071435,398.339259,661.582229
1678,2026-09-30T22:22:41.571814800Z,dataset_9/uvl/automotive02_01.uvl,1678,2074,1,0.074964,398.414223,661.657565
1679,2026-09-30T22:22:41.770597100Z,dataset_9/uvl/automotive02_01.uvl,1679,2074,1,0.198943,398.613166,661.856876
1680,2026-09-30T22:22:41.852050300Z,dataset_9/uvl/automotive02_01.uvl,1680,2074,1,0.080861,398.694026,661.938466
1681,2026-09-30T22:22:41.932515500Z,dataset_9/uvl/automotive02_01.uvl,1681,2074,1,0.080274,398.774300,662.019074
1682,2026-09-30T22:22:42.017144400Z,dataset_9/uvl/automotive02_01.uvl,1682,2074,1,0.083509,398.857809,662.103261
1683,2026-09-30T22:22:42.092063600Z,dataset_9/uvl/automotive02_01.uvl,1683,2074,1,0.074787,398.932596,662.178415
1684,2026-09-30T22:22:42.166034Z,dataset_9/uvl/automotive02_01.uvl,1684,2074,1,0.072915,399.005511,662.251690
1685,2026-09-30T22:22:42.235671700Z,dataset_9/uvl/automotive02_01.uvl,1685,2074,1,0.070021,399.075532,662.322076
1686,2026-09-30T22:22:42.307230200Z,dataset_9/uvl/automotive02_01.uvl,1686,2074,1,0.070544,399.146075,662.393001
1687,2026-09-30T22:22:42.378556900Z,dataset_9/uvl/automotive02_01.uvl,1687,2074,1,0.071666,399.217741,662.465058
1688,2026-09-30T22:22:42.449483500Z,dataset_9/uvl/automotive02_01.uvl,1688,2074,1,0.070048,399.287789,662.535507
1689,2026-09-30T22:22:42.520637900Z,dataset_9/uvl/automotive02_01.uvl,1689,2074,1,0.070428,399.358217,662.606317
1690,2026-09-30T22:22:42.681770400Z,dataset_9/uvl/automotive02_01.uvl,1690,2074,1,0.160823,399.519040,662.767507
1691,2026-09-30T22:22:42.755220Z,dataset_9/uvl/automotive02_01.uvl,1691,2074,1,0.073410,399.592450,662.841291
1692,2026-09-30T22:22:42.825241400Z,dataset_9/uvl/automotive02_01.uvl,1692,2074,1,0.069333,399.661782,662.910989
1693,2026-09-30T22:22:42.897953100Z,dataset_9/uvl/automotive02_01.uvl,1693,2074,1,0.072307,399.734089,662.983642
1694,2026-09-30T22:22:42.968153100Z,dataset_9/uvl/automotive02_01.uvl,1694,2074,1,0.070058,399.804147,663.054048
1695,2026-09-30T22:22:43.039996600Z,dataset_9/uvl/automotive02_01.uvl,1695,2074,1,0.071510,399.875657,663.125959
1696,2026-09-30T22:22:43.252282900Z,dataset_9/uvl/automotive02_01.uvl,1696,2074,1,0.212199,400.087856,663.338518
1697,2026-09-30T22:22:43.332370100Z,dataset_9/uvl/automotive02_01.uvl,1697,2074,1,0.079152,400.167009,663.418350
1698,2026-09-30T22:22:43.409044300Z,dataset_9/uvl/automotive02_01.uvl,1698,2074,1,0.076292,400.243301,663.495015
1699,2026-09-30T22:22:43.485468500Z,dataset_9/uvl/automotive02_01.uvl,1699,2074,1,0.076781,400.320082,663.572499
1700,2026-09-30T22:22:43.559389200Z,dataset_9/uvl/automotive02_01.uvl,1700,2074,1,0.072728,400.392811,663.645594
1701,2026-09-30T22:22:43.690639100Z,dataset_9/uvl/automotive02_01.uvl,1701,2074,1,0.130573,400.523383,663.776575
1702,2026-09-30T22:22:43.767154Z,dataset_9/uvl/automotive02_01.uvl,1702,2074,1,0.075966,400.599350,663.852962
1703,2026-09-30T22:22:43.841017100Z,dataset_9/uvl/automotive02_01.uvl,1703,2074,1,0.073941,400.673291,663.927290
1704,2026-09-30T22:22:43.912552200Z,dataset_9/uvl/automotive02_01.uvl,1704,2074,1,0.071095,400.744385,663.998768
1705,2026-09-30T22:22:43.984201900Z,dataset_9/uvl/automotive02_01.uvl,1705,2074,1,0.071357,400.815742,664.070480
1706,2026-09-30T22:22:44.057925600Z,dataset_9/uvl/automotive02_01.uvl,1706,2074,1,0.073271,400.889013,664.144197
1707,2026-09-30T22:22:44.129709800Z,dataset_9/uvl/automotive02_01.uvl,1707,2074,1,0.071243,400.960255,664.215813
1708,2026-09-30T22:22:44.200099800Z,dataset_9/uvl/automotive02_01.uvl,1708,2074,1,0.069589,401.029845,664.285757
1709,2026-09-30T22:22:44.394309Z,dataset_9/uvl/automotive02_01.uvl,1709,2074,1,0.194172,401.224016,664.480299
1710,2026-09-30T22:22:44.471718700Z,dataset_9/uvl/automotive02_01.uvl,1710,2074,1,0.076591,401.300608,664.557562
1711,2026-09-30T22:22:44.550596500Z,dataset_9/uvl/automotive02_01.uvl,1711,2074,1,0.078430,401.379038,664.636375
1712,2026-09-30T22:22:44.664202Z,dataset_9/uvl/automotive02_01.uvl,1712,2074,1,0.113290,401.492328,664.750392
1713,2026-09-30T22:22:44.779520200Z,dataset_9/uvl/automotive02_01.uvl,1713,2074,1,0.095497,401.587825,664.865477
1714,2026-09-30T22:22:44.853006500Z,dataset_9/uvl/automotive02_01.uvl,1714,2074,1,0.073127,401.660952,664.939021
1715,2026-09-30T22:22:44.925417400Z,dataset_9/uvl/automotive02_01.uvl,1715,2074,1,0.071785,401.732737,665.011196
1716,2026-09-30T22:22:44.998612800Z,dataset_9/uvl/automotive02_01.uvl,1716,2074,1,0.073111,401.805847,665.084721
1717,2026-09-30T22:22:45.070373500Z,dataset_9/uvl/automotive02_01.uvl,1717,2074,1,0.071327,401.877174,665.156405
1718,2026-09-30T22:22:45.140111600Z,dataset_9/uvl/automotive02_01.uvl,1718,2074,1,0.070291,401.947465,665.227144
1719,2026-09-30T22:22:45.212974500Z,dataset_9/uvl/automotive02_01.uvl,1719,2074,1,0.071899,402.019364,665.299503
1720,2026-09-30T22:22:45.386741100Z,dataset_9/uvl/automotive02_01.uvl,1720,2074,1,0.172550,402.191913,665.472457
1721,2026-09-30T22:22:45.462805800Z,dataset_9/uvl/automotive02_01.uvl,1721,2074,1,0.075877,402.267790,665.548708
1722,2026-09-30T22:22:45.535370100Z,dataset_9/uvl/automotive02_01.uvl,1722,2074,1,0.072517,402.340308,665.621578
1723,2026-09-30T22:22:45.610201100Z,dataset_9/uvl/automotive02_01.uvl,1723,2074,1,0.074439,402.414747,665.696404
1724,2026-09-30T22:22:45.682043200Z,dataset_9/uvl/automotive02_01.uvl,1724,2074,1,0.071151,402.485898,665.767920
1725,2026-09-30T22:22:45.755079900Z,dataset_9/uvl/automotive02_01.uvl,1725,2074,1,0.072646,402.558544,665.840941
1726,2026-09-30T22:22:45.826733900Z,dataset_9/uvl/automotive02_01.uvl,1726,2074,1,0.071346,402.629890,665.912685
1727,2026-09-30T22:22:46.034317400Z,dataset_9/uvl/automotive02_01.uvl,1727,2074,1,0.207553,402.837443,666.120632
1728,2026-09-30T22:22:46.117507Z,dataset_9/uvl/automotive02_01.uvl,1728,2074,1,0.082002,402.919444,666.203467
1729,2026-09-30T22:22:46.195724100Z,dataset_9/uvl/automotive02_01.uvl,1729,2074,1,0.078217,402.997661,666.282085
1730,2026-09-30T22:22:46.272423400Z,dataset_9/uvl/automotive02_01.uvl,1730,2074,1,0.075786,403.073447,666.358254
1731,2026-09-30T22:22:46.346707800Z,dataset_9/uvl/automotive02_01.uvl,1731,2074,1,0.073786,403.147233,666.432716
1732,2026-09-30T22:22:46.417327700Z,dataset_9/uvl/automotive02_01.uvl,1732,2074,1,0.070354,403.217587,666.503445
1733,2026-09-30T22:22:46.531725200Z,dataset_9/uvl/automotive02_01.uvl,1733,2074,1,0.114326,403.331913,666.618123
1734,2026-09-30T22:22:46.610144Z,dataset_9/uvl/automotive02_01.uvl,1734,2074,1,0.077454,403.409367,666.695982
1735,2026-09-30T22:22:46.681932900Z,dataset_9/uvl/automotive02_01.uvl,1735,2074,1,0.071577,403.480944,666.767931
1736,2026-09-30T22:22:46.752959100Z,dataset_9/uvl/automotive02_01.uvl,1736,2074,1,0.070881,403.551825,666.839191
1737,2026-09-30T22:22:46.828833200Z,dataset_9/uvl/automotive02_01.uvl,1737,2074,1,0.074941,403.626766,666.914525
1738,2026-09-30T22:22:46.920583800Z,dataset_9/uvl/automotive02_01.uvl,1738,2074,1,0.091388,403.718154,667.006298
1739,2026-09-30T22:22:46.932582900Z,dataset_9/uvl/automotive02_01.uvl,1739,2074,1,0.012701,403.730855,667.019544
1740,2026-09-30T22:22:47.012383200Z,dataset_9/uvl/automotive02_01.uvl,1740,2074,1,0.078265,403.809119,667.098226
1741,2026-09-30T22:22:47.237082100Z,dataset_9/uvl/automotive02_01.uvl,1741,2074,1,0.224669,404.033789,667.323292
1742,2026-09-30T22:22:47.331076500Z,dataset_9/uvl/automotive02_01.uvl,1742,2074,1,0.093155,404.126943,667.417113
1743,2026-09-30T22:22:47.413762Z,dataset_9/uvl/automotive02_01.uvl,1743,2074,1,0.082730,404.209673,667.500236
1744,2026-09-30T22:22:47.502805300Z,dataset_9/uvl/automotive02_01.uvl,1744,2074,1,0.087822,404.297495,667.588755
1745,2026-09-30T22:22:47.594541900Z,dataset_9/uvl/automotive02_01.uvl,1745,2074,1,0.091578,404.389074,667.680721
1746,2026-09-30T22:22:47.666866400Z,dataset_9/uvl/automotive02_01.uvl,1746,2074,1,0.071740,404.460813,667.752827
1747,2026-09-30T22:22:47.738690100Z,dataset_9/uvl/automotive02_01.uvl,1747,2074,1,0.071634,404.532447,667.824834
1748,2026-09-30T22:22:47.811556600Z,dataset_9/uvl/automotive02_01.uvl,1748,2074,1,0.072088,404.604535,667.897285
1749,2026-09-30T22:22:47.881664100Z,dataset_9/uvl/automotive02_01.uvl,1749,2074,1,0.070464,404.674999,667.968122
1750,2026-09-30T22:22:47.953059600Z,dataset_9/uvl/automotive02_01.uvl,1750,2074,1,0.070927,404.745926,668.039389
1751,2026-09-30T22:22:48.025172500Z,dataset_9/uvl/automotive02_01.uvl,1751,2074,1,0.071362,404.817288,668.111129
1752,2026-09-30T22:22:48.200500800Z,dataset_9/uvl/automotive02_01.uvl,1752,2074,1,0.175017,404.992305,668.286559
1753,2026-09-30T22:22:48.272174900Z,dataset_9/uvl/automotive02_01.uvl,1753,2074,1,0.071726,405.064031,668.358721
1754,2026-09-30T22:22:48.342908100Z,dataset_9/uvl/automotive02_01.uvl,1754,2074,1,0.071047,405.135078,668.430121
1755,2026-09-30T22:22:48.414578400Z,dataset_9/uvl/automotive02_01.uvl,1755,2074,1,0.070980,405.206057,668.501456
1756,2026-09-30T22:22:48.487358700Z,dataset_9/uvl/automotive02_01.uvl,1756,2074,1,0.071480,405.277537,668.573325
1757,2026-09-30T22:22:48.558143500Z,dataset_9/uvl/automotive02_01.uvl,1757,2074,1,0.070742,405.348279,668.644414
1758,2026-09-30T22:22:48.629623Z,dataset_9/uvl/automotive02_01.uvl,1758,2074,1,0.071740,405.420019,668.716606
1759,2026-09-30T22:22:48.826424400Z,dataset_9/uvl/automotive02_01.uvl,1759,2074,1,0.196271,405.616290,668.913245
1760,2026-09-30T22:22:48.904806900Z,dataset_9/uvl/automotive02_01.uvl,1760,2074,1,0.077172,405.693461,668.991114
1761,2026-09-30T22:22:48.979834400Z,dataset_9/uvl/automotive02_01.uvl,1761,2074,1,0.074477,405.767938,669.065947
1762,2026-09-30T22:22:49.049124300Z,dataset_9/uvl/automotive02_01.uvl,1762,2074,1,0.068906,405.836844,669.135262
1763,2026-09-30T22:22:49.125482500Z,dataset_9/uvl/automotive02_01.uvl,1763,2074,1,0.075443,405.912287,669.211378
1764,2026-09-30T22:22:49.235696600Z,dataset_9/uvl/automotive02_01.uvl,1764,2074,1,0.109594,406.021881,669.321473
1765,2026-09-30T22:22:49.307537100Z,dataset_9/uvl/automotive02_01.uvl,1765,2074,1,0.071887,406.093768,669.393733
1766,2026-09-30T22:22:49.378745600Z,dataset_9/uvl/automotive02_01.uvl,1766,2074,1,0.071002,406.164770,669.465097
1767,2026-09-30T22:22:49.452365800Z,dataset_9/uvl/automotive02_01.uvl,1767,2074,1,0.072560,406.237329,669.538073
1768,2026-09-30T22:22:49.523018800Z,dataset_9/uvl/automotive02_01.uvl,1768,2074,1,0.071198,406.308527,669.609654
1769,2026-09-30T22:22:49.597955800Z,dataset_9/uvl/automotive02_01.uvl,1769,2074,1,0.074400,406.382927,669.684428
1770,2026-09-30T22:22:49.669464700Z,dataset_9/uvl/automotive02_01.uvl,1770,2074,1,0.070991,406.453917,669.755799
1771,2026-09-30T22:22:49.855635Z,dataset_9/uvl/automotive02_01.uvl,1771,2074,1,0.185740,406.639657,669.941906
1772,2026-09-30T22:22:49.934925600Z,dataset_9/uvl/automotive02_01.uvl,1772,2074,1,0.078377,406.718034,670.020953
1773,2026-09-30T22:22:50.015964Z,dataset_9/uvl/automotive02_01.uvl,1773,2074,1,0.080391,406.798425,670.101757
1774,2026-09-30T22:22:50.092084800Z,dataset_9/uvl/automotive02_01.uvl,1774,2074,1,0.075724,406.874149,670.178139
1775,2026-09-30T22:22:50.165226400Z,dataset_9/uvl/automotive02_01.uvl,1775,2074,1,0.073150,406.947299,670.251684
1776,2026-09-30T22:22:50.238484Z,dataset_9/uvl/automotive02_01.uvl,1776,2074,1,0.072763,407.020062,670.324917
1777,2026-09-30T22:22:50.310349700Z,dataset_9/uvl/automotive02_01.uvl,1777,2074,1,0.070828,407.090890,670.396113
1778,2026-09-30T22:22:50.381088Z,dataset_9/uvl/automotive02_01.uvl,1778,2074,1,0.071208,407.162098,670.467724
1779,2026-09-30T22:22:50.453337400Z,dataset_9/uvl/automotive02_01.uvl,1779,2074,1,0.071526,407.233624,670.539660
1780,2026-09-30T22:22:50.525436200Z,dataset_9/uvl/automotive02_01.uvl,1780,2074,1,0.071437,407.305061,670.611488
1781,2026-09-30T22:22:50.597963800Z,dataset_9/uvl/automotive02_01.uvl,1781,2074,1,0.072798,407.377859,670.684678
1782,2026-09-30T22:22:50.790990600Z,dataset_9/uvl/automotive02_01.uvl,1782,2074,1,0.192058,407.569917,670.877113
1783,2026-09-30T22:22:50.852895500Z,dataset_9/uvl/automotive02_01.uvl,1783,2074,1,0.061917,407.631834,670.939337
1784,2026-09-30T22:22:50.936908500Z,dataset_9/uvl/automotive02_01.uvl,1784,2074,1,0.083202,407.715036,671.022937
1785,2026-09-30T22:22:51.026363700Z,dataset_9/uvl/automotive02_01.uvl,1785,2074,1,0.088958,407.803994,671.112256
1786,2026-09-30T22:22:51.140126700Z,dataset_9/uvl/automotive02_01.uvl,1786,2074,1,0.113970,407.917964,671.226605
1787,2026-09-30T22:22:51.424431600Z,dataset_9/uvl/automotive02_01.uvl,1787,2074,1,0.283712,408.201676,671.510677
1788,2026-09-30T22:22:51.513920700Z,dataset_9/uvl/automotive02_01.uvl,1788,2074,1,0.089162,408.290838,671.600480
1789,2026-09-30T22:22:51.602506400Z,dataset_9/uvl/automotive02_01.uvl,1789,2074,1,0.088441,408.379278,671.689564
1790,2026-09-30T22:22:51.692065Z,dataset_9/uvl/automotive02_01.uvl,1790,2074,1,0.087967,408.467245,671.778006
1791,2026-09-30T22:22:51.776971300Z,dataset_9/uvl/automotive02_01.uvl,1791,2074,1,0.084707,408.551952,671.863098
1792,2026-09-30T22:22:51.905726Z,dataset_9/uvl/automotive02_01.uvl,1792,2074,1,0.128525,408.680476,671.991986
1793,2026-09-30T22:22:51.990057300Z,dataset_9/uvl/automotive02_01.uvl,1793,2074,1,0.084276,408.764752,672.076658
1794,2026-09-30T22:22:52.076371Z,dataset_9/uvl/automotive02_01.uvl,1794,2074,1,0.085446,408.850198,672.162472
1795,2026-09-30T22:22:52.160033300Z,dataset_9/uvl/automotive02_01.uvl,1795,2074,1,0.083805,408.934003,672.246656
1796,2026-09-30T22:22:52.245739200Z,dataset_9/uvl/automotive02_01.uvl,1796,2074,1,0.085245,409.019248,672.332277
1797,2026-09-30T22:22:52.334151300Z,dataset_9/uvl/automotive02_01.uvl,1797,2074,1,0.087434,409.106682,672.420075
1798,2026-09-30T22:22:52.537033400Z,dataset_9/uvl/automotive02_01.uvl,1798,2074,1,0.202403,409.309085,672.622822
1799,2026-09-30T22:22:52.631518600Z,dataset_9/uvl/automotive02_01.uvl,1799,2074,1,0.094190,409.403275,672.717658
1800,2026-09-30T22:22:52.728225700Z,dataset_9/uvl/automotive02_01.uvl,1800,2074,1,0.095889,409.499164,672.813993
1801,2026-09-30T22:22:52.819116400Z,dataset_9/uvl/automotive02_01.uvl,1801,2074,1,0.090304,409.589468,672.904984
1802,2026-09-30T22:22:52.905084300Z,dataset_9/uvl/automotive02_01.uvl,1802,2074,1,0.085731,409.675200,672.991064
1803,2026-09-30T22:22:53.055547500Z,dataset_9/uvl/automotive02_01.uvl,1803,2074,1,0.150966,409.826166,673.142431
1804,2026-09-30T22:22:53.165094500Z,dataset_9/uvl/automotive02_01.uvl,1804,2074,1,0.108372,409.934538,673.251186
1805,2026-09-30T22:22:53.328019100Z,dataset_9/uvl/automotive02_01.uvl,1805,2074,1,0.162257,410.096795,673.413841
1806,2026-09-30T22:22:53.419533400Z,dataset_9/uvl/automotive02_01.uvl,1806,2074,1,0.091885,410.188680,673.506127
1807,2026-09-30T22:22:53.537051200Z,dataset_9/uvl/automotive02_01.uvl,1807,2074,1,0.117776,410.306456,673.624276
1808,2026-09-30T22:22:53.651791400Z,dataset_9/uvl/automotive02_01.uvl,1808,2074,1,0.113078,410.419533,673.737732
1809,2026-09-30T22:22:53.752124700Z,dataset_9/uvl/automotive02_01.uvl,1809,2074,1,0.099993,410.519526,673.838240
1810,2026-09-30T22:22:53.840163900Z,dataset_9/uvl/automotive02_01.uvl,1810,2074,1,0.087649,410.607175,673.926279
1811,2026-09-30T22:22:54.035885700Z,dataset_9/uvl/automotive02_01.uvl,1811,2074,1,0.195101,410.802276,674.121748
1812,2026-09-30T22:22:54.130104600Z,dataset_9/uvl/automotive02_01.uvl,1812,2074,1,0.094202,410.896478,674.216646
1813,2026-09-30T22:22:54.222034100Z,dataset_9/uvl/automotive02_01.uvl,1813,2074,1,0.091093,410.987571,674.308132
1814,2026-09-30T22:22:54.320503500Z,dataset_9/uvl/automotive02_01.uvl,1814,2074,1,0.097982,411.085553,674.406749
1815,2026-09-30T22:22:54.407135800Z,dataset_9/uvl/automotive02_01.uvl,1815,2074,1,0.086054,411.171608,674.493151
1816,2026-09-30T22:22:54.558644100Z,dataset_9/uvl/automotive02_01.uvl,1816,2074,1,0.151680,411.323288,674.645243
1817,2026-09-30T22:22:54.645920200Z,dataset_9/uvl/automotive02_01.uvl,1817,2074,1,0.086923,411.410211,674.732571
1818,2026-09-30T22:22:54.734274800Z,dataset_9/uvl/automotive02_01.uvl,1818,2074,1,0.087323,411.497534,674.820372
1819,2026-09-30T22:22:54.819569900Z,dataset_9/uvl/automotive02_01.uvl,1819,2074,1,0.085452,411.582986,674.906198
1820,2026-09-30T22:22:54.908635200Z,dataset_9/uvl/automotive02_01.uvl,1820,2074,1,0.087725,411.670710,674.994307
1821,2026-09-30T22:22:54.995072900Z,dataset_9/uvl/automotive02_01.uvl,1821,2074,1,0.086135,411.756846,675.080850
1822,2026-09-30T22:22:55.081020400Z,dataset_9/uvl/automotive02_01.uvl,1822,2074,1,0.086089,411.842934,675.167311
1823,2026-09-30T22:22:55.349829700Z,dataset_9/uvl/automotive02_01.uvl,1823,2074,1,0.268233,412.111167,675.435916
1824,2026-09-30T22:22:55.450372700Z,dataset_9/uvl/automotive02_01.uvl,1824,2074,1,0.099813,412.210980,675.536376
1825,2026-09-30T22:22:55.540343100Z,dataset_9/uvl/automotive02_01.uvl,1825,2074,1,0.090152,412.301132,675.626920
1826,2026-09-30T22:22:55.634064400Z,dataset_9/uvl/automotive02_01.uvl,1826,2074,1,0.092792,412.393925,675.720324
1827,2026-09-30T22:22:55.712815700Z,dataset_9/uvl/automotive02_01.uvl,1827,2074,1,0.078094,412.472019,675.798769
1828,2026-09-30T22:22:55.873643600Z,dataset_9/uvl/automotive02_01.uvl,1828,2074,1,0.160621,412.632639,675.959758
1829,2026-09-30T22:22:56.040396700Z,dataset_9/uvl/automotive02_01.uvl,1829,2074,1,0.167235,412.799875,676.127365
1830,2026-09-30T22:22:56.161046500Z,dataset_9/uvl/automotive02_01.uvl,1830,2074,1,0.120296,412.920170,676.248055
1831,2026-09-30T22:22:56.269081300Z,dataset_9/uvl/automotive02_01.uvl,1831,2074,1,0.106806,413.026977,676.355249
1832,2026-09-30T22:22:56.459136100Z,dataset_9/uvl/automotive02_01.uvl,1832,2074,1,0.189562,413.216538,676.545200
1833,2026-09-30T22:22:56.565236700Z,dataset_9/uvl/automotive02_01.uvl,1833,2074,1,0.105551,413.322089,676.651180
1834,2026-09-30T22:22:56.672493700Z,dataset_9/uvl/automotive02_01.uvl,1834,2074,1,0.106907,413.428996,676.758457
1835,2026-09-30T22:22:56.778202400Z,dataset_9/uvl/automotive02_01.uvl,1835,2074,1,0.105430,413.534426,676.864245
1836,2026-09-30T22:22:56.883135900Z,dataset_9/uvl/automotive02_01.uvl,1836,2074,1,0.105159,413.639585,676.969794
1837,2026-09-30T22:22:57.085907600Z,dataset_9/uvl/automotive02_01.uvl,1837,2074,1,0.201693,413.841278,677.171850
1838,2026-09-30T22:22:57.235327Z,dataset_9/uvl/automotive02_01.uvl,1838,2074,1,0.149396,413.990673,677.321644
1839,2026-09-30T22:22:57.355779400Z,dataset_9/uvl/automotive02_01.uvl,1839,2074,1,0.119219,414.109892,677.441563
1840,2026-09-30T22:22:57.517656Z,dataset_9/uvl/automotive02_01.uvl,1840,2074,1,0.162679,414.272571,677.604638
1841,2026-09-30T22:22:57.685353500Z,dataset_9/uvl/automotive02_01.uvl,1841,2074,1,0.166720,414.439291,677.771970
1842,2026-09-30T22:22:57.805750700Z,dataset_9/uvl/automotive02_01.uvl,1842,2074,1,0.120189,414.559481,677.892553
1843,2026-09-30T22:22:57.967394700Z,dataset_9/uvl/automotive02_01.uvl,1843,2074,1,0.160661,414.720141,678.053579
1844,2026-09-30T22:22:58.085229600Z,dataset_9/uvl/automotive02_01.uvl,1844,2074,1,0.118329,414.838470,678.172262
1845,2026-09-30T22:22:58.205017200Z,dataset_9/uvl/automotive02_01.uvl,1845,2074,1,0.119109,414.957579,678.291743
1846,2026-09-30T22:22:58.313039Z,dataset_9/uvl/automotive02_01.uvl,1846,2074,1,0.106650,415.064229,678.398762
1847,2026-09-30T22:22:58.431159400Z,dataset_9/uvl/automotive02_01.uvl,1847,2074,1,0.118256,415.182485,678.517393
1848,2026-09-30T22:22:58.763925900Z,dataset_9/uvl/automotive02_01.uvl,1848,2074,1,0.332179,415.514664,678.849929
1849,2026-09-30T22:22:59.024961700Z,dataset_9/uvl/automotive02_01.uvl,1849,2074,1,0.260570,415.775235,679.110946
1850,2026-09-30T22:22:59.211106400Z,dataset_9/uvl/automotive02_01.uvl,1850,2074,1,0.185422,415.960656,679.297069
1851,2026-09-30T22:22:59.374234600Z,dataset_9/uvl/automotive02_01.uvl,1851,2074,1,0.162623,416.123279,679.460337
1852,2026-09-30T22:22:59.509701500Z,dataset_9/uvl/automotive02_01.uvl,1852,2074,1,0.134959,416.258238,679.595658
1853,2026-09-30T22:22:59.645891400Z,dataset_9/uvl/automotive02_01.uvl,1853,2074,1,0.136919,416.395158,679.732967
1854,2026-09-30T22:22:59.784269600Z,dataset_9/uvl/automotive02_01.uvl,1854,2074,1,0.137514,416.532671,679.870854
1855,2026-09-30T22:22:59.922104700Z,dataset_9/uvl/automotive02_01.uvl,1855,2074,1,0.137159,416.669831,680.008403
1856,2026-09-30T22:23:00.133321200Z,dataset_9/uvl/automotive02_01.uvl,1856,2074,1,0.210420,416.880251,680.219192
1857,2026-09-30T22:23:00.270636400Z,dataset_9/uvl/automotive02_01.uvl,1857,2074,1,0.136809,417.017060,680.356390
1858,2026-09-30T22:23:00.407307Z,dataset_9/uvl/automotive02_01.uvl,1858,2074,1,0.136450,417.153510,680.493199
1859,2026-09-30T22:23:00.543592900Z,dataset_9/uvl/automotive02_01.uvl,1859,2074,1,0.135971,417.289481,680.629573
1860,2026-09-30T22:23:00.685199200Z,dataset_9/uvl/automotive02_01.uvl,1860,2074,1,0.142469,417.431950,680.772424
1861,2026-09-30T22:23:00.825367200Z,dataset_9/uvl/automotive02_01.uvl,1861,2074,1,0.138607,417.570558,680.911406
1862,2026-09-30T22:23:01.094362200Z,dataset_9/uvl/automotive02_01.uvl,1862,2074,1,0.268400,417.838958,681.180223
1863,2026-09-30T22:23:01.244836Z,dataset_9/uvl/automotive02_01.uvl,1863,2074,1,0.150168,417.989125,681.331145
1864,2026-09-30T22:23:01.391945400Z,dataset_9/uvl/automotive02_01.uvl,1864,2074,1,0.146307,418.135432,681.478086
1865,2026-09-30T22:23:01.541072700Z,dataset_9/uvl/automotive02_01.uvl,1865,2074,1,0.148918,418.284349,681.627461
1866,2026-09-30T22:23:01.680097700Z,dataset_9/uvl/automotive02_01.uvl,1866,2074,1,0.138133,418.422482,681.765967
1867,2026-09-30T22:23:01.867471300Z,dataset_9/uvl/automotive02_01.uvl,1867,2074,1,0.186993,418.609475,681.953346
1868,2026-09-30T22:23:02.005000200Z,dataset_9/uvl/automotive02_01.uvl,1868,2074,1,0.137750,418.747224,682.091486
1869,2026-09-30T22:23:02.143043600Z,dataset_9/uvl/automotive02_01.uvl,1869,2074,1,0.137469,418.884693,682.229341
1870,2026-09-30T22:23:02.287099Z,dataset_9/uvl/automotive02_01.uvl,1870,2074,1,0.144028,419.028722,682.373735
1871,2026-09-30T22:23:02.429622400Z,dataset_9/uvl/automotive02_01.uvl,1871,2074,1,0.141692,419.170414,682.515824
1872,2026-09-30T22:23:02.567264200Z,dataset_9/uvl/automotive02_01.uvl,1872,2074,1,0.136776,419.307190,682.652977
1873,2026-09-30T22:23:02.977887700Z,dataset_9/uvl/automotive02_01.uvl,1873,2074,1,0.410570,419.717760,683.063925
1874,2026-09-30T22:23:03.121000700Z,dataset_9/uvl/automotive02_01.uvl,1874,2074,1,0.142394,419.860154,683.206995
1875,2026-09-30T22:23:03.259341300Z,dataset_9/uvl/automotive02_01.uvl,1875,2074,1,0.138159,419.998312,683.345850
1876,2026-09-30T22:23:03.593386200Z,dataset_9/uvl/automotive02_01.uvl,1876,2074,1,0.333346,420.331659,683.679559
1877,2026-09-30T22:23:03.776699900Z,dataset_9/uvl/automotive02_01.uvl,1877,2074,1,0.183136,420.514795,683.863092
1878,2026-09-30T22:23:04.293501Z,dataset_9/uvl/automotive02_01.uvl,1878,2074,1,0.515858,421.030652,684.379316
1879,2026-09-30T22:23:04.704483700Z,dataset_9/uvl/automotive02_01.uvl,1879,2074,1,0.410815,421.441467,684.790523
1880,2026-09-30T22:23:05.002649100Z,dataset_9/uvl/automotive02_01.uvl,1880,2074,1,0.298783,421.740250,685.089697
1881,2026-09-30T22:23:05.389846300Z,dataset_9/uvl/automotive02_01.uvl,1881,2074,1,0.385685,422.125934,685.475781
1882,2026-09-30T22:23:05.637481300Z,dataset_9/uvl/automotive02_01.uvl,1882,2074,1,0.247588,422.373522,685.724059
1883,2026-09-30T22:23:05.889679800Z,dataset_9/uvl/automotive02_01.uvl,1883,2074,1,0.250456,422.623977,685.975540
1884,2026-09-30T22:23:06.121810300Z,dataset_9/uvl/automotive02_01.uvl,1884,2074,1,0.232164,422.856141,686.208061
1885,2026-09-30T22:23:06.411847200Z,dataset_9/uvl/automotive02_01.uvl,1885,2074,1,0.289420,423.145562,686.497881
1886,2026-09-30T22:23:06.588478600Z,dataset_9/uvl/automotive02_01.uvl,1886,2074,1,0.176024,423.321586,686.674292
1887,2026-09-30T22:23:06.885380700Z,dataset_9/uvl/automotive02_01.uvl,1887,2074,1,0.296514,423.618100,686.971188
1888,2026-09-30T22:23:07.575500200Z,dataset_9/uvl/automotive02_01.uvl,1888,2074,1,0.690221,424.308321,687.661956
1889,2026-09-30T22:23:07.875317900Z,dataset_9/uvl/automotive02_01.uvl,1889,2074,1,0.298564,424.606885,687.961235
1890,2026-09-30T22:23:08.171584500Z,dataset_9/uvl/automotive02_01.uvl,1890,2074,1,0.296604,424.903489,688.258221
1891,2026-09-30T22:23:08.513929Z,dataset_9/uvl/automotive02_01.uvl,1891,2074,1,0.341470,425.244959,688.600150
1892,2026-09-30T22:23:08.882739700Z,dataset_9/uvl/automotive02_01.uvl,1892,2074,1,0.368605,425.613564,688.969181
1893,2026-09-30T22:23:09.189846700Z,dataset_9/uvl/automotive02_01.uvl,1893,2074,1,0.306367,425.919931,689.275939
1894,2026-09-30T22:23:09.760062900Z,dataset_9/uvl/automotive02_01.uvl,1894,2074,1,0.570157,426.490088,689.846486
1895,2026-09-30T22:23:10.152068Z,dataset_9/uvl/automotive02_01.uvl,1895,2074,1,0.391209,426.881297,690.238447
1896,2026-09-30T22:23:10.531910Z,dataset_9/uvl/automotive02_01.uvl,1896,2074,1,0.378500,427.259797,690.617622
1897,2026-09-30T22:23:10.936964600Z,dataset_9/uvl/automotive02_01.uvl,1897,2074,1,0.405095,427.664892,691.023122
1898,2026-09-30T22:23:11.431237400Z,dataset_9/uvl/automotive02_01.uvl,1898,2074,1,0.493560,428.158452,691.517065
1899,2026-09-30T22:23:12.569392900Z,dataset_9/uvl/automotive02_01.uvl,1899,2074,1,1.137687,429.296139,692.655144
1900,2026-09-30T22:23:13.111677600Z,dataset_9/uvl/automotive02_01.uvl,1900,2074,1,0.541586,429.837725,693.197438
1901,2026-09-30T22:23:13.590986900Z,dataset_9/uvl/automotive02_01.uvl,1901,2074,1,0.479448,430.317173,693.677536
1902,2026-09-30T22:23:14.154734700Z,dataset_9/uvl/automotive02_01.uvl,1902,2074,1,0.563278,430.880451,694.241217
1903,2026-09-30T22:23:14.637471Z,dataset_9/uvl/automotive02_01.uvl,1903,2074,1,0.481717,431.362168,694.723461
1904,2026-09-30T22:23:15.999870100Z,dataset_9/uvl/automotive02_01.uvl,1904,2074,1,1.362150,432.724318,696.086050
1905,2026-09-30T22:23:16.459020300Z,dataset_9/uvl/automotive02_01.uvl,1905,2074,1,0.458273,433.182591,696.545072
1906,2026-09-30T22:23:18.093206900Z,dataset_9/uvl/automotive02_01.uvl,1906,2074,1,1.633940,434.816531,698.179701
1907,2026-09-30T22:23:18.749899900Z,dataset_9/uvl/automotive02_01.uvl,1907,2074,1,0.655907,435.472438,698.836005
1908,2026-09-30T22:23:19.393243900Z,dataset_9/uvl/automotive02_01.uvl,1908,2074,1,0.643344,436.115782,699.480108
1909,2026-09-30T22:23:20.045008700Z,dataset_9/uvl/automotive02_01.uvl,1909,2074,1,0.650015,436.765797,700.130751
1910,2026-09-30T22:23:20.673121Z,dataset_9/uvl/automotive02_01.uvl,1910,2074,1,0.628126,437.393923,700.759253
1911,2026-09-30T22:23:21.376956200Z,dataset_9/uvl/automotive02_01.uvl,1911,2074,1,0.703403,438.097326,701.463070
1912,2026-09-30T22:23:22.991324300Z,dataset_9/uvl/automotive02_01.uvl,1912,2074,1,1.613445,439.710771,703.077213
1913,2026-09-30T22:23:24.333334600Z,dataset_9/uvl/automotive02_01.uvl,1913,2074,1,1.341173,441.051944,704.419018
1914,2026-09-30T22:23:25.278638100Z,dataset_9/uvl/automotive02_01.uvl,1914,2074,1,0.944979,441.996923,705.364728
1915,2026-09-30T22:23:26.656493100Z,dataset_9/uvl/automotive02_01.uvl,1915,2074,1,1.377240,443.374163,706.742590
1916,2026-09-30T22:23:27.788567900Z,dataset_9/uvl/automotive02_01.uvl,1916,2074,1,1.131368,444.505531,707.874366
1917,2026-09-30T22:23:28.723046100Z,dataset_9/uvl/automotive02_01.uvl,1917,2074,1,0.934712,445.440243,708.809742
1918,2026-09-30T22:23:32.229718400Z,dataset_9/uvl/automotive02_01.uvl,1918,2074,1,3.506220,448.946462,712.316648
1919,2026-09-30T22:23:34.220643400Z,dataset_9/uvl/automotive02_01.uvl,1919,2074,1,1.989600,450.936063,714.306897
1920,2026-09-30T22:23:35.718020300Z,dataset_9/uvl/automotive02_01.uvl,1920,2074,1,1.497323,452.433386,715.804637
1921,2026-09-30T22:23:37.118133900Z,dataset_9/uvl/automotive02_01.uvl,1921,2074,1,1.399482,453.832867,717.204796
1922,2026-09-30T22:23:39.196907300Z,dataset_9/uvl/automotive02_01.uvl,1922,2074,1,2.077754,455.910621,719.282953
1923,2026-09-30T22:23:43.205751100Z,dataset_9/uvl/automotive02_01.uvl,1923,2074,1,4.009115,459.919736,723.292745
1924,2026-09-30T22:23:50.792185300Z,dataset_9/uvl/automotive02_01.uvl,1924,2074,1,7.585007,467.504743,730.878552
1925,2026-09-30T22:23:56.001292600Z,dataset_9/uvl/automotive02_01.uvl,1925,2074,1,5.207955,472.712698,736.087132
1926,2026-09-30T22:24:01.005875700Z,dataset_9/uvl/automotive02_01.uvl,1926,2074,1,5.004442,477.717140,741.092310
1927,2026-09-30T22:24:05.842852100Z,dataset_9/uvl/automotive02_01.uvl,1927,2074,1,4.836545,482.553685,745.929598
1928,2026-09-30T22:24:10.690482900Z,dataset_9/uvl/automotive02_01.uvl,1928,2074,1,4.846367,487.400053,750.776808
1929,2026-09-30T22:24:15.130052Z,dataset_9/uvl/automotive02_01.uvl,1929,2074,1,4.438678,491.838730,755.216280
1930,2026-09-30T22:24:19.582286400Z,dataset_9/uvl/automotive02_01.uvl,1930,2074,1,4.451718,496.290449,759.668728
1931,2026-09-30T22:24:29.297025500Z,dataset_9/uvl/automotive02_01.uvl,1931,2074,1,9.713617,506.004065,769.383072
1932,2026-09-30T22:24:47.596830600Z,dataset_9/uvl/automotive02_01.uvl,1932,2074,1,18.298835,524.302900,787.682597
1933,2026-09-30T22:24:54.472223400Z,dataset_9/uvl/automotive02_01.uvl,1933,2074,1,6.875267,531.178167,794.558550
1934,2026-09-30T22:25:03.388512500Z,dataset_9/uvl/automotive02_01.uvl,1934,2074,1,8.915087,540.093254,803.474327
1935,2026-09-30T22:25:24.676748700Z,dataset_9/uvl/automotive02_01.uvl,1935,2074,1,21.288370,561.381624,824.763384
1936,2026-09-30T22:25:36.651793300Z,dataset_9/uvl/automotive02_01.uvl,1936,2074,1,11.973735,573.355359,836.737736
1937,2026-09-30T22:25:54.243143900Z,dataset_9/uvl/automotive02_01.uvl,1937,2074,1,17.590345,590.945704,854.328852
1938,2026-09-30T22:26:30.611619900Z,dataset_9/uvl/automotive02_01.uvl,1938,2074,1,36.368710,627.314414,890.698251
1939,2026-09-30T22:26:48.979777500Z,dataset_9/uvl/automotive02_01.uvl,1939,2074,1,18.367242,645.681656,909.066177
1940,2026-09-30T22:27:09.425810100Z,dataset_9/uvl/automotive02_01.uvl,1940,2074,1,20.444728,666.126384,929.511603
1941,2026-09-30T22:27:30.746531Z,dataset_9/uvl/automotive02_01.uvl,1941,2074,1,21.320208,687.446592,950.832467
1942,2026-09-30T22:27:53.782446700Z,dataset_9/uvl/automotive02_01.uvl,1942,2074,1,23.036076,710.482668,973.869251
1943,2026-09-30T22:28:15.844832300Z,dataset_9/uvl/automotive02_01.uvl,1943,2074,1,22.060928,732.543596,995.930866
1944,2026-09-30T22:28:58.028520800Z,dataset_9/uvl/automotive02_01.uvl,1944,2074,1,42.183032,774.726628,1038.114543
1945,2026-09-30T22:30:47.448121200Z,dataset_9/uvl/automotive02_01.uvl,1945,2074,1,109.418645,884.145274,1147.533886
1946,2026-09-30T22:32:41.498556Z,dataset_9/uvl/automotive02_01.uvl,1946,2074,1,114.049676,998.194949,1261.584230
1947,2026-09-30T22:34:37.760827300Z,dataset_9/uvl/automotive02_01.uvl,1947,2074,1,116.262411,1114.457360,1377.847400
1948,2026-09-30T22:36:52.196904Z,dataset_9/uvl/automotive02_01.uvl,1948,2074,1,135.932751,1250.390111,1513.780889
1949,2026-09-30T22:38:59.583358700Z,dataset_9/uvl/automotive02_01.uvl,1949,2074,1,127.385546,1377.775657,1641.167125
1950,2026-09-30T22:41:12.048862700Z,dataset_9/uvl/automotive02_01.uvl,1950,2074,1,132.464927,1510.240584,1773.632821
1951,2026-09-30T22:43:29.242284100Z,dataset_9/uvl/automotive02_01.uvl,1951,2074,1,137.193092,1647.433675,1910.826647
1952,2026-09-30T22:45:51.005184600Z,dataset_9/uvl/automotive02_01.uvl,1952,2074,1,141.762035,1789.195710,2052.589454
1953,2026-09-30T22:48:17.257035500Z,dataset_9/uvl/automotive02_01.uvl,1953,2074,1,146.250814,1935.446524,2198.841046
1954,2026-09-30T22:50:44.847166Z,dataset_9/uvl/automotive02_01.uvl,1954,2074,1,147.589452,2083.035976,2346.431235
1955,2026-09-30T22:53:19.889538300Z,dataset_9/uvl/automotive02_01.uvl,1955,2074,1,155.041583,2238.077559,2501.473787
1956,2026-09-30T22:56:00.113743100Z,dataset_9/uvl/automotive02_01.uvl,1956,2074,1,160.222992,2398.300551,2661.697592
1957,2026-09-30T22:58:42.813817800Z,dataset_9/uvl/automotive02_01.uvl,1957,2074,1,162.699381,2560.999931,2824.397798
1958,2026-09-30T23:01:31.769696200Z,dataset_9/uvl/automotive02_01.uvl,1958,2074,1,168.955089,2729.955020,2993.353641
1959,2026-09-30T23:04:24.148871200Z,dataset_9/uvl/automotive02_01.uvl,1959,2074,1,172.378218,2902.333238,3165.732551
1960,2026-09-30T23:07:21.204949200Z,dataset_9/uvl/automotive02_01.uvl,1960,2074,1,177.056566,3079.389804,3342.789823
1961,2026-09-30T23:10:20.658212500Z,dataset_9/uvl/automotive02_01.uvl,1961,2074,1,179.451368,3258.841172,3522.241988
1962,2026-09-30T23:13:23.789076100Z,dataset_9/uvl/automotive02_01.uvl,1962,2074,1,183.130477,3441.971650,3705.373220
1963,2026-09-30T23:16:36.824236700Z,dataset_9/uvl/automotive02_01.uvl,1963,2074,1,193.034052,3635.005701,3898.408101
1964,2026-09-30T23:19:56.859303600Z,dataset_9/uvl/automotive02_01.uvl,1964,2074,1,200.034549,3835.040250,4098.443422
1965,2026-09-30T23:23:14.772045500Z,dataset_9/uvl/automotive02_01.uvl,1965,2074,1,197.911712,4032.951962,4296.355901
1966,2026-09-30T23:26:37.485594200Z,dataset_9/uvl/automotive02_01.uvl,1966,2074,1,202.333832,4235.285794,4499.069701
1967,2026-09-30T23:30:03.557581300Z,dataset_9/uvl/automotive02_01.uvl,1967,2074,1,206.071423,4441.357216,4705.141863
1968,2026-09-30T23:33:34.139024400Z,dataset_9/uvl/automotive02_01.uvl,1968,2074,1,210.580441,4651.937657,4915.722994
1969,2026-09-30T23:37:07.225538500Z,dataset_9/uvl/automotive02_01.uvl,1969,2074,1,213.085938,4865.023595,5128.809632
1970,2026-09-30T23:40:46.971801100Z,dataset_9/uvl/automotive02_01.uvl,1970,2074,1,219.745300,5084.768895,5348.555673
1971,2026-09-30T23:44:29.773242800Z,dataset_9/uvl/automotive02_01.uvl,1971,2074,1,222.800873,5307.569768,5571.357312
1972,2026-09-30T23:48:16.228034900Z,dataset_9/uvl/automotive02_01.uvl,1972,2074,1,226.453816,5534.023584,5797.811827
1973,2026-09-30T23:52:06.184565300Z,dataset_9/uvl/automotive02_01.uvl,1973,2074,1,229.955816,5763.979400,6027.768354
1974,2026-09-30T23:56:00.557564900Z,dataset_9/uvl/automotive02_01.uvl,1974,2074,1,234.373328,5998.352727,6262.142471
1975,2026-10-01T00:00:00.504143300Z,dataset_9/uvl/automotive02_01.uvl,1975,2074,1,239.945421,6238.298149,6502.088586
1976,2026-10-01T00:04:03.457033800Z,dataset_9/uvl/automotive02_01.uvl,1976,2074,1,242.951936,6481.250085,6745.041286
1977,2026-10-01T00:08:09.543174400Z,dataset_9/uvl/automotive02_01.uvl,1977,2074,1,246.084816,6727.334901,6991.127132
1978,2026-10-01T00:12:24.061553500Z,dataset_9/uvl/automotive02_01.uvl,1978,2074,1,254.517701,6981.852602,7245.645620
1979,2026-10-01T00:16:45.504567600Z,dataset_9/uvl/automotive02_01.uvl,1979,2074,1,260.844863,7242.697465,7507.088836
1980,2026-10-01T00:21:02.982075500Z,dataset_9/uvl/automotive02_01.uvl,1980,2074,1,257.476579,7500.174045,7764.566306
1981,2026-10-01T00:25:26.286233200Z,dataset_9/uvl/automotive02_01.uvl,1981,2074,1,263.302687,7763.476732,8027.869862
1982,2026-10-01T00:29:54.218879900Z,dataset_9/uvl/automotive02_01.uvl,1982,2074,1,267.931911,8031.408642,8295.802584
1983,2026-10-01T00:34:25.648886400Z,dataset_9/uvl/automotive02_01.uvl,1983,2074,1,271.430002,8302.838644,8567.233353
1984,2026-10-01T00:39:00.634882400Z,dataset_9/uvl/automotive02_01.uvl,1984,2074,1,274.985496,8577.824140,8842.219614
1985,2026-10-01T00:43:40.942669600Z,dataset_9/uvl/automotive02_01.uvl,1985,2074,1,280.306908,8858.131048,9122.527163
1986,2026-10-01T00:48:25.039153700Z,dataset_9/uvl/automotive02_01.uvl,1986,2074,1,284.095152,9142.226200,9406.623061
1987,2026-10-01T00:53:12.561055500Z,dataset_9/uvl/automotive02_01.uvl,1987,2074,1,287.521208,9429.747407,9694.144979
1988,2026-10-01T00:58:03.946497500Z,dataset_9/uvl/automotive02_01.uvl,1988,2074,1,291.384089,9721.131496,9985.529992
1989,2026-10-01T01:03:00.415301100Z,dataset_9/uvl/automotive02_01.uvl,1989,2074,1,296.468752,10017.600248,10281.999491
1990,2026-10-01T01:08:00.276826300Z,dataset_9/uvl/automotive02_01.uvl,1990,2074,1,299.860248,10317.460496,10581.860500
1991,2026-10-01T01:13:04.080888200Z,dataset_9/uvl/automotive02_01.uvl,1991,2074,1,303.803635,10621.264131,10885.664843
1992,2026-10-01T01:18:12.645128500Z,dataset_9/uvl/automotive02_01.uvl,1992,2074,1,308.563963,10929.828093,11194.229542
1993,2026-10-01T01:23:23.472466Z,dataset_9/uvl/automotive02_01.uvl,1993,2074,1,310.825744,11240.653837,11505.056040
1994,2026-10-01T01:28:38.361860100Z,dataset_9/uvl/automotive02_01.uvl,1994,2074,1,314.889296,11555.543133,11819.945988
1995,2026-10-01T01:33:58.830189Z,dataset_9/uvl/automotive02_01.uvl,1995,2074,1,320.467632,11876.010765,12140.414310
1996,2026-10-01T01:39:22.769849200Z,dataset_9/uvl/automotive02_01.uvl,1996,2074,1,323.939493,12199.950258,12464.354600
1997,2026-10-01T01:44:52.683183200Z,dataset_9/uvl/automotive02_01.uvl,1997,2074,1,329.912194,12529.862453,12794.267558
1998,2026-10-01T01:50:23.742531500Z,dataset_9/uvl/automotive02_01.uvl,1998,2074,1,331.057751,12860.920204,13125.326017
1999,2026-10-01T01:55:59.402109400Z,dataset_9/uvl/automotive02_01.uvl,1999,2074,1,335.659280,13196.579484,13460.986044
2000,2026-10-01T02:01:39.372890900Z,dataset_9/uvl/automotive02_01.uvl,2000,2074,1,339.969705,13536.549189,13800.956473
2001,2026-10-01T02:07:22.092248700Z,dataset_9/uvl/automotive02_01.uvl,2001,2074,1,342.719081,13879.268269,14143.676384
2002,2026-10-01T02:13:08.378589800Z,dataset_9/uvl/automotive02_01.uvl,2002,2074,1,346.285130,14225.553399,14489.962241
2003,2026-10-01T02:19:00.902408100Z,dataset_9/uvl/automotive02_01.uvl,2003,2074,1,352.523413,14578.076812,14842.486334
2004,2026-10-01T02:24:55.415150100Z,dataset_9/uvl/automotive02_01.uvl,2004,2074,1,354.512113,14932.588924,15196.999134
2005,2026-10-01T02:30:56.621087100Z,dataset_9/uvl/automotive02_01.uvl,2005,2074,1,361.205823,15293.794747,15558.205682
2006,2026-10-01T02:37:01.017161800Z,dataset_9/uvl/automotive02_01.uvl,2006,2074,1,364.394275,15658.189023,15922.600785
2007,2026-10-01T02:43:09.541155200Z,dataset_9/uvl/automotive02_01.uvl,2007,2074,1,368.523178,16026.712201,16291.124668
2008,2026-10-01T02:49:24.589260Z,dataset_9/uvl/automotive02_01.uvl,2008,2074,1,374.496449,16401.208650,16666.173181
2009,2026-10-01T02:55:39.261663800Z,dataset_9/uvl/automotive02_01.uvl,2009,2074,1,374.671715,16775.880364,17040.845659
2010,2026-10-01T03:01:59.018690900Z,dataset_9/uvl/automotive02_01.uvl,2010,2074,1,379.756615,17155.636979,17420.603055
