input_file,feature_count,core_feature_count,core_feature_names,dead_feature_count,dead_feature_names
dataset_1/uvl/dm_mobile_phone.csv.uvl,11,0,,0,
dataset_12/uvl/axTLS.uvl,96,24,CONFIG_BIGINT_MONTGOMERY_alt; CONFIG_BIGINT_SQUARE; CONFIG_BINDINGS; CONFIG_DOT_NET_FRAMEWORK_BASE; CONFIG_EXTRA_CFLAGS_OPTIONS; CONFIG_EXTRA_LDFLAGS_OPTIONS; CONFIG_HTTP_HTTPS_PORT; CONFIG_HTTP_PORT; CONFIG_HTTP_SESSION_CACHE_SIZE; CONFIG_HTTP_TIMEOUT; CONFIG_HTTP_WEBROOT; CONFIG_PLATFORM_LINUX_alt; CONFIG_SSL_CERT_VERIFICATION_alt; CONFIG_SSL_EXPIRY_TIME; CONFIG_SSL_HAS_PEM; CONFIG_SSL_MAX_CERTS; CONFIG_SSL_PRIVATE_KEY_PASSWORD; CONFIG_SSL_PROT_HIGH_alt; CONFIG_SSL_X509_CERT_LOCATION; CONFIG_VISUAL_STUDIO_7_0_BASE; CONFIG_VISUAL_STUDIO_8_0_BASE; CONFIG_VISUAL_STUDIO_8_0_alt; CONFIG_X509_MAX_CA_CERTS; PREFIX,12,CONFIG_DEBUG; CONFIG_PLATFORM_WIN32; CONFIG_SSL_GENERATE_X509_CERT; CONFIG_SSL_PRIVATE_KEY_LOCATION; CONFIG_SSL_SERVER_ONLY; CONFIG_SSL_SKELETON_MODE; CONFIG_SSL_USE_DEFAULT_KEY; CONFIG_SSL_X509_COMMON_NAME; CONFIG_SSL_X509_ORGANIZATION_NAME; CONFIG_SSL_X509_ORGANIZATION_UNIT_NAME; CONFIG_STRIP_UNWANTED_SECTIONS; CONFIG_WIN32_USE_CRYPTO_LIB
dataset_12/uvl/uClibc.uvl,313,41,ARCH_WANTS_LITTLE_ENDIAN_alt; CONFIG_386_alt; CONFIG_ARM926T_alt; CONFIG_ARM_EABI_alt; CONFIG_AVR32_AP7; CONFIG_AVR32_AP7_alt; CONFIG_CLASSIC_alt; CONFIG_CRISV32_alt; CONFIG_H8S_alt; CONFIG_MIPS_ISA_1_alt; CONFIG_MIPS_O32_ABI_alt; CONFIG_SH4_alt; CONFIG_SH5; CONFIG_SH5_alt; CONFIG_SPARC_V9_alt; CROSS_COMPILER_PREFIX; DESIRED_TARGET_ARCH; DEVEL_PREFIX; KERNEL_HEADERS; LINUXTHREADS_OLD_alt; MALLOC_alt; MULTILIB_DIR; RUNTIME_PREFIX; TARGET_ARCH; TARGET_SUBARCH; TARGET_i960_alt; UCLIBC_BUILD_ALL_LOCALE_alt; UCLIBC_BUILD_MINIMAL_LOCALE; UCLIBC_BUILD_MINIMAL_LOCALES; UCLIBC_EXTRA_CFLAGS; UCLIBC_FORMAT_FLAT_SEP_DATA_alt; UCLIBC_FORMAT_SHARED_FLAT; UCLIBC_GRP_BUFFER_SIZE; UCLIBC_HAS_LOCALE; UCLIBC_HAS_STDIO_BUFSIZ_512_alt; UCLIBC_HAS_STDIO_BUILTIN_BUFFER_4_alt; UCLIBC_PRINTF_SCANF_POSITIONAL_ARGS; UCLIBC_PWD_BUFFER_SIZE; UCLIBC_SHARED_FLAT_ID; UCLIBC_UCLINUX_BROKEN_MUNMAP; WARNINGS,27,ARCH_ANY_ENDIAN; ARCH_HAS_NO_LDSO; ARCH_HAS_NO_MMU; ARCH_LITTLE_ENDIAN; ARCH_USE_MMU; DO_C99_MATH; DO_XSI_MATH; MALLOC_STANDARD; UCLIBC_BUILD_ALL_LOCALE; UCLIBC_DOWNLOAD_PREGENERATED_LOCALE_DATA; UCLIBC_FORMAT_ELF; UCLIBC_FORMAT_FDPIC_ELF; UCLIBC_FORMAT_FLAT; UCLIBC_FORMAT_FLAT_SEP_DATA; UCLIBC_HAS_CRYPT; UCLIBC_HAS_CRYPT_IMPL; UCLIBC_HAS_CRYPT_STUB; UCLIBC_HAS_FENV; UCLIBC_HAS_FLOATS; UCLIBC_HAS_FPU; UCLIBC_HAS_GLIBC_DIGIT_GROUPING; UCLIBC_HAS_HEXADECIMAL_FLOATS; UCLIBC_HAS_LONG_DOUBLE_MATH; UCLIBC_HAS_SCANF_LENIENT_DIGIT_GROUPING; UCLIBC_HAS_SOFT_FLOAT; UCLIBC_PREGENERATED_LOCALE_DATA; USE_OLD_VFPRINTF
dataset_12/uvl/uClinux-base.uvl,380,114,DEFAULTS_3COM_XCOPILOT_alt; DEFAULTS_ACTIONTEC_DPCM; DEFAULTS_ACTIONTEC_DPCM_alt; DEFAULTS_ADI_COYOTE; DEFAULTS_ADI_COYOTE_alt; DEFAULTS_AKIZUKI_AE3068; DEFAULTS_AKIZUKI_AE3068_alt; DEFAULTS_ALTERA_NIOS2NOMMU; DEFAULTS_ALTERA_NIOS2NOMMU_alt; DEFAULTS_APPLE_IPOD; DEFAULTS_APPLE_IPOD_alt; DEFAULTS_ARCTURUS_UC68VZ328_8E8L33_alt; DEFAULTS_ARNEWSH_M5307_alt; DEFAULTS_ATHEROS_PB42; DEFAULTS_ATHEROS_PB42_alt; DEFAULTS_ATMARKTECHNO_SUZAKU_alt; DEFAULTS_ATMEL_AT91; DEFAULTS_ATMEL_AT91_alt; DEFAULTS_AVNET_AVNET5282; DEFAULTS_AVNET_AVNET5282_alt; DEFAULTS_CIRRUS_EDB9312; DEFAULTS_CIRRUS_EDB9312_alt; DEFAULTS_COGENT_CSB337; DEFAULTS_COGENT_CSB337_alt; DEFAULTS_CONEXANT_P52_alt; DEFAULTS_CWLINUX_CWEZ328_alt; DEFAULTS_CYBERGUARD_SE5100_alt; DEFAULTS_CYTEK_NETMP3; DEFAULTS_CYTEK_NETMP3_alt; DEFAULTS_EMAC_SOM5282EM; DEFAULTS_EMAC_SOM5282EM_alt; DEFAULTS_ESPD_4510B; DEFAULTS_ESPD_4510B_alt; DEFAULTS_ETSEC_GATEWAY; DEFAULTS_ETSEC_GATEWAY_alt; DEFAULTS_EXYS_DE2; DEFAULTS_EXYS_DE2_alt; DEFAULTS_FEITH_SCALES_alt; DEFAULTS_FREESCALE_M5206EC3_alt; DEFAULTS_FUTURE_FUTURENETBURNER5282BADGE; DEFAULTS_FUTURE_FUTURENETBURNER5282BADGE_alt; DEFAULTS_GDB_ARMULATOR_alt; DEFAULTS_HITACHI_EDOSK2674_alt; DEFAULTS_IMT_MWI; DEFAULTS_IMT_MWI_alt; DEFAULTS_INSIGHT_XC2V1K_MICROBLAZE_alt; DEFAULTS_INTEC_WILDFIREMOD_alt; DEFAULTS_INTEL_TOLAPAI_EP80579_alt; DEFAULTS_KERNEL_2_0_alt; DEFAULTS_LEOX_TSIM; DEFAULTS_LEOX_TSIM_alt; DEFAULTS_LIBC_NONE_alt; DEFAULTS_MCAFEE_SG590_alt; DEFAULTS_MECEL_FR1000; DEFAULTS_MECEL_FR1000_alt; DEFAULTS_MICREL_KS8695_alt; DEFAULTS_MIDAS_RTE_V850E_MA1_CB_alt; DEFAULTS_NEC_ANNA_alt; DEFAULTS_NETBURNER_CFV240_alt; DEFAULTS_NETSILICON_NET_ARM; DEFAULTS_NETSILICON_NET_ARM_alt; DEFAULTS_NINTENDO_GBA; DEFAULTS_NINTENDO_GBA_alt; DEFAULTS_NXP_LPC28XX; DEFAULTS_NXP_LPC28XX_alt; DEFAULTS_OPENCORES_OR32; DEFAULTS_OPENCORES_OR32_alt; DEFAULTS_OPENGEAR_CM41XX_alt; DEFAULTS_PHILIPS_LPC2200_alt; DEFAULTS_PROMISE_SX6; DEFAULTS_PROMISE_SX6_alt; DEFAULTS_SAMSUNG_4510B; DEFAULTS_SAMSUNG_4510B_alt; DEFAULTS_SAVANT_ROSIE1; DEFAULTS_SAVANT_ROSIE1_alt; DEFAULTS_SECURECOMPUTING_SE5100_alt; DEFAULTS_SECUREEDGE_ELIA_alt; DEFAULTS_SENTEC_COBRA5329_alt; DEFAULTS_SERRA_MFC3000; DEFAULTS_SERRA_MFC3000_alt; DEFAULTS_SIGNAL_MCP751; DEFAULTS_SIGNAL_MCP751_alt; DEFAULTS_SIMTEC_EB675001DIP_SSH_alt; DEFAULTS_SIMTEC_alt; DEFAULTS_SNAPGEAR_SME530_alt; DEFAULTS_SNEHA_CPU16B; DEFAULTS_SNEHA_CPU16B_alt; DEFAULTS_SOEKRIS_NET4801; DEFAULTS_SOEKRIS_NET4801_alt; DEFAULTS_SONY_CLIE; DEFAULTS_SONY_CLIE_alt; DEFAULTS_SSV_DNP5280; DEFAULTS_SSV_DNP5280_alt; DEFAULTS_STRAWBERRYLINUX_H8MAX; DEFAULTS_STRAWBERRYLINUX_H8MAX_alt; DEFAULTS_SWARM_SWARM; DEFAULTS_SWARM_SWARM_alt; DEFAULTS_TELEIP_RSC; DEFAULTS_TELEIP_RSC_alt; DEFAULTS_TI_DM270_alt; DEFAULTS_TRISCEND_DEVA7_alt; DEFAULTS_UNITAB_SG310; DEFAULTS_UNITAB_SG310_alt; DEFAULTS_VIA_EPIA; DEFAULTS_VIA_EPIA_alt; DEFAULTS_WEISS_SM2010; DEFAULTS_WEISS_SM2010_alt; DEFAULTS_XILINX_UCLINUX_AUTO_alt; DISTVERSION; GLIBC_2_3_6_alt; LIBCDIR; LINUXDIR; PRODUCT; VENDOR,68,DEFAULTS_ACTIONTEC; DEFAULTS_ADI; DEFAULTS_AKIZUKI; DEFAULTS_ALTERA; DEFAULTS_APPLE; DEFAULTS_ARCTURUS; DEFAULTS_ARNEWSH; DEFAULTS_ATHEROS; DEFAULTS_ATMARKTECHNO; DEFAULTS_ATMEL; DEFAULTS_AVNET; DEFAULTS_CIRRUS; DEFAULTS_COGENT; DEFAULTS_CONEXANT; DEFAULTS_CWLINUX; DEFAULTS_CYBERGUARD; DEFAULTS_CYTEK; DEFAULTS_EMAC; DEFAULTS_ESPD; DEFAULTS_ETSEC; DEFAULTS_EXYS; DEFAULTS_FEITH; DEFAULTS_FREESCALE; DEFAULTS_FUTURE; DEFAULTS_GDB; DEFAULTS_HITACHI; DEFAULTS_IMT; DEFAULTS_INSIGHT; DEFAULTS_INTEC; DEFAULTS_INTEL; DEFAULTS_KERNEL_2_4; DEFAULTS_LEOX; DEFAULTS_LIBC_GLIBC; DEFAULTS_LIBC_UC_LIBC; DEFAULTS_MCAFEE; DEFAULTS_MECEL; DEFAULTS_MICREL; DEFAULTS_MIDAS; DEFAULTS_NEC; DEFAULTS_NETBURNER; DEFAULTS_NETSILICON; DEFAULTS_NINTENDO; DEFAULTS_NXP; DEFAULTS_OPENCORES; DEFAULTS_OPENGEAR; DEFAULTS_PHILIPS; DEFAULTS_PROMISE; DEFAULTS_SAMSUNG; DEFAULTS_SAVANT; DEFAULTS_SECURECOMPUTING; DEFAULTS_SECUREEDGE; DEFAULTS_SENTEC; DEFAULTS_SERRA; DEFAULTS_SIGNAL; DEFAULTS_SIMTEC; DEFAULTS_SNAPGEAR; DEFAULTS_SNEHA; DEFAULTS_SOEKRIS; DEFAULTS_SONY; DEFAULTS_SSV; DEFAULTS_STRAWBERRYLINUX; DEFAULTS_SWARM; DEFAULTS_TELEIP; DEFAULTS_TI; DEFAULTS_TRISCEND; DEFAULTS_UNITAB; DEFAULTS_VIA; DEFAULTS_WEISS
dataset_16/uvl/chat_system.uvl,10,2,Connection; Messages,0,
dataset_17/uvl/ovm_MPPL.ovm.uvl,10,0,,0,
dataset_18/uvl/ovm_OnlineShop.ovm.uvl,14,3,Catalog; Payment; Product Selection,0,
dataset_2/uvl/dm_ASEJ1.csv.uvl,109,0,,0,
dataset_2/uvl/dm_DOPLERTools.csv.uvl,50,0,,0,
dataset_2/uvl/dm_DissModel.csv.uvl,116,0,,0,
dataset_20/uvl/DELL-LAPTOP-NOTEBOOK-FM.uvl,47,7,harddrive; laptopweight; memory; operatingsystem; price; processor; productcategory,0,
dataset_20/uvl/REAL-FM-1.uvl,88,11,Directionality; LHS/RHS; Organizational_Structure; Rule_application_strategy; Rule_organization; Rule_scheduling; Rule_selection; Source-Target_relationship; Tracing; Transformation_rules; _Form,0,
dataset_20/uvl/REAL-FM-10.uvl,14,4,follow_me; logon; user_localize; user_pos_method,0,
dataset_20/uvl/REAL-FM-11.uvl,67,36,_id_1; _id_10; _id_11; _id_12; _id_15; _id_16; _id_17; _id_18; _id_2; _id_22; _id_3; _id_32; _id_33; _id_4; _id_43; _id_44; _id_45; _id_46; _id_47; _id_48; _id_49; _id_5; _id_50; _id_51; _id_52; _id_54; _id_55; _id_56; _id_57; _id_58; _id_59; _id_6; _id_60; _id_64; sprinkler; water,0,
dataset_20/uvl/REAL-FM-12.uvl,14,2,_id_1; _id_2,0,
dataset_20/uvl/REAL-FM-13.uvl,12,2,rack; sizes,0,
dataset_20/uvl/REAL-FM-14.uvl,18,2,backup; backup_extension,0,
dataset_20/uvl/REAL-FM-15.uvl,25,7,alpha_sort; arch_style; case_sensitivity; circular_shift; input_output; order; shift_data,0,
dataset_20/uvl/REAL-FM-16.uvl,26,6,_play; control; play; remote; server_pc; video,0,
dataset_20/uvl/REAL-FM-17.uvl,25,8,acceptance; conditions; coverage; exception; insured_object; payee; payment; premium,0,
dataset_20/uvl/REAL-FM-18.uvl,44,7,analysis; database; interaction; language_analysis; localization; main_pages; presentation,0,
dataset_20/uvl/REAL-FM-19.uvl,30,10,add; connector_add; delete; entity_add; graph_manipulation; move; moving_mode; select; selection_mode; services,2,compose_do_undo_redo; layer_adjust_do_undo_redo
dataset_20/uvl/REAL-FM-2.uvl,23,5,data_source; format; language; measurements; output_format,0,
dataset_20/uvl/REAL-FM-20.uvl,44,1,thread_instance,0,
dataset_20/uvl/REAL-FM-3.uvl,43,3,cont; static; web_server,0,
dataset_20/uvl/REAL-FM-4.uvl,290,29,_id_117; _id_118; _id_139; _id_162; _id_163; _id_254; _id_255; _id_256; _id_257; _id_258; _id_260; _id_261; _id_262; _id_263; _id_78; _id_79; _id_80; _id_83; _id_84; _id_93; basic_information; business_management; buy_paths; buy_paths_288_289; buy_paths_288_289_290; catalog; product_information; product_type; store_front,0,
dataset_20/uvl/REAL-FM-5.uvl,17,4,_r_19; _r_19_20_27; _r_3; _r_3_4_5,5,_r_10_11_13; _r_19_20_23; _r_19_20_25; _r_19_20_26; _r_3_4_6
dataset_20/uvl/REAL-FM-6.uvl,11,2,accu_cell; display,0,
dataset_20/uvl/REAL-FM-7.uvl,14,1,interface,0,
dataset_20/uvl/REAL-FM-8.uvl,17,10,engine; engine_performance; exhaust_level_temp; fuel_consumption; measures; methods; oil; rpm; temperatures; transmission,0,
dataset_20/uvl/REAL-FM-9.uvl,14,4,core; gui; modules; user_mngt,0,
dataset_20/uvl/aircraft_fm.uvl,13,2,Materials; Wing,0,
dataset_20/uvl/arcade_game_pl_fm.uvl,61,17,Animation_Loop; Board; Class_Diagram; Exit_Game; Game_Menu; Initialization; Install_Game; List_Game; Menu; Play_Game; Point; Rectangle; Save_Game; Size; Uninstall_Game; Use_Cases; game_sprite,0,
dataset_20/uvl/car_fm.uvl,14,1,_id_5,0,
dataset_20/uvl/cfdp_library_fm.uvl,13,0,,0,
dataset_20/uvl/connector_fm.uvl,20,2,Paradigm; Technology,0,
dataset_20/uvl/fame_dbms_fm.uvl,21,4,API; Buffer_Manager; OS; Storage,0,
dataset_20/uvl/model_20090801_1908323193.uvl,13,0,,0,
dataset_20/uvl/model_20091009_1552375070.uvl,37,9,_r_1; _r_1_72; _r_1_85; _r_6; _r_6_14; _r_6_60; _r_6_62; _r_6_76; _r_6_81,0,
dataset_20/uvl/model_20091015_449909368.uvl,10,3,_r_1; _r_1_4; _r_2,0,
dataset_20/uvl/model_20091109_376438407.uvl,22,7,_r_1; _r_18; _r_18_19; _r_2; _r_22; _r_22_23; _r_3,0,
dataset_20/uvl/model_20091129_1734444143.uvl,12,3,_r_1; _r_2; _r_2_9,0,
dataset_20/uvl/model_20091205_755658379.uvl,94,36,_r_1; _r_1_20; _r_1_20_21; _r_1_20_21_25; _r_1_20_26; _r_1_5; _r_1_72; _r_2; _r_2_34; _r_2_58; _r_2_62; _r_2_76; _r_2_78; _r_2_78_80; _r_2_86; _r_2_86_87; _r_2_86_88; _r_3; _r_4; _r_4_69; _r_4_89; _r_4_89_90; _r_4_89_91; _r_4_89_92; _r_51; _r_51_52; _r_51_54; _r_51_54_55; _r_51_54_56; _r_51_54_58; _r_51_70; _r_51_97; _r_51_98; _r_93; _r_93_94; _r_93_95,0,
dataset_20/uvl/model_20091206_1647557456.uvl,10,1,_r_1,0,
dataset_20/uvl/model_20091210_241985787.uvl,16,1,_r_3,0,
dataset_20/uvl/model_20091210_993249741.uvl,29,7,_r_1; _r_2; _r_2_10; _r_2_13; _r_2_25; _r_2_3; _r_2_8,0,
dataset_20/uvl/model_20091219_494647199.uvl,11,5,_r_1; _r_2; _r_3; _r_4; _r_4_5,0,
dataset_20/uvl/model_20091225_1547989376.uvl,29,3,_r_1; _r_1_13; _r_1_22,0,
dataset_20/uvl/model_20100106_985255768.uvl,20,3,_r_1; _r_2; _r_3,0,
dataset_20/uvl/model_20100213_206550190.uvl,38,11,_r_1; _r_1_15; _r_1_16; _r_1_23; _r_1_37; _r_1_7; _r_2; _r_2_27; _r_2_34; _r_30; _r_30_33,1,_r_1_7_8_13
dataset_20/uvl/model_20100216_713947806.uvl,12,8,_r_11; _r_2; _r_3; _r_4; _r_5; _r_7; _r_8; _r_9,0,
dataset_20/uvl/model_20100308_1032655961.uvl,15,5,_r_1; _r_10; _r_1_2; _r_1_2_4; _r_1_3,0,
dataset_20/uvl/model_20100308_1355834007.uvl,20,0,,0,
dataset_20/uvl/model_20100321_1548012375.uvl,18,3,_r_1; _r_1_15; _r_1_15_16,0,
dataset_20/uvl/model_20100322_955726153.uvl,20,7,_r_1; _r_11; _r_11_12; _r_1_10; _r_1_2; _r_1_3; _r_1_9,0,
dataset_20/uvl/model_20100324_1996898492.uvl,11,7,_r_1; _r_2; _r_3; _r_3_8; _r_4; _r_5; _r_7,1,_r_2_10
dataset_20/uvl/model_20100325_298677687.uvl,10,2,_r_1; _r_8,0,
dataset_20/uvl/model_20100326_770562654.uvl,27,5,_r_1; _r_13; _r_14; _r_15; _r_20,0,
dataset_20/uvl/model_20100412_337845737.uvl,10,9,_r_2; _r_2_14; _r_2_15; _r_2_16; _r_2_18; _r_3; _r_5; _r_6; _r_7,0,
dataset_20/uvl/model_20100415_240595643.uvl,31,6,_r_2; _r_6; _r_6_10; _r_6_13; _r_6_14; _r_6_7,0,
dataset_20/uvl/model_20100415_947132043.uvl,31,5,_r_2; _r_6; _r_6_13; _r_6_14; _r_6_7,0,
dataset_20/uvl/model_20100416_811483774.uvl,16,0,,0,
dataset_20/uvl/model_20100529_1010171189.uvl,22,5,_r_18; _r_2; _r_6; _r_6_7; _r_6_8,0,
dataset_20/uvl/model_20100607_746327867.uvl,20,4,_r_1; _r_10; _r_10_11; _r_6,0,
dataset_20/uvl/model_20100624_2076952989.uvl,17,2,_r_1; _r_12,0,
dataset_20/uvl/model_20100625_251719781.uvl,16,0,,0,
dataset_20/uvl/model_20100712_329430908.uvl,20,9,_r_1; _r_2; _r_2_18; _r_2_19; _r_3; _r_4; _r_5; _r_5_6; _r_5_7,0,
dataset_20/uvl/model_20100719_944437142.uvl,29,4,_r_19; _r_26; _r_6; _r_7,0,
dataset_20/uvl/model_20100730_1366577700.uvl,32,6,_r_1; _r_2; _r_3; _r_4; _r_5; _r_6,0,
dataset_20/uvl/model_20100805_1484639410.uvl,31,15,_r_1; _r_1_10; _r_1_10_12; _r_1_10_13; _r_1_22; _r_1_27; _r_1_3; _r_1_7; _r_1_8; _r_1_9; _r_2; _r_2_33; _r_2_34; _r_2_38; _r_2_38_41,0,
dataset_20/uvl/model_20100822_281357717.uvl,15,1,_r_1,0,
dataset_20/uvl/model_20100824_837146809.uvl,22,3,_r_1; _r_3; _r_5,0,
dataset_20/uvl/model_20100829_787258873.uvl,57,13,_r_25; _r_25_26; _r_33; _r_33_38; _r_33_46; _r_4; _r_40; _r_47; _r_4_5; _r_4_6; _r_8; _r_8_13; _r_8_20,0,
dataset_20/uvl/model_20100830_561967343.uvl,32,24,__r_13_30; _r_13; _r_13_30; _r_13_31; _r_4; _r_4_10; _r_4_17; _r_4_17_18; _r_4_32; _r_4_9; _r_4_9_11; _r_4_9_14; _r_4_9_15; _r_4_9_16; _r_4_9_28; _r_4_9_29; _r_5; _r_5_6; _r_5_6_26; _r_5_6_27; _r_5_7; _r_5_7_22; _r_5_8; _r_5_8_31,0,
dataset_20/uvl/model_20100831_1378118837.uvl,35,20,_r_14; _r_21; _r_6; _r_6_10; _r_6_10_14; _r_6_10_14_15; _r_6_10_40; _r_7; _r_7_13; _r_7_13_15; _r_7_13_16; _r_7_30; _r_7_30_31; _r_7_30_32; _r_7_30_32_33; _r_7_30_32_34; _r_7_30_32_35; _r_7_36; _r_7_36_37; _r_7_36_39,0,
dataset_20/uvl/model_20100904_226530663.uvl,38,13,_r_1; _r_1_11; _r_2; _r_2_13; _r_3; _r_35; _r_35_36; _r_3_15; _r_4; _r_4_19; _r_6; _r_6_28; _r_8,0,
dataset_20/uvl/model_20100904_330653656.uvl,10,4,_r_1; _r_2; _r_6; _r_7,0,
dataset_20/uvl/model_20100927_1382418986.uvl,10,0,,0,
dataset_20/uvl/model_20101020_1809093990.uvl,20,12,_r_2; _r_2_10; _r_2_5; _r_2_6; _r_2_7; _r_3; _r_3_16; _r_3_17; _r_3_19; _r_4; _r_4_20; _r_4_21,0,
dataset_20/uvl/model_20101024_1938793748.uvl,29,0,,0,
dataset_20/uvl/model_20101104_260803083.uvl,11,2,_r_1; _r_2,0,
dataset_20/uvl/model_20101109_1698100628.uvl,15,2,_r_6; _r_9,0,
dataset_20/uvl/model_20101110_1749898936.uvl,19,4,_r_67; _r_67_40; _r_67_42; _r_92,0,
dataset_20/uvl/model_20101111_156018899.uvl,12,3,_r_1; _r_2; _r_3,0,
dataset_20/uvl/model_20101111_1790887308.uvl,10,2,_r_14; _r_2,0,
dataset_20/uvl/model_20101112_864228137.uvl,137,6,_r_1; _r_3; _r_6; _r_7; _r_7_8; _r_7_9,0,
dataset_20/uvl/model_20101115_2000504462.uvl,72,0,,0,
dataset_20/uvl/model_20101116_1022976130.uvl,34,2,_r_1; _r_39,0,
dataset_20/uvl/model_20101117_1571856147.uvl,10,3,_r_1; _r_5; _r_5_6,0,
dataset_20/uvl/model_20101117_2128796258.uvl,72,14,_r_1; _r_101; _r_24; _r_28; _r_37; _r_42; _r_46; _r_50; _r_54; _r_54_57; _r_61; _r_66; _r_7; _r_76,0,
dataset_20/uvl/model_20101119_1472596180.uvl,25,7,_r_1; _r_14; _r_14_16; _r_1_2; _r_1_3; _r_1_5; _r_1_6,0,
dataset_20/uvl/model_20101120_2091447559.uvl,20,15,_r_2; _r_2_6; _r_2_6_10; _r_2_6_11; _r_2_6_12; _r_2_7; _r_2_8; _r_3; _r_3_4; _r_3_4_13_14; _r_3_4_15_16; _r_3_5; _r_3_5_17_18; _r_3_5_19_20; _r_3_5_21_22,0,
dataset_20/uvl/model_20101123_920943759.uvl,15,7,_r_12_13; _r_3; _r_3_10_11; _r_4; _r_5; _r_6_7; _r_8_9,0,
dataset_20/uvl/model_20101124_661702924.uvl,15,4,_r_1; _r_2; _r_2_12; _r_2_13,0,
dataset_20/uvl/model_20101208_1056693380.uvl,25,20,_r_13; _r_13_14; _r_13_16; _r_13_17; _r_18; _r_18_19; _r_18_21; _r_18_22; _r_23; _r_23_24; _r_23_25; _r_23_27; _r_5; _r_5_6; _r_5_7; _r_5_8; _r_9; _r_9_10; _r_9_11; _r_9_12,0,
dataset_20/uvl/model_20110116_381192414.uvl,60,6,_r_18; _r_18_19; _r_22; _r_22_29; _r_30; _r_30_31,0,
dataset_20/uvl/model_20110124_2116036381.uvl,18,4,_r_1; _r_1_2; _r_1_3; _r_1_4,0,
dataset_20/uvl/model_20110127_1318390760.uvl,13,5,_r_1; _r_1_6; _r_3; _r_3_9; _r_4,0,
dataset_20/uvl/model_20110130_639381749.uvl,12,5,_r_1; _r_11; _r_2; _r_3; _r_6,0,
dataset_20/uvl/model_20110203_1382675896.uvl,14,7,_r_1; _r_2; _r_3; _r_4; _r_5; _r_5_8; _r_7,0,
dataset_20/uvl/model_20110203_2097159983.uvl,18,7,_r_1; _r_2; _r_3; _r_4; _r_5; _r_5_8; _r_7,0,
dataset_20/uvl/model_20110207_906076676.uvl,12,5,_r_1; _r_13_14; _r_2; _r_3; _r_8,0,
dataset_20/uvl/model_20110214_751339643.uvl,56,30,_r_1; _r_1_39; _r_1_39_43_45; _r_1_40; _r_1_46; _r_1_46_47_50; _r_2; _r_2_24; _r_2_25; _r_3; _r_3_10; _r_3_7; _r_3_7_18; _r_3_7_18_20_21; _r_3_7_19; _r_3_7_19_35_36; _r_3_8; _r_3_9; _r_4; _r_46; _r_46_47_55; _r_46_47_56; _r_4_51_53; _r_5; _r_5_12; _r_5_13; _r_5_13_14; _r_5_13_14_15_16; _r_6; _r_6_46_51,18,_r_1_39_43_44; _r_1_41; _r_1_42; _r_1_46_47_48; _r_1_46_47_49; _r_3_7_18_20_22; _r_3_7_19_35_37; _r_3_7_19_35_38; _r_3_8_46; _r_46_47_48; _r_46_47_49; _r_46_47_53; _r_4_51_52; _r_5_13_14_15_17; _r_6_46_47; _r_6_46_48; _r_6_46_49; _r_6_46_50
dataset_20/uvl/model_20110216_1027109687.uvl,12,0,,0,
dataset_20/uvl/model_20110216_608697455.uvl,14,1,_r_11,0,
dataset_20/uvl/model_20110222_2078967171.uvl,48,3,_r_1; _r_1_2; _r_32,0,
dataset_20/uvl/model_20110301_216655728.uvl,10,8,_r_1; _r_1_10_11; _r_1_3; _r_1_4; _r_1_5; _r_1_6; _r_1_8_9; _r_2,0,
dataset_20/uvl/model_20110306_314567479.uvl,14,5,_r_1; _r_18; _r_1_2; _r_1_3; _r_7,0,
dataset_20/uvl/model_20110310_1849309646.uvl,23,5,_r_1; _r_2; _r_3; _r_4; _r_6,0,
dataset_20/uvl/model_20110318_225131257.uvl,15,6,_r_11; _r_15; _r_15_18; _r_19; _r_25; _r_4,0,
dataset_20/uvl/model_20110323_789959080.uvl,15,3,_r_1_2; _r_1_2_3; _r_1_2_4,0,
dataset_20/uvl/model_20110328_1177934440.uvl,18,12,_r_10; _r_10_11; _r_10_12; _r_10_22; _r_14; _r_14_16; _r_14_17; _r_14_19; _r_2; _r_3; _r_3_4; _r_3_6,0,
dataset_20/uvl/model_20110329_10104623.uvl,41,4,_r_1; _r_18; _r_27; _r_8,0,
dataset_20/uvl/model_20110330_919429247.uvl,25,6,_r_18; _r_20; _r_23; _r_23_24; _r_23_25; _r_48,0,
dataset_20/uvl/model_20110401_868452735.uvl,14,3,_r_1; _r_12; _r_2,0,
dataset_20/uvl/model_20110406_1047532859.uvl,29,2,_r_13; _r_2,0,
dataset_20/uvl/model_20110406_353034837.uvl,40,5,_r_1; _r_15; _r_2; _r_36; _r_4,0,
dataset_20/uvl/model_20110406_656545830.uvl,17,8,_r_1; _r_3; _r_3_10; _r_3_11; _r_3_12; _r_3_15; _r_3_20; _r_3_9,0,
dataset_20/uvl/model_20110407_1283128166.uvl,51,9,_r_1; _r_19; _r_19_50; _r_19_55; _r_19_55_56; _r_2; _r_34; _r_34_35; _r_34_36,0,
dataset_20/uvl/model_20110428_1131293346.uvl,13,7,_r_1; _r_1_6; _r_1_6_11; _r_1_6_12; _r_1_6_13; _r_1_6_9; _r_1_7,0,
dataset_20/uvl/model_20110428_553405269.uvl,37,14,AttributesCD; AttributesOD; CDSemantics; CDSemantics_33; ClassesCD; CompletenessCD; CompletenessOD; EmptyOMCD; EmptyOMOD; LinksOD; ODSemantics; ObjectTypingOD; ObjectsOD; TypesOD,0,
dataset_20/uvl/model_20110507_674768061.uvl,40,6,__r_19; _r_13; _r_36; _r_36_40; _r_46; _r_51,0,
dataset_20/uvl/model_20110516_1331478109.uvl,88,42,_r_1; _r_20; _r_20_21; _r_20_21_34; _r_20_21_36; _r_20_21_37; _r_20_21_38; _r_20_21_39; _r_20_21_84; _r_20_21_85; _r_20_21_86; _r_20_21_87; _r_20_21_89; _r_20_21_90; _r_20_21_91; _r_20_22; _r_20_22_41; _r_20_22_61; _r_20_22_92; _r_28; _r_28_29; _r_44; _r_48; _r_49; _r_49_50_51; _r_49_50_52; _r_49_50_54; _r_49_50_58; _r_49_50_59; _r_49_50_60; _r_49_50_62; _r_49_50_68; _r_49_50_69; _r_49_50_70; _r_49_50_71; _r_49_50_72; _r_49_50_76; _r_57; _r_6; _r_79; _r_83; _r_9,0,
dataset_20/uvl/model_20110519_1142211980.uvl,14,6,_r_1; _r_1_5; _r_1_6; _r_3; _r_4; _r_4_9,0,
dataset_20/uvl/model_20110519_503436691.uvl,11,1,_r_1,0,
dataset_20/uvl/model_20110525_1619420630.uvl,45,14,_r_14; _r_14_15; _r_14_15_16; _r_14_15_16_17; _r_14_15_16_17_18; _r_14_19; _r_14_23; _r_14_23_24; _r_28; _r_28_29; _r_35; _r_35_36; _r_35_44; _r_35_48,0,
dataset_20/uvl/model_20110525_564104612.uvl,27,6,_r_1; _r_22; _r_22_23; _r_22_23_27; _r_22_28; _r_22_28_29,0,
dataset_20/uvl/model_20110525_928187171.uvl,14,9,_r_1; _r_1_2; _r_1_3; _r_4; _r_4_5; _r_4_5_6; _r_4_5_7; _r_4_5_8; _r_4_5_9,0,
dataset_20/uvl/model_20110527_1847306763.uvl,63,17,_r12; _r13; _r16; _r2; _r25; _r26; _r28; _r29; _r3; _r30; _r33; _r34; _r39; _r44; _r58; _r61; _r8,0,
dataset_20/uvl/model_20110601_1103941862.uvl,12,4,_r_1; _r_9; _r_9_10; _r_9_11,0,
dataset_20/uvl/model_20110605_1465859222.uvl,17,9,_r_1; _r_17; _r_1_2; _r_1_3; _r_5; _r_5_7; _r_5_7_10; _r_5_7_8; _r_5_7_9,0,
dataset_20/uvl/model_20110622_260389190.uvl,12,4,_r_1; _r_1_14; _r_1_2; _r_8,0,
dataset_20/uvl/model_20110704_328391695.uvl,172,49,_r_1; _r_10; _r_1_163; _r_1_17; _r_1_172; _r_1_26; _r_1_26_28_29; _r_1_27; _r_2; _r_2_11; _r_2_12; _r_2_13; _r_2_14; _r_2_15; _r_2_16; _r_3; _r_3_101; _r_3_102; _r_3_103; _r_3_104; _r_3_164; _r_3_165; _r_3_30; _r_3_31; _r_4; _r_4_32; _r_4_33; _r_4_34; _r_4_35; _r_4_36; _r_4_37; _r_4_39; _r_4_40; _r_5; _r_5_142; _r_5_143; _r_5_41; _r_5_42; _r_5_43; _r_6; _r_65; _r_66; _r_7; _r_8; _r_8_55; _r_9; _r_94; _r_9_56; _r_9_57,0,
dataset_20/uvl/model_20110704_555218409.uvl,11,9,_r_1; _r_10; _r_2; _r_3; _r_4; _r_5; _r_6; _r_7; _r_9,0,
dataset_20/uvl/model_20110712_1373520081.uvl,66,33,_r_1; _r_1_50; _r_1_71; _r_1_71_72; _r_1_71_73; _r_1_74; _r_1_75; _r_2; _r_2_20; _r_2_24; _r_2_28; _r_2_28_29; _r_2_28_30; _r_2_3; _r_2_31; _r_2_31_32; _r_2_31_33; _r_2_34; _r_2_35; _r_2_35_36; _r_2_35_37; _r_2_38; _r_2_38_39; _r_2_38_40; _r_2_41; _r_2_41_42; _r_2_41_43; _r_2_44; _r_2_44_45; _r_2_44_46; _r_2_47; _r_2_47_48; _r_2_47_49,0,
dataset_20/uvl/model_20110715_945252556.uvl,32,2,_r_1; _r_16,0,
dataset_20/uvl/model_20110718_866950306.uvl,20,12,_r_1; _r_2; _r_27; _r_2_10; _r_2_11; _r_2_12; _r_2_6; _r_2_7; _r_2_9; _r_3; _r_4; _r_5,0,
dataset_20/uvl/model_20110722_419227445.uvl,25,9,_r_1; _r_19; _r_1_2; _r_1_3; _r_1_4; _r_5; _r_5_10; _r_5_10_11; _r_5_10_12,0,
dataset_20/uvl/model_20110725_452580960.uvl,34,0,,0,
dataset_20/uvl/model_20110809_1799855518.uvl,25,3,_r_12; _r_3; _r_31,0,
dataset_20/uvl/model_20110823_1386366267.uvl,15,3,_r_13; _r_13_14; _r_13_16,0,
dataset_20/uvl/model_20110823_553386338.uvl,21,13,_r_1; _r_1_4; _r_1_4_6; _r_1_4_6_22; _r_1_5; _r_1_5_7; _r_1_5_7_9; _r_1_5_8; _r_2; _r_2_13; _r_2_14; _r_2_15; _r_3,0,
dataset_20/uvl/model_20110826_1180494500.uvl,24,19,_r_1; _r_1_3; _r_1_3_15; _r_1_3_15_16; _r_1_3_15_17; _r_1_3_15_18; _r_1_3_20; _r_1_3_4; _r_1_3_4_11; _r_1_3_4_11_12; _r_1_3_4_11_13; _r_1_3_4_5; _r_1_3_4_5_7; _r_1_3_4_5_7_14; _r_1_3_4_6; _r_1_3_4_6_8; _r_1_3_4_6_8_10; _r_1_3_4_6_8_9; _r_2,0,
dataset_20/uvl/model_20110826_1555954181.uvl,24,19,_r_1; _r_1_3; _r_1_3_15; _r_1_3_15_16; _r_1_3_15_17; _r_1_3_15_18; _r_1_3_20; _r_1_3_4; _r_1_3_4_11; _r_1_3_4_11_12; _r_1_3_4_11_13; _r_1_3_4_5; _r_1_3_4_5_7; _r_1_3_4_5_7_14; _r_1_3_4_6; _r_1_3_4_6_8; _r_1_3_4_6_8_10; _r_1_3_4_6_8_9; _r_2,0,
dataset_20/uvl/model_20110826_1574631601.uvl,52,31,_r_1; _r_1_24; _r_1_24_25; _r_1_24_25_26; _r_1_24_29; _r_1_24_29_30; _r_1_24_29_30_31; _r_1_24_29_34; _r_1_24_29_34_35; _r_1_24_29_39; _r_1_24_29_39_40; _r_1_3; _r_1_3_15; _r_1_3_15_16; _r_1_3_15_17; _r_1_3_15_18; _r_1_3_20; _r_1_3_4; _r_1_3_4_11; _r_1_3_4_11_12; _r_1_3_4_5; _r_1_3_4_5_7; _r_1_3_4_5_7_14; _r_1_3_4_6; _r_1_3_4_6_8; _r_1_3_4_6_8_9; _r_2; _r_2_41_42; _r_2_47_48; _r_2_52_53; _r_2_58_59,0,
dataset_20/uvl/model_20110826_1744501275.uvl,24,19,_r_1; _r_1_3; _r_1_3_15; _r_1_3_15_16; _r_1_3_15_17; _r_1_3_15_18; _r_1_3_20; _r_1_3_4; _r_1_3_4_11; _r_1_3_4_11_12; _r_1_3_4_11_13; _r_1_3_4_5; _r_1_3_4_5_7; _r_1_3_4_5_7_14; _r_1_3_4_6; _r_1_3_4_6_8; _r_1_3_4_6_8_10; _r_1_3_4_6_8_9; _r_2,0,
dataset_20/uvl/model_20110826_252647654.uvl,24,19,_r_1; _r_1_3; _r_1_3_15; _r_1_3_15_16; _r_1_3_15_17; _r_1_3_15_18; _r_1_3_20; _r_1_3_4; _r_1_3_4_11; _r_1_3_4_11_12; _r_1_3_4_11_13; _r_1_3_4_5; _r_1_3_4_5_7; _r_1_3_4_5_7_14; _r_1_3_4_6; _r_1_3_4_6_8; _r_1_3_4_6_8_10; _r_1_3_4_6_8_9; _r_2,0,
dataset_20/uvl/model_20110826_819334011.uvl,24,19,_r_1; _r_1_3; _r_1_3_15; _r_1_3_15_16; _r_1_3_15_17; _r_1_3_15_18; _r_1_3_20; _r_1_3_4; _r_1_3_4_11; _r_1_3_4_11_12; _r_1_3_4_11_13; _r_1_3_4_5; _r_1_3_4_5_7; _r_1_3_4_5_7_14; _r_1_3_4_6; _r_1_3_4_6_8; _r_1_3_4_6_8_10; _r_1_3_4_6_8_9; _r_2,0,
dataset_20/uvl/model_20110915_1159959623.uvl,10,1,_r_1,0,
dataset_20/uvl/model_20110919_127780100.uvl,37,1,_r_1,0,
dataset_20/uvl/model_20110925_62365838.uvl,23,9,_r_1; _r_2; _r_20; _r_20_22; _r_20_22_23; _r_2_17; _r_2_18; _r_31; _r_4_5,0,
dataset_20/uvl/model_20110926_400852996.uvl,36,17,__r_9_32; _r_1; _r_10; _r_10_33; _r_10_34; _r_10_35; _r_1_11; _r_1_12; _r_1_13; _r_1_15; _r_9; _r_9_31; _r_9_32; _r_9_33; _r_9_34; _r_9_35; _r_9_36,0,
dataset_20/uvl/model_20110926_608554224.uvl,30,11,_r_1; _r_10; _r_10_33; _r_10_34; _r_10_35; _r_1_11; _r_1_12; _r_1_13; _r_1_15; _r_9; _r_9_32,0,
dataset_20/uvl/model_20111020_455520177.uvl,11,3,_r_1; _r_7; _r_7_8,0,
dataset_20/uvl/model_20111025_1408959776.uvl,13,6,_r_1; _r_1_2; _r_1_3; _r_1_4; _r_1_6; _r_1_7,0,
dataset_20/uvl/model_20111027_1380540076.uvl,10,4,_r_1; _r_3; _r_4; _r_8,0,
dataset_20/uvl/model_20111027_668940289.uvl,29,8,_r_22; _r_22_26; _r_22_30; _r_22_31; _r_24; _r_24_49; _r_25; _r_25_56,0,
dataset_20/uvl/model_20111027_966072474.uvl,10,5,_r_1; _r_3; _r_3_9; _r_5; _r_7,0,
dataset_20/uvl/model_20111029_1654942500.uvl,37,1,_r_1,0,
dataset_20/uvl/model_20111031_386778867.uvl,25,3,_r_12; _r_3; _r_31,0,
dataset_20/uvl/model_20111111_1026730216.uvl,37,16,_r_1; _r_11; _r_15; _r_1_2; _r_27; _r_3; _r_33; _r_33_34; _r_33_36; _r_33_37; _r_33_38; _r_39; _r_3_4; _r_3_5; _r_40; _r_6,0,
dataset_20/uvl/model_20111129_1932950448.uvl,13,5,_r_10; _r_11; _r_13; _r_2; _r_9,0,
dataset_20/uvl/model_20111130_1614470655.uvl,77,11,_r_1; _r_1_104; _r_1_41; _r_2; _r_2_62; _r_3; _r_3_94; _r_3_98; _r_4; _r_5; _r_87,0,
dataset_20/uvl/model_20111201_1252018702.uvl,61,1,_r_1,0,
dataset_20/uvl/model_20111201_372659565.uvl,61,1,_r_1,0,
dataset_20/uvl/model_20111214_733452875.uvl,15,12,_r_1; _r_1_7; _r_2; _r_3; _r_3_10; _r_4; _r_4_11; _r_4_11_12; _r_5; _r_5_13; _r_6; _r_6_14,0,
dataset_20/uvl/model_20111220_1184087779.uvl,15,2,_r_18; _r_24,0,
dataset_20/uvl/model_20111220_1450733948.uvl,41,6,_r_1; _r_11; _r_16; _r_28; _r_33; _r_39,0,
dataset_20/uvl/model_20120109_1808102333.uvl,18,10,_r_10; _r_11; _r_12; _r_12_24; _r_12_25; _r_3; _r_5; _r_6; _r_7; _r_9,0,
dataset_20/uvl/model_20120110_1094246588.uvl,10,2,_r_1; _r_3,0,
dataset_20/uvl/model_20120110_1256867454.uvl,10,2,_r_1; _r_5,0,
dataset_20/uvl/model_20120110_139114401.uvl,10,2,_r_1; _r_3,0,
dataset_20/uvl/model_20120110_1719396361.uvl,10,2,_r_1; _r_5,0,
dataset_20/uvl/model_20120110_1754443954.uvl,10,2,_r_1; _r_3,0,
dataset_20/uvl/model_20120110_855603964.uvl,10,2,_r_1; _r_3,0,
dataset_20/uvl/model_20120111_1667229430.uvl,24,5,_r_1; _r_2; _r_2_17; _r_4; _r_4_35,0,
dataset_20/uvl/model_20120113_1803352101.uvl,43,3,_r_35; _r_5; _r_70,0,
dataset_20/uvl/model_20120113_1950870026.uvl,10,3,_r_1; _r_2; _r_3,0,
dataset_20/uvl/model_20120122_258977494.uvl,19,5,_r_1; _r_10; _r_2; _r_2_31; _r_6,0,
dataset_20/uvl/model_20120124_94644767.uvl,12,3,_r_11; _r_12; _r_3,0,
dataset_20/uvl/model_20120130_333619036.uvl,31,1,_r_20,0,
dataset_20/uvl/model_20120201_1444061231.uvl,38,10,_r_12; _r_12_13; _r_12_14; _r_12_27; _r_12_31; _r_36; _r_36_37; _r_36_41; _r_47; _r_47_48,0,
dataset_20/uvl/model_20120201_865979127.uvl,28,6,_r_1; _r_13; _r_2; _r_29; _r_3; _r_5,0,
dataset_20/uvl/model_20120201_899753062.uvl,27,5,_r_1; _r_14; _r_23; _r_29; _r_7,0,
dataset_20/uvl/model_20120202_114979109.uvl,22,7,_r_1; _r_1_7; _r_2; _r_2_8; _r_2_9; _r_5; _r_6,0,
dataset_20/uvl/model_20120202_1596034358.uvl,10,4,_r_2; _r_2_3; _r_2_4; _r_5,0,
dataset_20/uvl/model_20120205_24117969.uvl,34,6,_r_55_56; _r_55_56_61_62; _r_55_56_61_62_63; _r_55_56_61_62_63_66; _r_55_56_61_62_64; _r_55_56_61_62_64_69,0,
dataset_20/uvl/model_20120229_1103715736.uvl,14,2,_r_16; _r_2,0,
dataset_20/uvl/model_20120314_1438691117.uvl,13,12,_r_1; _r_10; _r_11; _r_12; _r_2; _r_3; _r_4; _r_5; _r_6; _r_7; _r_8; _r_9,0,
dataset_20/uvl/model_20120328_1227899142.uvl,21,4,_r_11; _r_2; _r_23; _r_3,0,
dataset_20/uvl/model_20120328_1309817018.uvl,14,2,_r_10; _r_10_11,0,
dataset_20/uvl/model_20120328_1357539597.uvl,18,4,_r_1; _r_1_22; _r_25; _r_34,0,
dataset_20/uvl/model_20120328_1373483522.uvl,13,5,_r_2; _r_2_10; _r_2_3; _r_2_4; _r_9,0,
dataset_20/uvl/model_20120328_1412454948.uvl,36,9,_r_2; _r_27; _r_27_41; _r_27_44; _r_27_48; _r_27_49; _r_3; _r_4; _r_5,0,
dataset_20/uvl/model_20120328_1667195252.uvl,24,5,_r_1; _r_1_3_5; _r_2; _r_6; _r_6_17,0,
dataset_20/uvl/model_20120328_1814590478.uvl,36,9,_r_2; _r_27; _r_27_41; _r_27_44; _r_27_48; _r_27_49; _r_3; _r_4; _r_5,0,
dataset_20/uvl/model_20120328_1974817485.uvl,13,2,_r_1; _r_2,0,
dataset_20/uvl/model_20120328_288933955.uvl,17,11,_r_35_36; _r_44; _r_48; _r_48_49; _r_48_51; _r_52; _r_52_54; _r_52_55; _r_56; _r_56_57; _r_56_58,0,
dataset_20/uvl/model_20120328_361613983.uvl,16,5,_r_1; _r_14; _r_14_15; _r_6; _r_6_8,0,
dataset_20/uvl/model_20120328_523540818.uvl,10,1,_r_10,0,
dataset_20/uvl/model_20120328_573707444.uvl,34,10,_r_1; _r_19; _r_19_20; _r_1_15; _r_22; _r_27; _r_28; _r_29; _r_5; _r_9,0,
dataset_20/uvl/model_20120328_593032745.uvl,19,7,_r_1; _r_2; _r_2_34; _r_3; _r_3_12; _r_3_27; _r_3_42,0,
dataset_20/uvl/model_20120328_663906927.uvl,28,9,_r_1; _r_19; _r_19_20; _r_1_15; _r_22; _r_27; _r_28; _r_5; _r_9,0,
dataset_20/uvl/model_20120328_794090001.uvl,22,16,_r_1; _r_19; _r_19_22; _r_19_23; _r_19_32; _r_1_16; _r_1_17; _r_1_18; _r_4; _r_4_11; _r_4_12; _r_4_13; _r_5; _r_5_10; _r_5_25; _r_5_9,0,
dataset_20/uvl/model_20120328_810464459.uvl,17,6,_r_1; _r_10; _r_10_11; _r_1_13; _r_2; _r_3,0,
dataset_20/uvl/model_20120329_788560154.uvl,55,6,_r_29; _r_4; _r_4_26; _r_4_58; _r_4_7; _r_64,0,
dataset_20/uvl/model_20120408_404695779.uvl,70,3,_r_64; _r_77; _r_87,0,
dataset_20/uvl/model_20120411_196667302.uvl,26,8,_r_15; _r_15_17; _r_24; _r_5; _r_5_6; _r_5_7; _r_5_8; _r_5_9,0,
dataset_20/uvl/model_20120412_1314362396.uvl,12,3,_r_1; _r_10; _r_10_11,0,
dataset_20/uvl/model_20120418_828883554.uvl,52,15,_r_1; _r_2; _r_2_39; _r_2_40; _r_2_41; _r_2_6; _r_2_7; _r_2_7_19; _r_2_7_20; _r_2_7_21; _r_2_8; _r_3; _r_3_57; _r_3_57_58; _r_4,0,
dataset_20/uvl/model_20120419_1397354511.uvl,20,5,_r_1; _r_13; _r_13_21; _r_2; _r_3,0,
dataset_20/uvl/model_20120422_1648870831.uvl,14,3,_r_5; _r_6; _r_9,1,_r_8_14_15
dataset_20/uvl/model_20120422_2100930135.uvl,25,8,_r_10; _r_14; _r_17; _r_22; _r_25; _r_26; _r_37; _r_38,0,
dataset_20/uvl/model_20120423_1196408273.uvl,16,4,_r_20; _r_25; _r_29; _r_4,0,
dataset_20/uvl/model_20120423_1625073325.uvl,32,8,_r_1; _r_1_19; _r_1_19_24; _r_1_39; _r_1_6; _r_1_6_15; _r_44; _r_48,0,
dataset_20/uvl/model_20120424_1703152596.uvl,59,18,_r_1; _r_1_19; _r_1_19_37; _r_1_19_38; _r_1_19_42; _r_1_19_46; _r_1_19_54; _r_1_39; _r_1_6; _r_1_6_15; _r_1_6_59; _r_71; _r_71_100; _r_71_72; _r_71_78; _r_71_78_80; _r_71_78_84; _r_71_96,0,
dataset_20/uvl/model_20120425_1998125226.uvl,71,17,_r_1; _r_1_21; _r_1_21_22; _r_28; _r_38; _r_38_39; _r_38_53; _r_63; _r_63_64; _r_63_64_65; _r_63_64_66; _r_63_69; _r_63_69_70; _r_63_69_71; _r_63_69_73; _r_77; _r_80,0,
dataset_20/uvl/model_20120510_220834497.uvl,53,14,_r_1; _r_1_19; _r_1_19_37; _r_1_19_42; _r_1_19_46; _r_1_19_54; _r_1_19_57; _r_1_39; _r_1_6; _r_1_6_15; _r_1_6_59; _r_71; _r_71_100; _r_71_65,0,
dataset_20/uvl/model_20120512_712347860.uvl,13,5,_r_19; _r_20; _r_3; _r_7; _r_7_13,0,
dataset_20/uvl/model_20120513_373795895.uvl,14,6,_r_1; _r_10; _r_10_14; _r_10_15; _r_5; _r_9,0,
dataset_20/uvl/model_20120515_1862354569.uvl,15,7,_r_1; _r_10; _r_1_2; _r_1_3; _r_1_4; _r_1_5; _r_1_6,0,
dataset_20/uvl/model_20120522_87989914.uvl,35,1,_r_1,1,_r_1_2_3
dataset_20/uvl/model_20120528_1294065815.uvl,13,4,_r_1; _r_16; _r_16_18; _r_1_2,0,
dataset_20/uvl/model_20120529_2101702978.uvl,35,5,_r_1; _r_17; _r_17_20; _r_2; _r_29,2,_r_1_11_12; _r_2_3_7
dataset_20/uvl/model_20120531_2078087379.uvl,17,11,_r_1; _r_1_5; _r_1_6; _r_1_7; _r_1_8; _r_2; _r_2_10; _r_2_11; _r_2_9; _r_3; _r_4,0,
dataset_20/uvl/model_20120609_84195762.uvl,26,10,_r_1; _r_15; _r_16; _r_2; _r_26; _r_3; _r_30; _r_4; _r_5; _r_6,0,
dataset_20/uvl/model_20120627_1512389149.uvl,11,3,_r_1; _r_2; _r_7,0,
dataset_20/uvl/model_20120701_1498696792.uvl,11,0,,0,
dataset_20/uvl/model_20120701_899073101.uvl,11,0,,0,
dataset_20/uvl/model_20120705_77954373.uvl,22,5,_r_2; _r_3; _r_3_12; _r_4; _r_4_16,0,
dataset_20/uvl/model_20120710_919309758.uvl,19,2,_r_1; _r_2,0,
dataset_20/uvl/model_20120717_770767926.uvl,11,3,_r_1; _r_1_3; _r_2,0,
dataset_20/uvl/model_20120718_813832704.uvl,11,6,_r_1; _r_1_4; _r_2; _r_2_6; _r_3; _r_3_9,0,
dataset_20/uvl/model_20120722_2065280700.uvl,13,0,,0,
dataset_20/uvl/model_20120725_1460954667.uvl,97,12,_r_2; _r_2_41; _r_2_42; _r_2_46; _r_2_47; _r_3; _r_3_19; _r_3_20; _r_3_20_101; _r_3_20_103; _r_3_20_104; _r_3_7,0,
dataset_20/uvl/model_20120728_275737618.uvl,14,2,_r_1; _r_2,0,
dataset_20/uvl/model_20120731_787433291.uvl,43,9,_r_1; _r_14; _r_18; _r_19; _r_20; _r_21; _r_24; _r_46; _r_6,0,
dataset_20/uvl/model_20120801_1784537083.uvl,12,1,_r_1,0,
dataset_20/uvl/model_20120806_904481092.uvl,17,3,_r_1; _r_14; _r_6,0,
dataset_20/uvl/model_20120822_650185552.uvl,25,6,_r_10; _r_15; _r_22; _r_29; _r_34; _r_35,0,
dataset_20/uvl/model_20120823_304633016.uvl,16,2,_r_23; _r_24,0,
dataset_20/uvl/model_20120824_761159432.uvl,23,6,_r_1; _r_2; _r_24; _r_3; _r_4; _r_5,0,
dataset_20/uvl/model_20120828_1516795545.uvl,13,3,_r_1; _r_1_3; _r_1_3_11,0,
dataset_20/uvl/model_20120829_1418879889.uvl,10,7,_r_1; _r_2; _r_2_3; _r_2_4; _r_2_5; _r_2_6; _r_2_7,0,
dataset_20/uvl/model_20120829_191972511.uvl,168,6,_r_1; _r_1_2; _r_1_29; _r_1_2_17; _r_1_2_23; _r_1_2_9,0,
dataset_20/uvl/model_20120829_28461699.uvl,11,3,_r_1; _r_1_7; _r_2,0,
dataset_20/uvl/model_20120829_881090911.uvl,10,2,_r_2; _r_3,0,
dataset_20/uvl/model_20120902_865058601.uvl,19,2,_r_1; _r_6,0,
dataset_20/uvl/model_20120904_1604580471.uvl,13,4,_r_1; _r_15; _r_16; _r_2,0,
dataset_20/uvl/model_20120905_104354355.uvl,13,8,_r_1; _r_1_10; _r_1_10_12; _r_1_3; _r_1_3_4; _r_2; _r_2_15; _r_2_15_16,0,
dataset_20/uvl/model_20120909_341305614.uvl,32,6,_r_1; _r_2; _r_4; _r_42; _r_43; _r_44,0,
dataset_20/uvl/model_20120915_487659597.uvl,20,3,_r_1; _r_1_6; _r_1_6_11,0,
dataset_20/uvl/model_20120920_383492576.uvl,11,6,_r_1; _r_1_4; _r_2; _r_2_6; _r_9; _r_9_10,0,
dataset_20/uvl/model_20121015_1348696629.uvl,10,3,_r_1; _r_2; _r_3,0,
dataset_20/uvl/model_20121017_2007593800.uvl,10,2,_r_1; _r_2,0,
dataset_20/uvl/model_20121018_1186774722.uvl,16,3,_r_1; _r_2; _r_3,0,
dataset_20/uvl/model_20121018_1495134161.uvl,17,3,_r_4; _r_5; _r_6,0,
dataset_20/uvl/model_20121018_1550648286.uvl,16,4,_r_1; _r_6; _r_6_9; _r_7,0,
dataset_20/uvl/model_20121018_1578042435.uvl,17,3,_r_1; _r_15; _r_6,0,
dataset_20/uvl/model_20121018_1639434192.uvl,17,3,_r_1; _r_11; _r_2,0,
dataset_20/uvl/model_20121018_1701181193.uvl,17,3,_r_1; _r_2; _r_3,0,
dataset_20/uvl/model_20121018_1875808662.uvl,16,4,_r_1; _r_17; _r_6; _r_6_30,0,
dataset_20/uvl/model_20121018_1970318852.uvl,16,4,_r_1; _r_2; _r_2_13; _r_3,0,
dataset_20/uvl/model_20121018_201916182.uvl,16,4,_r_1; _r_2; _r_2_9; _r_3,0,
dataset_20/uvl/model_20121018_242475712.uvl,16,4,_r_1; _r_15; _r_3; _r_3_9,0,
dataset_20/uvl/model_20121018_271963732.uvl,16,4,_r_1; _r_2; _r_2_11; _r_3,0,
dataset_20/uvl/model_20121018_436901160.uvl,16,4,_r_1; _r_11; _r_11_15; _r_6,0,
dataset_20/uvl/model_20121018_795335675.uvl,16,4,_r_1; _r_2; _r_2_13; _r_3,0,
dataset_20/uvl/model_20121018_820869482.uvl,16,4,_r_1; _r_2; _r_2_22; _r_3,0,
dataset_20/uvl/model_20121018_880874071.uvl,16,3,_r_1; _r_2; _r_3,0,
dataset_20/uvl/model_20121019_1128529660.uvl,14,2,_r_1; _r_9,0,
dataset_20/uvl/model_20121023_1328975384.uvl,14,4,_r_12; _r_14; _r_5; _r_6,0,
dataset_20/uvl/model_20121023_356761254.uvl,12,6,_r_11; _r_12; _r_14; _r_2; _r_6_7; _r_8,0,
dataset_20/uvl/model_20121025_1453237615.uvl,20,13,_r_3; _r_3_14; _r_3_14_15; _r_3_14_16; _r_3_18; _r_3_21; _r_3_4; _r_3_4_5; _r_3_4_7; _r_3_8; _r_3_8_10; _r_3_8_11; _r_3_8_9,0,
dataset_20/uvl/model_20121025_1656878048.uvl,26,11,_r_1; _r_11; _r_11_16; _r_12; _r_12_18; _r_12_21; _r_2; _r_28; _r_2_4; _r_8; _r_8_13,0,
dataset_20/uvl/model_20121026_334751192.uvl,28,6,_r_1; _r_14; _r_20; _r_20_22; _r_33; _r_5,0,
dataset_20/uvl/model_20121102_443205816.uvl,26,4,_r_1; _r_15; _r_16; _r_1_2,0,
dataset_20/uvl/model_20121102_768518520.uvl,14,0,,0,
dataset_20/uvl/model_20121106_1816491064.uvl,23,8,_r_9; _r_9_10; _r_9_10_23; _r_9_10_24; _r_9_12; _r_9_13; _r_9_14; _r_9_15,0,
dataset_20/uvl/model_20121123_1014773113.uvl,16,5,_r_2; _r_2_10; _r_2_10_22; _r_2_10_23; _r_3,0,
dataset_20/uvl/model_20121123_1047250318.uvl,16,5,_r_2; _r_7; _r_7_12; _r_7_12_15; _r_7_12_16,0,
dataset_20/uvl/model_20121123_1266693931.uvl,16,3,_r_1; _r_12; _r_8,0,
dataset_20/uvl/model_20121123_1445508018.uvl,16,6,_r_16; _r_17; _r_17_31; _r_17_31_34; _r_17_31_35; _r_18,0,
dataset_20/uvl/model_20121123_1588832561.uvl,16,8,_r_1; _r_10; _r_1_18; _r_1_19; _r_6; _r_6_7; _r_6_7_17; _r_6_7_18,0,
dataset_20/uvl/model_20121123_1668268132.uvl,13,3,_r_1; _r_2; _r_3,0,
dataset_20/uvl/model_20121123_1672558767.uvl,15,9,_r_1; _r_1_21; _r_1_22; _r_2; _r_2_11; _r_2_11_12; _r_2_11_13; _r_3; _r_3_16_17,0,
dataset_20/uvl/model_20121123_1692800929.uvl,16,5,_r_2; _r_2_10; _r_2_10_22; _r_2_10_23; _r_3,0,
dataset_20/uvl/model_20121123_1807427529.uvl,17,9,_r_1; _r_15; _r_1_2_3; _r_1_4_5; _r_1_6_7; _r_8; _r_8_11_12; _r_8_13_14; _r_8_9_10,0,
dataset_20/uvl/model_20121123_2085968892.uvl,17,5,_r_10; _r_5; _r_5_13; _r_5_13_16; _r_5_13_17,0,
dataset_20/uvl/model_20121123_388334786.uvl,16,5,_r_2; _r_2_8; _r_2_8_18; _r_2_8_20; _r_3,0,
dataset_20/uvl/model_20121123_638033800.uvl,14,7,_r_1; _r_1_30_33; _r_2; _r_2_8; _r_2_8_15; _r_2_8_16; _r_3,0,
dataset_20/uvl/model_20121123_913179730.uvl,17,3,_r_1; _r_2; _r_3,0,
dataset_20/uvl/model_20121212_1167666293.uvl,15,9,_r_1; _r_18; _r_18_19_20; _r_1_23; _r_1_24; _r_8; _r_8_9; _r_8_9_11; _r_8_9_12,0,
dataset_20/uvl/model_20121212_425431925.uvl,16,4,_r_1; _r_16; _r_8; _r_8_12,0,
dataset_20/uvl/model_20121213_681234650.uvl,33,2,_r_1; _r_1_2,0,
dataset_20/uvl/model_20121214_211817376.uvl,14,3,_r_1; _r_2; _r_3,0,
dataset_20/uvl/model_20121219_1714348674.uvl,10,1,_r_1,0,
dataset_20/uvl/model_20121219_629525870.uvl,18,8,_r_17; _r_17_29; _r_17_33; _r_18; _r_18_36; _r_18_43; _r_19; _r_19_24,0,
dataset_20/uvl/model_20130105_1019508207.uvl,24,4,_r_1; _r_1_14; _r_1_14_19; _r_1_16,0,
dataset_20/uvl/model_20130106_749900457.uvl,21,3,_r_11; _r_22; _r_24,0,
dataset_20/uvl/model_20130115_768867592.uvl,11,4,_r_1; _r_2; _r_3; _r_4,0,
dataset_20/uvl/model_20130116_1542765516.uvl,10,5,_r_1; _r_7; _r_8; _r_9; _r_9_11,0,
dataset_20/uvl/model_20130116_382639902.uvl,31,6,_r_33; _r_37; _r_42; _r_7; _r_7_8; _r_7_8_24,0,
dataset_20/uvl/model_20130117_2075912065.uvl,13,6,_r_10_11; _r_10_11_27_29; _r_10_11_30; _r_14; _r_15; _r_16,6,_r_1; _r_10_11_27_28; _r_10_12; _r_10_13; _r_1_7_8; _r_1_7_9
dataset_20/uvl/model_20130121_710180273.uvl,10,5,_r_1; _r_19_33; _r_19_33_34; _r_19_33_35; _r_19_33_36,4,_r_19_23; _r_19_23_26; _r_19_23_27; _r_19_37
dataset_20/uvl/model_20130122_1064508817.uvl,12,1,_r_1_3,9,_r_1_2; _r_7; _r_7_11_12; _r_7_11_12_14; _r_7_11_12_15; _r_7_11_12_16; _r_7_11_13; _r_7_11_13_17; _r_7_11_13_18
dataset_20/uvl/model_20130122_243381566.uvl,14,3,_r_19; _r_1_2; _r_7,0,
dataset_20/uvl/model_20130122_92211527.uvl,11,1,_r_1_3,2,_r_1_2; _r_4_5_7
dataset_20/uvl/model_20130123_686198065.uvl,40,3,_r_22; _r_22_30; _r_22_30_66,0,
dataset_20/uvl/model_20130125_189285641.uvl,18,11,_r_1; _r_2; _r_2_10; _r_2_10_22; _r_2_9; _r_2_9_11; _r_2_9_12; _r_3; _r_3_20; _r_3_21; _r_7,0,
dataset_20/uvl/model_20130219_1778040846.uvl,40,4,_r_2; _r_4; _r_4_19; _r_4_20,0,
dataset_20/uvl/model_20130220_406091727.uvl,43,10,_r_1; _r_1_10; _r_1_11; _r_1_9; _r_2; _r_3; _r_39; _r_5; _r_6; _r_7,0,
dataset_20/uvl/model_20130224_1469220523.uvl,10,1,_r_6,0,
dataset_20/uvl/model_20130226_1908057354.uvl,16,5,_r_10; _r_14; _r_27; _r_28; _r_5,0,
dataset_20/uvl/model_20130302_1361528923.uvl,10,0,,0,
dataset_20/uvl/model_20130302_379367837.uvl,10,2,_r_18; _r_19,0,
dataset_20/uvl/model_20130305_204544380.uvl,13,2,_r_1; _r_2,0,
dataset_20/uvl/model_20130305_522520932.uvl,16,5,_r_1; _r_15; _r_19; _r_24; _r_25,0,
dataset_20/uvl/model_20130307_609838668.uvl,176,16,__r_14_109; __r_14_88; _r_14; _r_14_123; _r_14_124; _r_14_19; _r_14_19_20; _r_14_40; _r_14_40_45; _r_14_40_45_46_47; _r_14_41; _r_14_41_48; _r_14_41_48_49_50; _r_14_61; _r_14_78; _r_14_88,0,
dataset_20/uvl/model_20130309_1354780318.uvl,11,7,_r_1; _r_10; _r_11; _r_12; _r_13; _r_8; _r_9,0,
dataset_20/uvl/model_20130311_1184229274.uvl,11,4,_r_1; _r_1_4_5; _r_2; _r_7,0,
dataset_20/uvl/model_20130324_1541392486.uvl,51,16,_r_1; _r_25; _r_25_26; _r_3; _r_33; _r_47; _r_47_48; _r_56; _r_56_57; _r_56_57_58; _r_56_57_58_59; _r_9; _r_9_17; _r_9_17_20; _r_9_18; _r_9_18_19,0,
dataset_20/uvl/model_20130410_2115212559.uvl,11,1,_r_1,0,
dataset_20/uvl/model_20130414_861625706.uvl,15,3,_r_1; _r_12; _r_7,0,
dataset_20/uvl/model_20130418_1158438101.uvl,19,5,_r_1; _r_1_15; _r_1_4; _r_2; _r_3,0,
dataset_20/uvl/model_20130418_1960440366.uvl,29,3,_r_2; _r_6; _r_9,0,
dataset_20/uvl/model_20130422_1348727660.uvl,19,3,_r_1; _r_11; _r_7,0,
dataset_20/uvl/model_20130422_139902368.uvl,40,15,_r_1; _r_1_7; _r_1_7_9; _r_27; _r_27_28; _r_27_28_29; _r_27_28_31; _r_27_28_31_36; _r_27_28_31_36_37; _r_27_28_31_36_38; _r_27_28_31_40; _r_3; _r_3_18; _r_3_18_19; _r_3_18_20,0,
dataset_20/uvl/model_20130426_1685243628.uvl,16,0,,0,
dataset_20/uvl/model_20130508_1842381745.uvl,16,6,_r_1; _r_2; _r_28; _r_3; _r_4; _r_4_23,0,
dataset_20/uvl/model_20130510_203163945.uvl,18,4,_r_1; _r_2; _r_3; _r_6,0,
dataset_20/uvl/model_20130522_1326579656.uvl,45,5,_r_1; _r_39_40; _r_41_42; _r_56; _r_9,0,
dataset_20/uvl/model_20130522_2044729096.uvl,31,11,_r_1; _r_2; _r_3; _r_4; _r_5; _r_5_10; _r_5_19; _r_5_21; _r_5_22; _r_5_23; _r_5_26,0,
dataset_20/uvl/model_20130529_1162054266.uvl,16,7,_r_1; _r_1_23; _r_2; _r_2_8; _r_2_8_15; _r_2_8_16; _r_3,0,
dataset_20/uvl/model_20130529_1165512118.uvl,10,3,_r_1; _r_1_4; _r_1_4_9,0,
dataset_20/uvl/model_20130529_1187431770.uvl,16,7,_r_12; _r_3; _r_3_21; _r_8; _r_8_9; _r_8_9_19; _r_8_9_20,0,
dataset_20/uvl/model_20130529_167247656.uvl,16,7,_r_1; _r_1_7; _r_2; _r_2_10; _r_2_10_11; _r_2_10_12; _r_3,0,
dataset_20/uvl/model_20130529_1911302663.uvl,16,7,_r_1; _r_14; _r_1_19; _r_6; _r_6_7; _r_6_7_8; _r_6_7_9,0,
dataset_20/uvl/model_20130529_2135483929.uvl,16,6,_r_26; _r_27; _r_41; _r_41_42; _r_41_42_45; _r_41_42_46,0,
dataset_20/uvl/model_20130529_51708559.uvl,16,6,_r_1; _r_2; _r_2_8; _r_2_8_17; _r_2_8_18; _r_3,0,
dataset_20/uvl/model_20130529_552715089.uvl,17,7,_r_1; _r_1_20; _r_2; _r_2_9; _r_2_9_16; _r_2_9_17; _r_4,0,
dataset_20/uvl/model_20130604_1500555803.uvl,13,11,_r_16; _r_16_18; _r_16_18_20; _r_16_25; _r_19; _r_19_21; _r_19_24; _r_22; _r_23; _r_26; _r_27,0,
dataset_20/uvl/model_20130619_405989942.uvl,10,1,_r_7,0,
dataset_20/uvl/model_20130621_2143921379.uvl,29,5,_r_2; _r_3; _r_6; _r_6_20; _r_6_28,0,
dataset_20/uvl/model_20130627_888588099.uvl,17,8,_r_11; _r_11_15; _r_17; _r_2; _r_22; _r_3; _r_4; _r_7,0,
dataset_20/uvl/model_20130703_1107240012.uvl,64,3,_r_5; _r_6; _r_8,0,
dataset_20/uvl/model_20130716_384525556.uvl,17,4,_r_34; _r_42; _r_48; _r_52,0,
dataset_20/uvl/model_20130722_443972122.uvl,12,4,_r_3; _r_5; _r_6; _r_6_11,0,
dataset_20/uvl/model_20130725_1746580783.uvl,16,2,_r_1; _r_24,0,
dataset_20/uvl/model_20130725_1929838118.uvl,41,1,_r_1,0,
dataset_20/uvl/model_20130725_608010428.uvl,12,1,_r_1,0,
dataset_20/uvl/model_20130726_597280131.uvl,47,2,_r_1; _r_21,0,
dataset_20/uvl/model_20130731_2029107317.uvl,76,14,_r_1; _r_1_5; _r_1_6; _r_1_7; _r_2; _r_2_37; _r_3; _r_3_43; _r_3_44; _r_3_44_66; _r_3_46; _r_4; _r_4_49; _r_4_50,0,
dataset_20/uvl/model_20130807_1787614695.uvl,13,12,_r_73; _r_74; _r_75; _r_76; _r_77; _r_78; _r_79; _r_80; _r_81; _r_82; _r_83; _r_84,0,
dataset_20/uvl/model_20130808_465499656.uvl,22,2,_r_33; _r_4,0,
dataset_20/uvl/model_20130809_353548541.uvl,57,8,_r_1; _r_12; _r_13; _r_16; _r_1_19; _r_1_34; _r_3; _r_4,0,
dataset_20/uvl/model_20130811_391981530.uvl,41,4,_r_12; _r_17; _r_2; _r_42,0,
dataset_20/uvl/model_20130812_1882708509.uvl,41,4,_r_12; _r_17; _r_2; _r_42,0,
dataset_20/uvl/model_20130812_690840910.uvl,30,5,_r_1; _r_14; _r_22; _r_9; _r_9_12,0,
dataset_20/uvl/model_20130815_1890929461.uvl,56,5,_r_12; _r_17; _r_17_66; _r_2; _r_42,0,
dataset_20/uvl/model_20130818_278315719.uvl,10,2,_r_4_5; _r_6,0,
dataset_20/uvl/model_20130820_1465112187.uvl,49,35,_r_6; _r_6_47; _r_6_49; _r_6_50; _r_6_51; _r_6_52; _r_6_53; _r_6_54; _r_6_56; _r_6_59; _r_6_60; _r_6_61; _r_6_62; _r_6_63; _r_6_64; _r_6_65; _r_6_66; _r_6_67; _r_6_68; _r_6_69; _r_6_70; _r_6_72; _r_6_73; _r_6_74; _r_6_75; _r_6_76; _r_6_77; _r_6_78; _r_6_81; _r_6_87; _r_6_88; _r_6_89; _r_6_90; _r_6_91; _r_8,0,
dataset_20/uvl/model_20130821_1446947208.uvl,49,48,_r_1; _r_1_22; _r_1_23; _r_1_24; _r_1_25; _r_1_26; _r_1_27; _r_1_28; _r_1_29; _r_1_30; _r_1_31; _r_1_32; _r_1_33; _r_1_34; _r_1_35; _r_1_36; _r_1_37; _r_1_38; _r_1_39; _r_1_40; _r_1_41; _r_1_42; _r_1_43; _r_1_44; _r_1_45; _r_1_46; _r_1_47; _r_1_48; _r_2; _r_2_10; _r_2_4; _r_2_5; _r_2_6; _r_2_7; _r_2_8; _r_2_9; _r_3; _r_3_11; _r_3_12; _r_3_13; _r_3_14; _r_3_15; _r_3_16; _r_3_17; _r_3_18; _r_3_19; _r_3_20; _r_3_21,0,
dataset_20/uvl/model_20130821_361829065.uvl,30,25,_r_1; _r_1_13; _r_1_13_14; _r_1_15; _r_1_15_16; _r_1_17; _r_1_18; _r_1_19; _r_1_20; _r_1_22; _r_1_22_23; _r_1_24; _r_1_26; _r_1_27; _r_1_28; _r_1_28_30; _r_1_31; _r_1_32; _r_2; _r_2_11; _r_2_12; _r_2_33; _r_2_4; _r_2_5; _r_3,0,
dataset_20/uvl/model_20130821_470005647.uvl,43,36,_r_1; _r_1_20; _r_1_20_27; _r_1_20_28; _r_1_20_29; _r_1_20_31; _r_1_21; _r_1_21_32; _r_1_21_34; _r_1_21_35; _r_1_23; _r_1_23_39; _r_1_23_40; _r_1_24; _r_1_24_37; _r_1_24_38; _r_1_25; _r_1_25_42; _r_1_25_43; _r_1_25_45; _r_1_25_46; _r_1_25_47; _r_1_25_47_48; _r_1_25_47_49; _r_1_25_50; _r_1_25_51; _r_1_26; _r_1_26_52; _r_2; _r_2_10; _r_2_11; _r_2_5; _r_2_6; _r_2_8; _r_2_9; _r_4,0,
dataset_20/uvl/model_20130908_1057721135.uvl,14,10,_r_1; _r_1_2; _r_1_5; _r_6; _r_6_12; _r_6_12_15; _r_6_12_16; _r_6_12_17; _r_6_13; _r_6_14,0,
dataset_20/uvl/model_20130908_1070185514.uvl,366,33,_r_1; _r_10; _r_11; _r_12; _r_143; _r_143_144; _r_143_145; _r_143_146; _r_143_146_205_206; _r_143_146_205_207; _r_143_146_205_208; _r_143_146_205_209; _r_143_146_205_224; _r_143_147; _r_143_147_226_227; _r_143_147_226_269; _r_143_148; _r_143_148_235_236; _r_143_148_235_237; _r_143_148_235_275; _r_143_149; _r_143_149_238_278; _r_2; _r_2_106; _r_2_110; _r_2_117; _r_3; _r_4; _r_5; _r_6; _r_7; _r_8; _r_9,0,
dataset_20/uvl/model_20130908_2094539725.uvl,81,9,_r_1; _r_13; _r_13_14; _r_13_14_15; _r_1_26; _r_1_26_27; _r_1_26_27_29; _r_1_26_27_33; _r_1_26_27_33_34,0,
dataset_20/uvl/model_20130911_2001583567.uvl,34,10,_r_1; _r_1_5; _r_1_6; _r_1_7; _r_1_8; _r_2; _r_2_27; _r_2_28; _r_3; _r_3_37,0,
dataset_20/uvl/model_20130916_1001858303.uvl,15,8,_r_1; _r_1_19; _r_2; _r_2_8; _r_2_8_10; _r_2_8_9; _r_3; _r_3_15_16,0,
dataset_20/uvl/model_20130916_1112744253.uvl,15,5,_r_1; _r_1_2; _r_6; _r_7; _r_7_8_9,0,
dataset_20/uvl/model_20130916_1448418245.uvl,14,7,_r_1; _r_16_17; _r_1_17; _r_8; _r_8_9; _r_8_9_12; _r_8_9_13,0,
dataset_20/uvl/model_20130916_1467348272.uvl,16,9,_r_1; _r_1_25; _r_2; _r_2_4; _r_2_4_23; _r_2_4_9; _r_3; _r_3_17_18; _r_3_19_20,0,
dataset_20/uvl/model_20130916_156611854.uvl,17,3,_r_1; _r_2; _r_3,0,
dataset_20/uvl/model_20130916_1649901124.uvl,16,7,_r_1; _r_16; _r_1_21; _r_6; _r_6_8; _r_6_8_12; _r_6_8_13,0,
dataset_20/uvl/model_20130916_1894002979.uvl,16,7,_r_1; _r_1_18; _r_2; _r_2_8; _r_2_8_13; _r_2_8_14; _r_3,0,
dataset_20/uvl/model_20130916_1980915056.uvl,15,8,_r_1; _r_12; _r_12_13; _r_12_13_18; _r_12_13_19; _r_1_20; _r_2; _r_2_7_8,0,
dataset_20/uvl/model_20130916_1983257725.uvl,16,7,_r_1; _r_1_19; _r_2; _r_2_12; _r_2_12_15; _r_2_12_16; _r_3,0,
dataset_20/uvl/model_20130916_2072761889.uvl,15,8,_r_1; _r_1_24; _r_2; _r_2_16; _r_2_16_19; _r_2_16_20; _r_3; _r_3_12_13,0,
dataset_20/uvl/model_20130916_302923469.uvl,16,8,_r_1; _r_1_26; _r_1_27; _r_2; _r_2_9; _r_2_9_19; _r_2_9_20; _r_3,0,
dataset_20/uvl/model_20130916_330769314.uvl,17,9,_r_1; _r_1_25_26; _r_1_27_28; _r_1_29_30; _r_7; _r_8; _r_8_19_20; _r_8_21_22; _r_8_23_24,0,
dataset_20/uvl/model_20130916_552778902.uvl,16,11,_r_1; _r_1_27_28; _r_1_29_30; _r_7; _r_7_9; _r_7_9_15; _r_7_9_16; _r_8; _r_8_19_20; _r_8_21_22; _r_8_23_24,0,
dataset_20/uvl/model_20130916_667715515.uvl,16,7,_r_1; _r_1_19; _r_2; _r_2_8; _r_2_8_15; _r_2_8_16; _r_3,0,
dataset_20/uvl/model_20130916_882364260.uvl,15,8,_r_1; _r_14; _r_14_15; _r_14_15_18; _r_14_15_19; _r_1_22; _r_7; _r_7_8_9,0,
dataset_20/uvl/model_20130916_894347834.uvl,15,8,_r_1; _r_1_21; _r_2; _r_2_10; _r_2_10_17; _r_2_10_18; _r_3; _r_3_13_14,0,
dataset_20/uvl/model_20130917_1805517149.uvl,13,3,_r_11; _r_12; _r_13,0,
dataset_20/uvl/model_20130917_737900063.uvl,13,3,_r_1; _r_2; _r_3,0,
dataset_20/uvl/model_20131016_1224723724.uvl,11,3,_r_1; _r_2; _r_8,0,
dataset_20/uvl/model_20131028_1719041666.uvl,19,13,_r_1; _r_11; _r_11_12; _r_11_14; _r_1_2; _r_1_3; _r_1_4; _r_5; _r_5_6; _r_5_7; _r_8; _r_8_10; _r_8_9,0,
dataset_20/uvl/model_20131109_2060894287.uvl,14,2,_r_2; _r_9,0,
dataset_20/uvl/model_20131111_1434736548.uvl,34,14,_r_1; _r_12; _r_12_13; _r_12_13_14_16; _r_12_14; _r_12_17; _r_12_17_24; _r_1_2; _r_28; _r_28_29; _r_28_35; _r_28_35_36; _r_30; _r_5,0,
dataset_20/uvl/model_20131111_1486670620.uvl,21,3,_r_18; _r_20; _r_21,0,
dataset_20/uvl/model_20131112_1165253679.uvl,27,5,_r_1; _r_2; _r_5; _r_5_16; _r_5_20,0,
dataset_20/uvl/model_20131112_1191150070.uvl,57,25,_r_1; _r_2; _r_2_20; _r_2_21; _r_2_22; _r_2_23; _r_2_23_56; _r_3; _r_3_25; _r_3_26; _r_3_27; _r_3_28; _r_3_28_50; _r_4; _r_4_29; _r_4_30; _r_4_31; _r_4_32; _r_4_32_48; _r_5; _r_5_35; _r_5_36; _r_5_37; _r_5_38; _r_5_38_58,0,
dataset_20/uvl/model_20131112_1315617761.uvl,58,0,,0,
dataset_20/uvl/model_20131112_1353790761.uvl,23,6,_r_1; _r_2; _r_29; _r_29_30; _r_2_21; _r_2_9,0,
dataset_20/uvl/model_20131112_1399418967.uvl,35,5,_r_10; _r_10_11; _r_10_34; _r_16; _r_16_17,0,
dataset_20/uvl/model_20131112_1591180910.uvl,29,5,_r_1; _r_10; _r_26; _r_30; _r_38,0,
dataset_20/uvl/model_20131112_1592384504.uvl,32,4,_r_13; _r_17; _r_19; _r_20,0,
dataset_20/uvl/model_20131112_1617262618.uvl,30,11,_r_1; _r_1_10; _r_1_10_22; _r_1_29; _r_1_30; _r_23; _r_23_24; _r_6; _r_6_28; _r_6_32; _r_7,0,
dataset_20/uvl/model_20131112_1630582425.uvl,28,5,_r_2; _r_21; _r_29; _r_36; _r_8,0,
dataset_20/uvl/model_20131112_1825068383.uvl,25,3,_r_1; _r_2; _r_3,0,
dataset_20/uvl/model_20131112_1840652917.uvl,17,6,_r_1; _r_16; _r_1_27_31; _r_23; _r_3; _r_7,0,
dataset_20/uvl/model_20131112_1855381012.uvl,31,4,_r_1; _r_11; _r_18; _r_6,0,
dataset_20/uvl/model_20131112_2028027455.uvl,13,3,_r_10; _r_11; _r_12,0,
dataset_20/uvl/model_20131112_330151541.uvl,21,3,_r_2; _r_3; _r_5,0,
dataset_20/uvl/model_20131112_356575914.uvl,20,3,_r_2; _r_23; _r_9,0,
dataset_20/uvl/model_20131112_605989901.uvl,25,4,_r_1; _r_12; _r_31; _r_7,0,
dataset_20/uvl/model_20131112_64627122.uvl,13,4,_r_1; _r_16; _r_2; _r_3,0,
dataset_20/uvl/model_20131112_817529963.uvl,40,21,_r_1; _r_2; _r_2_23; _r_2_24; _r_2_25; _r_2_26; _r_3; _r_3_27; _r_3_28; _r_3_29; _r_3_30; _r_4; _r_4_31; _r_4_33; _r_4_34; _r_4_35; _r_5; _r_5_36; _r_5_38; _r_5_39; _r_5_41,0,
dataset_20/uvl/model_20131112_832913408.uvl,17,10,_r_1; _r_1_15_16; _r_1_18_19; _r_1_20_21; _r_1_26_27; _r_3; _r_4; _r_4_11_12; _r_4_13_14; _r_7,0,
dataset_20/uvl/model_20131112_990013628.uvl,10,3,_r_1; _r_11; _r_2,0,
dataset_20/uvl/model_20131113_2067550021.uvl,42,17,_r_33; _r_35; _r_35_36; _r_35_39; _r_35_40; _r_35_41; _r_35_43; _r_9; _r_9_10; _r_9_10_13; _r_9_10_14; _r_9_11; _r_9_11_16; _r_9_11_17; _r_9_22; _r_9_22_24; _r_9_22_25,0,
dataset_20/uvl/model_20131114_87095598.uvl,57,18,_r_33; _r_35; _r_35_36; _r_35_39; _r_35_40; _r_35_41; _r_35_43; _r_43; _r_9; _r_9_10; _r_9_10_13; _r_9_10_14; _r_9_11; _r_9_11_16; _r_9_11_17; _r_9_22; _r_9_22_24; _r_9_22_25,0,
dataset_20/uvl/model_20131121_194495737.uvl,12,2,_r_1; _r_2,0,
dataset_20/uvl/model_20131122_1083650489.uvl,15,9,_r_1; _r_1_3; _r_1_4; _r_2; _r_2_7; _r_2_7_10; _r_2_7_11; _r_2_7_12; _r_2_7_9,0,
dataset_20/uvl/model_20131122_1241273029.uvl,18,9,_r_1; _r_1_3; _r_1_4; _r_2; _r_2_7; _r_2_7_12; _r_2_7_13; _r_2_7_14; _r_2_7_15,0,
dataset_20/uvl/model_20131122_1558809462.uvl,26,9,_r_1; _r_1_4; _r_1_5; _r_2; _r_2_8; _r_2_8_13; _r_2_8_14; _r_2_8_15; _r_3,0,
dataset_20/uvl/model_20131122_1573422851.uvl,15,2,_r_1; _r_11,0,
dataset_20/uvl/model_20131122_1877947099.uvl,15,2,_r_1; _r_2,0,
dataset_20/uvl/model_20131122_224574976.uvl,11,9,_r_1; _r_1_3; _r_1_4; _r_2; _r_2_6; _r_2_6_10; _r_2_6_7; _r_2_6_8; _r_2_6_9,0,
dataset_20/uvl/model_20131122_23346211.uvl,15,2,_r_1; _r_2,0,
dataset_20/uvl/model_20131122_641443746.uvl,14,9,_r_1; _r_1_3; _r_1_4; _r_2; _r_2_8; _r_2_8_10; _r_2_8_11; _r_2_8_12; _r_2_8_9,0,
dataset_20/uvl/model_20131122_913576973.uvl,23,9,_r_1; _r_1_4; _r_1_5; _r_2; _r_2_10; _r_2_10_11; _r_2_10_12; _r_2_10_13; _r_3,0,
dataset_20/uvl/model_20131124_646639708.uvl,16,9,_r_1; _r_11; _r_13; _r_17; _r_19; _r_2; _r_5; _r_7; _r_9,0,
dataset_20/uvl/model_20131125_731391866.uvl,18,9,_r_1; _r_11; _r_13; _r_17; _r_19; _r_2; _r_5; _r_7; _r_9,0,
dataset_20/uvl/model_20131128_2046989275.uvl,15,6,_r_16; _r_21; _r_5; _r_6; _r_7; _r_8,0,
dataset_20/uvl/model_20131129_1765219729.uvl,14,2,_r_1; _r_2,0,
dataset_20/uvl/model_20131129_1795005487.uvl,10,2,_r_1; _r_2,0,
dataset_20/uvl/model_20131129_2135897376.uvl,10,2,_r_2; _r_3,0,
dataset_20/uvl/model_20131201_820966647.uvl,18,9,_r_1; _r_11; _r_13; _r_17; _r_19; _r_2; _r_5; _r_7; _r_9,0,
dataset_20/uvl/model_20131202_1494824194.uvl,34,20,_r_1; _r_10; _r_10_27; _r_11; _r_11_29; _r_12; _r_12_31; _r_13; _r_13_33; _r_14; _r_15; _r_15_37; _r_1_16; _r_1_17; _r_5; _r_5_20; _r_8; _r_8_22; _r_9; _r_9_25,0,
dataset_20/uvl/model_20131202_1575628003.uvl,19,9,_r_16; _r_17; _r_19; _r_20; _r_21; _r_5; _r_6; _r_7; _r_8,0,
dataset_20/uvl/model_20131202_1775789712.uvl,50,15,_r_1; _r_11; _r_11_12; _r_11_12_13; _r_1_2; _r_26; _r_26_27; _r_26_27_28; _r_26_27_30; _r_26_27_30_32; _r_26_27_30_33; _r_26_27_30_33_35; _r_50; _r_50_51; _r_50_52,0,
dataset_20/uvl/model_20131202_533920013.uvl,19,9,_r_16; _r_17; _r_18; _r_19; _r_21; _r_5; _r_6; _r_7; _r_8,0,
dataset_20/uvl/model_20131202_715513367.uvl,22,10,_r_16; _r_17; _r_19; _r_20; _r_21; _r_23; _r_5; _r_6; _r_7; _r_8,0,
dataset_20/uvl/model_20131203_151571988.uvl,54,20,_r_1; _r_1_11; _r_1_12; _r_1_13; _r_1_14; _r_2; _r_2_15; _r_2_16; _r_2_17; _r_2_18; _r_3; _r_3_19; _r_3_20; _r_3_21; _r_3_4; _r_5; _r_5_22; _r_5_23; _r_5_24; _r_5_25,0,
dataset_20/uvl/model_20131206_656913635.uvl,13,2,_r_14; _r_2,0,
dataset_20/uvl/model_20131206_684654596.uvl,12,3,_r_11; _r_6; _r_6_19,0,
dataset_20/uvl/model_20131210_413521746.uvl,13,3,_r_28; _r_33; _r_6,0,
dataset_20/uvl/model_20131217_806985744.uvl,11,2,_r_6; _r_6_13,0,
dataset_20/uvl/model_20140101_941325443.uvl,10,5,_r_1; _r_1_2; _r_3; _r_3_4; _r_7,0,
dataset_20/uvl/model_20140109_637429284.uvl,11,6,_r_10; _r_11; _r_13; _r_14; _r_4; _r_9,0,
dataset_20/uvl/model_20140130_912999540.uvl,13,0,,0,
dataset_20/uvl/model_20140205_954857783.uvl,11,1,_r_1,0,
dataset_20/uvl/model_20140207_1303140975.uvl,12,11,_r_1; _r_12; _r_13; _r_14; _r_15; _r_16; _r_2; _r_2_4_5; _r_2_4_5_6_7; _r_2_4_5_6_7_8_9; _r_2_4_5_6_7_8_9_10_11,0,
dataset_20/uvl/model_20140209_1382642350.uvl,41,10,_r_1; _r_14; _r_19; _r_23; _r_31; _r_39; _r_44; _r_7; _r_7_8; _r_9,0,
dataset_20/uvl/model_20140209_1802656178.uvl,26,4,_r18; _r23; _r28; _r37,8,_r37_51_52; _r37_51_53; _r37_51_54; _r37_51_56; _r37_51_57; _r37_51_59; _r37_51_60; _r37_51_61
dataset_20/uvl/model_20140209_34267674.uvl,44,13,_r_1; _r_13; _r_18; _r_22; _r_22_23_24; _r_22_23_24_55; _r_32; _r_40; _r_45; _r_50; _r_7; _r_7_8; _r_9,0,
dataset_20/uvl/model_20140209_576830157.uvl,27,7,_r_1; _r_11; _r_15; _r_19; _r_24; _r_28; _r_7,0,
dataset_20/uvl/model_20140209_738203734.uvl,51,19,_r_1; _r_10; _r_11; _r_12; _r_13; _r_14; _r_14_60_61; _r_15; _r_15_64_65; _r_15_64_66; _r_15_64_67; _r_1_16; _r_2; _r_3; _r_5; _r_6; _r_7; _r_8; _r_9,0,
dataset_20/uvl/model_20140223_789634838.uvl,26,6,_r_1; _r_1_5; _r_2; _r_3; _r_3_17; _r_3_18,0,
dataset_20/uvl/model_20140225_1829795152.uvl,14,3,_r_1; _r_3; _r_5,0,
dataset_20/uvl/model_20140227_386614568.uvl,75,14,_r_1; _r_1_16; _r_1_3; _r_1_4; _r_1_8; _r_2; _r_2_20; _r_2_27; _r_2_34; _r_2_39; _r_58; _r_58_59; _r_58_60; _r_58_61,0,
dataset_20/uvl/model_20140227_661956564.uvl,47,6,_r_1; _r_2; _r_3; _r_4; _r_4_21; _r_5,0,
dataset_20/uvl/model_20140301_728202228.uvl,49,6,_r_1; _r_2; _r_3; _r_4; _r_4_21; _r_5,0,
dataset_20/uvl/model_20140303_1487935744.uvl,23,2,_r_1; _r_2,0,
dataset_20/uvl/model_20140305_1485634182.uvl,28,1,_r_25,0,
dataset_20/uvl/model_20140305_1745306436.uvl,20,6,_r1; _r12; _r16; _r4; _r5; _r5_29,0,
dataset_20/uvl/model_20140305_850513381.uvl,63,22,_r_1; _r_13; _r_13_14; _r_13_14_16; _r_13_14_33; _r_13_14_34; _r_13_35; _r_13_35_37; _r_13_35_38; _r_13_39; _r_13_39_40; _r_13_39_41; _r_13_39_47; _r_13_49; _r_13_49_50; _r_13_49_52; _r_1_3; _r_1_3_7; _r_53; _r_54; _r_54_67; _r_54_67_68,0,
dataset_20/uvl/model_20140306_1313194877.uvl,32,1,_r_7,0,
dataset_20/uvl/model_20140306_1607259562.uvl,43,3,_r_24; _r_24_27; _r_24_27_35,0,
dataset_20/uvl/model_20140306_1994550432.uvl,12,1,_r_1,0,
dataset_20/uvl/model_20140310_1022041880.uvl,88,11,_r_10; _r_10_70; _r_10_71; _r_11; _r_11_91; _r_12; _r_13; _r_6; _r_6_14; _r_8; _r_9,0,
dataset_20/uvl/model_20140310_1916029542.uvl,144,7,_r_1; _r_10; _r_2; _r_3; _r_6; _r_8; _r_9,0,
dataset_20/uvl/model_20140319_1506613330.uvl,16,4,_r_1; _r_16; _r_5; _r_9,0,
dataset_20/uvl/model_20140320_391816142.uvl,11,5,_r_22; _r_4; _r_4_5; _r_4_5_10; _r_4_7,0,
dataset_20/uvl/model_20140321_1655023261.uvl,14,13,_r_1; _r_10; _r_11; _r_12; _r_13; _r_2; _r_3; _r_3_4; _r_3_5; _r_3_6; _r_3_7; _r_3_8; _r_9,0,
dataset_20/uvl/model_20140322_1340045027.uvl,10,4,_r_1; _r_4; _r_5; _r_9,0,
dataset_20/uvl/model_20140324_1142291623.uvl,11,0,,0,
dataset_20/uvl/model_20140326_1693773444.uvl,13,3,_r_21; _r_33; _r_34,0,
dataset_20/uvl/model_20140326_183546394.uvl,11,6,_r_2; _r_3; _r_4; _r_5; _r_6; _r_6_10,0,
dataset_20/uvl/model_20140326_801743865.uvl,13,3,_r_1; _r_2; _r_3,0,
dataset_20/uvl/model_20140328_1965511118.uvl,10,8,_r_1; _r_2; _r_3; _r_5; _r_6; _r_6_11_12; _r_6_7_8; _r_6_9_10,0,
dataset_20/uvl/model_20140401_1527258088.uvl,13,3,_r_10; _r_11; _r_4,0,
dataset_20/uvl/model_20140402_1108338221.uvl,10,1,_r_8,0,
dataset_20/uvl/model_20140403_1254324003.uvl,28,17,_r_1; _r_1_6; _r_1_7; _r_1_8; _r_2; _r_2_11; _r_2_12; _r_2_13; _r_3; _r_3_17; _r_3_18; _r_4; _r_4_19; _r_5; _r_5_23; _r_5_24; _r_5_27,0,
dataset_20/uvl/model_20140403_1425048263.uvl,12,5,_r_1; _r_2; _r_2_11; _r_3; _r_3_12,0,
dataset_20/uvl/model_20140403_1688136935.uvl,45,0,,0,
dataset_20/uvl/model_20140408_1553357169.uvl,11,0,,0,
dataset_20/uvl/model_20140409_1370428339.uvl,24,3,_r_15; _r_33; _r_33_51,0,
dataset_20/uvl/model_20140410_1285833987.uvl,11,0,,0,
dataset_20/uvl/model_20140410_1905141388.uvl,11,0,,1,_r_6_7
dataset_20/uvl/model_20140410_454790336.uvl,11,3,_r_14; _r_15; _r_17,2,_r_1_2_3; _r_1_7
dataset_20/uvl/model_20140411_114609198.uvl,12,3,_r_21; _r_22; _r_23,0,
dataset_20/uvl/model_20140411_1148485857.uvl,12,3,_r_1; _r_2; _r_3,0,
dataset_20/uvl/model_20140411_1742095150.uvl,12,3,_r_12; _r_13; _r_14,0,
dataset_20/uvl/model_20140411_279155356.uvl,11,3,_r_10; _r_8; _r_9,0,
dataset_20/uvl/model_20140420_1899694432.uvl,55,3,_r_1; _r_2; _r_9,0,
dataset_20/uvl/model_20140421_782765396.uvl,19,4,__r_15; _r_14; _r_15; _r_2,0,
dataset_20/uvl/model_20140422_1825362104.uvl,21,10,_r_1; _r_14; _r_14_24; _r_14_25; _r_14_25_26; _r_1_20; _r_2; _r_34_35; _r_36_37; _r_41,0,
dataset_20/uvl/model_20140422_2137156564.uvl,35,10,_r_1; _r_13; _r_13_14; _r_13_15; _r_13_16; _r_13_17; _r_18; _r_22; _r_27; _r_9,0,
dataset_20/uvl/model_20140423_1716161596.uvl,42,7,_r_1; _r_10; _r_15; _r_2; _r_45; _r_46; _r_47,0,
dataset_20/uvl/model_20140423_1890396897.uvl,36,10,_r_1; _r_13; _r_13_14; _r_13_15; _r_13_16; _r_13_17; _r_18; _r_22; _r_27; _r_9,0,
dataset_20/uvl/model_20140423_277886534.uvl,21,10,_r_1; _r_14; _r_14_24; _r_14_25; _r_14_25_26; _r_1_20; _r_1_27; _r_1_27_28; _r_1_27_33; _r_2,0,
dataset_20/uvl/model_20140423_813378270.uvl,48,14,_r_1; _r_1_20; _r_1_27; _r_1_27_28; _r_1_27_33; _r_2; _r_2_76; _r_2_78; _r_39; _r_39_41; _r_66; _r_66_67; _r_80; _r_80_81,0,
dataset_20/uvl/model_20140423_969548559.uvl,49,15,_r_1; _r_1_20; _r_1_27; _r_1_27_28; _r_1_27_33; _r_2; _r_2_76; _r_2_78; _r_39; _r_39_54; _r_66; _r_66_67; _r_66_72; _r_80; _r_80_81,0,
dataset_20/uvl/model_20140424_1672030888.uvl,65,3,_r_1; _r_1_7; _r_2,1,_r_1_7_9_10
dataset_20/uvl/model_20140425_366530615.uvl,11,3,_r_1; _r_19; _r_22,0,
dataset_20/uvl/model_20140427_1594857347.uvl,19,6,_r_1; _r_17; _r_18; _r_1_2; _r_1_2_3_4; _r_1_2_3_8,3,_r_18_20; _r_18_20_23_24; _r_18_20_23_25
dataset_20/uvl/model_20140428_1043688075.uvl,56,15,_r_1; _r_1_20; _r_1_27; _r_1_27_28; _r_1_27_33; _r_2; _r_2_76; _r_2_78; _r_39; _r_39_54; _r_66; _r_66_67; _r_66_72; _r_80; _r_80_81,0,
dataset_20/uvl/model_20140428_1127346099.uvl,72,17,_r_1; _r_1_20; _r_1_27; _r_1_27_28; _r_1_27_33; _r_1_59; _r_2; _r_2_76; _r_2_78; _r_39; _r_39_54; _r_39_64; _r_66; _r_66_67; _r_66_72; _r_80; _r_80_81,0,
dataset_20/uvl/model_20140428_1301432646.uvl,72,17,_r_1; _r_1_20; _r_1_27; _r_1_27_28; _r_1_27_33; _r_1_59; _r_2; _r_2_76; _r_2_78; _r_39; _r_39_54; _r_39_64; _r_66; _r_66_67; _r_66_72; _r_80; _r_80_81,0,
dataset_20/uvl/model_20140428_1917957920.uvl,63,16,_r_1; _r_1_20; _r_1_27; _r_1_27_28; _r_1_27_33; _r_1_59; _r_2; _r_2_76; _r_2_78; _r_39; _r_39_54; _r_66; _r_66_67; _r_66_72; _r_80; _r_80_81,0,
dataset_20/uvl/model_20140430_1345238885.uvl,17,7,_r_12; _r_13; _r_14; _r_2; _r_3; _r_4; _r_5,0,
dataset_20/uvl/model_20140430_1532303117.uvl,32,8,_r_10; _r_11; _r_33; _r_33_34; _r_37; _r_37_38; _r_50; _r_7,0,
dataset_20/uvl/model_20140503_110898123.uvl,16,3,_r_1; _r_13; _r_7,0,
dataset_20/uvl/model_20140503_2024413965.uvl,16,1,_r_1,0,
dataset_20/uvl/model_20140508_530056624.uvl,36,9,_r_1; _r_2; _r_2_11_13; _r_3; _r_34; _r_4; _r_41; _r_4_31; _r_4_32,9,_r_2_11_12; _r_34_35_37; _r_34_35_38; _r_34_35_40; _r_3_17_22; _r_3_24_25_29; _r_41_42_44; _r_41_42_45; _r_41_42_47
dataset_20/uvl/model_20140508_536536644.uvl,36,8,_r_1; _r_2; _r_3; _r_34; _r_4; _r_41; _r_4_31; _r_4_32,0,
dataset_20/uvl/model_20140509_978687642.uvl,10,8,_r_1; _r_1_3; _r_2; _r_2_5; _r_2_6; _r_2_7; _r_2_8; _r_2_9,0,
dataset_20/uvl/model_20140511_603377022.uvl,15,6,_r_1; _r_11; _r_12; _r_13; _r_1_2_3; _r_1_4_5,0,
dataset_20/uvl/model_20140514_1151327844.uvl,43,11,_r_1; _r_11; _r_12; _r_13; _r_14; _r_14_27; _r_28; _r_29; _r_31; _r_32; _r_55,0,
dataset_20/uvl/model_20140524_520707568.uvl,11,5,_r_1; _r_10; _r_12; _r_7_8; _r_9,0,
dataset_20/uvl/model_20140530_1262796172.uvl,10,0,,0,
dataset_20/uvl/model_20140604_731553244.uvl,14,4,_r_1; _r_3; _r_3_21; _r_4,0,
dataset_20/uvl/model_20140605_572628146.uvl,11,4,_r_1; _r_2; _r_2_11; _r_2_3,0,
dataset_20/uvl/model_20140613_1129301242.uvl,10,3,_r_1; _r_2; _r_3,0,
dataset_20/uvl/model_20140613_2054294739.uvl,10,3,_r_1; _r_2; _r_3,0,
dataset_20/uvl/model_20140614_1407759983.uvl,29,5,_r_1; _r_1_16; _r_1_16_31; _r_1_19; _r_3,0,
dataset_20/uvl/model_20140614_1599125118.uvl,13,4,_r_1; _r_4; _r_7; _r_8,0,
dataset_20/uvl/model_20140614_1989695192.uvl,29,5,_r_2; _r_2_6; _r_2_7; _r_3; _r_3_23,0,
dataset_20/uvl/model_20140614_2029282468.uvl,54,6,_r_1; _r_2; _r_2_18; _r_2_19; _r_3; _r_3_22,0,
dataset_20/uvl/model_20140614_436006902.uvl,25,5,_r_31; _r_42; _r_51; _r_58; _r_87,0,
dataset_20/uvl/model_20140614_81946339.uvl,22,2,_r_1; _r_1_4,0,
dataset_20/uvl/model_20140615_1417385367.uvl,35,12,_r_2; _r_25; _r_25_27; _r_25_27_33; _r_25_27_36; _r_25_28; _r_25_29; _r_25_46; _r_2_8; _r_2_8_15; _r_2_9; _r_2_9_19,0,
dataset_20/uvl/model_20140615_1477062295.uvl,33,5,_r_10; _r_11; _r_12; _r_2; _r_31,0,
dataset_20/uvl/model_20140615_1755551630.uvl,24,9,_r_11; _r_11_21; _r_2; _r_2_3; _r_6; _r_6_7; _r_8; _r_8_10; _r_8_9,0,
dataset_20/uvl/model_20140628_1177734570.uvl,29,9,_r1; _r10; _r13; _r14; _r17; _r21; _r24; _r6; _r9,0,
dataset_20/uvl/model_20140629_1128400878.uvl,42,15,_r_2; _r_2_5; _r_2_6; _r_2_7; _r_2_8; _r_3; _r_3_19; _r_3_22; _r_4; _r_4_37; _r_4_37_40; _r_4_38; _r_4_39; _r_4_39_54; _r_4_39_55,0,
dataset_20/uvl/model_20140630_1564361664.uvl,10,2,_r_10; _r_10_11,0,
dataset_20/uvl/model_20140710_2059561340.uvl,33,5,detail_level; framerate; game_mode; graphics; type,3,local_multiplayer; multiplayer; online_multiplayer
dataset_20/uvl/model_20140728_1532422166.uvl,23,4,DelayBlock_23; semantics; u_input; v_output,0,
dataset_20/uvl/model_20140801_240918546.uvl,22,6,_r_2; _r_4; _r_4_23; _r_4_23_25; _r_4_24; _r_5,0,
dataset_20/uvl/model_20140819_1020837515.uvl,63,21,_r_2; _r_2_21; _r_2_22; _r_2_23; _r_5; _r_5_21; _r_5_22; _r_5_23; _r_6; _r_6_26; _r_6_28; _r_6_29; _r_7; _r_7_32; _r_7_33; _r_7_34; _r_8; _r_8_35; _r_9; _r_9_36; _r_9_37,0,
dataset_20/uvl/model_20140819_1738890661.uvl,10,7,_r_1; _r_1_5; _r_1_6; _r_2; _r_2_10; _r_2_7; _r_2_8,0,
dataset_20/uvl/model_20140819_2062208658.uvl,26,18,_r_3; _r_3_25; _r_3_25_26; _r_3_25_27; _r_3_25_28; _r_4; _r_4_11; _r_4_11_12; _r_4_11_13; _r_4_11_14; _r_4_18; _r_4_18_19; _r_4_18_20; _r_4_18_22; _r_4_5; _r_4_5_6; _r_4_5_7; _r_4_5_8,0,
dataset_20/uvl/model_20140819_424669215.uvl,17,5,_r_1; _r_1_2; _r_1_4; _r_5; _r_5_6,0,
dataset_20/uvl/model_20140819_535519547.uvl,13,8,_r_1; _r_1_10; _r_1_6; _r_1_7; _r_1_8; _r_1_9; _r_2; _r_3,0,
dataset_20/uvl/model_20140819_709073537.uvl,43,21,_r_3; _r_3_23; _r_3_24; _r_3_26; _r_3_27; _r_4; _r_4_28; _r_4_29; _r_4_30; _r_4_31; _r_4_32; _r_4_33; _r_4_34; _r_4_35; _r_5; _r_5_41; _r_5_42; _r_6; _r_6_52; _r_6_53; _r_6_54,0,
dataset_20/uvl/model_20140819_914542251.uvl,62,34,_r_1; _r_1_10; _r_1_16; _r_1_43; _r_1_45; _r_2; _r_2_11; _r_2_12; _r_2_13; _r_2_21; _r_37; _r_37_38; _r_37_39; _r_37_40; _r_4; _r_4_22; _r_4_23; _r_4_28; _r_4_29; _r_4_32; _r_4_33; _r_4_34; _r_4_35; _r_4_71; _r_4_71_72; _r_4_71_73; _r_4_71_74; _r_4_71_75; _r_60; _r_60_61; _r_60_62; _r_60_63; _r_60_64; _r_60_65,0,
dataset_20/uvl/model_20140819_940483638.uvl,11,5,_r_1; _r_1_6; _r_2; _r_4; _r_5,0,
dataset_20/uvl/model_20140820_1349433690.uvl,22,14,_r_3; _r_4; _r_4_11; _r_4_11_12; _r_4_11_13; _r_4_11_14; _r_4_18; _r_4_18_19; _r_4_18_20; _r_4_18_22; _r_4_5; _r_4_5_6; _r_4_5_7; _r_4_5_8,0,
dataset_20/uvl/model_20140823_1972464026.uvl,35,19,_r_1; _r_17; _r_17_18; _r_17_19; _r_17_20; _r_17_21; _r_1_2; _r_1_3; _r_1_4; _r_1_5; _r_23; _r_23_24; _r_23_25; _r_30; _r_30_31; _r_8; _r_8_10; _r_8_11; _r_8_9,0,
dataset_20/uvl/model_20140824_1421620261.uvl,51,12,_r_1; _r_1_2; _r_1_3; _r_1_4; _r_26; _r_26_27; _r_26_28; _r_26_29; _r_42; _r_42_43; _r_42_45; _r_42_46,0,
dataset_20/uvl/model_20140824_1698583194.uvl,66,27,_r_2; _r_2_3; _r_2_3_33; _r_2_3_34; _r_2_3_68; _r_2_3_88; _r_2_44; _r_2_44_46; _r_2_44_47; _r_2_44_48; _r_2_44_90; _r_2_45; _r_2_45_51; _r_2_45_51_54; _r_2_45_52; _r_2_45_91; _r_58; _r_58_59; _r_58_59_60; _r_58_59_60_62; _r_58_63; _r_58_63_64; _r_58_63_95; _r_58_70; _r_58_70_71; _r_58_70_72; _r_58_70_73,0,
dataset_20/uvl/model_20140824_2115796112.uvl,43,26,_r_1; _r_1_23; _r_1_24; _r_1_25; _r_1_26; _r_1_28; _r_1_29; _r_2; _r_2_16; _r_2_17; _r_2_18; _r_2_22; _r_3; _r_3_32; _r_3_33; _r_4; _r_4_34; _r_5; _r_5_10; _r_5_11; _r_5_12; _r_5_9; _r_6; _r_6_38; _r_6_39; _r_6_41,1,_r_2_19_20
dataset_20/uvl/model_20140824_525404983.uvl,47,25,_r_1; _r_1_10; _r_1_11; _r_1_11_12; _r_2; _r_2_17; _r_3; _r_3_23; _r_3_25; _r_3_26; _r_3_27; _r_4; _r_4_28; _r_4_28_29; _r_4_30; _r_6; _r_6_36; _r_6_36_37; _r_7; _r_7_39; _r_7_43; _r_8; _r_8_44; _r_8_45; _r_8_46,0,
dataset_20/uvl/model_20140825_2017008690.uvl,58,30,_r_1; _r_1_2; _r_1_3; _r_1_4; _r_31; _r_31_31; _r_31_32; _r_31_41; _r_31_42; _r_31_43; _r_31_44; _r_52; _r_52_55; _r_52_56; _r_52_57; _r_52_58; _r_52_59; _r_52_61; _r_52_62; _r_52_63; _r_52_65; _r_7; _r_7_10; _r_7_11; _r_7_12; _r_7_13; _r_7_14; _r_7_15; _r_7_8; _r_7_9,0,
dataset_20/uvl/model_20140826_2051139991.uvl,31,13,_r_1; _r_10; _r_10_36; _r_1_11; _r_1_12; _r_3; _r_3_13; _r_4; _r_4_14; _r_4_15; _r_7; _r_7_24; _r_7_25,0,
dataset_20/uvl/model_20140902_941000321.uvl,13,6,_r_1; _r_1_4; _r_2; _r_2_8; _r_3; _r_3_12,0,
dataset_20/uvl/model_20140905_2124104947.uvl,10,1,_r_17,0,
dataset_20/uvl/model_20140905_372428255.uvl,13,0,,0,
dataset_20/uvl/model_20140914_1816201365.uvl,37,23,_r_1; _r_16; _r_16_17; _r_16_18; _r_16_19; _r_16_20; _r_16_21; _r_16_24; _r_16_26; _r_16_40; _r_1_2; _r_1_3; _r_7; _r_7_25; _r_7_26; _r_7_8; _r_7_8_12; _r_7_8_12_13; _r_7_8_12_14; _r_7_8_12_15; _r_7_8_12_38; _r_7_8_12_39; _r_7_9,0,
dataset_20/uvl/model_20140914_775838300.uvl,24,18,_r_1; _r_16; _r_16_17; _r_16_18; _r_16_19; _r_16_20; _r_16_21; _r_16_24; _r_16_26; _r_1_2; _r_1_3; _r_7; _r_7_8; _r_7_8_12; _r_7_8_12_13; _r_7_8_12_14; _r_7_8_12_15; _r_7_9,0,
dataset_20/uvl/model_20140917_195564800.uvl,16,14,_r_2; _r_2_3; _r_2_4; _r_5; _r_6; _r_7; _r_7_10; _r_7_10_14; _r_7_10_15; _r_7_8; _r_7_8_11; _r_7_8_12; _r_7_9; _r_7_9_13,0,
dataset_20/uvl/model_20140925_285704903.uvl,20,0,,0,
dataset_20/uvl/model_20141006_1946000492.uvl,14,4,_r_1; _r_2; _r_2_10; _r_2_11,0,
dataset_20/uvl/model_20141017_1234330746.uvl,38,13,_r_1; _r_1_10; _r_1_9; _r_1_9_11; _r_2; _r_3; _r_4; _r_4_27; _r_5; _r_6; _r_7; _r_7_43; _r_8,0,
dataset_20/uvl/model_20141018_2078980023.uvl,87,2,_r_1; _r_1_9,0,
dataset_20/uvl/model_20141018_811394530.uvl,23,3,_r_1; _r_1_24; _r_1_9,0,
dataset_20/uvl/model_20141021_386995832.uvl,24,4,_r_2; _r_3; _r_3_7; _r_3_9,0,
dataset_20/uvl/model_20141023_1082000051.uvl,37,8,_r_1; _r_1_2; _r_1_2_3; _r_1_2_4; _r_1_2_5; _r_1_8; _r_1_8_48_53; _r_32,1,_r_32_37_60_62
dataset_20/uvl/model_20141023_1600573567.uvl,20,6,_r_1; _r_1_10; _r_1_9; _r_1_9_11; _r_39; _r_6,0,
dataset_20/uvl/model_20141023_437365215.uvl,35,14,_r_1; _r_1_10; _r_1_9; _r_1_9_11; _r_34; _r_47; _r_47_48; _r_47_49; _r_47_50; _r_6; _r_60; _r_60_61; _r_65; _r_65_66,0,
dataset_20/uvl/model_20141029_1107505375.uvl,12,4,_r_2; _r_2_10; _r_2_11; _r_2_9,0,
dataset_20/uvl/model_20141029_1924517902.uvl,53,40,_r_19; _r_19_24; _r_19_24_25; _r_19_24_34; _r_19_35; _r_19_35_36; _r_19_35_37; _r_19_35_37_38; _r_19_35_37_39; _r_19_35_37_40; _r_19_35_37_40_42_43; _r_19_35_37_41; _r_19_35_37_41_44_45; _r_2; _r_20; _r_20_46; _r_20_47; _r_21; _r_21_48; _r_21_49; _r_22; _r_22_50; _r_22_51; _r_22_52; _r_22_53; _r_22_54; _r_22_55; _r_22_56; _r_23; _r_23_57; _r_23_58; _r_23_59; _r_2_10; _r_2_11; _r_2_11_13; _r_2_11_15; _r_2_11_16; _r_2_11_17; _r_2_11_18; _r_2_9,0,
dataset_20/uvl/model_20141030_1194865372.uvl,48,8,_r_1; _r_12; _r_2; _r_3; _r_4; _r_5; _r_6; _r_8,0,
dataset_20/uvl/model_20141030_1477913256.uvl,12,7,_r_1; _r_14; _r_15; _r_16; _r_17; _r_18; _r_7_13,0,
dataset_20/uvl/model_20141102_1778359466.uvl,23,8,_r_2; _r_26; _r_3; _r_6; _r_6_11; _r_6_12; _r_9; _r_9_31,0,
dataset_20/uvl/model_20141103_285596543.uvl,25,9,_r_1; _r_1_5; _r_1_6; _r_1_7; _r_1_8; _r_1_9; _r_2; _r_2_10; _r_2_11,0,
dataset_20/uvl/model_20141103_771283347.uvl,10,2,_r_1; _r_3,0,
dataset_20/uvl/model_20141104_1527188029.uvl,140,19,__r_12_19; _r_110; _r_12; _r_12_14; _r_12_15; _r_12_16; _r_12_22; _r_12_24; _r_12_26; _r_12_31; _r_12_32; _r_75; _r_75_76; _r_75_77; _r_75_79; _r_75_80; _r_79; _r_97; _r_97_98,0,
dataset_20/uvl/model_20141106_1014782772.uvl,17,3,_r_1; _r_1_3; _r_1_5,0,
dataset_20/uvl/model_20141106_309720283.uvl,57,3,_r_1; _r_1_3; _r_1_5,0,
dataset_20/uvl/model_20141106_687094706.uvl,65,3,_r_1; _r_1_3; _r_1_5,0,
dataset_20/uvl/model_20141107_377655341.uvl,24,4,_r_2; _r_3; _r_4; _r_5,0,
dataset_20/uvl/model_20141107_655975442.uvl,10,2,_r_1; _r_2,0,
dataset_20/uvl/model_20141108_202761108.uvl,10,3,_r_1; _r_2; _r_3,0,
dataset_20/uvl/model_20141108_701198022.uvl,11,2,_r_11_12; _r_3_4,0,
dataset_20/uvl/model_20141109_1274255950.uvl,11,5,_r_1; _r_11; _r_12; _r_2; _r_3,0,
dataset_20/uvl/model_20141111_2120296387.uvl,51,4,_r_1; _r_2; _r_3; _r_4,0,
dataset_20/uvl/model_20141113_1414990983.uvl,46,10,_r_1; _r_10; _r_12; _r_13; _r_17; _r_18; _r_18_19; _r_18_20; _r_18_21; _r_43,0,
dataset_20/uvl/model_20141113_346832425.uvl,56,4,_r_4; _r_43; _r_5; _r_79,0,
dataset_20/uvl/model_20141114_653359930.uvl,32,5,_r_1; _r_2; _r_3; _r_6; _r_7,0,
dataset_20/uvl/model_20141116_913921823.uvl,44,26,_r_24; _r_3; _r_3_12; _r_3_12_13; _r_3_12_13_14; _r_3_12_13_15; _r_3_12_13_16; _r_3_12_13_17; _r_3_12_13_23; _r_4; _r_5; _r_5_43; _r_5_46; _r_5_47; _r_5_49; _r_5_51; _r_8; _r_8_52; _r_8_53; _r_8_53_62; _r_8_53_63; _r_8_53_64; _r_8_54; _r_8_54_65; _r_8_54_66; _r_8_54_67,0,
dataset_20/uvl/model_20141119_1459706454.uvl,34,25,_r_1; _r_1_10; _r_1_12; _r_1_13; _r_1_14; _r_1_15; _r_1_16; _r_1_8; _r_1_9; _r_3; _r_3_17; _r_3_18; _r_3_37; _r_4; _r_4_19; _r_4_20; _r_4_21; _r_5; _r_5_22; _r_5_23; _r_5_24; _r_6; _r_6_25; _r_6_26; _r_6_27,0,
dataset_20/uvl/model_20141119_1676144838.uvl,14,10,_r_1; _r_1_6; _r_1_6_7; _r_2; _r_2_9; _r_3; _r_3_11_12; _r_3_13_14; _r_4; _r_4_15,0,
dataset_20/uvl/model_20141129_1031364.uvl,12,3,_r_1; _r_2; _r_3,0,
dataset_20/uvl/model_20141129_1141626102.uvl,12,3,_r_1; _r_2; _r_3,0,
dataset_20/uvl/model_20141129_1168519534.uvl,12,3,_r_1; _r_2; _r_3,0,
dataset_20/uvl/model_20141129_1642511009.uvl,34,6,_r_1; _r_2; _r_4; _r_4_20; _r_4_25; _r_50,0,
dataset_20/uvl/model_20141129_2117240468.uvl,12,3,_r_1; _r_13; _r_2,0,
dataset_20/uvl/model_20141129_264528063.uvl,13,3,_r_1; _r_2; _r_3,0,
dataset_20/uvl/model_20141129_6569546.uvl,25,6,_r_1; _r_1_8; _r_1_8_12; _r_1_8_13; _r_1_8_14; _r_27,0,
dataset_20/uvl/model_20141129_966803644.uvl,12,0,,0,
dataset_20/uvl/model_20141202_104116345.uvl,10,2,_r_3; _r_5,0,
dataset_20/uvl/model_20141202_107430422.uvl,36,8,_r_1; _r_31; _r_31_32_33; _r_36; _r_5; _r_9; _r_9_10; _r_9_19,0,
dataset_20/uvl/model_20141205_2005181775.uvl,33,4,_r_1; _r_13; _r_2; _r_37,0,
dataset_20/uvl/model_20141212_523199394.uvl,15,4,_r_1; _r_2; _r_3; _r_4,0,
dataset_20/uvl/model_20150105_1168070568.uvl,17,3,_r_1; _r_2; _r_3,0,
dataset_20/uvl/model_20150109_425963323.uvl,37,10,_r_1; _r_1_3; _r_1_36; _r_1_4; _r_1_5; _r_6; _r_6_15; _r_7; _r_8; _r_9,0,
dataset_20/uvl/model_20150114_50814742.uvl,33,10,_r_1; _r_12; _r_16; _r_26; _r_35; _r_40; _r_47; _r_6; _r_6_7; _r_8,0,
dataset_20/uvl/model_20150120_214372699.uvl,40,8,_r_1; _r_10; _r_11; _r_20; _r_20_21; _r_20_23; _r_20_24; _r_8,0,
dataset_20/uvl/model_20150208_1225865238.uvl,42,9,_r_1; _r_10; _r_15; _r_19; _r_19_20_23; _r_24; _r_30; _r_35; _r_6,2,_r_19_20_21; _r_19_20_22
dataset_20/uvl/model_20150208_2120373387.uvl,25,6,_r1; _r12; _r15; _r24; _r5; _r8,0,
dataset_20/uvl/model_20150209_1183047948.uvl,29,5,_r_2; _r_2_10; _r_2_6; _r_2_8; _r_2_8_14,0,
dataset_20/uvl/model_20150212_1516383976.uvl,12,3,_r_1; _r_2; _r_3,0,
dataset_20/uvl/model_20150222_2069201003.uvl,13,7,_r_1; _r_7; _r_7_8; _r_9; _r_9_10; _r_9_13; _r_9_14,0,
dataset_20/uvl/model_20150222_409043024.uvl,52,18,_r_1; _r_1_11; _r_1_11_36; _r_1_12; _r_1_12_41; _r_2; _r_2_13; _r_2_14; _r_2_15; _r_2_16; _r_3; _r_4; _r_5; _r_5_21; _r_5_22; _r_5_23; _r_5_24; _r_5_25,0,
dataset_20/uvl/model_20150223_339293957.uvl,26,12,_r1; _r12; _r15; _r2; _r20; _r21; _r22; _r23; _r3; _r4; _r5; _r9,0,
dataset_20/uvl/model_20150223_771673981.uvl,26,9,_r_1; _r_11; _r_15; _r_19; _r_26; _r_26_29; _r_26_30; _r_31; _r_6,0,
dataset_20/uvl/model_20150226_64791123.uvl,26,8,_r_20; _r_20_21; _r_20_22; _r_20_22_27; _r_20_22_28; _r_20_22_29; _r_20_23; _r_20_24,0,
dataset_20/uvl/model_20150228_222823272.uvl,37,11,_r_2; _r_2_16; _r_2_22; _r_2_6; _r_3; _r_3_23; _r_3_24; _r_3_25; _r_3_30; _r_3_35; _r_4,0,
dataset_20/uvl/model_20150228_41303449.uvl,33,5,_r_2; _r_2_18; _r_2_19; _r_2_20; _r_2_21,0,
dataset_20/uvl/model_20150301_1821356180.uvl,28,6,_r_1; _r_1_10; _r_1_25; _r_1_8; _r_1_8_19; _r_1_9,0,
dataset_20/uvl/model_20150301_300492477.uvl,33,6,_r_16; _r_16_17; _r_16_18; _r_16_19; _r_16_20; _r_31,0,
dataset_20/uvl/model_20150301_527193150.uvl,24,6,_r_1; _r_15; _r_2; _r_5; _r_55; _r_55_58,0,
dataset_20/uvl/model_20150302_1660900120.uvl,31,10,_r_1; _r_1_4; _r_2; _r_2_11; _r_2_12; _r_2_15; _r_3; _r_3_26_29; _r_3_26_29_30; _r_3_26_29_31,0,
dataset_20/uvl/model_20150304_173081072.uvl,20,1,_r_6,0,
dataset_20/uvl/model_20150304_617127008.uvl,56,9,_r_1; _r_1_3; _r_1_4; _r_1_4_27; _r_1_4_29; _r_1_4_32; _r_1_4_32_48; _r_1_6; _r_1_7,0,
dataset_20/uvl/model_20150305_15208156.uvl,30,9,_r_2; _r_2_14; _r_2_15; _r_2_16; _r_2_17; _r_2_17_18; _r_2_17_19; _r_2_20; _r_3,0,
dataset_20/uvl/model_20150305_837831991.uvl,39,15,_r_2; _r_2_4; _r_2_4_8; _r_2_4_8_10; _r_2_4_8_11; _r_2_4_9; _r_2_7; _r_2_7_18; _r_2_7_19; _r_3; _r_3_20; _r_3_21; _r_3_21_33; _r_3_22; _r_3_23,0,
dataset_20/uvl/model_20150305_94122420.uvl,31,15,_r_2; _r_2_4; _r_2_4_8; _r_2_4_8_10; _r_2_4_8_11; _r_2_4_9; _r_2_7; _r_2_7_18; _r_2_7_19; _r_3; _r_3_20; _r_3_21; _r_3_21_33; _r_3_22; _r_3_23,0,
dataset_20/uvl/model_20150306_503606823.uvl,27,7,_r_2; _r_2_11; _r_2_14; _r_3; _r_3_21; _r_3_22; _r_3_23,0,
dataset_20/uvl/model_20150307_1251635490.uvl,35,6,_r_1; _r_1_14; _r_1_16; _r_1_37; _r_3; _r_3_29,0,
dataset_20/uvl/model_20150309_1129343473.uvl,33,6,_r_18; _r_18_19; _r_18_20; _r_18_23; _r_18_24; _r_34,0,
dataset_20/uvl/model_20150309_1544990511.uvl,39,26,_r_1; _r_1_10_11; _r_1_12_13; _r_1_14_15; _r_1_6_7; _r_1_6_7_16_17; _r_1_6_7_16_17_21_22; _r_1_6_7_16_17_23_24; _r_1_6_7_16_17_25_26; _r_1_6_7_16_17_28_29; _r_1_6_7_19_20; _r_1_8_9; _r_2; _r_2_30; _r_2_30_44_45; _r_2_30_46_47; _r_2_30_48_49; _r_2_30_52_53; _r_2_30_52_53_54_55; _r_2_30_52_53_56_57; _r_3; _r_3_58_59; _r_3_60_61; _r_3_62_63; _r_3_64_65; _r_3_66_67,0,
dataset_20/uvl/model_20150309_670536624.uvl,22,4,_r_2; _r_2_10; _r_2_16; _r_3,0,
dataset_20/uvl/model_20150310_1159520762.uvl,35,9,_r_1; _r_1_23; _r_2; _r_2_4; _r_2_9; _r_3; _r_3_33; _r_3_34; _r_3_35,0,
dataset_20/uvl/model_20150310_1191030699.uvl,30,5,_r_1; _r_7; _r_7_10; _r_7_8; _r_7_9,0,
dataset_20/uvl/model_20150310_1642957582.uvl,29,3,_r_3; _r_4; _r_4_34,0,
dataset_20/uvl/model_20150310_563618715.uvl,33,7,_r_2; _r_2_16; _r_2_20; _r_3; _r_3_26; _r_3_27; _r_3_36,1,_r_3_23
dataset_20/uvl/model_20150320_593593000.uvl,13,2,_r_2; _r_2_3,0,
dataset_20/uvl/model_20150330_63301402.uvl,11,3,_r_1; _r_2; _r_3,0,
dataset_20/uvl/model_20150411_1026005127.uvl,10,4,_r_1; _r_2; _r_2_10; _r_3,0,
dataset_20/uvl/model_20150411_1055039600.uvl,18,11,_r_1; _r_1_10; _r_1_11; _r_1_3; _r_1_4; _r_1_5; _r_1_6; _r_1_7; _r_1_8; _r_1_9; _r_2,0,
dataset_20/uvl/model_20150411_1378086632.uvl,15,3,_r_1; _r_16; _r_9,0,
dataset_20/uvl/model_20150414_2125272166.uvl,21,2,_r_31; _r_36,0,
dataset_20/uvl/model_20150416_264061404.uvl,47,5,_r_1; _r_2; _r_2_3; _r_2_4; _r_2_5,0,
dataset_20/uvl/model_20150419_1225785874.uvl,11,0,,0,
dataset_20/uvl/model_20150423_1415525319.uvl,27,15,_r_13; _r_13_14; _r_2; _r_6; _r_7; _r_7_10; _r_7_10_23; _r_7_10_25; _r_7_10_26; _r_7_10_30; _r_7_10_31; _r_7_10_33; _r_7_10_34; _r_7_11; _r_7_9,0,
dataset_20/uvl/model_20150423_1422172417.uvl,14,7,_r_1; _r_1_5; _r_1_6; _r_1_7; _r_2; _r_2_3; _r_2_4,0,
dataset_20/uvl/model_20150425_1862491910.uvl,80,20,_r_1; _r_10; _r_109; _r_18; _r_18_30; _r_1_19; _r_1_20; _r_1_21; _r_2; _r_2_33; _r_2_99; _r_3; _r_3_107; _r_3_81; _r_4; _r_4_72; _r_4_73; _r_5; _r_5_61; _r_8,0,
dataset_20/uvl/model_20150427_2103265175.uvl,56,14,_r_1; _r_1_15; _r_2; _r_3; _r_3_52; _r_3_55; _r_48; _r_6; _r_6_29; _r_7; _r_7_34; _r_7_35; _r_7_35_46; _r_7_35_56,0,
dataset_20/uvl/model_20150428_2048110240.uvl,11,3,_r_1; _r_2; _r_3,0,
dataset_20/uvl/model_20150429_343028682.uvl,43,22,_r_1; _r_1_30; _r_1_31; _r_1_32; _r_1_32_40; _r_1_32_41; _r_1_32_42; _r_1_33; _r_1_33_43; _r_1_33_44; _r_1_33_45; _r_1_33_46; _r_1_33_47; _r_2; _r_2_4; _r_2_4_12; _r_2_5; _r_2_7; _r_2_8; _r_3; _r_3_23; _r_3_24,0,
dataset_20/uvl/model_20150505_1728564449.uvl,13,0,,0,
dataset_20/uvl/model_20150506_2068045691.uvl,20,14,_r_12; _r_13; _r_13_14; _r_13_15; _r_16; _r_16_17; _r_16_18; _r_19; _r_19_20; _r_19_21; _r_19_22; _r_7; _r_7_11; _r_7_8,0,
dataset_20/uvl/model_20150506_306101537.uvl,33,15,_r_1; _r_1_2; _r_1_3; _r_23; _r_24; _r_25; _r_25_27; _r_25_29; _r_30; _r_31; _r_37; _r_8; _r_9; _r_9_12; _r_9_20,0,
dataset_20/uvl/model_20150507_1665248699.uvl,15,7,_r_1; _r_10; _r_11; _r_11_14; _r_12; _r_1_2; _r_1_3,0,
dataset_20/uvl/model_20150507_425070085.uvl,44,3,_r_1; _r_1_2; _r_1_3,0,
dataset_20/uvl/model_20150509_1341412445.uvl,10,1,_r_1,0,
dataset_20/uvl/model_20150512_534005467.uvl,31,12,_r_1; _r_12; _r_13; _r_13_27_29; _r_1_14; _r_1_15; _r_1_15_16; _r_1_15_17; _r_1_15_18; _r_1_15_19; _r_1_7; _r_3,0,
dataset_20/uvl/model_20150515_2045521211.uvl,25,7,_r_23; _r_23_24; _r_23_25; _r_23_27; _r_23_28; _r_36; _r_36_38,0,
dataset_20/uvl/model_20150521_1423870525.uvl,16,7,_r_1; _r_1_3; _r_1_4; _r_2; _r_2_13; _r_2_14; _r_2_15,0,
dataset_20/uvl/model_20150521_1988107963.uvl,17,4,_r_1; _r_1_4; _r_1_6; _r_1_7,0,
dataset_20/uvl/model_20150523_1701783178.uvl,23,4,_r_4; _r_4_5; _r_4_6; _r_4_6_7,0,
dataset_20/uvl/model_20150523_372542452.uvl,47,11,_r_1; _r_13; _r_13_14; _r_13_23; _r_13_24; _r_1_11; _r_1_12; _r_1_2; _r_26; _r_35; _r_36,0,
dataset_20/uvl/model_20150527_1979644627.uvl,72,0,,0,
dataset_20/uvl/model_20150527_2051574410.uvl,28,0,,0,
dataset_20/uvl/model_20150527_830434674.uvl,34,0,,0,
dataset_20/uvl/model_20150529_550903687.uvl,21,4,_r_11; _r_2; _r_23; _r_3,0,
dataset_20/uvl/model_20150610_685576256.uvl,15,5,_r_18; _r_18_20; _r_18_21; _r_19; _r_19_38,0,
dataset_20/uvl/model_20150611_1748318240.uvl,14,4,_r_1; _r_2; _r_7; _r_7_8,0,
dataset_20/uvl/model_20150611_578706116.uvl,13,3,_r_1; _r_2; _r_3,0,
dataset_20/uvl/model_20150612_1719519345.uvl,14,1,_r_15,0,
dataset_20/uvl/model_20150614_1325491211.uvl,24,6,_r_1; _r_2; _r_3; _r_3_7; _r_4; _r_5,0,
dataset_20/uvl/model_20150616_1287606127.uvl,22,8,_r_17; _r_18; _r_19; _r_2; _r_2_3; _r_2_4; _r_5; _r_5_6,0,
dataset_20/uvl/model_20150616_314969910.uvl,26,9,_r_1; _r_15; _r_1_6; _r_1_7; _r_21; _r_25; _r_26; _r_30; _r_9,0,
dataset_20/uvl/model_20150616_74187279.uvl,17,5,_r_1; _r_2; _r_3; _r_4; _r_5,0,
dataset_20/uvl/model_20150620_2057636397.uvl,13,3,_r_1; _r_2; _r_3,0,
dataset_20/uvl/model_20150621_1174641946.uvl,36,17,_r_1; _r_1_6; _r_1_7; _r_2; _r_2_10; _r_2_9; _r_3; _r_3_11; _r_4; _r_4_12; _r_5; _r_5_13; _r_5_14; _r_5_14_22; _r_5_14_22_34; _r_5_14_22_36; _r_5_14_24,0,
dataset_20/uvl/model_20150621_2090653675.uvl,20,0,,0,
dataset_20/uvl/model_20150624_1191374126.uvl,13,1,_r_4,0,
dataset_20/uvl/model_20150625_1923523971.uvl,16,3,_r_1; _r_2; _r_3,0,
dataset_20/uvl/model_20150701_451946642.uvl,22,1,_r_3,0,
dataset_20/uvl/model_20150703_1928436983.uvl,10,5,_r_16; _r_16_18; _r_16_19; _r_16_20; _r_16_21,0,
dataset_20/uvl/model_20150713_1448325014.uvl,32,5,_r_1; _r_2; _r_2_13; _r_2_14; _r_2_15,0,
dataset_20/uvl/model_20150715_1425609053.uvl,12,2,_r_1; _r_7,0,
dataset_20/uvl/model_20150715_75174593.uvl,17,3,_r_4; _r_5; _r_6,0,
dataset_20/uvl/model_20150720_1580995178.uvl,22,2,_r_1; _r_2,0,
dataset_20/uvl/model_20151102_2085331426.uvl,51,16,_r_1; _r_1_15; _r_1_38; _r_1_38_39; _r_1_41; _r_1_41_44; _r_1_7; _r_1_7_41; _r_1_9; _r_1_9_21; _r_1_9_34; _r_2; _r_2_49; _r_2_52; _r_3; _r_31,0,
dataset_20/uvl/model_20151103_1678219280.uvl,19,12,_r_1; _r_19; _r_3; _r_3_7; _r_4; _r_5; _r_5_12; _r_5_12_13; _r_5_12_14; _r_5_15; _r_5_16; _r_5_18,0,
dataset_20/uvl/model_20151106_857588743.uvl,21,3,_r_1; _r_2; _r_3,0,
dataset_20/uvl/model_20151111_460133826.uvl,40,25,_r_1; _r_13; _r_13_26; _r_13_27; _r_13_28; _r_13_33; _r_15; _r_18; _r_1_10; _r_1_11; _r_1_9; _r_4; _r_44; _r_4_34; _r_4_35; _r_4_36; _r_5; _r_8; _r_8_19; _r_8_20; _r_8_21; _r_8_22; _r_8_23; _r_8_24; _r_8_25,0,
dataset_20/uvl/model_20151116_762410606.uvl,29,8,_r_1; _r_1_3; _r_26; _r_26_27; _r_29; _r_30; _r_31; _r_31_32,0,
dataset_20/uvl/model_20151117_1411945431.uvl,22,18,_r_1; _r_1_8; _r_1_8_10_11; _r_1_8_12_13; _r_2; _r_2_18_19; _r_2_20_21; _r_2_22_23; _r_3; _r_3_24; _r_3_24_27_28; _r_3_24_29_30; _r_3_25; _r_3_25_31_32; _r_3_25_33_34; _r_3_26; _r_3_26_35_36; _r_3_26_37_38,0,
dataset_20/uvl/model_20151119_424700280.uvl,10,4,_r_1; _r_1_5; _r_2; _r_4,0,
dataset_20/uvl/model_20151119_825568988.uvl,19,6,_r_18; _r_28; _r_3; _r_3_11; _r_3_15; _r_3_7,0,
dataset_20/uvl/model_20151122_103763227.uvl,47,12,_r_1; _r_10; _r_11; _r_12; _r_2; _r_3; _r_4; _r_5; _r_6; _r_7; _r_8; _r_9,0,
dataset_20/uvl/model_20151124_1131991591.uvl,34,8,_r_1; _r_1_13; _r_1_6; _r_2; _r_2_3; _r_2_4; _r_2_5; _r_9,0,
dataset_20/uvl/model_20151127_885194761.uvl,36,2,_r_17; _r_37,0,
dataset_20/uvl/model_20151201_896154285.uvl,24,9,_r_1; _r_10; _r_10_17; _r_10_18; _r_10_19; _r_1_2; _r_23; _r_23_24; _r_23_28,0,
dataset_20/uvl/model_20151202_1529785580.uvl,40,10,_r_1; _r_1_2; _r_1_2_15; _r_1_2_17; _r_1_2_17_22; _r_1_2_17_23; _r_1_2_17_24; _r_6; _r_7; _r_7_8,0,
dataset_20/uvl/model_20151216_1220822165.uvl,15,1,_r_1,0,
dataset_20/uvl/model_20160103_2012826523.uvl,94,14,_r_1; _r_1_2; _r_1_2_4; _r_1_2_4_5; _r_1_2_4_6; _r_1_2_7; _r_1_2_7_10; _r_1_2_7_11; _r_1_2_7_8; _r_1_2_7_9; _r_1_3; _r_1_3_30; _r_1_3_31; _r_1_3_32,0,
dataset_20/uvl/model_20160106_443157632.uvl,13,10,_r_1; _r_15; _r_16; _r_18; _r_1_7_8; _r_1_7_8_11_12; _r_1_7_8_13_14; _r_1_7_8_9_10; _r_2_3; _r_2_3_4_5,0,
dataset_20/uvl/model_20160111_1033692827.uvl,61,31,_r_12; _r_12_14; _r_12_14_15; _r_12_14_16; _r_12_17; _r_12_17_18; _r_12_17_19; _r_12_20; _r_12_20_21; _r_12_20_22; _r_12_20_23; _r_12_20_24; _r_12_25; _r_12_25_32; _r_12_25_33; _r_12_26; _r_12_26_30; _r_12_26_31; _r_12_27; _r_12_27_28; _r_12_27_29; _r_12_34; _r_12_35; _r_12_42; _r_13; _r_13_75; _r_13_83; _r_13_83_86; _r_13_83_87; _r_13_84; _r_13_85,0,
dataset_20/uvl/model_20160121_1141972007.uvl,20,11,_r_15; _r_15_16; _r_15_23; _r_15_23_24; _r_15_23_25; _r_15_23_26; _r_32; _r_9; _r_9_10; _r_9_12; _r_9_13,0,
dataset_20/uvl/model_20160122_407616496.uvl,29,5,_r_1; _r_2; _r_2_24; _r_2_25; _r_3,0,
dataset_20/uvl/model_20160123_368502373.uvl,10,3,_r_1; _r_7_8; _r_9,0,
dataset_20/uvl/model_20160125_1378351345.uvl,38,13,_r_1; _r_2; _r_2_11; _r_2_11_12; _r_2_11_12_27; _r_2_11_12_29; _r_2_11_12_29_35; _r_2_11_12_29_35_36; _r_2_11_12_30; _r_2_11_13; _r_2_11_13_16; _r_2_11_14; _r_2_11_15,0,
dataset_20/uvl/model_20160125_59009200.uvl,37,2,_r_4_8; _r_4_8_47,0,
dataset_20/uvl/model_20160221_544170906.uvl,11,3,_r_4; _r_5; _r_7,0,
dataset_20/uvl/model_20160225_2040495200.uvl,50,7,_r_1; _r_2; _r_3; _r_4; _r_4_35; _r_4_36; _r_4_37,0,
dataset_20/uvl/model_20160225_419189676.uvl,47,7,_r_15; _r_26; _r_26_29; _r_26_30; _r_26_31; _r_7; _r_8,0,
dataset_20/uvl/model_20160227_1275602559.uvl,47,7,_r_11; _r_18; _r_2; _r_36; _r_36_37; _r_36_38; _r_36_39,0,
dataset_20/uvl/model_20160227_1389842098.uvl,48,7,_r_1; _r_3; _r_30; _r_30_31; _r_30_32; _r_30_33; _r_4,0,
dataset_20/uvl/model_20160229_1590940306.uvl,50,8,_r_1; _r_1_16; _r_2; _r_31; _r_31_32; _r_31_33; _r_31_34; _r_9,0,
dataset_20/uvl/model_20160229_171128808.uvl,48,7,_r_1; _r_19; _r_33; _r_33_34; _r_33_35; _r_33_36; _r_67,4,_r_1_12_16; _r_56_58; _r_56_58_78_79; _r_56_58_78_80
dataset_20/uvl/model_20160229_1734203468.uvl,48,8,_r_1; _r_2; _r_3; _r_4; _r_4_29; _r_4_30; _r_4_31; _r_61,0,
dataset_20/uvl/model_20160229_490224198.uvl,49,10,_r_1; _r_12; _r_12_13; _r_12_14; _r_24; _r_24_25; _r_24_25_28; _r_24_25_35; _r_24_25_39; _r_5,0,
dataset_20/uvl/model_20160229_707006027.uvl,13,10,_r_1; _r_1_5; _r_1_6; _r_2; _r_2_7; _r_2_8; _r_3; _r_3_10; _r_3_11; _r_3_9,0,
dataset_20/uvl/model_20160301_1978418899.uvl,24,17,_r_1; _r_1_5; _r_1_6; _r_1_6_22; _r_1_6_23; _r_1_6_24; _r_2; _r_2_7; _r_2_8; _r_3; _r_3_10; _r_3_10_15; _r_3_10_16; _r_3_10_17; _r_3_11; _r_3_9; _r_3_9_14,0,
dataset_20/uvl/model_20160301_235863217.uvl,20,14,_r_1; _r_1_5; _r_1_6; _r_2; _r_2_7; _r_2_8; _r_3; _r_3_10; _r_3_10_15; _r_3_10_16; _r_3_10_17; _r_3_11; _r_3_9; _r_3_9_14,0,
dataset_20/uvl/model_20160303_1635209528.uvl,16,5,_r_1; _r_2; _r_3; _r_5; _r_6,0,
dataset_20/uvl/model_20160303_1645051071.uvl,17,3,_r_1; _r_4; _r_5,0,
dataset_20/uvl/model_20160304_1567363129.uvl,19,2,_r_1; _r_2,0,
dataset_20/uvl/model_20160304_165509543.uvl,43,12,_r_1; _r_1_2; _r_1_3; _r_1_3_20; _r_1_4; _r_1_4_27; _r_1_4_27_28; _r_1_4_30; _r_1_5; _r_1_5_38; _r_1_5_38_39; _r_1_6,0,
dataset_20/uvl/model_20160304_168615633.uvl,29,5,_r_2; _r_3; _r_6; _r_6_12; _r_6_13,0,
dataset_20/uvl/model_20160307_1341241097.uvl,12,2,_r_2; _r_3,0,
dataset_20/uvl/model_20160308_190029672.uvl,33,4,_r_1; _r_11; _r_11_12; _r_21,0,
dataset_20/uvl/model_20160308_79396455.uvl,41,7,_r_1; _r_2; _r_3; _r_5; _r_8; _r_8_35; _r_8_36,0,
dataset_20/uvl/model_20160308_993894457.uvl,10,3,_r_1; _r_2; _r_3,0,
dataset_20/uvl/model_20160309_1721210506.uvl,14,4,_r_1; _r_2; _r_7; _r_7_9,0,
dataset_20/uvl/model_20160309_77134368.uvl,18,4,_r_1; _r_2; _r_8; _r_8_10,0,
dataset_20/uvl/model_20160311_1359424486.uvl,50,24,_r_1; _r_1_2; _r_1_2_4; _r_1_2_5; _r_1_2_6; _r_20; _r_20_21; _r_20_21_22; _r_20_21_23; _r_20_24; _r_25; _r_25_26; _r_25_26_27; _r_25_26_28; _r_25_38; _r_39; _r_39_40; _r_39_41; _r_39_42; _r_39_43; _r_48; _r_48_50; _r_56; _r_56_57,0,
dataset_20/uvl/model_20160311_358715911.uvl,26,17,_r_1; _r_1_5; _r_1_9; _r_1_9_13; _r_1_9_20; _r_1_9_20_21; _r_1_9_20_21_22; _r_1_9_20_21_32; _r_1_9_20_21_37; _r_1_9_38; _r_2; _r_2_39; _r_2_43; _r_2_49; _r_3; _r_3_60; _r_3_61,0,
dataset_20/uvl/model_20160315_505457800.uvl,28,18,_r_1; _r_1_14; _r_1_14_15; _r_1_14_15_17; _r_1_14_15_18; _r_1_14_19; _r_1_14_20; _r_1_14_20_21; _r_1_14_20_22; _r_1_24; _r_1_3; _r_1_3_4; _r_1_3_5; _r_1_6; _r_2; _r_2_28; _r_2_29; _r_2_29_31,0,
dataset_20/uvl/model_20160315_697003579.uvl,27,9,_r_1; _r_12; _r_1_32; _r_1_33; _r_2; _r_3; _r_37; _r_3_19; _r_4,0,
dataset_20/uvl/model_20160317_1483846003.uvl,46,20,_r_1; _r_1_20; _r_1_20_21; _r_27; _r_27_28; _r_27_28_29; _r_30; _r_30_31; _r_30_31_32; _r_30_31_33; _r_30_34; _r_43; _r_43_44; _r_43_45; _r_43_46; _r_50; _r_50_51; _r_50_52; _r_50_53; _r_66,0,
dataset_20/uvl/model_20160322_2014722365.uvl,54,8,_r_1; _r_10; _r_11; _r_2; _r_3; _r_5; _r_8; _r_9,0,
dataset_20/uvl/model_20160329_1092215724.uvl,17,7,_r_1; _r_11; _r_11_12_13; _r_11_12_15; _r_16; _r_20; _r_6,0,
dataset_20/uvl/model_20160329_1144142418.uvl,54,7,_r_10; _r_19; _r_21; _r_22; _r_87; _r_87_88; _r_87_89,0,
dataset_20/uvl/model_20160329_1152124785.uvl,21,10,_r_1; _r_17; _r_17_26; _r_23; _r_29; _r_29_30; _r_29_30_27; _r_29_31; _r_29_32; _r_29_33,0,
dataset_20/uvl/model_20160329_1368375444.uvl,33,17,_r_3; _r_3_5; _r_4; _r_4_8; _r_4_8_48; _r_4_8_57; _r_4_8_57_60_61; _r_4_8_9; _r_4_8_9_53; _r_6; _r_6_24; _r_6_24_27; _r_6_24_28; _r_6_24_29; _r_6_24_30; _r_6_24_43; _r_6_7,0,
dataset_20/uvl/model_20160329_1491802197.uvl,20,14,_r_1; _r_17; _r_2; _r_23; _r_29; _r_29_30; _r_29_31; _r_29_32; _r_29_33; _r_2_3; _r_2_4; _r_2_5; _r_2_6; _r_2_8,0,
dataset_20/uvl/model_20160329_160417479.uvl,20,14,_r_1; _r_17; _r_2; _r_23; _r_29; _r_29_30; _r_29_31; _r_29_32; _r_29_33; _r_2_3; _r_2_4; _r_2_5; _r_2_6; _r_2_8,0,
dataset_20/uvl/model_20160329_1691896941.uvl,28,12,_r_1; _r_6; _r_6_13; _r_6_13_15; _r_6_14; _r_6_14_16; _r_6_17; _r_6_20; _r_6_20_21; _r_6_34; _r_6_34_37; _r_6_34_38,0,
dataset_20/uvl/model_20160329_174305764.uvl,44,22,_r_1; _r_13; _r_13_14; _r_13_14_70; _r_13_15; _r_13_15_36; _r_1_2; _r_1_26; _r_1_48; _r_3; _r_3_4; _r_3_5; _r_3_7; _r_3_7_33; _r_3_7_34; _r_6; _r_6_10; _r_6_11; _r_6_31; _r_6_62; _r_6_8; _r_6_9,0,
dataset_20/uvl/model_20160329_1999221629.uvl,24,14,_r_13; _r_13_14; _r_13_15; _r_13_16; _r_17; _r_17_21; _r_17_30; _r_17_30_31; _r_17_30_32; _r_17_35; _r_17_39; _r_18; _r_18_19; _r_18_20,0,
dataset_20/uvl/model_20160329_2023954051.uvl,24,12,_r_1; _r_1_32; _r_1_33; _r_1_34; _r_23; _r_7; _r_7_15; _r_7_15_16; _r_7_15_17; _r_7_15_18; _r_7_23; _r_7_27,0,
dataset_20/uvl/model_20160329_268958808.uvl,47,27,_r_1; _r_1_2; _r_1_2_31; _r_1_3; _r_1_3_29; _r_1_3_30; _r_1_45; _r_1_5; _r_1_5_28; _r_1_5_40; _r_4; _r_47; _r_47_49; _r_47_51; _r_47_51_50; _r_47_51_50_51; _r_47_51_50_52; _r_47_51_64; _r_4_47; _r_4_6; _r_4_7; _r_4_7_36; _r_4_7_36_37; _r_4_7_36_41; _r_4_8; _r_4_8_32; _r_4_8_48,0,
dataset_20/uvl/model_20160329_304357596.uvl,23,8,_r_27; _r_27_28; _r_27_51; _r_34; _r_34_37; _r_34_56; _r_44; _r_44_45,0,
dataset_20/uvl/model_20160329_578011837.uvl,23,12,_r_1; _r_15; _r_1_24; _r_1_25; _r_1_26; _r_1_27; _r_2; _r_20; _r_2_28; _r_3; _r_3_7; _r_3_8,0,
dataset_20/uvl/model_20160329_736279509.uvl,14,8,_r_1; _r_11; _r_12; _r_13; _r_14; _r_15; _r_16; _r_2,0,
dataset_20/uvl/model_20160329_864839294.uvl,22,4,_r_10; _r_15; _r_27; _r_6,0,
dataset_20/uvl/model_20160329_925786350.uvl,31,18,_r_1; _r_11; _r_17; _r_17_18; _r_17_20; _r_1_4; _r_22; _r_22_23; _r_22_24; _r_27; _r_31; _r_31_35; _r_37; _r_37_38; _r_41; _r_41_42; _r_5; _r_5_6,0,
dataset_20/uvl/model_20160329_926312476.uvl,21,3,_r_12; _r_13; _r_14,0,
dataset_20/uvl/model_20160330_1191432205.uvl,19,6,_r_10; _r_10_15; _r_10_15_16; _r_10_15_21; _r_10_15_25; _r_10_15_37,0,
dataset_20/uvl/model_20160330_1233914245.uvl,12,1,_r_1,0,
dataset_20/uvl/model_20160330_1306243394.uvl,21,11,_r_1; _r_1_18; _r_1_18_19; _r_1_18_19_20; _r_1_18_19_20_21; _r_1_18_19_20_21_22; _r_1_2; _r_1_2_3; _r_1_2_3_6; _r_1_2_3_6_16; _r_1_2_3_6_16_17,0,
dataset_20/uvl/model_20160330_1356575467.uvl,10,6,_r_4; _r_4_5; _r_4_5_6; _r_4_5_6_17; _r_4_5_6_17_18; _r_4_5_6_17_18_19,0,
dataset_20/uvl/model_20160330_149443721.uvl,30,17,_r_1; _r_17_22; _r_30; _r_30_34; _r_30_36; _r_30_36_53; _r_30_36_54; _r_31; _r_32; _r_33; _r_48; _r_48_50; _r_6; _r_6_26; _r_7; _r_7_11_13; _r_8,4,_r_17_18; _r_17_20; _r_6_25; _r_7_11_12
dataset_20/uvl/model_20160330_1632759327.uvl,19,9,_r_1; _r_1_4; _r_1_4_25; _r_1_4_26; _r_1_4_28; _r_1_5; _r_1_5_12; _r_1_5_6; _r_1_5_7,0,
dataset_20/uvl/model_20160330_1784601624.uvl,25,0,,0,
dataset_20/uvl/model_20160330_1846251072.uvl,39,26,_r_1; _r_17; _r_17_20; _r_17_21; _r_17_21_25; _r_17_21_25_26; _r_17_21_25_27; _r_17_30; _r_17_30_31; _r_17_30_32; _r_18; _r_1_15_16; _r_1_19; _r_1_6; _r_1_6_7; _r_1_6_7_22; _r_1_6_7_23; _r_1_6_7_24; _r_1_9; _r_1_9_13; _r_1_9_14; _r_33; _r_33_34; _r_33_52; _r_33_52_53; _r_33_52_54,0,
dataset_20/uvl/model_20160330_218438641.uvl,23,8,_r_1; _r_1_2; _r_1_9; _r_26; _r_26_27; _r_5; _r_5_17; _r_5_6,0,
dataset_20/uvl/model_20160330_387052519.uvl,21,7,_r_1; _r_1_2; _r_1_6; _r_22; _r_22_23; _r_28; _r_28_29,0,
dataset_20/uvl/model_20160330_469153666.uvl,13,6,_r_2; _r_2_4; _r_2_4_20; _r_2_4_20_22; _r_2_4_20_22_23; _r_2_4_5,0,
dataset_20/uvl/model_20160330_511669656.uvl,15,2,_r_14; _r_33,0,
dataset_20/uvl/model_20160330_888130075.uvl,73,7,_r_168; _r_168_169; _r_2; _r_212; _r_212_213; _r_2_13; _r_48,0,
dataset_20/uvl/model_20160330_925748995.uvl,16,9,_r_1; _r_1_2; _r_1_2_4; _r_1_2_4_5; _r_1_2_4_6; _r_1_3; _r_1_3_17; _r_1_3_18; _r_1_3_19,0,
dataset_20/uvl/model_20160330_999254735.uvl,14,5,_r_1; _r_1_2; _r_1_2_13; _r_1_2_3; _r_1_2_8,0,
dataset_20/uvl/model_20160411_1158715394.uvl,11,2,_r_1; _r_1_2,0,
dataset_20/uvl/model_20160420_1926809017.uvl,12,2,_r_21; _r_26,0,
dataset_20/uvl/model_20160420_474055968.uvl,96,11,_r_42; _r_49; _r_5; _r_57; _r_5_16; _r_5_17; _r_5_17_53; _r_5_18; _r_7; _r_72; _r_88,0,
dataset_20/uvl/model_20160426_744600320.uvl,21,9,_r_1; _r_12; _r_2; _r_3; _r_4; _r_5; _r_6; _r_6_19; _r_7,0,
dataset_20/uvl/model_20160428_283258262.uvl,40,13,_r_1; _r_2; _r_24; _r_3; _r_32; _r_37; _r_3_4; _r_3_4_10; _r_3_4_11; _r_3_4_13; _r_3_4_9; _r_41; _r_41_42,0,
dataset_20/uvl/model_20160429_2024552354.uvl,12,0,,0,
dataset_20/uvl/model_20160502_1352812691.uvl,38,5,_r_1; _r_13; _r_19; _r_20; _r_21,0,
dataset_20/uvl/model_20160502_596671432.uvl,25,7,_r_1; _r_11; _r_13; _r_22_23; _r_28; _r_5; _r_6,0,
dataset_20/uvl/model_20160503_1174916821.uvl,42,26,_r_1; _r_14; _r_15; _r_15_16; _r_15_17; _r_15_18; _r_15_19; _r_15_21; _r_1_2; _r_1_4; _r_25; _r_30; _r_35; _r_35_36; _r_35_37; _r_35_38; _r_44; _r_5; _r_5_6; _r_5_6_10; _r_5_6_8; _r_5_6_9; _r_5_7; _r_5_7_11; _r_5_7_12; _r_5_7_13,0,
dataset_20/uvl/model_20160504_1687809818.uvl,30,16,_r_11_12; _r_11_12_18; _r_11_12_19; _r_2; _r_2_13; _r_2_15; _r_2_16; _r_2_17; _r_2_23; _r_2_24; _r_2_26_27; _r_2_33; _r_3; _r_4; _r_5; _r_6,0,
dataset_20/uvl/model_20160504_18344306.uvl,13,4,_r_10; _r_16; _r_20; _r_4,0,
dataset_20/uvl/model_20160504_814917052.uvl,26,6,_r_1; _r_12; _r_17; _r_22; _r_34; _r_7,0,
dataset_20/uvl/model_20160506_174377233.uvl,40,13,_r_3; _r_4; _r_5; _r_5_28; _r_5_28_30; _r_5_28_35; _r_5_28_35_36; _r_5_28_37; _r_5_29; _r_5_29_46; _r_5_29_47; _r_8; _r_9,0,
dataset_20/uvl/model_20160508_265400900.uvl,46,23,_r_13; _r_13_78; _r_13_79; _r_2; _r_2_26; _r_2_26_27; _r_2_26_27_64; _r_2_26_27_65; _r_2_26_42; _r_2_35; _r_2_44; _r_2_45_92; _r_2_50; _r_2_51_53; _r_2_51_55; _r_3; _r_3_57; _r_3_57_60; _r_3_57_61; _r_3_57_62; _r_3_66; _r_81; _r_87_88,0,
dataset_20/uvl/model_20160512_1688304541.uvl,31,14,_r_1; _r_1_10; _r_1_9; _r_2; _r_3; _r_4; _r_4_24; _r_4_24_26; _r_4_25; _r_6; _r_7; _r_7_19; _r_7_20; _r_8,0,
dataset_20/uvl/model_20160519_1235536625.uvl,34,3,_r_1; _r_2; _r_29,3,_r_1_4_5; _r_1_4_5_40_41; _r_1_4_5_40_42
dataset_20/uvl/model_20160519_1444507509.uvl,41,6,_r_1; _r_2; _r_20; _r_44; _r_44_45; _r_44_46,3,_r_1_3_4; _r_1_3_4_36_37; _r_1_3_4_36_38
dataset_20/uvl/model_20160520_681202886.uvl,11,4,_r_1; _r_13; _r_2; _r_3,0,
dataset_20/uvl/model_20160524_3029237.uvl,19,4,_r_1; _r_2; _r_2_9; _r_2_9_10,0,
dataset_20/uvl/model_20160527_1098137653.uvl,20,8,_r_1; _r_1_6; _r_1_7; _r_1_7_19; _r_5; _r_5_20; _r_5_22; _r_5_24,0,
dataset_20/uvl/model_20160531_1105256806.uvl,25,11,_r_1; _r_2; _r_2_12; _r_2_13; _r_2_13_14; _r_3; _r_3_16; _r_3_16_17; _r_3_23; _r_3_27; _r_3_27_28_31,1,_r_3_27_28_29
dataset_20/uvl/model_20160531_486171149.uvl,35,3,_r_1; _r_2; _r_32,5,_r_1_8_9; _r_1_8_9_12_13; _r_1_8_9_12_14; _r_32_36_37; _r_44_46
dataset_20/uvl/model_20160531_990808801.uvl,14,2,_r_12; _r_9,0,
dataset_20/uvl/model_20160603_398155586.uvl,15,3,_r_1; _r_1_2; _r_1_3,0,
dataset_20/uvl/model_20160606_235281629.uvl,13,3,_r_1; _r_1_2; _r_3,0,
dataset_20/uvl/model_20160606_412121552.uvl,14,2,_r_12; _r_9,0,
dataset_20/uvl/model_20160608_755102753.uvl,12,9,_r_1; _r_1_2; _r_1_3; _r_1_4; _r_6; _r_6_10; _r_6_11; _r_6_7; _r_6_8,0,
dataset_20/uvl/model_20160620_457730604.uvl,20,7,_r_14; _r_14_21; _r_14_21_26; _r_14_22; _r_9; _r_9_15; _r_9_19,0,
dataset_20/uvl/model_20160621_993334585.uvl,26,14,_r_1; _r_19; _r_19_20; _r_19_20_21; _r_19_20_21_24; _r_19_20_21_30; _r_19_20_21_30_31; _r_19_20_21_33; _r_19_20_21_33_34; _r_19_20_21_33_35; _r_19_20_21_36; _r_1_10; _r_1_5; _r_1_6,0,
dataset_20/uvl/model_20160623_1415871890.uvl,13,2,_r_1; _r_11,0,
dataset_20/uvl/model_20160629_1032137585.uvl,16,3,_r_1; _r_2; _r_3,0,
dataset_20/uvl/model_20160712_1875218337.uvl,11,8,_r_2; _r_2_3; _r_2_3_4; _r_2_3_5; _r_2_3_6; _r_2_3_7; _r_2_8; _r_2_8_9,0,
dataset_20/uvl/model_20160716_1943328700.uvl,18,4,_r_1; _r_13; _r_18; _r_1_7,0,
dataset_20/uvl/model_20160721_1827988269.uvl,19,3,_r_19; _r_19_21; _r_19_38,0,
dataset_20/uvl/model_20160721_972954567.uvl,10,3,_r_1; _r_2; _r_3,0,
dataset_20/uvl/model_20160726_1855902901.uvl,12,11,_r_1; _r_1_2; _r_1_2_3; _r_1_2_4; _r_1_2_5; _r_1_2_6; _r_1_7; _r_1_7_10; _r_1_7_11; _r_1_7_8; _r_1_7_9,0,
dataset_20/uvl/model_20160812_1476754989.uvl,10,2,_r_1; _r_2,0,
dataset_20/uvl/model_20160813_60083737.uvl,10,3,_r_1; _r_2; _r_2_11,0,
dataset_20/uvl/model_20160821_1946133193.uvl,14,7,_r_1; _r_10; _r_2; _r_6; _r_6_7; _r_6_8; _r_6_9,0,
dataset_20/uvl/model_20160822_713171625.uvl,28,6,_r_1; _r_11; _r_1_22; _r_20; _r_21; _r_29,0,
dataset_20/uvl/model_20160824_2005849052.uvl,21,9,_r_1; _r_2; _r_2_8; _r_3; _r_4; _r_4_10; _r_4_9; _r_5; _r_6,0,
dataset_20/uvl/model_20160905_338518821.uvl,25,2,_r_22; _r_26,0,
dataset_20/uvl/model_20160905_774306083.uvl,14,2,_r_1; _r_14,0,
dataset_20/uvl/model_20160906_1914580505.uvl,31,10,_r_1; _r_2; _r_3; _r_36; _r_5; _r_5_22; _r_5_23; _r_7; _r_7_29; _r_7_30,0,
dataset_20/uvl/model_20160906_802533043.uvl,21,4,_r_1; _r_2; _r_21; _r_3,0,
dataset_20/uvl/model_20160906_881197553.uvl,18,4,_r_1; _r_32; _r_32_33; _r_32_34,0,
dataset_20/uvl/model_20160907_1816738180.uvl,10,2,_r_1; _r_7,0,
dataset_20/uvl/model_20160911_493856736.uvl,45,7,_r_1; _r_14; _r_21; _r_21_22; _r_21_23; _r_21_24; _r_7,0,
dataset_20/uvl/model_20160912_1428022317.uvl,49,0,,0,
dataset_20/uvl/model_20160912_772295854.uvl,18,0,,0,
dataset_20/uvl/model_20160913_2142740300.uvl,48,7,CPU; DiscoDuro; Marca; Procesador; RAM; SO; Tipo,6,A1TB; A500GB; A5TB; M32GB; M4GB; M8GB
dataset_20/uvl/model_20160913_245590430.uvl,38,0,,1,_r_6_10
dataset_20/uvl/model_20160913_269001380.uvl,49,7,_r_1; _r_14; _r_30; _r_30_31; _r_30_32; _r_30_33; _r_6,0,
dataset_20/uvl/model_20160913_482611615.uvl,48,7,_r_1; _r_19; _r_19_20; _r_19_27; _r_19_35; _r_57; _r_81,6,_r_19_20_21_22; _r_19_20_21_23; _r_19_20_21_25; _r_19_27_28_29; _r_19_27_28_30; _r_19_27_28_32
dataset_20/uvl/model_20160913_600398973.uvl,48,9,_r_1; _r_11; _r_11_12; _r_11_13; _r_2; _r_28; _r_28_29; _r_28_36; _r_28_43,0,
dataset_20/uvl/model_20160917_824197127.uvl,14,4,_r_1; _r_3; _r_4; _r_4_17,0,
dataset_20/uvl/model_20160919_1142576711.uvl,20,11,_r_2; _r_2_5; _r_2_6; _r_3; _r_3_10; _r_3_11; _r_3_12; _r_4; _r_4_15; _r_4_17; _r_4_18,0,
dataset_20/uvl/model_20160919_422339066.uvl,50,14,_r_1; _r_1_63; _r_2; _r_2_10; _r_2_10_14; _r_2_10_14_96; _r_2_10_25; _r_2_11; _r_2_12; _r_2_12_41; _r_3; _r_3_53; _r_3_53_54; _r_3_66,0,
dataset_20/uvl/model_20160919_825563014.uvl,11,3,_r_15; _r_20; _r_28,0,
dataset_20/uvl/model_20160921_24535453.uvl,29,11,__r_52; _r_1; _r_1_10; _r_1_9; _r_1_9_11; _r_3; _r_48; _r_48_49; _r_52; _r_6; _r_8,0,
dataset_20/uvl/model_20160925_2087627141.uvl,47,0,,0,
dataset_20/uvl/model_20160926_106687243.uvl,57,47,_r_2; _r_21; _r_21_24_25; _r_21_24_25_26; _r_21_24_25_27; _r_21_24_25_28; _r_2_15; _r_2_15_16_17; _r_2_15_16_17_18; _r_2_8; _r_2_8_37_38; _r_2_8_37_38_39; _r_2_8_37_38_39_42; _r_2_8_37_38_39_43; _r_2_8_37_38_40; _r_2_8_37_38_40_44; _r_2_8_37_38_40_46; _r_2_8_37_38_41; _r_2_8_37_38_41_45; _r_2_8_37_38_41_47; _r_2_9; _r_2_9_29; _r_2_9_30; _r_2_9_31; _r_2_9_32; _r_3; _r_3_48; _r_4; _r_4_49; _r_4_50; _r_4_51; _r_5; _r_52; _r_52_66; _r_52_66_68; _r_52_67; _r_52_67_69_70; _r_52_67_69_70_71; _r_53; _r_53_76; _r_53_77; _r_54; _r_5_35; _r_5_36; _r_79; _r_79_80; _r_79_81,0,
dataset_20/uvl/model_20160926_2009081259.uvl,54,39,_r_1; _r_1_18; _r_1_18_35_36; _r_1_18_37_38; _r_1_18_39_40; _r_1_18_41_42; _r_1_18_43_44; _r_1_19; _r_1_19_25_26; _r_1_19_27_28; _r_1_19_29_30; _r_1_20; _r_1_20_21_22; _r_1_20_23_24; _r_2; _r_2_48_49; _r_2_50_51; _r_3; _r_3_56_57; _r_3_58_59; _r_64; _r_64_107_108; _r_64_107_108_109; _r_64_107_108_109_110_111; _r_64_107_108_109_114_115; _r_64_69_70; _r_64_69_70_97; _r_64_69_70_97_116_117; _r_64_69_70_97_98_99; _r_64_71_72; _r_64_71_72_73; _r_64_71_72_73_76_77; _r_64_71_72_73_79_80; _r_64_71_72_73_83_84; _r_64_71_72_73_85_86; _r_64_71_72_74; _r_64_71_72_74_87_88; _r_64_71_72_74_89_90; _r_64_91_92,0,
dataset_20/uvl/model_20161003_680973994.uvl,53,12,_r_12; _r_12_56; _r_12_56_58_59; _r_12_57; _r_7; _r_7_43; _r_7_43_45; _r_7_43_46; _r_7_43_47; _r_7_43_48; _r_7_43_49; _r_7_44,0,
dataset_20/uvl/model_20161012_1497804026.uvl,13,8,_r_1; _r_2; _r_3; _r_6; _r_7; _r_7_12; _r_7_13_14; _r_9_10,0,
dataset_20/uvl/model_20161018_1395239714.uvl,11,10,_r_18_19; _r_20_21; _r_20_21_22_23; _r_20_21_24_25; _r_26_27; _r_30_31; _r_30_31_32_33; _r_30_31_34_35; _r_30_31_34_35_36_37; _r_30_31_34_35_36_37_38_39,0,
dataset_20/uvl/model_20161025_210874268.uvl,10,0,,0,
dataset_20/uvl/model_20161101_1188178549.uvl,36,3,_r_1; _r_5; _r_6,0,
dataset_20/uvl/model_20161101_1287284082.uvl,50,0,,0,
dataset_20/uvl/model_20161107_2119549052.uvl,12,8,_r_1_2; _r_3_4; _r_3_4_20_21; _r_5_6; _r_7_8; _r_7_8_11_12; _r_7_8_11_12_16_17; _r_7_8_9_10,0,
dataset_20/uvl/model_20161107_751073207.uvl,11,4,_r_1_2; _r_7_8; _r_7_8_9_10; _r_7_8_9_10_11_12,0,
dataset_20/uvl/model_20161109_258969269.uvl,10,1,_r_1,0,
dataset_20/uvl/model_20161117_1407262512.uvl,21,1,_r_5,0,
dataset_20/uvl/model_20161118_1167269407.uvl,66,4,_r_1; _r_14; _r_22; _r_38,26,_r_14_15_20; _r_38_39_41; _r_38_39_42; _r_38_39_43; _r_38_39_44; _r_38_39_45; _r_38_39_46; _r_38_39_47; _r_38_39_48; _r_38_39_49; _r_38_39_50; _r_38_39_51; _r_38_39_53; _r_38_39_54; _r_38_39_55; _r_38_39_57; _r_38_39_58; _r_38_39_59; _r_38_39_60; _r_38_39_62; _r_38_39_63; _r_38_39_64; _r_38_39_65; _r_38_39_67; _r_38_39_68; _r_38_39_69
dataset_20/uvl/model_20161122_1255346120.uvl,15,4,_r_1; _r_2; _r_3; _r_4,0,
dataset_20/uvl/model_20161123_1530983999.uvl,36,35,_r_1; _r_1_10; _r_1_7; _r_1_7_11; _r_1_7_11_13; _r_1_7_11_13_17; _r_1_7_11_13_17_25; _r_1_7_11_13_17_26; _r_1_7_11_13_18; _r_1_7_11_13_18_27; _r_1_7_11_13_18_28; _r_1_7_11_14; _r_1_7_11_14_19; _r_1_7_11_14_19_29; _r_1_7_11_14_19_30; _r_1_7_11_14_20; _r_1_7_11_14_20_31; _r_1_7_11_14_20_32; _r_1_7_12; _r_1_7_12_15; _r_1_7_12_15_21; _r_1_7_12_15_21_33; _r_1_7_12_15_21_34; _r_1_7_12_15_22; _r_1_7_12_15_22_35; _r_1_7_12_15_22_36; _r_1_7_12_16; _r_1_7_12_16_23; _r_1_7_12_16_23_38; _r_1_7_12_16_23_39; _r_1_7_12_16_24; _r_1_7_12_16_24_40; _r_1_7_12_16_24_41; _r_1_8; _r_1_9,0,
dataset_20/uvl/model_20161124_135805624.uvl,37,3,_r_2; _r_3; _r_5,0,
dataset_20/uvl/model_20161125_1777261352.uvl,33,13,_r_14; _r_4; _r_4_20; _r_4_20_22; _r_4_20_23; _r_4_20_24; _r_4_20_25; _r_4_20_25_26; _r_4_20_25_27; _r_4_20_28; _r_4_20_28_29; _r_4_20_28_30; _r_5,0,
dataset_20/uvl/model_20161127_1823059506.uvl,69,5,_r_1; _r_2; _r_3; _r_4; _r_5,0,
dataset_20/uvl/model_20161128_1478224089.uvl,77,0,,0,
dataset_20/uvl/model_20161128_2006303576.uvl,96,12,_r1; _r14; _r18; _r19; _r2; _r22; _r25; _r26; _r3; _r31; _r35; _r9,0,
dataset_20/uvl/model_20161128_2133107865.uvl,68,0,,0,
dataset_20/uvl/model_20161128_844678202.uvl,39,0,,0,
dataset_20/uvl/model_20161207_285955518.uvl,54,2,_r_2; _r_20,0,
dataset_20/uvl/model_20161209_758532997.uvl,13,3,_r_1; _r_1_2; _r_1_3,0,
dataset_20/uvl/model_20161212_1631452800.uvl,23,7,_r_1; _r_2; _r_3; _r_4; _r_5; _r_5_21; _r_5_22,0,
dataset_20/uvl/model_20161213_651973816.uvl,21,7,_r_1; _r_13; _r_23; _r_23_24; _r_23_25; _r_5; _r_9,0,
dataset_20/uvl/model_20170115_352040991.uvl,17,9,_r_1; _r_11; _r_11_13; _r_11_14; _r_11_14_15; _r_11_14_15_16_18; _r_4; _r_4_5; _r_4_5_6,0,
dataset_20/uvl/model_20170131_61369545.uvl,39,11,_r_1; _r_11; _r_12; _r_13; _r_1_19; _r_1_19_22; _r_1_20; _r_1_21; _r_4; _r_5; _r_9,0,
dataset_20/uvl/model_20170206_852070049.uvl,13,3,_r_1; _r_2; _r_3,0,
dataset_20/uvl/model_20170215_1278541927.uvl,41,17,_r_2; _r_2_7; _r_3; _r_3_19; _r_3_21; _r_3_22; _r_3_22_29; _r_3_22_30; _r_3_23; _r_4; _r_4_41; _r_4_41_42; _r_4_41_43; _r_4_41_44; _r_4_45; _r_5; _r_6,0,
dataset_20/uvl/model_20170215_1976164448.uvl,35,0,,0,
dataset_20/uvl/model_20170219_358603289.uvl,62,10,_r_1; _r_1_11; _r_1_2; _r_28; _r_28_37; _r_28_43; _r_60; _r_85; _r_85_86; _r_85_91,0,
dataset_20/uvl/model_20170221_1848353506.uvl,210,45,_r1; _r102; _r103; _r108; _r111; _r112; _r113; _r115; _r120; _r121; _r124; _r128; _r129; _r130; _r131; _r132; _r135; _r140; _r141; _r144; _r145; _r146; _r150; _r151; _r152; _r154; _r158; _r170; _r183; _r188; _r203; _r204; _r3; _r40; _r69; _r73; _r76; _r80; _r81; _r84; _r85; _r87; _r88; _r89; _r95,0,
dataset_20/uvl/model_20170228_1437582980.uvl,10,0,,0,
dataset_20/uvl/model_20170228_2078125436.uvl,34,5,_r_1; _r_10; _r_15; _r_27; _r_47,0,
dataset_20/uvl/model_20170301_235251685.uvl,14,3,_r_1; _r_2; _r_3,0,
dataset_20/uvl/model_20170308_1789444441.uvl,28,16,__r_21; _r_1; _r_10; _r_11; _r_12; _r_13; _r_16; _r_2; _r_21; _r_29; _r_2_24; _r_2_25; _r_4; _r_6; _r_7; _r_8,0,
dataset_20/uvl/model_20170310_195700687.uvl,47,6,_r_1; _r_13; _r_25; _r_26; _r_32; _r_6,0,
dataset_20/uvl/model_20170310_2069806245.uvl,49,7,_r_1; _r_2; _r_3; _r_3_24; _r_3_25; _r_3_26; _r_4,0,
dataset_20/uvl/model_20170310_906013336.uvl,47,7,_r_14; _r_2; _r_27; _r_27_28; _r_27_29; _r_27_30; _r_7,0,
dataset_20/uvl/model_20170311_1316290182.uvl,48,7,_r_1; _r_12; _r_26; _r_38; _r_38_39; _r_38_40; _r_38_41,0,
dataset_20/uvl/model_20170312_968402737.uvl,49,7,_r_1; _r_16; _r_28; _r_42; _r_42_44; _r_42_45; _r_42_46,0,
dataset_20/uvl/model_20170313_143405764.uvl,48,7,_r_1; _r_12; _r_19; _r_31; _r_31_32; _r_31_33; _r_31_42,1,_r_12_13_17
dataset_20/uvl/model_20170313_788976149.uvl,12,3,_r_1; _r_2; _r_3,0,
dataset_20/uvl/model_20170315_1174513943.uvl,18,1,_r_4,0,
dataset_20/uvl/model_20170315_692595151.uvl,23,5,_r_1; _r_2; _r_2_14; _r_2_18; _r_2_23,0,
dataset_20/uvl/model_20170316_1293936491.uvl,48,35,_r_13; _r_13_18_19; _r_13_35_36; _r_13_35_36_37_38; _r_13_35_36_39_40; _r_22; _r_22_23_24; _r_22_25_26; _r_22_27_28; _r_22_29_30; _r_22_31_32; _r_34; _r_34_49_50; _r_34_51_52; _r_34_51_52_56_57; _r_34_51_52_58_59; _r_34_53_54; _r_34_53_54_60_61; _r_34_53_54_62_63; _r_64; _r_64_65; _r_64_65_89_90; _r_64_65_91_92; _r_64_66; _r_64_66_69_70; _r_64_66_71_72; _r_64_66_73_74; _r_64_66_75_76; _r_64_66_77_78; _r_64_67; _r_64_67_79_80; _r_64_67_81_82; _r_64_67_83_84; _r_64_67_85_86; _r_64_67_87_88,0,
dataset_20/uvl/model_20170316_1430061931.uvl,60,0,,0,
dataset_20/uvl/model_20170316_174511349.uvl,16,1,_r_2,0,
dataset_20/uvl/model_20170317_1165725.uvl,50,37,_r_1; _r_1_7_8; _r_1_9_10; _r_1_9_10_11_12; _r_1_9_10_13_14; _r_2; _r_2_15_16; _r_2_17_18; _r_2_19_20; _r_2_21_22; _r_2_23_24; _r_3; _r_3_27_28; _r_3_27_28_33_34; _r_3_27_28_35_36; _r_3_29_30; _r_3_29_30_37_38; _r_3_29_30_39_40; _r_3_31_32; _r_3_31_32_41_42; _r_3_31_32_43_44; _r_4; _r_4_45; _r_4_45_49_50; _r_4_45_51_52; _r_4_46; _r_4_46_53_54; _r_4_46_55_56; _r_4_46_57_58; _r_4_46_59_60; _r_4_46_61_62; _r_4_47; _r_4_47_63_64; _r_4_47_65_66; _r_4_47_67_68; _r_4_47_69_70; _r_4_47_71_72,0,
dataset_20/uvl/model_20170320_149190356.uvl,50,37,_r_1; _r_10; _r_10_11_12; _r_10_13_14; _r_10_15_16; _r_10_17_18; _r_10_19_20; _r_1_2_3; _r_1_4_5; _r_1_4_5_6_7; _r_1_4_5_8_9; _r_21; _r_21_22_23; _r_21_22_23_28_29; _r_21_22_23_30_31; _r_21_24_25; _r_21_24_25_32_33; _r_21_24_25_34_35; _r_21_26_27; _r_21_26_27_36_37; _r_21_26_27_38_39; _r_40; _r_40_41; _r_40_41_47_48; _r_40_41_49_50; _r_40_42; _r_40_42_51_52; _r_40_42_53_54; _r_40_42_55_56; _r_40_42_57_58; _r_40_42_59_60; _r_40_43; _r_40_43_61_62; _r_40_43_63_64; _r_40_43_65_66; _r_40_43_67_68; _r_40_43_69_70,0,
dataset_20/uvl/model_20170320_1505333083.uvl,47,6,_r_1; _r_17; _r_30; _r_37; _r_44; _r_6,0,
dataset_20/uvl/model_20170320_772300106.uvl,48,35,_r_13; _r_13_18_19; _r_13_35_36; _r_13_35_36_37_38; _r_13_35_36_39_40; _r_22; _r_22_23_24; _r_22_25_26; _r_22_27_28; _r_22_29_30; _r_22_31_32; _r_34; _r_34_49_50; _r_34_51_52; _r_34_51_52_56_57; _r_34_51_52_58_59; _r_34_53_54; _r_34_53_54_60_61; _r_34_53_54_62_63; _r_64; _r_64_65; _r_64_65_89_90; _r_64_65_91_92; _r_64_66; _r_64_66_69_70; _r_64_66_71_72; _r_64_66_73_74; _r_64_66_75_76; _r_64_66_77_78; _r_64_67; _r_64_67_79_80; _r_64_67_81_82; _r_64_67_83_84; _r_64_67_85_86; _r_64_67_87_88,0,
dataset_20/uvl/model_20170321_1279222212.uvl,10,4,_r_1; _r_1_7; _r_2; _r_8,0,
dataset_20/uvl/model_20170321_1774846112.uvl,179,48,_r1; _r100; _r101; _r102; _r104; _r105; _r108; _r112; _r113; _r118; _r119; _r120; _r121; _r122; _r125; _r130; _r131; _r134; _r135; _r136; _r140; _r142; _r146; _r157; _r164; _r170; _r171; _r172; _r173; _r178; _r28; _r3; _r58; _r6; _r63; _r66; _r70; _r71; _r74; _r75; _r76; _r77; _r78; _r84; _r9; _r91; _r92; _r97,0,
dataset_20/uvl/model_20170322_711096381.uvl,10,5,_r_1; _r_1_7_8; _r_1_9_10; _r_2; _r_3,0,
dataset_20/uvl/model_20170328_1485540940.uvl,451,0,,0,
dataset_20/uvl/model_20170328_418838667.uvl,261,0,,25,_r100; _r152; _r153; _r161; _r162; _r175; _r176; _r177; _r178; _r203; _r211; _r219; _r222; _r223; _r224; _r249; _r259; _r72; _r93; _r94; _r95; _r96; _r97; _r98; _r99
dataset_20/uvl/model_20170402_1978825740.uvl,263,0,,12,_r100; _r101; _r102; _r103; _r104; _r105; _r106; _r107; _r176; _r177; _r180; _r181
dataset_20/uvl/model_20170402_765751837.uvl,329,0,,0,
dataset_20/uvl/model_20170404_1821671055.uvl,13,3,_r_10; _r_11; _r_5,0,
dataset_20/uvl/model_20170405_957299568.uvl,142,12,_r_1; _r_10; _r_11; _r_12; _r_2; _r_3; _r_4; _r_5; _r_6; _r_7; _r_8; _r_9,0,
dataset_20/uvl/model_20170410_971411480.uvl,11,3,_r_1; _r_1_17; _r_1_2,0,
dataset_20/uvl/model_20170414_1751865819.uvl,77,15,_r_1; _r_35; _r_43; _r_43_44; _r_43_46; _r_43_46_49; _r_43_46_50; _r_43_47; _r_43_48; _r_52; _r_52_53; _r_52_54; _r_52_54_55; _r_58; _r_58_59,0,
dataset_20/uvl/model_20170419_185164278.uvl,17,4,_r_1; _r_12; _r_18; _r_6,0,
dataset_20/uvl/model_20170420_1165511748.uvl,77,0,,0,
dataset_20/uvl/model_20170424_781699396.uvl,142,30,_r_30; _r_30_299; _r_30_299_300_301; _r_30_299_300_301_302; _r_30_299_300_301_307; _r_30_299_300_301_314; _r_30_299_300_301_320; _r_30_299_300_301_325; _r_30_299_300_301_331; _r_30_299_300_301_336; _r_30_299_300_301_342; _r_30_299_300_301_348; _r_30_35_36; _r_30_35_36_186_187; _r_30_35_36_188; _r_30_77; _r_48; _r_73; _r_82; _r_82_174; _r_99; _r_99_100; _r_99_100_107; _r_99_100_111; _r_99_100_237_238; _r_99_100_237_238_239; _r_99_116; _r_99_116_274_275; _r_99_116_274_275_276; _r_99_116_274_275_280,0,
dataset_20/uvl/model_20170502_101132737.uvl,33,9,_r_1; _r_23; _r_23_26; _r_34; _r_6; _r_6_10; _r_6_7; _r_6_8; _r_6_9,0,
dataset_20/uvl/model_20170504_370000031.uvl,36,9,_r_10; _r_11; _r_11_32; _r_12; _r_12_38; _r_12_39; _r_13; _r_14; _r_9,0,
dataset_20/uvl/model_20170505_1428478521.uvl,24,3,_r_11; _r_17; _r_6,0,
dataset_20/uvl/model_20170505_1995894898.uvl,32,9,_r_14; _r_25; _r_25_26; _r_25_26_29; _r_25_26_30; _r_25_26_31; _r_25_26_32; _r_3; _r_9,0,
dataset_20/uvl/model_20170510_174347414.uvl,15,2,_r_1; _r_2,0,
dataset_20/uvl/model_20170512_1532934104.uvl,24,2,_r_2; _r_2_3,0,
dataset_20/uvl/model_20170517_1276361560.uvl,10,2,_r_1; _r_2,0,
dataset_20/uvl/model_20170517_1468714593.uvl,10,2,_r_10; _r_9,0,
dataset_20/uvl/model_20170517_1986241278.uvl,10,3,_r_3; _r_4; _r_5,0,
dataset_20/uvl/model_20170518_1713871521.uvl,15,4,_r_2; _r_3; _r_4; _r_5,0,
dataset_20/uvl/model_20170518_711240246.uvl,36,9,_r_1; _r_2; _r_3; _r_4; _r_4_30; _r_5; _r_5_34; _r_5_35; _r_6,0,
dataset_20/uvl/model_20170527_1802227256.uvl,11,4,_r_1; _r_2; _r_2_3_5; _r_7_8,1,_r_2_3_4
dataset_20/uvl/model_20170528_1427439246.uvl,10,1,_r_1,0,
dataset_20/uvl/model_20170607_1389753102.uvl,13,5,_r_1; _r_2; _r_2_3; _r_2_3_5; _r_2_3_6,0,
dataset_20/uvl/model_20170618_724645944.uvl,13,7,_r_1; _r_2; _r_2_23; _r_2_25; _r_4; _r_4_29; _r_4_30,0,
dataset_20/uvl/model_20170627_231083922.uvl,14,3,_r_1; _r_7; _r_7_13,0,
dataset_20/uvl/model_20170702_979744088.uvl,21,0,,0,
dataset_20/uvl/model_20170703_1893075315.uvl,20,2,_r_1; _r_10,0,
dataset_20/uvl/model_20170704_1299892151.uvl,11,1,_r_1,0,
dataset_20/uvl/model_20170706_1181552122.uvl,11,5,_r_1; _r_1_16; _r_1_3; _r_1_3_8; _r_1_5,0,
dataset_20/uvl/model_20170706_1588900401.uvl,30,3,_r_1; _r_15; _r_3,0,
dataset_20/uvl/model_20170718_2017313962.uvl,18,14,_r_1; _r_1_6; _r_2; _r_3; _r_3_8; _r_4; _r_4_13_14; _r_4_15_16; _r_5; _r_5_19_20; _r_5_21_22; _r_5_23_24; _r_5_25_26; _r_5_27_28,0,
dataset_20/uvl/model_20170720_160368734.uvl,14,7,_r_1; _r_1_13; _r_1_3; _r_1_3_4_5; _r_1_3_6_7; _r_1_3_8_9; _r_2,0,
dataset_20/uvl/model_20170809_1734454576.uvl,15,9,_r_1; _r_1_2; _r_1_2_4; _r_1_2_5; _r_3; _r_3_10; _r_3_10_12; _r_3_10_13; _r_3_11,0,
dataset_20/uvl/model_20170814_699386305.uvl,12,0,,0,
dataset_20/uvl/model_20170818_1523700786.uvl,31,16,_r_1; _r_1_10; _r_1_7; _r_1_8; _r_2; _r_2_16; _r_2_17; _r_2_18; _r_2_19; _r_2_20; _r_3; _r_3_21; _r_3_22; _r_4; _r_4_24; _r_4_25,0,
dataset_20/uvl/model_20170818_812208818.uvl,31,16,_r_1; _r_1_10; _r_1_7; _r_1_8; _r_2; _r_2_16; _r_2_17; _r_2_18; _r_2_19; _r_2_20; _r_3; _r_3_21; _r_3_22; _r_4; _r_4_24; _r_4_25,0,
dataset_20/uvl/model_20170821_2117231347.uvl,28,5,_r_1; _r_17; _r_17_18; _r_17_19; _r_17_20,5,_r_1_2_6_7; _r_1_3_9_10; _r_1_4_12_13; _r_1_5; _r_1_5_15_16
dataset_20/uvl/model_20170821_744427680.uvl,15,3,_r_1; _r_2; _r_3,0,
dataset_20/uvl/model_20170904_444361354.uvl,46,10,_r_1; _r_1_3; _r_1_9; _r_27; _r_27_28; _r_27_32; _r_27_32_38; _r_27_32_43; _r_27_53; _r_27_53_54,0,
dataset_20/uvl/model_20170904_998227463.uvl,42,6,_r_1; _r_10; _r_15; _r_1_41; _r_6; _r_61,0,
dataset_20/uvl/model_20170911_1850240044.uvl,13,8,_r_1; _r_1_10; _r_1_7; _r_1_8; _r_2; _r_3; _r_4; _r_6,0,
dataset_20/uvl/model_20170916_132089042.uvl,48,7,_r_1; _r_13; _r_2; _r_27; _r_27_29; _r_27_30; _r_27_31,0,
dataset_20/uvl/model_20170916_973590519.uvl,48,7,_r_1; _r_3; _r_3_14; _r_3_15; _r_3_17; _r_52; _r_74,5,_r_3_14_86_87; _r_3_17_95_96; _r_4_31; _r_4_31_104_105; _r_4_31_104_106
dataset_20/uvl/model_20170918_1157652981.uvl,48,7,_r_1; _r_2; _r_3; _r_4; _r_4_28; _r_4_29; _r_4_30,0,
dataset_20/uvl/model_20170918_191476099.uvl,48,8,_r_1; _r_11; _r_21; _r_21_22; _r_21_23; _r_21_24; _r_25; _r_5,0,
dataset_20/uvl/model_20170918_1996976409.uvl,33,7,_r_1; _r_11; _r_20; _r_20_21; _r_20_22; _r_20_23; _r_5,0,
dataset_20/uvl/model_20170918_2076946141.uvl,16,2,_r_11; _r_4,0,
dataset_20/uvl/model_20170918_446567907.uvl,48,7,_r_1; _r_19; _r_35; _r_35_37; _r_35_38; _r_35_39; _r_9,3,_r_35_37_41_42; _r_35_37_41_43; _r_35_37_41_45
dataset_20/uvl/model_20170919_1393589103.uvl,48,7,_r_1; _r_12; _r_17; _r_1_29; _r_30; _r_39; _r_43,1,_r_43_44_48
dataset_20/uvl/model_20170919_1425490791.uvl,47,6,_r_1; _r_22; _r_29; _r_40; _r_47; _r_54,2,_r_40_41_45; _r_47_48_52
dataset_20/uvl/model_20170919_1946252337.uvl,48,7,__r_21; __r_21_27; __r_21_28; __r_21_29; _r_1; _r_21; _r_9,0,
dataset_20/uvl/model_20170919_303553909.uvl,49,7,_r_1; _r_13; _r_26; _r_26_27; _r_26_28; _r_26_29; _r_6,0,
dataset_20/uvl/model_20170919_414938854.uvl,47,7,_r_1; _r_10; _r_19; _r_19_20; _r_19_21; _r_19_22; _r_2,0,
dataset_20/uvl/model_20170921_244476382.uvl,47,6,_r_1; _r_2; _r_3; _r_4; _r_5; _r_6,0,
dataset_20/uvl/model_20170925_1698983864.uvl,19,3,_r_15; _r_16; _r_17,0,
dataset_20/uvl/model_20170926_1539445221.uvl,14,4,_r_20; _r_3; _r_4; _r_4_18,0,
dataset_20/uvl/model_20170926_289427240.uvl,11,2,_r_28; _r_40,0,
dataset_20/uvl/model_20170927_2140419024.uvl,87,6,_r_1; _r_2; _r_3; _r_4; _r_5; _r_6,0,
dataset_20/uvl/model_20170930_228024571.uvl,62,13,_r_1; _r_1_10; _r_1_10_38_39; _r_1_4; _r_1_5; _r_1_55; _r_1_6; _r_1_7; _r_1_7_34_60; _r_2; _r_2_45; _r_2_45_60; _r_2_45_62,2,_r_1_7_34_35; _r_1_7_34_36
dataset_20/uvl/model_20171005_1407702877.uvl,28,8,_r_1; _r_18; _r_18_26; _r_1_16; _r_1_17; _r_2; _r_3; _r_6,0,
dataset_20/uvl/model_20171005_1816009957.uvl,10,4,_r_1; _r_2; _r_2_10; _r_3,0,
dataset_20/uvl/model_20171005_661289758.uvl,10,6,_r_1; _r_2; _r_3; _r_4; _r_5; _r_6,0,
dataset_20/uvl/model_20171008_377237228.uvl,43,8,_r_1; _r_1_3; _r_1_3_5; _r_1_3_6; _r_1_3_7; _r_2; _r_2_42; _r_2_54,0,
dataset_20/uvl/model_20171010_332868283.uvl,12,4,_r_2; _r_2_3; _r_2_4; _r_2_4_10,0,
dataset_20/uvl/model_20171012_404282969.uvl,25,11,_r_1; _r_1_15; _r_1_16; _r_1_6; _r_1_8; _r_27; _r_3; _r_30; _r_3_25; _r_3_26; _r_4,0,
dataset_20/uvl/model_20171012_432118074.uvl,28,15,_r_1; _r_1_2; _r_1_29; _r_1_2_3; _r_1_2_31; _r_1_2_4; _r_1_2_5; _r_1_2_5_6; _r_1_2_5_7; _r_1_2_9; _r_1_30; _r_1_32; _r_1_32_33; _r_1_35; _r_1_35_36,0,
dataset_20/uvl/model_20171012_484328807.uvl,36,35,_r_1; _r_11; _r_11_12_13; _r_11_14_15; _r_16; _r_17; _r_18; _r_19; _r_2; _r_20; _r_21; _r_22; _r_23; _r_24; _r_3; _r_4; _r_43; _r_44; _r_45; _r_46; _r_46_47_48; _r_46_49_50; _r_5; _r_51; _r_5_27_28; _r_5_29_30; _r_5_31_32; _r_5_33_34; _r_5_35_36; _r_5_37_38; _r_5_39_40; _r_5_41_42; _r_6; _r_6_7_8; _r_6_9_10,0,
dataset_20/uvl/model_20171014_936370428.uvl,10,2,_r_1; _r_12,0,
dataset_20/uvl/model_20171016_1973576375.uvl,11,4,_r_1; _r_2; _r_6; _r_8,0,
dataset_20/uvl/model_20171016_2132568250.uvl,12,0,,0,
dataset_20/uvl/model_20171016_777651910.uvl,27,9,_r_10; _r_18; _r_18_19; _r_20; _r_3; _r_3_4; _r_3_5; _r_3_6; _r_3_7,0,
dataset_20/uvl/model_20171018_1720986032.uvl,130,13,_r_16; _r_18; _r_21; _r_24; _r_25; _r_3; _r_41; _r_48; _r_52; _r_53; _r_55; _r_7; _r_8,0,
dataset_20/uvl/model_20171020_786614820.uvl,12,5,_r_1; _r_2; _r_3; _r_4; _r_6,0,
dataset_20/uvl/model_20171021_192017753.uvl,17,3,_r_1; _r_2; _r_5,0,
dataset_20/uvl/model_20171028_1906143627.uvl,13,2,_r_2; _r_2_3,0,
dataset_20/uvl/model_20171029_1247758730.uvl,10,6,_r_1; _r_4; _r_4_11_12; _r_4_7_8; _r_5; _r_5_13_14,0,
dataset_20/uvl/model_20171029_714150136.uvl,10,6,_r_1; _r_10_11; _r_10_11_12; _r_2; _r_2_3_4; _r_2_3_4_5_6,0,
dataset_20/uvl/model_20171108_1643056811.uvl,12,3,_r_1; _r_3; _r_4,0,
dataset_20/uvl/model_20171109_1740328562.uvl,21,3,_r_1; _r_2; _r_3,0,
dataset_20/uvl/model_20171128_2320585.uvl,14,9,_r_13; _r_14; _r_15; _r_16; _r_17; _r_18; _r_3; _r_4; _r_8,0,
dataset_20/uvl/model_20171129_847069382.uvl,35,6,_r_3; _r_4; _r_5; _r_6; _r_7; _r_8,0,
dataset_20/uvl/model_20171202_671836466.uvl,14,13,_r_1; _r_1_10; _r_1_11; _r_2; _r_2_5; _r_2_5_8; _r_2_5_9; _r_2_6; _r_2_6_7; _r_3; _r_3_12; _r_3_12_14; _r_3_13,0,
dataset_20/uvl/model_20171204_404453510.uvl,21,3,_r_3; _r_4; _r_5,0,
dataset_20/uvl/model_20171207_1015871671.uvl,18,11,_r_1; _r_1_3; _r_1_3_10; _r_1_3_7; _r_1_3_8; _r_1_5; _r_1_5_11_29; _r_2; _r_2_23_24; _r_2_23_25; _r_2_23_27,0,
dataset_20/uvl/model_20171207_711618687.uvl,13,5,_r_1; _r_1_4; _r_1_6; _r_1_9; _r_2,0,
dataset_20/uvl/model_20171208_504832504.uvl,10,2,_r_1; _r_3,0,
dataset_20/uvl/model_20171213_638254090.uvl,11,2,_r_1; _r_2,0,
dataset_20/uvl/model_20180110_870365297.uvl,10,2,_r_2; _r_4,0,
dataset_20/uvl/model_20180122_1429516018.uvl,40,4,_r_1; _r_24; _r_32; _r_40,0,
dataset_20/uvl/model_20180126_2070362475.uvl,30,8,_r_15; _r_15_16; _r_21; _r_31; _r_31_32; _r_38; _r_38_41; _r_38_45,0,
dataset_20/uvl/model_20180214_1066016479.uvl,96,14,_r_1; _r_101; _r_106; _r_110; _r_114; _r_3; _r_4; _r_5; _r_61; _r_7; _r_74; _r_80; _r_85; _r_92,0,
dataset_20/uvl/model_20180222_1531590612.uvl,18,5,_r_1; _r_1_5; _r_1_7; _r_2; _r_2_8,0,
dataset_20/uvl/model_20180222_1576024243.uvl,13,7,_r_1; _r_1_2; _r_1_3; _r_1_4; _r_5; _r_5_6; _r_5_7,0,
dataset_20/uvl/model_20180222_1790291836.uvl,22,7,_r_1; _r_2; _r_2_14; _r_2_16; _r_2_17; _r_2_18; _r_8,0,
dataset_20/uvl/model_20180222_1813103418.uvl,26,12,_r_1; _r_1_3; _r_1_4; _r_1_5; _r_1_5_17; _r_1_5_18; _r_1_5_19; _r_2; _r_2_6; _r_2_7; _r_2_8; _r_2_9,0,
dataset_20/uvl/model_20180222_1895267586.uvl,22,11,_r_1; _r_1_4; _r_1_4_6; _r_1_5; _r_1_5_11; _r_2; _r_2_17; _r_2_17_18; _r_3; _r_3_21; _r_3_21_22,0,
dataset_20/uvl/model_20180222_1925875374.uvl,45,4,_r_1; _r_11; _r_12; _r_2,0,
dataset_20/uvl/model_20180222_524224426.uvl,26,1,_r_1,0,
dataset_20/uvl/model_20180222_786472237.uvl,12,3,_r_1; _r_2; _r_3,0,
dataset_20/uvl/model_20180226_492552032.uvl,11,4,_r_11; _r_12; _r_13; _r_14,0,
dataset_20/uvl/model_20180227_1765307019.uvl,116,16,_r_1; _r_104; _r_109; _r_116; _r_120; _r_124; _r_128; _r_21; _r_27; _r_32; _r_71; _r_81; _r_86; _r_9; _r_91; _r_97,0,
dataset_20/uvl/model_20180301_203291309.uvl,13,4,_r_1; _r_2; _r_3; _r_4,0,
dataset_20/uvl/model_20180302_974887082.uvl,122,54,_r_1; _r_141; _r_141_143; _r_141_147; _r_141_155; _r_141_166; _r_141_173; _r_141_187; _r_141_193; _r_141_193_195; _r_141_193_196; _r_141_193_199; _r_141_193_200; _r_154; _r_1_2; _r_1_2_22; _r_1_2_22_24; _r_1_2_22_24_105; _r_1_2_22_24_140; _r_1_2_22_24_140_148_149; _r_1_2_22_24_140_150_151; _r_1_2_22_24_140_152_153; _r_1_2_22_24_147; _r_1_2_22_79; _r_1_2_22_80; _r_1_2_66; _r_1_2_66_69; _r_1_2_66_70; _r_1_2_67; _r_1_2_67_124; _r_1_2_67_72; _r_1_2_7; _r_1_2_7_10; _r_1_2_7_100; _r_1_2_7_81; _r_1_5; _r_1_5_67; _r_1_5_67_126; _r_1_5_67_88; _r_1_5_67_89; _r_1_5_84; _r_1_5_84_86; _r_1_5_84_87; _r_57; _r_57_63; _r_57_63_101; _r_57_63_101_102; _r_57_63_101_119; _r_57_97; _r_57_97_98; _r_57_97_98_120; _r_57_99; _r_57_99_100; _r_57_99_100_121,0,
dataset_20/uvl/model_20180304_1150769979.uvl,48,7,_r_19; _r_4; _r_48; _r_48_49; _r_48_50; _r_48_51; _r_8,0,
dataset_20/uvl/model_20180304_290046860.uvl,48,7,_r_1; _r_2; _r_3; _r_4; _r_4_28; _r_4_29; _r_4_30,0,
dataset_20/uvl/model_20180305_1393570452.uvl,48,7,_r_1; _r_13; _r_27; _r_27_28; _r_27_29; _r_27_30; _r_8,3,_r_1_2_6; _r_27_28_44_48; _r_27_30_35_39
dataset_20/uvl/model_20180305_1565538092.uvl,50,7,_r_14; _r_2; _r_28; _r_28_29; _r_28_38; _r_28_42; _r_7,0,
dataset_20/uvl/model_20180305_2101436905.uvl,47,6,_r_1; _r_13; _r_18; _r_19; _r_21; _r_22,0,
dataset_20/uvl/model_20180306_1110315637.uvl,39,9,_r_1; _r_2; _r_3; _r_3_23; _r_3_30; _r_3_37; _r_4; _r_4_45; _r_5,0,
dataset_20/uvl/model_20180306_1553572984.uvl,47,35,_r_13; _r_13_14_15; _r_13_16_17; _r_13_18_19; _r_13_22_23; _r_13_98_99; _r_2; _r_26; _r_26_27_28; _r_26_27_28_31_32; _r_26_27_28_33_34; _r_26_27_28_35_36; _r_26_29_30; _r_26_29_30_37_38; _r_26_29_30_39_40; _r_26_29_30_41_42; _r_2_11_12; _r_2_5_6; _r_2_9_10; _r_43; _r_43_45; _r_43_45_49_50; _r_43_45_51_52; _r_43_45_53_54; _r_43_45_55_56; _r_43_45_57_58; _r_43_46; _r_43_46_59_60; _r_43_46_61_62; _r_43_47; _r_43_47_63_64; _r_43_47_65_66; _r_43_47_67_68; _r_43_47_69_70; _r_43_47_71_72,0,
dataset_20/uvl/model_20180306_1625675392.uvl,48,7,_r_1; _r_13; _r_25; _r_25_26; _r_25_27; _r_25_28; _r_6,0,
dataset_20/uvl/model_20180306_177892963.uvl,45,7,_r_1; _r_14; _r_22; _r_22_23; _r_22_30; _r_22_34; _r_6,11,_r_14_15_16; _r_14_15_17; _r_14_15_19; _r_14_15_20; _r_22_23_24_25; _r_22_23_24_26; _r_22_23_24_28; _r_22_34_35_36; _r_22_34_35_37; _r_22_34_35_39; _r_6_8_12
dataset_20/uvl/model_20180306_1851656621.uvl,49,7,_r_1; _r_15; _r_27; _r_27_28; _r_27_35; _r_27_40; _r_8,3,_r_1_2_5; _r_27_28_29_33; _r_27_40_41_45
dataset_20/uvl/model_20180306_422218475.uvl,53,7,_r_11; _r_26; _r_38; _r_38_40; _r_38_51; _r_38_55; _r_6,3,_r_66_67; _r_66_67_68_69; _r_66_67_68_70
dataset_20/uvl/model_20180306_73619671.uvl,48,7,_r_1; _r_1_7; _r_1_8; _r_1_9; _r_3; _r_4; _r_5,0,
dataset_20/uvl/model_20180306_832754487.uvl,49,7,_r_53; _r_70; _r_81; _r_82; _r_82_100; _r_82_98; _r_82_99,0,
dataset_20/uvl/model_20180307_2144246090.uvl,49,6,_r_13; _r_31; _r_38; _r_38_39; _r_38_46; _r_38_50,6,_r_38_39_40_41; _r_38_39_40_42; _r_38_39_40_44; _r_38_50_51_52; _r_38_50_51_53; _r_38_50_51_55
dataset_20/uvl/model_20180311_1112468126.uvl,29,16,_r_1; _r_14; _r_14_25; _r_14_31; _r_14_32; _r_14_33; _r_14_34; _r_15; _r_1_26; _r_2; _r_20; _r_29; _r_2_27; _r_3; _r_3_28; _r_9,0,
dataset_20/uvl/model_20180403_1861855205.uvl,14,10,_r_1; _r_1_7; _r_1_8; _r_2; _r_2_12; _r_2_14; _r_2_14_15_16; _r_2_14_22_23; _r_2_14_24_25; _r_3,0,
dataset_20/uvl/model_20180407_489573335.uvl,109,54,_r_112; _r_112_120; _r_12; _r_125; _r_125_129; _r_125_129_130; _r_125_129_131; _r_125_132; _r_125_132_133; _r_125_132_133_135; _r_125_132_133_138; _r_125_132_133_140; _r_12_16; _r_12_16_17; _r_12_16_19; _r_12_41; _r_12_42; _r_159; _r_160; _r_2; _r_2_10; _r_2_11; _r_2_3; _r_2_3_7; _r_40; _r_47; _r_47_49; _r_51; _r_51_52; _r_51_52_57; _r_51_52_58; _r_51_53; _r_51_53_59; _r_51_54; _r_51_54_30; _r_51_54_31; _r_51_55; _r_51_55_32; _r_51_55_34; _r_51_55_35; _r_51_56; _r_51_56_37; _r_51_56_38; _r_51_56_39; _r_51_90; _r_51_90_91; _r_51_90_91_100; _r_51_90_91_100_110; _r_51_90_91_111; _r_51_90_91_92; _r_51_90_91_94; _r_51_90_91_95; _r_51_90_91_96; _r_51_90_91_97,1,_r_128_151_153
dataset_20/uvl/model_20180409_394573881.uvl,10,2,_r_1; _r_14,0,
dataset_20/uvl/model_20180411_122889136.uvl,26,0,,0,
dataset_20/uvl/model_20180509_988672632.uvl,27,4,_r_1; _r_2; _r_5; _r_6,0,
dataset_20/uvl/model_20180511_622669496.uvl,18,5,_r_1; _r_2; _r_3; _r_4; _r_5,0,
dataset_20/uvl/model_20180511_935028612.uvl,20,7,_r_1; _r_21; _r_25; _r_25_26; _r_38; _r_9; _r_9_11,0,
dataset_20/uvl/model_20180512_143602565.uvl,37,20,_r_1; _r_10; _r_10_39; _r_2; _r_3; _r_3_13; _r_3_14; _r_3_15; _r_3_16; _r_4; _r_5; _r_6; _r_7; _r_7_27; _r_8; _r_9; _r_9_45; _r_9_45_47; _r_9_45_48; _r_9_46,0,
dataset_20/uvl/model_20180512_276218752.uvl,36,32,_r_1; _r_11; _r_11_12; _r_11_13; _r_11_14; _r_15; _r_15_16; _r_15_16_20; _r_15_16_21; _r_15_16_21_24; _r_15_16_21_24_25; _r_15_16_21_24_26; _r_15_16_22; _r_15_16_23; _r_15_17; _r_15_17_27; _r_15_17_28; _r_15_17_29; _r_15_19; _r_15_19_31; _r_15_19_31_33; _r_15_19_31_33_34; _r_15_19_31_33_35; _r_1_2; _r_1_3; _r_1_4; _r_5; _r_5_6; _r_5_7; _r_8; _r_8_10; _r_8_9,0,
dataset_20/uvl/model_20180512_316263333.uvl,41,19,_r_1; _r_10; _r_10_39; _r_2; _r_3; _r_3_13; _r_3_14; _r_3_15; _r_3_16; _r_4; _r_5; _r_53; _r_6; _r_7; _r_7_27; _r_8; _r_9; _r_9_41; _r_9_42,0,
dataset_20/uvl/model_20180512_409172439.uvl,37,20,_r_1; _r_10; _r_10_39; _r_2; _r_3; _r_3_13; _r_3_14; _r_3_15; _r_3_16; _r_4; _r_5; _r_6; _r_7; _r_7_27; _r_8; _r_9; _r_9_45; _r_9_45_47; _r_9_45_48; _r_9_46,0,
dataset_20/uvl/model_20180512_419383167.uvl,36,32,_r_1; _r_11; _r_11_12; _r_11_13; _r_11_14; _r_15; _r_15_16; _r_15_16_20; _r_15_16_21; _r_15_16_21_24; _r_15_16_21_24_25; _r_15_16_21_24_26; _r_15_16_22; _r_15_16_23; _r_15_17; _r_15_17_27; _r_15_17_28; _r_15_17_29; _r_15_19; _r_15_19_31; _r_15_19_31_33; _r_15_19_31_33_34; _r_15_19_31_33_35; _r_1_2; _r_1_3; _r_1_4; _r_5; _r_5_6; _r_5_7; _r_8; _r_8_10; _r_8_9,0,
dataset_20/uvl/model_20180512_427876131.uvl,37,20,_r_1; _r_10; _r_10_39; _r_2; _r_3; _r_3_13; _r_3_14; _r_3_15; _r_3_16; _r_4; _r_5; _r_6; _r_7; _r_7_27; _r_8; _r_9; _r_9_45; _r_9_45_47; _r_9_45_48; _r_9_46,0,
dataset_20/uvl/model_20180512_660942805.uvl,36,32,_r_1; _r_11; _r_11_12; _r_11_13; _r_11_14; _r_15; _r_15_16; _r_15_16_20; _r_15_16_21; _r_15_16_21_24; _r_15_16_21_24_25; _r_15_16_21_24_26; _r_15_16_22; _r_15_16_23; _r_15_17; _r_15_17_27; _r_15_17_28; _r_15_17_29; _r_15_19; _r_15_19_31; _r_15_19_31_33; _r_15_19_31_33_34; _r_15_19_31_33_35; _r_1_2; _r_1_3; _r_1_4; _r_5; _r_5_6; _r_5_7; _r_8; _r_8_10; _r_8_9,0,
dataset_20/uvl/model_20180512_733862721.uvl,23,5,_r_1; _r_3; _r_4; _r_5; _r_6,0,
dataset_20/uvl/model_20180512_775268148.uvl,24,4,_r_1; _r_19; _r_29; _r_36,0,
dataset_20/uvl/model_20180512_810540422.uvl,23,5,_r_1; _r_3; _r_4; _r_5; _r_6,0,
dataset_20/uvl/model_20180512_893377341.uvl,24,5,_r_1; _r_3; _r_4; _r_5; _r_6,0,
dataset_20/uvl/model_20180513_39795521.uvl,22,12,_r_1; _r_1_4; _r_1_6; _r_1_7; _r_2; _r_2_14; _r_2_15; _r_2_16; _r_3; _r_3_24; _r_3_25; _r_3_26,0,
dataset_20/uvl/model_20180514_1722608288.uvl,27,16,_r_1_2; _r_1_2_3; _r_1_2_3_11; _r_1_2_3_13; _r_1_2_3_14; _r_1_2_3_4; _r_1_2_3_4_15; _r_1_2_3_4_15_21; _r_1_2_3_4_15_22; _r_1_2_3_4_16; _r_1_2_3_4_17; _r_1_2_3_4_18; _r_1_2_5; _r_1_2_5_23; _r_1_2_5_24; _r_35,0,
dataset_20/uvl/model_20180514_381391194.uvl,20,13,_r_1; _r_1_3; _r_1_3_10; _r_1_3_11; _r_1_3_12; _r_1_3_13; _r_1_3_9; _r_1_5; _r_1_6; _r_1_6_16; _r_1_6_17; _r_1_6_18; _r_1_7,0,
dataset_20/uvl/model_20180530_1810935889.uvl,11,4,_r_1; _r_1_4; _r_7; _r_7_12,0,
dataset_20/uvl/model_20180611_1112345807.uvl,10,6,_r_7; _r_7_10; _r_7_11; _r_7_12; _r_7_8; _r_7_9,0,
dataset_20/uvl/model_20180611_1140870617.uvl,10,6,_r_7; _r_7_10; _r_7_11; _r_7_12; _r_7_8; _r_7_9,0,
dataset_20/uvl/model_20180611_1800915628.uvl,10,6,_r_1_12; _r_1_12_13; _r_1_12_14; _r_1_12_15; _r_1_12_16; _r_1_12_17,0,
dataset_20/uvl/model_20180611_848416665.uvl,10,6,_r_7; _r_7_10; _r_7_11; _r_7_12; _r_7_8; _r_7_9,0,
dataset_20/uvl/model_20180612_1244406232.uvl,33,5,_r_1; _r_1_2; _r_1_6; _r_1_8; _r_9,0,
dataset_20/uvl/model_20180612_712325117.uvl,15,0,,0,
dataset_20/uvl/model_20180613_78021145.uvl,15,0,,0,
dataset_20/uvl/model_20180618_656757926.uvl,11,8,_r_1; _r_1_4; _r_1_5; _r_2; _r_7_8; _r_9; _r_9_10; _r_9_11,0,
dataset_20/uvl/model_20180705_2136123533.uvl,10,1,_r_1,0,
dataset_20/uvl/model_20180708_1907991672.uvl,24,7,_r_15; _r_15_16; _r_18; _r_18_19; _r_18_20; _r_32; _r_8,0,
dataset_20/uvl/model_20180713_1002093829.uvl,23,1,_r_8,0,
dataset_20/uvl/model_20180729_2071913647.uvl,24,7,_r_1; _r_1_10; _r_1_11; _r_2; _r_26; _r_2_13; _r_3,0,
dataset_20/uvl/model_20180729_701594854.uvl,22,8,_r_4; _r_4_10; _r_4_11; _r_5; _r_5_12; _r_5_13; _r_5_15; _r_6,0,
dataset_20/uvl/model_20180729_778045288.uvl,31,4,_r_1; _r_2; _r_3; _r_8,0,
dataset_20/uvl/model_20180815_1120231956.uvl,26,11,_r_1; _r_1_5; _r_2; _r_2_7; _r_3; _r_4; _r_4_16; _r_4_18; _r_4_19; _r_4_19_33; _r_4_19_36,0,
dataset_20/uvl/model_20180819_995624779.uvl,14,3,_r_1; _r_5; _r_8,0,
dataset_20/uvl/model_20180911_126281571.uvl,10,2,_r_1; _r_3,0,
dataset_20/uvl/model_20180913_1045465294.uvl,10,1,_r_1,0,
dataset_20/uvl/model_20180913_872907572.uvl,15,9,_r_1; _r_1_12; _r_1_13; _r_1_15; _r_3; _r_3_16; _r_3_6; _r_3_8; _r_4,0,
dataset_20/uvl/model_20180917_1978871462.uvl,50,9,_r_43; _r_43_44; _r_43_44_46; _r_43_44_47; _r_43_45; _r_43_45_48; _r_43_45_49; _r_43_45_50; _r_6,0,
dataset_20/uvl/model_20180927_642324190.uvl,51,10,_r_43; _r_43_44; _r_43_44_46; _r_43_44_47; _r_43_45; _r_43_45_48; _r_43_45_49; _r_43_51; _r_43_51_52; _r_6,0,
dataset_20/uvl/model_20180930_1153905679.uvl,27,7,_r_1; _r_19; _r_19_48; _r_1_11; _r_37; _r_37_39; _r_47,0,
dataset_20/uvl/model_20181005_1705175151.uvl,26,8,_r_1; _r_12; _r_13; _r_17; _r_21; _r_22; _r_28; _r_8,0,
dataset_20/uvl/model_20181016_583005690.uvl,32,10,_r_1; _r_2; _r_2_4; _r_2_5; _r_2_6; _r_2_6_18; _r_3; _r_3_9; _r_3_9_31; _r_3_9_49,0,
dataset_20/uvl/model_20181019_994429580.uvl,10,4,_r_1; _r_11; _r_2; _r_3,0,
dataset_20/uvl/model_20181024_611767532.uvl,13,2,_r_2; _r_2_3,0,
dataset_20/uvl/model_20181029_2093756359.uvl,18,6,_r_1; _r_10; _r_10_11_14; _r_15; _r_15_18_20; _r_5,2,_r_15_18_19; _r_5_6_8
dataset_20/uvl/model_20181103_2077285196.uvl,11,3,_r_1; _r_2; _r_4,0,
dataset_20/uvl/model_20181104_43638915.uvl,10,2,_r_7; _r_8,0,
dataset_20/uvl/model_20181118_1641295184.uvl,12,3,_r_1; _r_12; _r_5,0,
dataset_20/uvl/model_20181119_2037159342.uvl,23,11,_r_1; _r_1_27; _r_1_3; _r_1_7; _r_1_8; _r_2; _r_2_12; _r_2_19; _r_2_24; _r_2_25; _r_2_28,0,
dataset_20/uvl/model_20181205_2097248492.uvl,19,2,_r_1; _r_6,0,
dataset_20/uvl/model_20181219_1343761699.uvl,20,4,_r_1; _r_3; _r_4; _r_5,0,
dataset_20/uvl/model_20190108_414883666.uvl,17,0,,0,
dataset_20/uvl/model_20190117_1837815772.uvl,14,1,_r_1,0,
dataset_20/uvl/model_20190122_546529784.uvl,18,5,_r_2; _r_2_5; _r_2_7; _r_3; _r_3_9,0,
dataset_20/uvl/model_20190124_988857604.uvl,46,11,_r_1; _r_1_2; _r_23; _r_23_24; _r_23_28; _r_33; _r_33_39; _r_33_42; _r_43; _r_45; _r_45_47,0,
dataset_20/uvl/model_20190128_1522973155.uvl,23,12,_r_1; _r_24; _r_24_26_30; _r_24_26_30_31; _r_24_26_30_32; _r_24_26_30_33; _r_24_26_30_34; _r_24_26_30_34_35_36; _r_24_26_30_34_35_37; _r_25; _r_26; _r_7,0,
dataset_20/uvl/model_20190129_1004578234.uvl,18,3,_r_1; _r_1_10; _r_2,0,
dataset_20/uvl/model_20190203_959278211.uvl,27,21,_r_1; _r_1_7; _r_1_7_8; _r_2; _r_2_10; _r_2_9; _r_3; _r_3_11; _r_3_11_13_14; _r_3_11_15_16; _r_3_11_17_18; _r_3_11_17_18_21_22; _r_3_11_17_18_23_24; _r_3_11_17_18_25_26; _r_3_11_17_18_27_28; _r_3_11_19_20; _r_3_12; _r_4; _r_4_31_32; _r_4_33_34; _r_5,0,
dataset_20/uvl/model_20190214_582844610.uvl,11,3,_r_1; _r_2; _r_4,0,
dataset_20/uvl/model_20190219_265960660.uvl,178,0,,0,
dataset_20/uvl/model_20190220_184230257.uvl,38,1,_r_1,0,
dataset_20/uvl/model_20190221_1604245950.uvl,18,1,_r_1,0,
dataset_20/uvl/model_20190223_1159148955.uvl,103,0,,13,_r_9_198_199_201; _r_9_198_199_201_209; _r_9_198_199_201_209_211_212; _r_9_198_199_201_209_211_213; _r_9_198_199_201_209_211_214; _r_9_198_199_201_210; _r_9_198_199_201_210_215_216; _r_9_198_199_201_210_215_217; _r_9_198_199_201_210_215_218; _r_9_55; _r_9_55_61_62; _r_9_55_61_63; _r_9_55_61_64
dataset_20/uvl/model_20190223_1275185141.uvl,10,1,_r_1,0,
dataset_20/uvl/model_20190223_2023041805.uvl,19,3,_r_1; _r_21; _r_33,0,
dataset_20/uvl/model_20190223_2034909826.uvl,88,4,_r_13; _r_22; _r_28; _r_51,0,
dataset_20/uvl/model_20190228_1201197026.uvl,16,7,_r_1; _r_12; _r_12_13; _r_15; _r_1_2; _r_9; _r_9_10,0,
dataset_20/uvl/model_20190304_818967793.uvl,29,11,_r_1; _r_1_10; _r_1_6; _r_2; _r_26; _r_2_17; _r_3; _r_3_42; _r_3_48; _r_5; _r_5_32,0,
dataset_20/uvl/model_20190326_164569423.uvl,10,4,_r_37; _r_38; _r_39; _r_40,0,
dataset_20/uvl/model_20190328_829158427.uvl,14,3,_r_1; _r_1_4; _r_2,0,
dataset_20/uvl/model_20190413_1966613868.uvl,42,3,_r_1; _r_2; _r_3,0,
dataset_20/uvl/model_20190416_284413958.uvl,37,12,_r_1; _r_1_20; _r_1_21; _r_3; _r_4; _r_4_30; _r_4_30_34; _r_5; _r_5_40; _r_5_55; _r_7; _r_7_8,0,
dataset_20/uvl/model_20190416_545039882.uvl,21,8,_r_1; _r_1_10; _r_1_12; _r_1_9; _r_2; _r_22; _r_22_26_27; _r_2_3,0,
dataset_20/uvl/model_20190416_886742925.uvl,12,5,_r_1; _r_4; _r_6; _r_7; _r_9_10,0,
dataset_20/uvl/model_20190430_2137275351.uvl,37,20,_r_1; _r_1_4; _r_1_4_34; _r_1_4_35; _r_1_5; _r_1_5_36; _r_1_5_37; _r_1_7; _r_1_8; _r_3; _r_3_10; _r_3_11; _r_3_11_12; _r_3_11_14; _r_3_11_15; _r_3_11_16; _r_3_11_18; _r_3_11_47; _r_3_6; _r_3_9,0,
dataset_20/uvl/model_20190430_348224224.uvl,33,7,_r_1; _r_1_4; _r_1_4_14; _r_1_4_15; _r_1_5; _r_1_6; _r_1_7,0,
dataset_20/uvl/model_20190502_109355269.uvl,18,4,_r_1; _r_2; _r_3; _r_4,0,
dataset_20/uvl/model_20190502_1338968023.uvl,34,33,_r_1; _r_2; _r_3; _r_3_23_24; _r_3_25_26; _r_4; _r_4_27; _r_4_27_29; _r_4_27_29_33_34; _r_4_27_29_36_37; _r_4_27_30; _r_4_28; _r_4_28_31; _r_4_28_31_38_39; _r_4_28_31_41_42; _r_4_28_32; _r_5; _r_5_10_11; _r_5_12_13; _r_5_14_15; _r_6; _r_6_16_17; _r_6_18_19; _r_6_20_21; _r_7; _r_8; _r_9; _r_9_43; _r_9_44; _r_9_45; _r_9_46; _r_9_47; _r_9_47_48,0,
dataset_20/uvl/model_20190503_1463982406.uvl,41,17,_r_1; _r_13; _r_13_14; _r_13_15; _r_13_16; _r_13_17; _r_1_6; _r_2; _r_2_26; _r_3; _r_4; _r_49; _r_4_41; _r_4_41_43; _r_4_41_47; _r_4_41_48; _r_4_42,0,
dataset_20/uvl/model_20190504_755268837.uvl,43,15,_r_1; _r_18; _r_1_2; _r_1_3; _r_23; _r_23_19; _r_23_19_20; _r_23_19_20_24; _r_23_19_20_26; _r_23_19_21; _r_23_19_22; _r_23_19_23; _r_44; _r_6; _r_6_50,0,
dataset_20/uvl/model_20190510_1232864614.uvl,12,3,_r_1; _r_16; _r_6,0,
dataset_20/uvl/model_20190510_899437477.uvl,13,3,_r_11; _r_2; _r_3,0,
dataset_20/uvl/model_20190513_110684557.uvl,10,2,_r_12; _r_16,0,
dataset_20/uvl/model_20190513_1749709644.uvl,20,6,_r_1; _r_1_2; _r_4; _r_4_5; _r_7; _r_7_8,0,
dataset_20/uvl/model_20190513_1805648090.uvl,10,6,_r_1; _r_1_2; _r_4; _r_4_5; _r_7; _r_7_11,0,
dataset_20/uvl/model_20190513_215044614.uvl,10,3,_r_1; _r_5; _r_6,0,
dataset_20/uvl/model_20190513_554652357.uvl,10,9,_r_2; _r_3_4; _r_3_4_5_6; _r_3_4_5_6_7_8; _r_3_4_5_6_7_8_9_10; _r_3_4_5_6_7_8_9_10_11_12; _r_3_4_5_6_7_8_9_10_11_12_13_14; _r_3_4_5_6_7_8_9_10_11_12_13_14_15_16; _r_3_4_5_6_7_8_9_10_11_12_13_14_15_16_17_18,0,
dataset_20/uvl/model_20190513_639238065.uvl,10,3,_r_1; _r_2; _r_3,0,
dataset_20/uvl/model_20190514_850677966.uvl,25,6,_r_1; _r_1_2; _r_4; _r_4_5; _r_7; _r_7_8,0,
dataset_20/uvl/model_20190522_227919886.uvl,20,4,_r_1; _r_1_3; _r_1_4; _r_2,2,_r_2_6_17_20; _r_2_6_7_13_14_16
dataset_20/uvl/model_20190526_2060834946.uvl,12,0,,0,
dataset_20/uvl/model_20190616_1868431112.uvl,40,16,_r_24; _r_24_38; _r_24_38_40; _r_24_38_41; _r_24_38_42; _r_24_39; _r_24_39_43; _r_24_39_43_44; _r_25; _r_25_26; _r_25_31; _r_31; _r_42; _r_49; _r_50; _r_6,0,
dataset_20/uvl/model_20190619_50728308.uvl,19,18,_r_1; _r_12; _r_12_13; _r_12_14; _r_12_15; _r_12_16; _r_12_17; _r_12_18; _r_1_2; _r_1_3; _r_1_4; _r_1_5; _r_6; _r_6_10; _r_6_11; _r_6_7; _r_6_8; _r_6_9,0,
dataset_20/uvl/model_20190624_198695067.uvl,24,13,_r_10; _r_10_13; _r_11; _r_11_27; _r_2; _r_26; _r_28; _r_3; _r_4; _r_5; _r_6; _r_7; _r_9,0,
dataset_20/uvl/model_20190730_1957937065.uvl,25,9,_r_19; _r_19_21; _r_19_21_23; _r_19_21_24; _r_19_21_25; _r_19_22; _r_19_22_26; _r_27; _r_5,0,
dataset_20/uvl/model_20190805_1041162508.uvl,23,5,_r_10; _r_10_15; _r_10_16; _r_10_16_20_22; _r_6,1,_r_10_16_20_21
dataset_20/uvl/model_20190824_1440931285.uvl,104,4,_r_10; _r_12; _r_5; _r_9,0,
dataset_20/uvl/model_20190825_1083955002.uvl,12,3,_r_1; _r_2; _r_3,0,
dataset_20/uvl/model_20190904_400441788.uvl,625,42,_r_1; _r_1_3; _r_1_3_16; _r_1_4; _r_1_4_18; _r_1_5; _r_1_5_11; _r_1_5_21; _r_1_5_27; _r_1_5_6; _r_2; _r_2_112; _r_2_112_550; _r_2_112_551; _r_2_112_552; _r_2_112_552_637; _r_2_112_552_638; _r_2_112_552_638_639; _r_2_112_552_638_639_642; _r_2_112_552_638_639_643; _r_2_112_552_638_639_644; _r_2_112_552_638_639_645; _r_2_112_552_638_639_651; _r_2_112_552_638_640; _r_2_112_552_638_641; _r_2_113; _r_2_113_171; _r_2_113_171_179; _r_2_113_171_179_185; _r_2_113_171_215; _r_2_113_171_229; _r_2_113_172; _r_2_113_553; _r_2_114; _r_2_114_116; _r_2_114_117; _r_2_115; _r_2_115_123; _r_2_115_124; _r_2_79; _r_2_80; _r_2_80_88,0,
dataset_20/uvl/model_20190913_1052617154.uvl,21,8,_r_5; _r_5_25_26; _r_5_25_26_27; _r_5_25_26_28; _r_5_25_26_29; _r_5_25_26_30; _r_5_25_26_31; _r_5_9,0,
dataset_20/uvl/model_20190914_1323674619.uvl,61,35,_r_10; _r_10_17; _r_10_18; _r_10_18_34; _r_10_18_35; _r_10_19; _r_10_19_37; _r_10_20; _r_11; _r_11_21; _r_11_22; _r_11_23; _r_11_23_38; _r_11_24; _r_2; _r_2_12; _r_2_13; _r_2_13_25; _r_2_13_25_42; _r_2_13_26; _r_2_13_26_47; _r_2_13_26_48; _r_2_14; _r_2_14_27; _r_2_14_27_52; _r_2_14_28; _r_2_14_28_53; _r_3; _r_3_16; _r_43; _r_8; _r_8_64; _r_8_65; _r_9; _r_9_68,0,
dataset_20/uvl/model_20190915_1211977272.uvl,22,16,_r_2; _r_2_6; _r_2_7; _r_2_8; _r_2_9; _r_3; _r_3_10; _r_3_11; _r_3_13; _r_3_14; _r_4; _r_4_15; _r_4_16; _r_4_17; _r_5; _r_5_18,0,
dataset_20/uvl/model_20190915_1647283170.uvl,10,4,_r_1; _r_2_3; _r_2_3_4; _r_6,0,
dataset_20/uvl/model_20190915_38921055.uvl,10,4,_r_1; _r_2_3; _r_2_3_4; _r_6,0,
dataset_20/uvl/model_20190916_1591625575.uvl,42,12,_r1; _r10; _r11; _r12; _r20; _r22; _r23; _r24; _r29; _r30; _r36; _r9,0,
dataset_20/uvl/model_20190916_1777637747.uvl,10,8,_r1; _r2; _r3; _r4; _r5; _r6; _r7; _r8,0,
dataset_20/uvl/model_20190916_233719618.uvl,10,0,,0,
dataset_20/uvl/model_20190916_779041735.uvl,41,12,_r1; _r10; _r11; _r12; _r20; _r21; _r22; _r23; _r28; _r29; _r35; _r9,0,
dataset_20/uvl/model_20190917_1294871534.uvl,16,4,_r1; _r10; _r11; _r9,0,
dataset_20/uvl/model_20190917_1352548057.uvl,59,14,_r1; _r13; _r2; _r42; _r43; _r44; _r45; _r46; _r47; _r48; _r49; _r50; _r54; _r55,0,
dataset_20/uvl/model_20190917_1484600794.uvl,17,4,_r1; _r2; _r3; _r4,0,
dataset_20/uvl/model_20190917_1598073515.uvl,16,14,_r1; _r10; _r11; _r12; _r14; _r15; _r2; _r3; _r4; _r5; _r6; _r7; _r8; _r9,0,
dataset_20/uvl/model_20190917_1679843058.uvl,11,0,,0,
dataset_20/uvl/model_20190917_1844149588.uvl,49,10,_r1; _r2; _r25; _r3; _r30; _r31; _r32; _r33; _r47; _r48,0,
dataset_20/uvl/model_20190917_1855142600.uvl,38,17,_r1; _r15; _r18; _r19; _r2; _r20; _r21; _r22; _r23; _r25; _r29; _r30; _r31; _r32; _r33; _r34; _r35,0,
dataset_20/uvl/model_20190917_1882445879.uvl,16,0,,0,
dataset_20/uvl/model_20190917_383002664.uvl,43,6,_r1; _r2; _r21; _r3; _r38; _r39,0,
dataset_20/uvl/model_20190917_490456110.uvl,39,4,_r1; _r23; _r28; _r29,0,
dataset_20/uvl/model_20190917_512190943.uvl,45,25,_r1; _r10; _r11; _r12; _r16; _r17; _r18; _r19; _r2; _r20; _r21; _r22; _r23; _r24; _r25; _r26; _r33; _r34; _r35; _r36; _r37; _r38; _r39; _r8; _r9,0,
dataset_20/uvl/model_20190917_552843992.uvl,10,2,_r4; _r5,0,
dataset_20/uvl/model_20190917_595353381.uvl,13,0,,0,
dataset_20/uvl/model_20190917_659690280.uvl,12,0,,0,
dataset_20/uvl/model_20190917_729866659.uvl,83,30,_r1; _r2; _r44; _r45; _r46; _r47; _r48; _r49; _r50; _r51; _r52; _r53; _r54; _r55; _r56; _r57; _r58; _r59; _r60; _r61; _r62; _r63; _r64; _r70; _r71; _r72; _r73; _r74; _r78; _r79,0,
dataset_20/uvl/model_20190917_75070341.uvl,33,8,_r1; _r12; _r13; _r18; _r2; _r3; _r4; _r5,0,
dataset_20/uvl/model_20190917_80747458.uvl,16,2,_r1; _r2,0,
dataset_20/uvl/model_20190917_896971240.uvl,35,4,_r1; _r23; _r24; _r25,0,
dataset_20/uvl/model_20190918_1569717148.uvl,17,6,_r_1; _r_2; _r_2_10_11; _r_2_12_13; _r_6; _r_7,0,
dataset_20/uvl/model_20190919_887233558.uvl,17,4,_r_1; _r_1_4; _r_6; _r_6_7,0,
dataset_20/uvl/model_20190920_1330526555.uvl,10,4,_r_1; _r_3; _r_3_10_11; _r_3_12_13,0,
dataset_20/uvl/model_20190920_56721129.uvl,15,7,_r_16; _r_16_18; _r_3; _r_3_4; _r_6; _r_6_14; _r_6_14_15,0,
dataset_20/uvl/model_20190920_579117949.uvl,13,9,_r_1; _r_13; _r_13_14; _r_13_14_19_20; _r_1_2; _r_4; _r_5; _r_6; _r_6_7_11,1,_r_13_14_19_23
dataset_20/uvl/model_20190921_1186818003.uvl,15,6,_r_1; _r_11; _r_1_2; _r_1_3; _r_5; _r_8,0,
dataset_20/uvl/model_20190922_1316746975.uvl,22,18,_r_1; _r_13; _r_13_14; _r_13_15; _r_16; _r_16_17; _r_18; _r_19; _r_19_20; _r_2; _r_22; _r_22_25; _r_3; _r_3_7; _r_8; _r_8_11; _r_8_12; _r_8_9,0,
dataset_20/uvl/model_20190922_230985682.uvl,21,20,_r_1; _r_17; _r_17_18; _r_17_18_19; _r_17_18_20; _r_17_18_21; _r_17_18_22; _r_17_18_31; _r_17_23; _r_17_23_24; _r_17_23_25; _r_17_23_26; _r_17_27; _r_17_27_28; _r_17_27_29; _r_17_27_30; _r_17_27_32; _r_2; _r_2_6; _r_2_7,0,
dataset_20/uvl/model_20190922_267709941.uvl,35,10,_r_1; _r_22; _r_22_25; _r_27; _r_41; _r_41_42; _r_41_42_45; _r_41_51; _r_41_51_54; _r_41_51_55,0,
dataset_20/uvl/model_20190922_499979669.uvl,25,11,_r_1; _r_17; _r_1_21; _r_2; _r_30; _r_30_31; _r_30_32; _r_30_33; _r_4; _r_5; _r_5_11,0,
dataset_20/uvl/model_20190922_718247414.uvl,12,2,_r_37; _r_44,0,
dataset_20/uvl/model_20190922_729177560.uvl,21,14,_r_1; _r_1_6; _r_1_7; _r_2; _r_2_16; _r_2_18; _r_2_8; _r_3; _r_3_19; _r_4; _r_4_21; _r_5; _r_5_24; _r_5_26,0,
dataset_20/uvl/model_20190929_1773228224.uvl,17,7,_r_2; _r_2_8; _r_3; _r_3_12; _r_5; _r_5_16; _r_6,0,
dataset_20/uvl/model_20191012_1432325334.uvl,40,16,_r_1; _r_10; _r_5; _r_5_15; _r_5_15_17; _r_5_15_18; _r_5_15_19; _r_5_16; _r_5_16_20; _r_5_16_20_23; _r_6; _r_6_28; _r_6_29; _r_7; _r_8; _r_9,0,
dataset_20/uvl/model_20191016_1243022077.uvl,83,0,,0,
dataset_20/uvl/model_20191111_1176325905.uvl,16,6,_r_1; _r_1_5; _r_1_6; _r_2; _r_2_10; _r_2_8,0,
dataset_20/uvl/model_20191115_635910941.uvl,37,18,_r_1; _r_1_2; _r_1_2_5; _r_1_2_6; _r_1_3; _r_1_3_11; _r_1_3_12; _r_1_3_19; _r_1_3_30; _r_1_3_31; _r_1_3_35; _r_1_3_36; _r_1_3_7; _r_1_4; _r_1_4_40; _r_1_4_44; _r_1_4_45; _r_1_4_46,0,
dataset_20/uvl/model_20191119_1702487696.uvl,24,11,_r_1; _r_14; _r_2; _r_3; _r_3_38_39; _r_3_40_41; _r_4; _r_5; _r_5_32_33; _r_5_34_35; _r_5_36_37,0,
dataset_20/uvl/model_20191126_842054213.uvl,21,6,_r_2; _r_5; _r_5_20; _r_5_20_22; _r_5_20_24; _r_5_21,0,
dataset_20/uvl/model_20200120_1111265554.uvl,10,0,,0,
dataset_20/uvl/model_20200121_827473084.uvl,17,0,,0,
dataset_20/uvl/model_20200128_1154759905.uvl,23,3,_r_2; _r_2_7; _r_2_7_8,0,
dataset_20/uvl/model_20200128_1186233455.uvl,23,3,_r_1; _r_1_16; _r_1_16_21,0,
dataset_20/uvl/model_20200128_1669015551.uvl,23,3,_r_2; _r_2_10; _r_2_10_20,0,
dataset_20/uvl/model_20200128_23228584.uvl,23,3,_r_2; _r_2_27; _r_2_27_28,0,
dataset_20/uvl/model_20200128_745414394.uvl,23,3,_r_3; _r_3_10; _r_3_10_26,0,
dataset_20/uvl/model_20200212_1763855182.uvl,12,11,_r_1; _r_2; _r_3; _r_4; _r_4_7; _r_4_7_8; _r_4_7_8_10; _r_4_7_9; _r_4_7_9_11; _r_5; _r_6,0,
dataset_20/uvl/model_20200225_1125771038.uvl,43,9,_r_10; _r_19; _r_24; _r_25; _r_26; _r_27; _r_29; _r_4; _r_50,0,
dataset_20/uvl/model_20200316_153170359.uvl,124,32,_r_1; _r_1_2; _r_1_2_5; _r_1_3; _r_1_3_75; _r_1_3_75_78; _r_1_3_75_78_82; _r_1_3_75_79; _r_1_3_75_79_88; _r_1_3_75_80; _r_1_3_75_80_92; _r_1_3_75_80_93; _r_1_3_75_80_94; _r_1_3_75_80_94_105; _r_1_3_75_81; _r_1_4; _r_1_4_120; _r_1_4_120_123; _r_1_4_120_124; _r_1_4_120_125; _r_1_4_121; _r_1_4_121_141; _r_1_4_121_141_142; _r_1_4_121_143; _r_1_4_121_143_144; _r_1_4_121_143_145; _r_1_4_121_143_146; _r_1_4_121_143_147; _r_1_4_121_148; _r_1_4_121_148_149; _r_1_4_121_148_150; _r_1_4_122,28,_r_1_2_5_8_9; _r_1_2_5_8_9_16; _r_1_2_5_8_9_16_20_21; _r_1_2_5_8_9_16_20_27; _r_1_2_5_8_9_16_20_28; _r_1_2_5_8_9_16_20_29; _r_1_2_5_8_9_16_20_30; _r_1_2_5_8_9_16_20_31; _r_1_2_5_8_9_16_20_32; _r_1_2_5_8_9_16_20_33; _r_1_2_5_8_9_16_20_34; _r_1_2_5_8_9_17; _r_1_2_5_8_9_17_35_36; _r_1_2_5_8_9_17_35_37; _r_1_2_5_8_9_17_35_38; _r_1_2_5_8_9_18; _r_1_2_5_8_9_18_39_40; _r_1_2_5_8_9_18_39_41; _r_1_2_5_8_9_19; _r_1_2_5_8_9_19_42_43; _r_1_2_5_8_9_19_42_44; _r_1_2_5_8_9_19_42_45; _r_1_2_5_8_9_19_42_46; _r_1_2_5_8_9_19_42_47; _r_1_2_5_8_9_19_42_48; _r_1_2_5_8_9_19_42_49; _r_1_2_5_8_9_19_42_50; _r_1_2_5_8_9_19_42_51
dataset_20/uvl/model_20200320_13307140.uvl,10,6,_r_1; _r_3; _r_5; _r_7; _r_8; _r_9,0,
dataset_20/uvl/model_20200403_1286696698.uvl,37,5,_r_1; _r_6; _r_6_73; _r_6_73_74; _r_6_73_75,0,
dataset_20/uvl/model_20200403_1474941211.uvl,14,2,_r_1; _r_2,0,
dataset_20/uvl/model_20200412_2136556876.uvl,12,4,_r_1; _r_3; _r_6; _r_9,0,
dataset_20/uvl/model_20200413_90255108.uvl,48,3,_r_1; _r_2; _r_76,0,
dataset_20/uvl/model_20200425_1144751894.uvl,10,6,_r_1; _r_2; _r_3; _r_4; _r_4_11_13; _r_5,1,_r_4_11_12
dataset_20/uvl/model_20200503_927740000.uvl,21,1,_r_5,0,
dataset_20/uvl/model_20200513_1559879338.uvl,11,3,_r_1; _r_5; _r_5_11,0,
dataset_20/uvl/model_20200517_1501498720.uvl,11,3,_r_2; _r_3; _r_4,0,
dataset_20/uvl/model_20200524_149606280.uvl,35,14,_r_1; _r_18; _r_18_43; _r_18_45; _r_1_10; _r_1_11; _r_1_12; _r_1_9; _r_2; _r_3; _r_37; _r_6; _r_7; _r_8,0,
dataset_20/uvl/model_20200609_1715293706.uvl,12,2,_r_1; _r_7,0,
dataset_20/uvl/model_20200619_2057881785.uvl,37,21,_r_1; _r_11; _r_12; _r_13; _r_1_2; _r_1_2_5; _r_1_2_6; _r_1_2_7; _r_1_2_8; _r_1_2_8_10; _r_1_2_8_9; _r_1_3; _r_1_3_22; _r_1_3_23; _r_1_3_24; _r_1_4; _r_1_4_26; _r_1_4_26_30; _r_1_4_26_31; _r_40; _r_47,0,
dataset_20/uvl/model_20200621_929471783.uvl,11,2,_r_1; _r_2,0,
dataset_20/uvl/model_20200728_429027371.uvl,17,1,_r_1,0,
dataset_20/uvl/model_20200810_1006372985.uvl,36,13,_r_1; _r_16; _r_2; _r_2_3; _r_2_4; _r_5; _r_5_6; _r_5_7; _r_5_8; _r_5_9; _r_65; _r_65_72; _r_65_75,0,
dataset_20/uvl/model_20200810_1274447969.uvl,33,12,_r_12; _r_12_13; _r_15; _r_2; _r_2_3; _r_2_5; _r_2_7; _r_6; _r_6_26; _r_6_30; _r_6_39; _r_6_8,0,
dataset_20/uvl/model_20200810_1407499848.uvl,35,19,_r_12; _r_12_20; _r_12_45; _r_12_62; _r_2; _r_21; _r_21_32; _r_21_51; _r_21_52; _r_21_53; _r_21_53_56; _r_21_53_57; _r_21_58; _r_21_58_59; _r_21_58_61; _r_3; _r_3_10; _r_3_11; _r_3_9,0,
dataset_20/uvl/model_20200810_1487197226.uvl,29,19,_r_1; _r_19; _r_19_20; _r_1_11; _r_1_12; _r_1_13; _r_1_14; _r_2; _r_21; _r_21_24; _r_21_29; _r_21_40; _r_2_15; _r_2_16; _r_2_17; _r_3; _r_3_18; _r_5; _r_5_10,0,
dataset_20/uvl/model_20200810_1781368898.uvl,21,11,_r_11; _r_12; _r_12_27; _r_13; _r_13_14; _r_13_24; _r_2; _r_2_3; _r_2_4; _r_8; _r_8_9,0,
dataset_20/uvl/model_20200810_1943380085.uvl,26,9,_r_1; _r_1_2; _r_1_6; _r_1_7; _r_8; _r_8_15; _r_8_24; _r_8_24_27; _r_8_9,0,
dataset_20/uvl/model_20200810_903664942.uvl,25,4,_r_29; _r_3; _r_3_24; _r_6,0,
dataset_20/uvl/model_20200810_956997411.uvl,39,22,_r_12; _r_12_41; _r_12_41_42; _r_12_41_43; _r_13; _r_13_16; _r_13_17; _r_13_19; _r_14; _r_14_26; _r_14_26_66; _r_14_50; _r_14_50_51; _r_20; _r_20_27; _r_20_56; _r_20_56_67; _r_5; _r_5_10; _r_5_6; _r_5_7; _r_5_8,0,
dataset_20/uvl/model_20200811_1911664133.uvl,17,7,_r_1; _r_15; _r_15_16; _r_15_17; _r_19; _r_6; _r_6_9,1,_r_6_10_11
dataset_20/uvl/model_20200811_368165701.uvl,11,8,_r_1; _r_2; _r_3; _r_4; _r_4_5; _r_4_5_6; _r_4_5_7; _r_4_8,0,
dataset_20/uvl/model_20200813_1618100589.uvl,28,15,_r_1; _r_11; _r_12; _r_12_29; _r_13; _r_2; _r_26; _r_3; _r_4; _r_5; _r_6; _r_7; _r_7_10; _r_7_9; _r_8,0,
dataset_20/uvl/model_20200815_1845054862.uvl,39,13,_r_10; _r_10_11; _r_10_12; _r_10_13; _r_10_14; _r_15; _r_20; _r_33; _r_5; _r_5_6; _r_5_7; _r_5_8; _r_5_9,0,
dataset_20/uvl/model_20200815_41086763.uvl,31,17,_r_1; _r_1_6; _r_1_7; _r_1_8; _r_2; _r_3; _r_3_10; _r_3_10_11; _r_3_10_13; _r_4; _r_4_14; _r_4_22; _r_4_22_23; _r_4_22_24; _r_5; _r_5_18; _r_5_18_20,0,
dataset_20/uvl/model_20200815_433256797.uvl,39,13,_r_10; _r_10_11; _r_10_12; _r_10_13; _r_10_14; _r_15; _r_20; _r_33; _r_5; _r_5_6; _r_5_7; _r_5_8; _r_5_9,0,
dataset_20/uvl/model_20200815_582760962.uvl,29,10,_r_1; _r_1_2; _r_39; _r_39_40; _r_42; _r_42_44; _r_42_46; _r_9; _r_9_13; _r_9_17,0,
dataset_20/uvl/model_20200816_1246721801.uvl,18,10,_r_1; _r_19; _r_19_20; _r_19_21; _r_1_3; _r_2; _r_2_4; _r_5; _r_5_10; _r_5_12,0,
dataset_20/uvl/model_20200816_33425673.uvl,39,13,_r_10; _r_10_11; _r_10_12; _r_10_13; _r_10_14; _r_15; _r_20; _r_33; _r_5; _r_5_6; _r_5_7; _r_5_8; _r_5_9,0,
dataset_20/uvl/model_20200817_129447612.uvl,37,19,_r_1; _r_2; _r_3; _r_5; _r_6; _r_6_11; _r_6_12; _r_6_13; _r_6_13_27; _r_6_13_27_35; _r_6_13_29; _r_6_13_29_30; _r_6_17; _r_6_17_18; _r_6_17_18_19; _r_6_17_18_20; _r_6_17_21; _r_6_17_21_22; _r_6_17_21_23,0,
dataset_20/uvl/model_20200817_1333981485.uvl,33,9,_r_1; _r_1_3; _r_22; _r_39; _r_39_42; _r_39_43; _r_39_44; _r_39_45; _r_8,0,
dataset_20/uvl/model_20200819_498504850.uvl,31,16,_r_1; _r_13; _r_13_14; _r_13_15; _r_1_3; _r_1_5; _r_1_7; _r_1_8; _r_21; _r_30; _r_35; _r_42; _r_9; _r_9_10; _r_9_11; _r_9_12,0,
dataset_20/uvl/model_20200819_710049424.uvl,28,7,_r_1; _r_1_2; _r_1_20; _r_1_20_38; _r_1_20_48; _r_1_8; _r_66,0,
dataset_20/uvl/model_20200819_795623217.uvl,26,10,_r_1; _r_2; _r_25; _r_29; _r_38; _r_39; _r_4; _r_40; _r_41; _r_9,0,
dataset_20/uvl/model_20200829_1325519775.uvl,22,17,_r_1; _r_16; _r_16_17; _r_16_18; _r_16_19; _r_1_2; _r_1_3; _r_1_4; _r_1_6; _r_21; _r_25; _r_9; _r_9_10; _r_9_10_11; _r_9_10_12; _r_9_10_13; _r_9_14,0,
dataset_20/uvl/model_20200901_1356822502.uvl,38,9,_r_2; _r_2_11; _r_2_12; _r_3; _r_3_4; _r_3_5; _r_3_6; _r_3_7; _r_3_8,0,
dataset_20/uvl/model_20200901_1590540568.uvl,38,9,_r_2; _r_2_11; _r_2_12; _r_3; _r_3_4; _r_3_5; _r_3_6; _r_3_7; _r_3_8,0,
dataset_20/uvl/model_20200901_1615961503.uvl,38,9,_r_2; _r_2_11; _r_2_12; _r_3; _r_3_4; _r_3_5; _r_3_6; _r_3_7; _r_3_8,0,
dataset_20/uvl/model_20200901_164722413.uvl,11,2,_r_4; _r_5,0,
dataset_20/uvl/model_20200901_2052923297.uvl,21,20,_r_1; _r_1_11; _r_1_11_12; _r_1_11_13; _r_1_11_14; _r_1_11_15; _r_1_11_15_32; _r_1_20; _r_1_4; _r_1_4_24; _r_1_4_5; _r_1_4_7; _r_2; _r_2_10; _r_2_21; _r_2_21_28; _r_3; _r_36; _r_3_22; _r_3_22_29,0,
dataset_20/uvl/model_20200901_328439811.uvl,35,7,_r_2; _r_2_11; _r_3; _r_3_4; _r_3_5; _r_3_6; _r_3_7,0,
dataset_20/uvl/model_20200901_40084439.uvl,26,18,_r_44; _r_44_50; _r_44_51; _r_45; _r_45_52; _r_46; _r_46_54; _r_48; _r_48_57; _r_48_59; _r_48_60; _r_48_61; _r_48_61_62; _r_48_61_63; _r_48_61_64; _r_48_61_67; _r_49; _r_53,0,
dataset_20/uvl/model_20200901_93573304.uvl,38,9,_r_2; _r_2_11; _r_2_12; _r_3; _r_3_4; _r_3_5; _r_3_6; _r_3_7; _r_3_8,0,
dataset_20/uvl/model_20200907_1296105910.uvl,35,7,_r_2; _r_2_11; _r_3; _r_3_4; _r_3_5; _r_3_6; _r_3_7,0,
dataset_20/uvl/model_20200907_1598312227.uvl,130,118,_r_1; _r_1_3; _r_1_3_4; _r_1_3_41; _r_1_3_41_66; _r_1_3_41_66_77; _r_1_3_41_67; _r_1_3_41_67_87; _r_1_3_41_67_87_88; _r_1_3_41_67_87_88_89; _r_1_3_41_67_87_88_89_90; _r_1_3_41_67_87_88_89_90_91; _r_1_3_41_67_87_88_89_90_91_92; _r_1_3_41_67_87_88_89_90_91_92_93; _r_1_3_4_5; _r_1_3_4_5_6; _r_1_3_4_5_6_13; _r_1_3_4_5_6_13_15; _r_1_3_4_5_6_13_15_16; _r_1_3_4_5_6_13_15_16_17; _r_1_3_4_5_6_13_15_16_17_18; _r_1_3_4_5_6_13_15_16_17_18_26; _r_1_3_4_5_6_13_15_16_17_18_26_27; _r_1_3_4_5_6_13_15_16_17_18_26_27_29; _r_1_3_4_5_6_13_15_16_17_18_26_27_29_30; _r_1_3_4_5_6_13_15_16_17_18_26_27_29_30_31; _r_1_3_4_5_6_13_15_16_17_18_26_27_29_30_31_32; _r_1_3_4_5_6_13_15_16_17_18_26_27_29_30_31_32_34; _r_1_3_4_5_6_13_15_16_17_18_26_27_29_30_31_32_34_36; _r_1_3_4_5_6_13_15_16_17_18_26_27_29_30_31_32_34_36_44; _r_1_3_4_5_6_13_15_16_17_18_26_27_29_30_31_33; _r_1_3_4_5_6_13_15_16_17_18_26_27_29_30_31_33_35; _r_1_3_4_5_6_13_15_16_17_18_26_27_29_30_31_33_35_37; _r_1_3_4_5_6_13_15_16_17_18_26_27_29_30_31_33_35_37_43; _r_1_3_4_5_6_13_15_16_17_24; _r_1_3_4_5_6_13_15_16_17_24_25; _r_1_3_4_5_6_13_15_16_17_24_25_28; _r_1_3_4_5_6_13_15_16_17_24_25_38; _r_1_3_4_5_6_13_15_16_17_24_39; _r_1_3_4_5_6_13_15_16_17_24_39_40; _r_1_3_4_5_6_13_15_16_23; _r_1_3_4_5_6_13_15_16_23_45; _r_1_3_4_5_6_13_15_16_23_46; _r_1_3_4_5_6_14; _r_1_3_4_5_6_144_145; _r_1_3_4_5_6_144_145_146; _r_1_3_4_5_6_14_19; _r_1_3_4_5_6_14_19_20; _r_1_3_4_5_6_14_19_20_21; _r_1_3_4_5_6_14_19_20_21_22; _r_1_3_4_5_6_14_19_20_21_22_47; _r_1_3_4_5_6_14_19_20_21_22_47_48; _r_1_3_4_5_6_14_19_20_21_22_47_48_49; _r_1_3_4_5_6_14_19_20_21_22_47_48_49_50; _r_1_3_4_5_6_14_19_20_21_22_47_48_49_50_51; _r_1_3_4_5_6_14_19_20_21_22_47_48_49_50_51_52; _r_1_3_4_5_6_14_19_20_21_22_47_48_49_50_51_52_53; _r_1_3_4_5_6_14_19_20_21_22_47_48_49_50_51_52_53_54; _r_1_3_4_5_6_14_19_20_21_22_47_48_49_50_51_52_53_54_55; _r_1_3_4_5_6_14_19_20_21_22_47_48_49_50_51_56; _r_1_3_4_5_6_14_19_20_21_22_47_48_49_50_51_56_57; _r_1_3_4_5_6_14_19_20_21_22_47_48_49_50_51_56_57_58; _r_1_3_4_5_6_14_19_20_21_22_47_48_49_50_51_56_57_58_59; _r_1_3_4_5_6_14_19_20_21_42; _r_1_3_4_5_6_14_19_20_21_42_61; _r_1_3_4_5_6_14_19_20_21_42_61_62; _r_1_3_4_5_6_14_19_20_21_42_61_63; _r_1_3_4_5_6_14_19_20_21_42_64; _r_1_3_4_5_6_14_19_20_21_42_64_65; _r_1_3_4_5_6_14_19_20_21_42_64_65_68; _r_1_3_4_5_6_14_19_20_21_42_64_65_69; _r_1_3_4_5_6_14_19_20_21_42_64_65_70; _r_1_3_4_5_6_14_19_20_21_42_64_65_71; _r_1_3_4_5_6_14_19_20_21_42_64_65_72; _r_1_3_4_5_6_14_19_20_21_42_64_65_73; _r_1_3_4_5_6_14_19_20_21_42_64_65_75; _r_1_3_4_5_6_94_95; _r_1_3_4_5_6_94_95_102; _r_1_3_4_5_6_94_95_102_122; _r_1_3_4_5_6_94_95_102_123; _r_1_3_4_5_6_94_95_102_123_125_126; _r_1_3_4_5_6_94_95_102_123_125_126_127; _r_1_3_4_5_6_94_95_102_123_125_126_132; _r_1_3_4_5_6_94_95_102_123_130_131; _r_1_3_4_5_6_94_95_102_123_130_131_142; _r_1_3_4_5_6_94_95_102_123_134_135; _r_1_3_4_5_6_94_95_102_123_134_135_136; _r_1_3_4_5_6_94_95_103; _r_1_3_4_5_6_94_95_103_147; _r_1_3_4_5_6_94_95_103_148; _r_1_3_4_5_6_94_95_103_148_149_150; _r_1_3_4_5_6_94_95_103_148_149_150_151; _r_1_3_4_5_6_94_95_103_148_149_150_152; _r_1_3_4_5_6_94_95_103_148_153; _r_1_3_4_5_6_94_95_103_148_153_154; _r_1_3_4_5_6_94_95_103_148_155_156; _r_1_3_4_5_6_94_95_103_148_155_156_158_159; _r_1_3_4_5_6_96_97; _r_1_3_4_5_6_96_97_100; _r_1_3_4_5_6_96_97_109; _r_1_3_4_5_6_96_97_109_110; _r_1_3_4_5_6_96_97_109_110_111; _r_1_3_4_5_6_96_97_109_110_111_113; _r_1_3_4_5_6_96_97_109_110_111_114; _r_1_3_4_5_6_96_97_109_110_111_114_117; _r_1_3_4_5_6_96_97_109_110_111_114_117_120; _r_1_3_4_5_6_96_97_109_110_111_114_117_121; _r_1_3_4_5_6_96_97_109_110_111_114_118; _r_1_3_4_5_6_96_97_109_110_111_114_119; _r_1_3_4_5_6_98_99; _r_1_3_4_5_6_98_99_101; _r_1_3_4_5_6_98_99_104; _r_1_3_4_5_6_98_99_104_105; _r_1_3_4_5_6_98_99_104_105_106; _r_1_3_4_5_6_98_99_104_105_106_115; _r_1_3_4_5_6_98_99_104_105_106_116; _r_1_3_4_5_6_98_99_104_105_107; _r_1_3_4_5_6_98_99_104_105_108,0,
dataset_20/uvl/model_20200907_1678285822.uvl,63,11,_r_3; _r_3_4_5; _r_3_4_5_25; _r_3_4_5_25_26; _r_3_4_5_25_26_31; _r_3_4_5_25_26_31_32; _r_3_4_5_25_26_31_32_33; _r_3_4_5_25_26_31_47; _r_3_4_5_25_26_31_47_48; _r_3_6_7; _r_3_6_7_8,0,
dataset_20/uvl/model_20200909_844580970.uvl,17,4,_r_10; _r_15; _r_20; _r_25,0,
dataset_20/uvl/model_20200919_469515687.uvl,20,10,_r_1; _r_10; _r_11; _r_19; _r_2; _r_3; _r_4; _r_5; _r_8; _r_9,0,
dataset_20/uvl/model_20201002_1982652571.uvl,15,0,,0,
dataset_20/uvl/model_20201007_667063467.uvl,72,17,_r_1; _r_1_14; _r_1_2; _r_1_36; _r_1_7; _r_47; _r_47_53; _r_47_53_56; _r_47_53_57; _r_47_53_59; _r_47_55; _r_48; _r_49; _r_50; _r_52; _r_65; _r_65_66,0,
dataset_20/uvl/model_20201010_633615094.uvl,12,3,_r_1; _r_2; _r_3,0,
dataset_20/uvl/model_20201011_1804341944.uvl,59,0,,0,
dataset_20/uvl/model_20220910_809454030.uvl,37,1,_r_1,0,
dataset_20/uvl/model_20221004_622223252.uvl,26,7,_r_11; _r_11_34; _r_8; _r_8_19; _r_8_20; _r_9; _r_9_27,0,
dataset_20/uvl/model_20221009_1635938665.uvl,42,16,_r_1; _r_1_2; _r_1_2_30; _r_1_2_30_43; _r_1_2_4; _r_1_2_47; _r_1_2_4_13; _r_1_2_4_24; _r_1_2_4_36; _r_1_2_4_6; _r_1_2_5; _r_1_2_5_28; _r_1_2_5_32; _r_1_2_5_35; _r_1_2_5_36; _r_1_2_5_42,0,
dataset_20/uvl/model_20221010_1477134717.uvl,51,10,_r_11; _r_11_34; _r_11_34_35; _r_11_34_35_37; _r_11_34_36; _r_11_34_36_41; _r_11_34_49; _r_11_34_49_50; _r_11_34_54; _r_11_34_78,0,
dataset_20/uvl/model_20221013_1054303307.uvl,66,26,_r_1; _r_1_2; _r_1_2_3; _r_1_2_3_10; _r_1_2_3_11; _r_1_2_3_12; _r_1_2_3_13; _r_1_2_4; _r_1_2_4_14; _r_1_2_4_15; _r_1_2_4_16; _r_1_2_4_17; _r_1_2_5; _r_1_2_5_18; _r_1_2_5_19; _r_1_2_5_20; _r_1_2_5_21; _r_1_2_6; _r_1_2_7; _r_1_2_7_25; _r_1_2_8; _r_1_2_8_32; _r_1_2_9; _r_1_2_9_36; _r_1_2_9_36_37; _r_1_2_9_36_38,0,
dataset_20/uvl/model_20221015_510481451.uvl,12,1,_r_9,0,
dataset_20/uvl/model_20221017_1844403757.uvl,10,5,_r_1; _r_3; _r_3_11_12; _r_3_13_14; _r_3_9_10,0,
dataset_20/uvl/model_20221018_544175819.uvl,29,7,_r_1; _r_1_12; _r_1_12_30; _r_1_9; _r_1_9_13; _r_1_9_14; _r_2,0,
dataset_20/uvl/model_20221025_2010292001.uvl,22,13,_r_1; _r_1_7; _r_1_7_10_11; _r_1_7_12_13; _r_1_7_8_9; _r_2; _r_2_20_21; _r_2_22_23; _r_2_22_23_24_25; _r_2_22_23_26_27; _r_3; _r_3_28_29; _r_3_30_31,0,
dataset_20/uvl/model_20221026_1860047321.uvl,103,42,_r_1; _r_1_115; _r_1_115_116; _r_1_2; _r_1_2_3; _r_1_2_3_4; _r_1_2_3_4_5; _r_1_2_3_4_5_10; _r_1_2_3_4_5_6; _r_1_2_3_4_5_6_21; _r_1_2_3_4_5_6_22; _r_1_2_3_4_5_8; _r_1_2_3_4_5_8_23; _r_1_2_3_4_5_8_24; _r_1_2_3_4_5_8_26; _r_1_2_3_4_5_8_27; _r_1_2_3_4_5_9; _r_1_2_3_4_5_9_19; _r_1_2_3_4_5_9_19_46; _r_1_2_3_4_5_9_19_47; _r_1_2_3_4_5_9_20; _r_1_2_3_4_5_9_20_48; _r_1_2_3_4_5_9_20_49; _r_1_2_62; _r_1_2_62_138; _r_1_2_62_138_139; _r_1_2_62_138_139_140; _r_1_2_62_138_139_140_169; _r_1_2_62_138_139_140_170; _r_1_2_62_138_139_141; _r_1_2_62_138_139_141_165; _r_1_2_62_138_139_141_166; _r_1_2_62_138_139_141_167; _r_1_2_62_138_139_141_168; _r_1_2_62_138_139_142; _r_1_2_62_138_139_142_147; _r_1_2_62_138_139_142_147_157; _r_1_2_62_138_139_142_147_158; _r_1_2_62_138_139_142_148; _r_1_2_62_138_139_142_148_149; _r_1_2_62_138_139_142_148_150; _r_1_2_62_138_139_143,0,
dataset_20/uvl/model_20221029_568257220.uvl,17,5,_r_2; _r_3; _r_4; _r_5; _r_5_19_22,3,_r_2_7_9; _r_5_19_20; _r_5_19_21
dataset_20/uvl/model_20221031_340330235.uvl,35,4,_r_2; _r_2_8; _r_5; _r_5_28,0,
dataset_20/uvl/model_20221101_871584152.uvl,19,4,_r_2; _r_3; _r_5; _r_6,0,
dataset_20/uvl/model_20221102_1308706395.uvl,17,4,_r_2; _r_3; _r_4; _r_5,3,_r_3_12_14; _r_4_17_19; _r_5_21_26
dataset_20/uvl/model_20221109_1435495840.uvl,14,3,_r_1; _r_6; _r_6_8,0,
dataset_20/uvl/model_20221114_1363146415.uvl,39,10,_r_1; _r_1_4; _r_1_4_6; _r_1_4_6_8; _r_1_4_6_8_20; _r_1_4_6_8_20_22; _r_1_4_6_8_20_23; _r_1_4_6_8_21; _r_2; _r_2_36,0,
dataset_20/uvl/model_20221122_1612835830.uvl,20,4,_r_1; _r_12; _r_16; _r_23,0,
dataset_20/uvl/model_20221125_1235088379.uvl,25,5,_r_1; _r_10; _r_21; _r_29; _r_6,0,
dataset_20/uvl/model_20221208_1038664369.uvl,28,4,_r_1; _r_18; _r_23; _r_28,0,
dataset_20/uvl/model_20221208_1116778716.uvl,22,3,_r_1; _r_18; _r_28,0,
dataset_20/uvl/model_20221220_1576677705.uvl,14,4,_r_1; _r_1_14; _r_1_2; _r_1_7,0,
dataset_20/uvl/model_20221229_1000010819.uvl,17,5,_r_1; _r_1_40; _r_1_41; _r_25; _r_3,0,
dataset_20/uvl/model_20221229_2070974785.uvl,17,5,_r_1; _r_1_40; _r_1_41; _r_25; _r_3,0,
dataset_20/uvl/model_20230120_1200060194.uvl,20,11,_r_1; _r_2; _r_2_5_6; _r_2_5_6_11; _r_2_7_8; _r_2_7_8_12; _r_2_9_10; _r_2_9_10_13; _r_4; _r_4_11_12; _r_4_13_14,0,
dataset_20/uvl/model_20230228_1021126902.uvl,11,2,_r_1; _r_2,0,
dataset_20/uvl/model_20230313_612090761.uvl,13,3,_r_2; _r_3; _r_5,0,
dataset_20/uvl/model_20230322_1023477919.uvl,73,5,_r_4; _r_4_6; _r_4_7; _r_4_8; _r_5,0,
dataset_20/uvl/model_20230322_1028761227.uvl,18,7,_r_1; _r_1_7; _r_1_7_19; _r_1_7_8; _r_2; _r_31; _r_31_35,0,
dataset_20/uvl/model_20230322_1036375763.uvl,40,6,_r_4; _r_4_6; _r_4_64; _r_4_64_65; _r_4_64_77; _r_4_6_8,0,
dataset_20/uvl/model_20230322_1194175451.uvl,34,3,_r_5; _r_58; _r_58_59,0,
dataset_20/uvl/model_20230322_1299985155.uvl,31,9,_r_16; _r_16_17; _r_16_18; _r_20; _r_30; _r_34; _r_34_38; _r_34_61; _r_34_63,0,
dataset_20/uvl/model_20230322_1548752135.uvl,45,7,_r_1; _r_1_5; _r_1_6; _r_2; _r_2_11; _r_3; _r_4,0,
dataset_20/uvl/model_20230322_1573076538.uvl,17,4,_r_1; _r_35; _r_39; _r_40,0,
dataset_20/uvl/model_20230322_1814026223.uvl,20,11,_r_1; _r_1_3; _r_1_4; _r_1_4_15; _r_1_4_23; _r_1_5; _r_1_5_7; _r_1_5_8; _r_1_5_9; _r_1_6; _r_1_6_21,0,
dataset_20/uvl/model_20230322_1855764436.uvl,26,7,_r_12; _r_15; _r_15_32; _r_15_47; _r_38; _r_4; _r_7,0,
dataset_20/uvl/model_20230322_1882971454.uvl,21,12,_r_1; _r_1_21; _r_1_21_28; _r_1_22; _r_1_22_23; _r_1_22_24; _r_6; _r_6_7; _r_8; _r_8_10; _r_8_10_17; _r_8_9,0,
dataset_20/uvl/model_20230322_1887635433.uvl,32,19,_r_1; _r_1_37; _r_1_37_38; _r_1_37_39; _r_1_37_40; _r_1_6; _r_1_6_10; _r_1_6_8; _r_1_6_9; _r_1_76; _r_20; _r_20_27; _r_20_27_28; _r_20_32; _r_20_32_41; _r_42; _r_42_45; _r_42_46; _r_48,0,
dataset_20/uvl/model_20230322_1914329788.uvl,32,19,_r_1; _r_1_37; _r_1_37_38; _r_1_37_39; _r_1_37_40; _r_1_6; _r_1_6_10; _r_1_6_8; _r_1_6_9; _r_1_76; _r_20; _r_20_27; _r_20_27_28; _r_20_32; _r_20_32_41; _r_42; _r_42_45; _r_42_46; _r_48,0,
dataset_20/uvl/model_20230322_2049733851.uvl,24,13,_r_1; _r_1_2; _r_28; _r_28_30; _r_28_30_35; _r_28_30_36; _r_28_38; _r_6; _r_6_39; _r_6_39_40; _r_6_39_41; _r_6_7; _r_8,0,
dataset_20/uvl/model_20230322_2065877531.uvl,26,19,_r_1; _r_1_5; _r_1_5_17; _r_1_6; _r_1_6_18; _r_1_7; _r_2; _r_2_8; _r_2_8_20; _r_2_8_22; _r_2_8_23; _r_2_9; _r_2_9_25; _r_2_9_26; _r_3; _r_3_11; _r_3_12; _r_3_13; _r_3_13_14,0,
dataset_20/uvl/model_20230322_208918165.uvl,40,7,_r_4; _r_4_6; _r_4_64; _r_4_64_65; _r_4_64_77; _r_4_64_78; _r_4_6_8,0,
dataset_20/uvl/model_20230322_242202942.uvl,19,9,_r_1; _r_14; _r_14_17_18; _r_1_2; _r_1_3; _r_1_3_4; _r_1_3_6; _r_31; _r_31_34,0,
dataset_20/uvl/model_20230322_307237036.uvl,29,10,_r_7; _r_7_9; _r_7_9_10; _r_7_9_10_11; _r_7_9_10_11_12; _r_7_9_10_11_14; _r_7_9_10_11_15; _r_8; _r_8_39; _r_8_39_40,0,
dataset_20/uvl/model_20230322_310895789.uvl,26,19,_r_1; _r_1_5; _r_1_5_17; _r_1_6; _r_1_6_18; _r_1_7; _r_2; _r_2_8; _r_2_8_20; _r_2_8_22; _r_2_8_23; _r_2_9; _r_2_9_25; _r_2_9_26; _r_3; _r_3_11; _r_3_12; _r_3_13; _r_3_13_14,0,
dataset_20/uvl/model_20230322_342259021.uvl,33,12,_r_19; _r_3; _r_31; _r_3_4; _r_3_5; _r_50; _r_50_51; _r_50_53; _r_59; _r_6; _r_6_83; _r_6_88,0,
dataset_20/uvl/model_20230322_413432441.uvl,22,13,_r_4; _r_4_5; _r_4_5_26; _r_4_5_26_27; _r_4_5_26_32; _r_4_5_26_42; _r_4_5_26_42_25; _r_4_6; _r_4_6_11; _r_4_6_12; _r_7; _r_8; _r_8_40,0,
dataset_20/uvl/model_20230322_492815120.uvl,41,11,_r_1; _r_18; _r_18_19; _r_18_25; _r_18_25_34; _r_1_6; _r_26; _r_26_48; _r_26_49; _r_26_49_55; _r_26_49_58,0,
dataset_20/uvl/model_20230322_497943934.uvl,40,6,_r_4; _r_4_6; _r_4_64; _r_4_64_65; _r_4_64_77; _r_4_6_8,0,
dataset_20/uvl/model_20230322_572568226.uvl,51,7,_r_3; _r_3_85; _r_3_85_86; _r_3_9; _r_3_94; _r_3_94_95; _r_3_9_10,0,
dataset_20/uvl/model_20230322_604627146.uvl,22,9,_r_1; _r_1_2; _r_1_2_3; _r_1_2_3_4; _r_1_2_3_4_10; _r_1_2_3_4_5; _r_23; _r_23_24; _r_23_24_25,0,
dataset_20/uvl/model_20230322_61558144.uvl,16,7,_r_4; _r_4_5; _r_4_6; _r_4_6_11; _r_4_6_12; _r_7; _r_8,0,
dataset_20/uvl/model_20230322_729074756.uvl,29,10,_r_7; _r_7_9; _r_7_9_10; _r_7_9_10_11; _r_7_9_10_11_12; _r_7_9_10_11_14; _r_7_9_10_11_15; _r_8; _r_8_39; _r_8_39_40,0,
dataset_20/uvl/model_20230322_774285627.uvl,15,6,_r_1; _r_1_5; _r_1_5_14; _r_2; _r_2_3; _r_2_3_24,0,
dataset_20/uvl/model_20230322_812446738.uvl,34,6,_r_5; _r_58; _r_58_59; _r_58_59_62; _r_5_6; _r_5_6_7,0,
dataset_20/uvl/model_20230322_928718925.uvl,20,11,_r_1; _r_1_3; _r_1_4; _r_1_4_15; _r_1_4_23; _r_1_5; _r_1_5_7; _r_1_5_8; _r_1_5_9; _r_1_6; _r_1_6_21,0,
dataset_20/uvl/model_20230323_1102049462.uvl,17,13,_r_12; _r_12_14; _r_12_14_15; _r_2; _r_2_3; _r_2_4; _r_2_5; _r_2_6; _r_2_7; _r_8; _r_8_11; _r_8_9; _r_8_9_10,0,
dataset_20/uvl/model_20230323_1108197556.uvl,17,13,_r_1; _r_14; _r_14_15; _r_14_16; _r_14_16_17; _r_14_16_19; _r_14_16_20; _r_1_2; _r_4; _r_4_5; _r_4_5_7; _r_4_5_8; _r_4_6,0,
dataset_20/uvl/model_20230323_1971213764.uvl,46,16,_r_12; _r_12_41; _r_12_42; _r_12_42_57; _r_12_42_58; _r_12_43; _r_12_44; _r_14; _r_15; _r_15_32; _r_23; _r_4; _r_47; _r_4_39; _r_4_40; _r_7,0,
dataset_20/uvl/model_20230323_425392427.uvl,33,12,_r_19; _r_3; _r_31; _r_3_4; _r_3_5; _r_50; _r_50_51; _r_50_53; _r_59; _r_6; _r_6_83; _r_6_88,0,
dataset_20/uvl/model_20230323_58681865.uvl,17,13,_r_1; _r_1_4; _r_2; _r_2_5; _r_2_5_6; _r_2_5_7; _r_2_8; _r_3; _r_3_13; _r_3_14; _r_3_14_15; _r_3_14_16; _r_3_14_17,0,
dataset_20/uvl/model_20230323_642188361.uvl,23,12,_r_1; _r_1_6; _r_1_6_8; _r_1_6_8_10; _r_1_6_8_12; _r_1_6_8_9; _r_1_7; _r_1_7_21; _r_1_7_22; _r_2; _r_3; _r_3_25,0,
dataset_20/uvl/model_20230323_867226898.uvl,16,10,_r_1; _r_19; _r_19_20; _r_19_21; _r_19_21_22; _r_19_21_23; _r_1_2; _r_3; _r_3_13; _r_3_4,0,
dataset_20/uvl/model_20230323_901833353.uvl,74,47,_r_1; _r_1_24; _r_1_24_25; _r_1_26; _r_1_26_27; _r_1_26_28; _r_1_29; _r_1_29_31; _r_1_29_32; _r_1_29_33; _r_1_29_34; _r_1_4; _r_1_4_5; _r_1_6; _r_1_6_14; _r_1_6_19; _r_1_6_7; _r_1_6_7_8; _r_1_6_9; _r_2; _r_2_35; _r_2_35_36; _r_2_37; _r_2_37_38; _r_2_37_38_39; _r_2_37_40; _r_2_37_47; _r_2_52; _r_2_52_53; _r_2_54; _r_2_54_55; _r_2_54_56; _r_2_57; _r_2_57_58; _r_2_57_59; _r_2_57_60; _r_2_57_61; _r_3; _r_3_62; _r_3_62_63; _r_3_74; _r_3_74_75; _r_3_76; _r_3_76_77; _r_3_76_78; _r_3_81; _r_3_81_82,0,
dataset_20/uvl/model_20230422_2139223494.uvl,37,13,_r_17; _r_17_18; _r_17_18_20; _r_17_18_21; _r_17_31; _r_17_38; _r_17_38_39; _r_17_38_40; _r_44; _r_44_49; _r_7; _r_7_8; _r_7_9,0,
dataset_20/uvl/model_20230423_1943321532.uvl,27,21,_r_1; _r_1_3; _r_1_3_10; _r_1_3_10_11; _r_1_3_10_12; _r_1_3_10_12_13; _r_1_3_7; _r_1_3_7_8; _r_1_3_7_9; _r_1_4; _r_1_4_6; _r_1_5; _r_1_5_16; _r_1_5_17; _r_1_5_17_19; _r_1_5_17_19_20; _r_1_5_17_21; _r_2; _r_2_22; _r_2_27; _r_2_29,0,
dataset_20/uvl/model_20230426_159926820.uvl,59,11,_r_7; _r_7_9; _r_7_9_10; _r_7_9_10_11; _r_7_9_10_11_12; _r_7_9_10_11_14; _r_7_9_10_11_15; _r_7_9_10_11_30; _r_8; _r_8_39; _r_8_39_40,0,
dataset_20/uvl/model_20230505_1739075744.uvl,42,11,_r_1; _r_1_2; _r_1_2_7; _r_1_3; _r_1_3_35; _r_1_3_35_37; _r_1_3_39; _r_1_3_39_41; _r_1_4; _r_1_5; _r_1_6,0,
dataset_20/uvl/model_20230608_1658584159.uvl,24,5,_r_1; _r_2; _r_3; _r_30; _r_4,0,
dataset_20/uvl/model_20230609_1502711362.uvl,22,11,_r_1; _r_13; _r_19; _r_19_20; _r_19_21; _r_19_26; _r_19_39; _r_19_42; _r_1_10; _r_1_10_17_18; _r_1_9,0,
dataset_20/uvl/model_20230613_1168762973.uvl,11,4,_r_1; _r_7; _r_8; _r_8_9_10,0,
dataset_20/uvl/model_20230615_1063099089.uvl,38,5,_r_2; _r_2_7; _r_3; _r_4; _r_5,0,
dataset_20/uvl/model_20230615_743611401.uvl,24,5,_r_1; _r_2; _r_3; _r_3_15; _r_4,0,
dataset_20/uvl/model_20230615_784426434.uvl,14,3,_r_1; _r_4; _r_4_13,0,
dataset_20/uvl/model_20230616_862941800.uvl,30,0,,0,
dataset_20/uvl/model_20230630_666266911.uvl,13,2,_r_1; _r_5,0,
dataset_20/uvl/movies_app_fm.uvl,13,3,DB; GUI; Network,0,
dataset_20/uvl/smart_home_fm.uvl,59,25,_id_0_41; _id_0_41_43; _id_0_42; _id_0_42_43; _id_0_42_43_45; _id_0_44; _id_0_44_45; _id_0_44_45_49; _id_0_46; _id_0_46_47; _id_0_46_47_48; _id_0_50; _id_0_50_52; _id_1; _id_11; _id_14; _id_19; _id_23; _id_24; _id_27; _id_27_39; _id_5; _id_6; _id_8; _id_9,0,
dataset_20/uvl/stack_fm.uvl,17,1,Element_Type,0,
dataset_3/uvl/dm_HICSSDM.csv.uvl,28,0,,0,
dataset_4/uvl/dm_eShop_DM.csv.uvl,13,0,,0,
dataset_42/uvl/step1 Determine the information you need to display.uvl,12,2,Display; MessageToDisplay,0,
dataset_42/uvl/step2 Select the best means to display the information (tables).uvl,13,3,DataRelationship; Information; TableType,0,
"dataset_42/uvl/step3 Design the display to show the information simply, clearly and accurately (graphs).uvl",50,5,DataSet; NonDataComponents; PrimaryComponents; SecondaryComponents; VisualAttributes,0,
dataset_42/uvl/step4 Select the implementation for the visualization (graphs).uvl,14,2,TargetAudience; VisualizationLibrary,0,
dataset_42/uvl/step4 Select the implementation for the visualization (tables).uvl,14,2,TargetAudience; VisualizationLibrary,0,
dataset_43/uvl/model.uvl,13,2,energy management; screen,0,
dataset_44/uvl/software_strategies.uvl,57,3,Diagnosis; Doing; Doing_Cycle_Time,0,
dataset_45/uvl/SGPL.uvl,94,11,Access; Collaboration; Creation Mode; Decision-Making; E-Collaboration Common Services; E-Collaboration Model; E-Collaboration Process; Organizational Services; Process Specific; Smart Governance Services; Systems Integration,0,
dataset_46/uvl/miband1.uvl,12,11,Accelerometer; BT40; Call; Connectivity; FitnessMonitor; Functionalities; Notification; Pedometer; Sensors; SleepTracker; VibrateAlert,0,
dataset_46/uvl/miband1_planned.uvl,12,11,Accelerometer; BT40; Call; Connectivity; FitnessMonitor; Functionalities; Notification; Pedometer; Sensors; SleepTracker; VibrateAlert,0,
dataset_46/uvl/miband1_realized.uvl,12,11,Accelerometer; BT40; Call; Connectivity; FitnessMonitor; Functionalities; Notification; Pedometer; Sensors; SleepTracker; VibrateAlert,0,
dataset_46/uvl/miband1s.uvl,13,11,Accelerometer; BT40; Call; Connectivity; FitnessMonitor; Functionalities; Notification; Pedometer; Sensors; SleepTracker; VibrateAlert,0,
dataset_46/uvl/miband1s_planned.uvl,13,11,Accelerometer; BT40; Call; Connectivity; FitnessMonitor; Functionalities; Notification; Pedometer; Sensors; SleepTracker; VibrateAlert,0,
dataset_46/uvl/miband1s_realized.uvl,13,11,Accelerometer; BT40; Call; Connectivity; FitnessMonitor; Functionalities; Notification; Pedometer; Sensors; SleepTracker; VibrateAlert,0,
dataset_46/uvl/miband2.uvl,21,11,Accelerometer; Bluetooth; Call; Connectivity; FitnessMonitor; Functionalities; Notification; Pedometer; Sensors; SleepTracker; VibrateAlert,0,
dataset_46/uvl/miband2_planned.uvl,21,11,Accelerometer; Bluetooth; Call; Connectivity; FitnessMonitor; Functionalities; Notification; Pedometer; Sensors; SleepTracker; VibrateAlert,0,
dataset_46/uvl/miband2_realized.uvl,21,11,Accelerometer; Bluetooth; Call; Connectivity; FitnessMonitor; Functionalities; Notification; Pedometer; Sensors; SleepTracker; VibrateAlert,0,
dataset_46/uvl/miband3.uvl,24,11,Accelerometer; Bluetooth; Call; Connectivity; FitnessMonitor; Functionalities; Notification; Pedometer; Sensors; SleepTracker; VibrateAlert,0,
dataset_46/uvl/miband3_planned.uvl,24,11,Accelerometer; Bluetooth; Call; Connectivity; FitnessMonitor; Functionalities; Notification; Pedometer; Sensors; SleepTracker; VibrateAlert,0,
dataset_46/uvl/miband3_realized.uvl,24,11,Accelerometer; Bluetooth; Call; Connectivity; FitnessMonitor; Functionalities; Notification; Pedometer; Sensors; SleepTracker; VibrateAlert,0,
dataset_46/uvl/miband4.uvl,31,11,Accelerometer; Bluetooth; Call; Connectivity; FitnessMonitor; Functionalities; Notification; Pedometer; Sensors; SleepTracker; VibrateAlert,0,
dataset_46/uvl/miband4_planned.uvl,31,11,Accelerometer; Bluetooth; Call; Connectivity; FitnessMonitor; Functionalities; Notification; Pedometer; Sensors; SleepTracker; VibrateAlert,0,
dataset_46/uvl/miband4_realized.uvl,31,11,Accelerometer; Bluetooth; Call; Connectivity; FitnessMonitor; Functionalities; Notification; Pedometer; Sensors; SleepTracker; VibrateAlert,0,
dataset_46/uvl/miband5.uvl,34,11,Accelerometer; Bluetooth; Call; Connectivity; FitnessMonitor; Functionalities; Notification; Pedometer; Sensors; SleepTracker; VibrateAlert,0,
dataset_46/uvl/miband5_planned.uvl,34,11,Accelerometer; Bluetooth; Call; Connectivity; FitnessMonitor; Functionalities; Notification; Pedometer; Sensors; SleepTracker; VibrateAlert,0,
dataset_46/uvl/miband5_realized.uvl,34,11,Accelerometer; Bluetooth; Call; Connectivity; FitnessMonitor; Functionalities; Notification; Pedometer; Sensors; SleepTracker; VibrateAlert,0,
dataset_46/uvl/miband6.uvl,35,11,Accelerometer; Bluetooth; Call; Connectivity; FitnessMonitor; Functionalities; Notification; Pedometer; Sensors; SleepTracker; VibrateAlert,0,
dataset_46/uvl/miband6_planned.uvl,35,11,Accelerometer; Bluetooth; Call; Connectivity; FitnessMonitor; Functionalities; Notification; Pedometer; Sensors; SleepTracker; VibrateAlert,0,
dataset_46/uvl/miband6_realized.uvl,35,11,Accelerometer; Bluetooth; Call; Connectivity; FitnessMonitor; Functionalities; Notification; Pedometer; Sensors; SleepTracker; VibrateAlert,0,
dataset_46/uvl/miband7.uvl,36,11,Accelerometer; Bluetooth; Call; Connectivity; FitnessMonitor; Functionalities; Notification; Pedometer; Sensors; SleepTracker; VibrateAlert,1,BLEv50
dataset_46/uvl/miband7_planned.uvl,36,11,Accelerometer; Bluetooth; Call; Connectivity; FitnessMonitor; Functionalities; Notification; Pedometer; Sensors; SleepTracker; VibrateAlert,0,
dataset_46/uvl/miband7_realized.uvl,36,11,Accelerometer; Bluetooth; Call; Connectivity; FitnessMonitor; Functionalities; Notification; Pedometer; Sensors; SleepTracker; VibrateAlert,0,
dataset_46/uvl/miband8.uvl,37,11,Accelerometer; Bluetooth; Call; Connectivity; FitnessMonitor; Functionalities; Notification; Pedometer; Sensors; SleepTracker; VibrateAlert,2,BLEv50; BLEv52
dataset_46/uvl/miband8_planned.uvl,37,11,Accelerometer; Bluetooth; Call; Connectivity; FitnessMonitor; Functionalities; Notification; Pedometer; Sensors; SleepTracker; VibrateAlert,0,
dataset_46/uvl/miband8_realized.uvl,37,11,Accelerometer; Bluetooth; Call; Connectivity; FitnessMonitor; Functionalities; Notification; Pedometer; Sensors; SleepTracker; VibrateAlert,2,BLEv50; BLEv52
dataset_48/uvl/REAL-FM-4.uvl,291,30,Administration; Basicinformation; Businessmanagement; Buypaths; Buypaths_4; Cartcontentpage; Catalog; Checkout; Checkouttype; Contentmanagement; DigitalDialing; Domainnamesetup; Fulfillment; Generallayoutmanagement; Inventorymanagementpolicy; Orderconfirmation; Ordermanagement; Paymentoptions; Paymenttypes; PhoneOrdering; Presentationoptions; ProductInformation; Productdatabasemanagement; Producttype; Searchengineregistration; Shoppingcart; Sitesearch; Storeadministration; Storefront; Taxationoptions,0,
dataset_48/uvl/busybox-1.18.0.uvl,854,19,BUSYBOX_EXEC_PATH; CROSS_COMPILER_PREFIX; DEFAULT_DEPMOD_FILE; DEFAULT_MODULES_DIR; DMALLOC_alt; EXTRA_CFLAGS; FEATURE_BASH_IS_HUSH_alt; FEATURE_BUFFERS_GO_IN_BSS_alt; FEATURE_COPYBUF_KB; FEATURE_SH_IS_HUSH_alt; IFUPDOWN_UDHCPC_CMD_OPTIONS; INSTALL_APPLET_DONT_alt; INSTALL_SH_APPLET_SCRIPT_WRAPPER_alt; MD5_SIZE_VS_SPEED; PASSWORD_MINLEN; PREFIX; UDHCPC_DEFAULT_SCRIPT; UDHCPC_SLACK_FOR_BUGGY_SERVERS; UDHCP_DEBUG,16,DEPMOD; FEATURE_2_4_MODULES; FEATURE_IFUPDOWN_IFCONFIG_BUILTIN; FEATURE_INSMOD_KSYMOOPS_SYMBOLS; FEATURE_INSMOD_LOADINKMEM; FEATURE_INSMOD_LOAD_MAP; FEATURE_INSMOD_LOAD_MAP_FULL; FEATURE_INSMOD_TRY_MMAP; FEATURE_INSMOD_VERSION_CHECKING; FEATURE_LSMOD_PRETTY_2_6_OUTPUT; FEATURE_MODPROBE_BLACKLIST; INSMOD; LSMOD; MODPROBE; PIE; RMMOD
dataset_49/uvl/REAL-FM-4.uvl,291,30,Administration; Basicinformation; Businessmanagement; Buypaths; Buypaths_4; Cartcontentpage; Catalog; Checkout; Checkouttype; Contentmanagement; DigitalDialing; Domainnamesetup; Fulfillment; Generallayoutmanagement; Inventorymanagementpolicy; Orderconfirmation; Ordermanagement; Paymentoptions; Paymenttypes; PhoneOrdering; Presentationoptions; ProductInformation; Productdatabasemanagement; Producttype; Searchengineregistration; Shoppingcart; Sitesearch; Storeadministration; Storefront; Taxationoptions,0,
dataset_49/uvl/REAL-FM-7.uvl,14,1,interface,0,
dataset_49/uvl/arcade-game.uvl,65,19,AnimationLoop; Board; ClassDiagram; ExitGame; GameMenu; GameSprite; GameSprite_3; Initialization; InstallGame; ListGame; Menu; PlayGame; PlayGame_1; Point; Rectangle; SaveGame; Size; UninstallGame; UseCases,0,
dataset_49/uvl/busybox-1.18.0.uvl,854,19,BUSYBOX_EXEC_PATH; CROSS_COMPILER_PREFIX; DEFAULT_DEPMOD_FILE; DEFAULT_MODULES_DIR; DMALLOC_alt; EXTRA_CFLAGS; FEATURE_BASH_IS_HUSH_alt; FEATURE_BUFFERS_GO_IN_BSS_alt; FEATURE_COPYBUF_KB; FEATURE_SH_IS_HUSH_alt; IFUPDOWN_UDHCPC_CMD_OPTIONS; INSTALL_APPLET_DONT_alt; INSTALL_SH_APPLET_SCRIPT_WRAPPER_alt; MD5_SIZE_VS_SPEED; PASSWORD_MINLEN; PREFIX; UDHCPC_DEFAULT_SCRIPT; UDHCPC_SLACK_FOR_BUGGY_SERVERS; UDHCP_DEBUG,16,DEPMOD; FEATURE_2_4_MODULES; FEATURE_IFUPDOWN_IFCONFIG_BUILTIN; FEATURE_INSMOD_KSYMOOPS_SYMBOLS; FEATURE_INSMOD_LOADINKMEM; FEATURE_INSMOD_LOAD_MAP; FEATURE_INSMOD_LOAD_MAP_FULL; FEATURE_INSMOD_TRY_MMAP; FEATURE_INSMOD_VERSION_CHECKING; FEATURE_LSMOD_PRETTY_2_6_OUTPUT; FEATURE_MODPROBE_BLACKLIST; INSMOD; LSMOD; MODPROBE; PIE; RMMOD
dataset_49/uvl/fqa.uvl,179,0,,0,
dataset_5/uvl/berkeleydb.uvl,76,0,,0,
dataset_50/uvl/SGPL.uvl,94,11,Access; Collaboration; Creation Mode; Decision-Making; E-Collaboration Common Services; E-Collaboration Model; E-Collaboration Process; Organizational Services; Process Specific; Smart Governance Services; Systems Integration,0,
dataset_51/uvl/SGPL_reduced.uvl,46,9,Access; Collaboration; Collaborative Process; Creation Mode; Decision-Making; E-Collaboration Common Services; E-Collaboration Model; Process Specific; Smart Governance Services,0,
dataset_52/uvl/CDI.uvl,43,13,Base temperature; Configuration constants; Crop; DailyTMax; DailyTMin; Dripper flow rate; GDD; Input variables; Linear distance between drippers; Output variables; Planting date; Soil type; Threshold temperature,0,
dataset_56/uvl/TankWar_gft.uvl,37,6,AI; GUI; Language; Map; Platform; Tanks,0,
dataset_57/uvl/Bausatz_2025_Ingredients.uvl,60,0,,0,
dataset_57/uvl/Bausatz_2025_Spirits.uvl,21,0,,0,
dataset_57/uvl/Bibra_2025_Bases.uvl,6,0,,0,
dataset_57/uvl/Bibra_2025_Dressings.uvl,15,0,,0,
dataset_57/uvl/Bibra_2025_FinalTouch.uvl,13,0,,0,
dataset_57/uvl/Bibra_2025_Ingredients.uvl,27,0,,0,
dataset_57/uvl/Bibra_2025_Marinades.uvl,7,0,,0,
dataset_57/uvl/Bibra_2025_Proteins.uvl,16,0,,0,
dataset_57/uvl/Fuengirola_Pizzas.uvl,32,1,Size,0,
dataset_57/uvl/JustSalad_2025_Additions.uvl,6,0,,0,
dataset_57/uvl/NamasteRincon_Pizza.uvl,38,4,Cheese; Oregano; Size; Topping,0,
dataset_57/uvl/Turkish_2025_Ingredients.uvl,27,0,,0,
dataset_58/uvl/IngredientsFM.uvl,30,0,,0,
dataset_6/uvl/financialservices01.uvl,771,21,F_5JAafSb6woj4G8yTQWC7N1m8FOMcJAi7; F_6aQMDA__Q9jfpw9F66NjizmG1QTJHolT; F_7VrD0_tiQKJ4zwqsbKWfIGhwltVa7Oqd; F_881MGC0zz07ShR_3Z6pm0Mc_3eQv6R3F; F_9gMej_CWNsrHG2vJ_ue92XuOWcUfk7RW; F_Iw9llUh7xVq3QBA82MA_LB9gURpscyPk; F_KJmyyNTslVaem5ksCY_KYa8DFmvOhkMl; F_LRTUclLrrtd7SXjyxU9e_2th5ajpTmDL; F_SlZNCAn46uPrI0WOcYGFUisBOqVKxfS4; F_YYbH9ZBDxO9HzJUMItSN0Mu6wi8wQ_gj; F_c8xFtecqz6GKeGmYsnWQzq39Qf62Zi7L; F_eKLlvdck8q46rkBCm7EBEPdhZe_a1aJq; F_gkEltCN_VBzJqxo9MlvUSx5R_5jKcIoq; F_jRHB1tPJFMtNzpiql7IiRLCOhFRFjU1v; F_oaaw_o22DF9f2hYhXM57dB7Rpez1Eetv; F_ptX3ptQ5whQZOadnkC9rjRRGJUnH12TV; F_sUZ6najyyPRkI5dW74lSLaoOs3rJWc7j; F_tPiesZBAggqJxtGelq53ZbC9WuQEwUjk; F_u3NLZKSnTX9Z_VjGpL11jvNyjgSw8Z_x; F_uljLsAk8OW7VikeMApOQrDQXi6zC40fp; F_wCb7z_QGeAgQbo6Tr8ojlMXMPuMXVtNx,12,F_82bLhQ4T7EN5Ay2uEeJXedMH5j_hgK4H; F_Lh1SuFFA3Akeax5vOAvyPeNZHByIs7uc; F_QnkcWxl8dvohd6LWDh0HHKVPfnbKjScr; F_YTMogeLEILCAdK2JMySkoHjtAFmZacft; F_ZRMXTBftmxCCyFkmiPHFFcbVaatP_e1g; F_b3euzUFLb1QefEKWFnTVuE9pmv_fw2qQ; F_eaRS5OIKlvo9yOh163INdKciUoBrSn2l; F_icFUVl1G_ck30F7AEWDQthlpOMI4YD_U; F_nLcwTic1pyHxUO1rPINwANm2wEvGGm5V; F_o1ZvuE5_ga_lQS6BEn0iIqvS_3V8GgEi; F_oZc7gCtN2qRlpT_o39GgAB8h6XsjXJqI; F_xZdJOwQUAC5x4mWyXWYcHtZ43KQxQzph
dataset_61/uvl/model-v1.uvl,19,5,Gun; Movement; Radar; SelectEnemy; Targeting,0,
dataset_61/uvl/model-v2.uvl,19,5,Gun; Movement; Radar; SelectEnemy; Targeting,0,
dataset_61/uvl/model-v3.uvl,26,5,Gun; Movement; Radar; SelectEnemy; Targeting,0,
dataset_61/uvl/model-v4.uvl,27,5,Gun; Movement; Radar; SelectEnemy; Targeting,0,
dataset_61/uvl/model-v5.uvl,37,5,Gun; Movement; Radar; SelectEnemy; Targeting,0,
dataset_61/uvl/model-v6.uvl,61,5,Gun; Movement; Radar; SelectEnemy; Targeting,0,
dataset_61/uvl/model-v8.uvl,65,5,Gun; Movement; Radar; SelectEnemy; Targeting,0,
dataset_7/uvl/2017-05-22.uvl,557,28,F_0QmLFzSg9vW996NvH8yZu37o6pX_AV_K; F_5s0uBvPqcofo9JWXOQymR3brdwMviRL7; F_6IHIGtPrclUUPpFrP_n5yyRXpPrH8a_z; F_6aQMDA__Q9jfpw9F66NjizmG1QTJHolT; F_9gMej_CWNsrHG2vJ_ue92XuOWcUfk7RW; F_CKQYjMSN2vGfTasaJbzLRsJDnh6QYEqz; F_Dx9i5d6frBK28KE0WK03eH2IXuhTNUOi; F_GScOSUr3hrbdn9_rOgKnhUAxDLUyqXG5; F_K8DbZtFgUSs9wIjTWKjuaMtJ5dexTjVx; F_KXLUem1AGIdaWDaeiEVYMJG5BXauUuXU; F_MhuvagQIynWiOlNTyfyrf9H7qvlLql54; F_N5Lt8wPgLitlbRmG_712_LEYLZnIY_w2; F_Tg757a0xEmB1_S4ckdX1UsTT6gliFbWQ; F_TtYCiLLfEAP6kzTybrJuRGoRrHVcxfOw; F_VPefx3Q0_4kIweFNvDrVnOMvzKcidNlU; F_YYbH9ZBDxO9HzJUMItSN0Mu6wi8wQ_gj; F_eEVa6Jht3RcqR35e5UPjOuHGPqJQvEhO; F_kK65Fgyt8nWkzKDPpW2_HsMR5mRz1Xxy; F_mHqCgvrJ4Z6zNfPSM2bPVfm1SQPEP0Fq; F_mThg3jNnnkpkkmDUIS7TTA_RM9ojlI84; F_nQVsZx8e9hn6lo8FgHYlZ7pc7drQKPqy; F_ptX3ptQ5whQZOadnkC9rjRRGJUnH12TV; F_u3NLZKSnTX9Z_VjGpL11jvNyjgSw8Z_x; F_u6oXgbdH77dhbi03w20OiXB65oGVoEE3; F_vBr_6gUFW1dGdCV0YxO4b3xilIXlAQy7; F_wCb7z_QGeAgQbo6Tr8ojlMXMPuMXVtNx; F_wLGQBdI_s79pqJg2MF1NpxTZQqQlMPOa; F_znJ9d57t7xD44z6km816HDBvL_cVq7mp,0,
dataset_7/uvl/2017-09-28.uvl,704,17,F_5s0uBvPqcofo9JWXOQymR3brdwMviRL7; F_6aQMDAQ9jfpw9F66NjizmG1QTJHolT; F_9gMejCWNsrHG2vJue92XuOWcUfk7RW; F_Dx9i5d6frBK28KE0WK03eH2IXuhTNUOi; F_GScOSUr3hrbdn9rOgKnhUAxDLUyqXG5; F_Iw9llUh7xVq3QBA82MALB9gURpscyPk; F_Izdnce8WHedEc8NAVrRqD4g6pHQUYdn; F_KJmyyNTslVaem5ksCYKYa8DFmvOhkMl; F_MhuvagQIynWiOlNTyfyrf9H7qvlLql54; F_SlZNCAn46uPrI0WOcYGFUisBOqVKxfS4; F_YYbH9ZBDxO9HzJUMItSN0Mu6wi8wQgj; F_gkEltCNVBzJqxo9MlvUSx5R5jKcIoq; F_mHqCgvrJ4Z6zNfPSM2bPVfm1SQPEP0Fq; F_oaawo22DF9f2hYhXM57dB7Rpez1Eetv; F_ptX3ptQ5whQZOadnkC9rjRRGJUnH12TV; F_u3NLZKSnTX9ZVjGpL11jvNyjgSw8Zx; F_wCb7zQGeAgQbo6Tr8ojlMXMPuMXVtNx,12,F_82bLhQ4T7EN5Ay2uEeJXedMH5jhgK4H; F_Lh1SuFFA3Akeax5vOAvyPeNZHByIs7uc; F_QnkcWxl8dvohd6LWDh0HHKVPfnbKjScr; F_YTMogeLEILCAdK2JMySkoHjtAFmZacft; F_ZRMXTBftmxCCyFkmiPHFFcbVaatPe1g; F_b3euzUFLb1QefEKWFnTVuE9pmvfw2qQ; F_eaRS5OIKlvo9yOh163INdKciUoBrSn2l; F_icFUVl1Gck30F7AEWDQthlpOMI4YDU; F_nLcwTic1pyHxUO1rPINwANm2wEvGGm5V; F_o1ZvuE5galQS6BEn0iIqvS3V8GgEi; F_oZc7gCtN2qRlpTo39GgAB8h6XsjXJqI; F_xZdJOwQUAC5x4mWyXWYcHtZ43KQxQzph
dataset_7/uvl/2017-10-20.uvl,712,18,F_5s0uBvPqcofo9JWXOQymR3brdwMviRL7; F_6aQMDAQ9jfpw9F66NjizmG1QTJHolT; F_9gMejCWNsrHG2vJue92XuOWcUfk7RW; F_Dx9i5d6frBK28KE0WK03eH2IXuhTNUOi; F_GScOSUr3hrbdn9rOgKnhUAxDLUyqXG5; F_Iw9llUh7xVq3QBA82MALB9gURpscyPk; F_Izdnce8WHedEc8NAVrRqD4g6pHQUYdn; F_KJmyyNTslVaem5ksCYKYa8DFmvOhkMl; F_MhuvagQIynWiOlNTyfyrf9H7qvlLql54; F_SlZNCAn46uPrI0WOcYGFUisBOqVKxfS4; F_YYbH9ZBDxO9HzJUMItSN0Mu6wi8wQgj; F_gkEltCNVBzJqxo9MlvUSx5R5jKcIoq; F_mHqCgvrJ4Z6zNfPSM2bPVfm1SQPEP0Fq; F_oaawo22DF9f2hYhXM57dB7Rpez1Eetv; F_ptX3ptQ5whQZOadnkC9rjRRGJUnH12TV; F_u3NLZKSnTX9ZVjGpL11jvNyjgSw8Zx; F_wCb7zQGeAgQbo6Tr8ojlMXMPuMXVtNx; F_yX7OiRNoxesgnCRlrVvtd5nJkpFobGwz,12,F_82bLhQ4T7EN5Ay2uEeJXedMH5jhgK4H; F_Lh1SuFFA3Akeax5vOAvyPeNZHByIs7uc; F_QnkcWxl8dvohd6LWDh0HHKVPfnbKjScr; F_YTMogeLEILCAdK2JMySkoHjtAFmZacft; F_ZRMXTBftmxCCyFkmiPHFFcbVaatPe1g; F_b3euzUFLb1QefEKWFnTVuE9pmvfw2qQ; F_eaRS5OIKlvo9yOh163INdKciUoBrSn2l; F_icFUVl1Gck30F7AEWDQthlpOMI4YDU; F_nLcwTic1pyHxUO1rPINwANm2wEvGGm5V; F_o1ZvuE5galQS6BEn0iIqvS3V8GgEi; F_oZc7gCtN2qRlpTo39GgAB8h6XsjXJqI; F_xZdJOwQUAC5x4mWyXWYcHtZ43KQxQzph
dataset_7/uvl/2017-11-20.uvl,711,18,F_5s0uBvPqcofo9JWXOQymR3brdwMviRL7; F_6aQMDAQ9jfpw9F66NjizmG1QTJHolT; F_9gMejCWNsrHG2vJue92XuOWcUfk7RW; F_Dx9i5d6frBK28KE0WK03eH2IXuhTNUOi; F_GScOSUr3hrbdn9rOgKnhUAxDLUyqXG5; F_Iw9llUh7xVq3QBA82MALB9gURpscyPk; F_Izdnce8WHedEc8NAVrRqD4g6pHQUYdn; F_KJmyyNTslVaem5ksCYKYa8DFmvOhkMl; F_MhuvagQIynWiOlNTyfyrf9H7qvlLql54; F_SlZNCAn46uPrI0WOcYGFUisBOqVKxfS4; F_YYbH9ZBDxO9HzJUMItSN0Mu6wi8wQgj; F_gkEltCNVBzJqxo9MlvUSx5R5jKcIoq; F_mHqCgvrJ4Z6zNfPSM2bPVfm1SQPEP0Fq; F_oaawo22DF9f2hYhXM57dB7Rpez1Eetv; F_ptX3ptQ5whQZOadnkC9rjRRGJUnH12TV; F_u3NLZKSnTX9ZVjGpL11jvNyjgSw8Zx; F_wCb7zQGeAgQbo6Tr8ojlMXMPuMXVtNx; F_yX7OiRNoxesgnCRlrVvtd5nJkpFobGwz,12,F_82bLhQ4T7EN5Ay2uEeJXedMH5jhgK4H; F_Lh1SuFFA3Akeax5vOAvyPeNZHByIs7uc; F_QnkcWxl8dvohd6LWDh0HHKVPfnbKjScr; F_YTMogeLEILCAdK2JMySkoHjtAFmZacft; F_ZRMXTBftmxCCyFkmiPHFFcbVaatPe1g; F_b3euzUFLb1QefEKWFnTVuE9pmvfw2qQ; F_eaRS5OIKlvo9yOh163INdKciUoBrSn2l; F_icFUVl1Gck30F7AEWDQthlpOMI4YDU; F_nLcwTic1pyHxUO1rPINwANm2wEvGGm5V; F_o1ZvuE5galQS6BEn0iIqvS3V8GgEi; F_oZc7gCtN2qRlpTo39GgAB8h6XsjXJqI; F_xZdJOwQUAC5x4mWyXWYcHtZ43KQxQzph
dataset_7/uvl/2017-12-22.uvl,716,18,F_5s0uBvPqcofo9JWXOQymR3brdwMviRL7; F_6aQMDAQ9jfpw9F66NjizmG1QTJHolT; F_9gMejCWNsrHG2vJue92XuOWcUfk7RW; F_Dx9i5d6frBK28KE0WK03eH2IXuhTNUOi; F_GScOSUr3hrbdn9rOgKnhUAxDLUyqXG5; F_Iw9llUh7xVq3QBA82MALB9gURpscyPk; F_Izdnce8WHedEc8NAVrRqD4g6pHQUYdn; F_KJmyyNTslVaem5ksCYKYa8DFmvOhkMl; F_MhuvagQIynWiOlNTyfyrf9H7qvlLql54; F_SlZNCAn46uPrI0WOcYGFUisBOqVKxfS4; F_YYbH9ZBDxO9HzJUMItSN0Mu6wi8wQgj; F_gkEltCNVBzJqxo9MlvUSx5R5jKcIoq; F_mHqCgvrJ4Z6zNfPSM2bPVfm1SQPEP0Fq; F_oaawo22DF9f2hYhXM57dB7Rpez1Eetv; F_ptX3ptQ5whQZOadnkC9rjRRGJUnH12TV; F_u3NLZKSnTX9ZVjGpL11jvNyjgSw8Zx; F_wCb7zQGeAgQbo6Tr8ojlMXMPuMXVtNx; F_yX7OiRNoxesgnCRlrVvtd5nJkpFobGwz,12,F_82bLhQ4T7EN5Ay2uEeJXedMH5jhgK4H; F_Lh1SuFFA3Akeax5vOAvyPeNZHByIs7uc; F_QnkcWxl8dvohd6LWDh0HHKVPfnbKjScr; F_YTMogeLEILCAdK2JMySkoHjtAFmZacft; F_ZRMXTBftmxCCyFkmiPHFFcbVaatPe1g; F_b3euzUFLb1QefEKWFnTVuE9pmvfw2qQ; F_eaRS5OIKlvo9yOh163INdKciUoBrSn2l; F_icFUVl1Gck30F7AEWDQthlpOMI4YDU; F_nLcwTic1pyHxUO1rPINwANm2wEvGGm5V; F_o1ZvuE5galQS6BEn0iIqvS3V8GgEi; F_oZc7gCtN2qRlpTo39GgAB8h6XsjXJqI; F_xZdJOwQUAC5x4mWyXWYcHtZ43KQxQzph
dataset_7/uvl/2018-01-23.uvl,712,17,F_6aQMDAQ9jfpw9F66NjizmG1QTJHolT; F_9gMejCWNsrHG2vJue92XuOWcUfk7RW; F_DFQlVobW7mchsJb6KP1oKECEtISjiDBX; F_Iw9llUh7xVq3QBA82MALB9gURpscyPk; F_Izdnce8WHedEc8NAVrRqD4g6pHQUYdn; F_KJmyyNTslVaem5ksCYKYa8DFmvOhkMl; F_LRTUclLrrtd7SXjyxU9e2th5ajpTmDL; F_SlZNCAn46uPrI0WOcYGFUisBOqVKxfS4; F_YYbH9ZBDxO9HzJUMItSN0Mu6wi8wQgj; F_gkEltCNVBzJqxo9MlvUSx5R5jKcIoq; F_oaawo22DF9f2hYhXM57dB7Rpez1Eetv; F_ptX3ptQ5whQZOadnkC9rjRRGJUnH12TV; F_tPiesZBAggqJxtGelq53ZbC9WuQEwUjk; F_u3NLZKSnTX9ZVjGpL11jvNyjgSw8Zx; F_uljLsAk8OW7VikeMApOQrDQXi6zC40fp; F_wCb7zQGeAgQbo6Tr8ojlMXMPuMXVtNx; F_yX7OiRNoxesgnCRlrVvtd5nJkpFobGwz,12,F_82bLhQ4T7EN5Ay2uEeJXedMH5jhgK4H; F_Lh1SuFFA3Akeax5vOAvyPeNZHByIs7uc; F_QnkcWxl8dvohd6LWDh0HHKVPfnbKjScr; F_YTMogeLEILCAdK2JMySkoHjtAFmZacft; F_ZRMXTBftmxCCyFkmiPHFFcbVaatPe1g; F_b3euzUFLb1QefEKWFnTVuE9pmvfw2qQ; F_eaRS5OIKlvo9yOh163INdKciUoBrSn2l; F_icFUVl1Gck30F7AEWDQthlpOMI4YDU; F_nLcwTic1pyHxUO1rPINwANm2wEvGGm5V; F_o1ZvuE5galQS6BEn0iIqvS3V8GgEi; F_oZc7gCtN2qRlpTo39GgAB8h6XsjXJqI; F_xZdJOwQUAC5x4mWyXWYcHtZ43KQxQzph
dataset_7/uvl/2018-02-20.uvl,759,17,F_6aQMDAQ9jfpw9F66NjizmG1QTJHolT; F_84hFZa6tFjYuPziBLSzFvmbJ1Y68Ki0u; F_9gMejCWNsrHG2vJue92XuOWcUfk7RW; F_Iw9llUh7xVq3QBA82MALB9gURpscyPk; F_KJmyyNTslVaem5ksCYKYa8DFmvOhkMl; F_LRTUclLrrtd7SXjyxU9e2th5ajpTmDL; F_QWENadMdTq9EPEYucFXiemaf4SpYreT; F_SlZNCAn46uPrI0WOcYGFUisBOqVKxfS4; F_YYbH9ZBDxO9HzJUMItSN0Mu6wi8wQgj; F_gkEltCNVBzJqxo9MlvUSx5R5jKcIoq; F_oaawo22DF9f2hYhXM57dB7Rpez1Eetv; F_ptX3ptQ5whQZOadnkC9rjRRGJUnH12TV; F_tPiesZBAggqJxtGelq53ZbC9WuQEwUjk; F_u3NLZKSnTX9ZVjGpL11jvNyjgSw8Zx; F_uljLsAk8OW7VikeMApOQrDQXi6zC40fp; F_wCb7zQGeAgQbo6Tr8ojlMXMPuMXVtNx; F_yX7OiRNoxesgnCRlrVvtd5nJkpFobGwz,12,F_82bLhQ4T7EN5Ay2uEeJXedMH5jhgK4H; F_Lh1SuFFA3Akeax5vOAvyPeNZHByIs7uc; F_QnkcWxl8dvohd6LWDh0HHKVPfnbKjScr; F_YTMogeLEILCAdK2JMySkoHjtAFmZacft; F_ZRMXTBftmxCCyFkmiPHFFcbVaatPe1g; F_b3euzUFLb1QefEKWFnTVuE9pmvfw2qQ; F_eaRS5OIKlvo9yOh163INdKciUoBrSn2l; F_icFUVl1Gck30F7AEWDQthlpOMI4YDU; F_nLcwTic1pyHxUO1rPINwANm2wEvGGm5V; F_o1ZvuE5galQS6BEn0iIqvS3V8GgEi; F_oZc7gCtN2qRlpTo39GgAB8h6XsjXJqI; F_xZdJOwQUAC5x4mWyXWYcHtZ43KQxQzph
dataset_7/uvl/2018-03-26.uvl,771,24,F_4daiK7KZ69jd6sOl4l8nnltdGubaqReN; F_5JAafSb6woj4G8yTQWC7N1m8FOMcJAi7; F_6aQMDAQ9jfpw9F66NjizmG1QTJHolT; F_7VrD0tiQKJ4zwqsbKWfIGhwltVa7Oqd; F_881MGC0zz07ShR3Z6pm0Mc3eQv6R3F; F_9gMejCWNsrHG2vJue92XuOWcUfk7RW; F_Iw9llUh7xVq3QBA82MALB9gURpscyPk; F_KJmyyNTslVaem5ksCYKYa8DFmvOhkMl; F_LRTUclLrrtd7SXjyxU9e2th5ajpTmDL; F_QWENadMdTq9EPEYucFXiemaf4SpYreT; F_SlZNCAn46uPrI0WOcYGFUisBOqVKxfS4; F_YYbH9ZBDxO9HzJUMItSN0Mu6wi8wQgj; F_c8xFtecqz6GKeGmYsnWQzq39Qf62Zi7L; F_eKLlvdck8q46rkBCm7EBEPdhZea1aJq; F_gkEltCNVBzJqxo9MlvUSx5R5jKcIoq; F_jRHB1tPJFMtNzpiql7IiRLCOhFRFjU1v; F_oaawo22DF9f2hYhXM57dB7Rpez1Eetv; F_ptX3ptQ5whQZOadnkC9rjRRGJUnH12TV; F_sUZ6najyyPRkI5dW74lSLaoOs3rJWc7j; F_tPiesZBAggqJxtGelq53ZbC9WuQEwUjk; F_u3NLZKSnTX9ZVjGpL11jvNyjgSw8Zx; F_uljLsAk8OW7VikeMApOQrDQXi6zC40fp; F_wCb7zQGeAgQbo6Tr8ojlMXMPuMXVtNx; F_yX7OiRNoxesgnCRlrVvtd5nJkpFobGwz,12,F_82bLhQ4T7EN5Ay2uEeJXedMH5jhgK4H; F_Lh1SuFFA3Akeax5vOAvyPeNZHByIs7uc; F_QnkcWxl8dvohd6LWDh0HHKVPfnbKjScr; F_YTMogeLEILCAdK2JMySkoHjtAFmZacft; F_ZRMXTBftmxCCyFkmiPHFFcbVaatPe1g; F_b3euzUFLb1QefEKWFnTVuE9pmvfw2qQ; F_eaRS5OIKlvo9yOh163INdKciUoBrSn2l; F_icFUVl1Gck30F7AEWDQthlpOMI4YDU; F_nLcwTic1pyHxUO1rPINwANm2wEvGGm5V; F_o1ZvuE5galQS6BEn0iIqvS3V8GgEi; F_oZc7gCtN2qRlpTo39GgAB8h6XsjXJqI; F_xZdJOwQUAC5x4mWyXWYcHtZ43KQxQzph
dataset_7/uvl/2018-04-23.uvl,774,22,F_5JAafSb6woj4G8yTQWC7N1m8FOMcJAi7; F_6aQMDAQ9jfpw9F66NjizmG1QTJHolT; F_7VrD0tiQKJ4zwqsbKWfIGhwltVa7Oqd; F_881MGC0zz07ShR3Z6pm0Mc3eQv6R3F; F_9gMejCWNsrHG2vJue92XuOWcUfk7RW; F_Iw9llUh7xVq3QBA82MALB9gURpscyPk; F_KJmyyNTslVaem5ksCYKYa8DFmvOhkMl; F_LRTUclLrrtd7SXjyxU9e2th5ajpTmDL; F_SlZNCAn46uPrI0WOcYGFUisBOqVKxfS4; F_YYbH9ZBDxO9HzJUMItSN0Mu6wi8wQgj; F_c8xFtecqz6GKeGmYsnWQzq39Qf62Zi7L; F_dkY4JxhDATOywQL7GwFD7U7flL0bUJby; F_eKLlvdck8q46rkBCm7EBEPdhZea1aJq; F_gkEltCNVBzJqxo9MlvUSx5R5jKcIoq; F_jRHB1tPJFMtNzpiql7IiRLCOhFRFjU1v; F_oaawo22DF9f2hYhXM57dB7Rpez1Eetv; F_ptX3ptQ5whQZOadnkC9rjRRGJUnH12TV; F_sUZ6najyyPRkI5dW74lSLaoOs3rJWc7j; F_tPiesZBAggqJxtGelq53ZbC9WuQEwUjk; F_u3NLZKSnTX9ZVjGpL11jvNyjgSw8Zx; F_uljLsAk8OW7VikeMApOQrDQXi6zC40fp; F_wCb7zQGeAgQbo6Tr8ojlMXMPuMXVtNx,12,F_82bLhQ4T7EN5Ay2uEeJXedMH5jhgK4H; F_Lh1SuFFA3Akeax5vOAvyPeNZHByIs7uc; F_QnkcWxl8dvohd6LWDh0HHKVPfnbKjScr; F_YTMogeLEILCAdK2JMySkoHjtAFmZacft; F_ZRMXTBftmxCCyFkmiPHFFcbVaatPe1g; F_b3euzUFLb1QefEKWFnTVuE9pmvfw2qQ; F_eaRS5OIKlvo9yOh163INdKciUoBrSn2l; F_icFUVl1Gck30F7AEWDQthlpOMI4YDU; F_nLcwTic1pyHxUO1rPINwANm2wEvGGm5V; F_o1ZvuE5galQS6BEn0iIqvS3V8GgEi; F_oZc7gCtN2qRlpTo39GgAB8h6XsjXJqI; F_xZdJOwQUAC5x4mWyXWYcHtZ43KQxQzph
dataset_7/uvl/2018-05-09.uvl,771,21,F_5JAafSb6woj4G8yTQWC7N1m8FOMcJAi7; F_6aQMDAQ9jfpw9F66NjizmG1QTJHolT; F_7VrD0tiQKJ4zwqsbKWfIGhwltVa7Oqd; F_881MGC0zz07ShR3Z6pm0Mc3eQv6R3F; F_9gMejCWNsrHG2vJue92XuOWcUfk7RW; F_Iw9llUh7xVq3QBA82MALB9gURpscyPk; F_KJmyyNTslVaem5ksCYKYa8DFmvOhkMl; F_LRTUclLrrtd7SXjyxU9e2th5ajpTmDL; F_SlZNCAn46uPrI0WOcYGFUisBOqVKxfS4; F_YYbH9ZBDxO9HzJUMItSN0Mu6wi8wQgj; F_c8xFtecqz6GKeGmYsnWQzq39Qf62Zi7L; F_eKLlvdck8q46rkBCm7EBEPdhZea1aJq; F_gkEltCNVBzJqxo9MlvUSx5R5jKcIoq; F_jRHB1tPJFMtNzpiql7IiRLCOhFRFjU1v; F_oaawo22DF9f2hYhXM57dB7Rpez1Eetv; F_ptX3ptQ5whQZOadnkC9rjRRGJUnH12TV; F_sUZ6najyyPRkI5dW74lSLaoOs3rJWc7j; F_tPiesZBAggqJxtGelq53ZbC9WuQEwUjk; F_u3NLZKSnTX9ZVjGpL11jvNyjgSw8Zx; F_uljLsAk8OW7VikeMApOQrDQXi6zC40fp; F_wCb7zQGeAgQbo6Tr8ojlMXMPuMXVtNx,12,F_82bLhQ4T7EN5Ay2uEeJXedMH5jhgK4H; F_Lh1SuFFA3Akeax5vOAvyPeNZHByIs7uc; F_QnkcWxl8dvohd6LWDh0HHKVPfnbKjScr; F_YTMogeLEILCAdK2JMySkoHjtAFmZacft; F_ZRMXTBftmxCCyFkmiPHFFcbVaatPe1g; F_b3euzUFLb1QefEKWFnTVuE9pmvfw2qQ; F_eaRS5OIKlvo9yOh163INdKciUoBrSn2l; F_icFUVl1Gck30F7AEWDQthlpOMI4YDU; F_nLcwTic1pyHxUO1rPINwANm2wEvGGm5V; F_o1ZvuE5galQS6BEn0iIqvS3V8GgEi; F_oZc7gCtN2qRlpTo39GgAB8h6XsjXJqI; F_xZdJOwQUAC5x4mWyXWYcHtZ43KQxQzph
dataset_70/uvl/strategies.uvl,57,3,Diagnosis; Doing; Doing_Cycle_Time,0,
dataset_72/uvl/An_Instrument_for_Measuring Variability_Thinking.uvl,16,2,Castle; Style,0,
dataset_73/uvl/Dashboard.uvl,17,7,Base Structure; Base system; Channel; Mark; Page; Type; Visualization,0,
dataset_74/uvl/sample_splent_app.uvl,8,2,auth; public,0,
dataset_75/uvl/sample_splent_app.uvl,8,2,auth; public,0,
dataset_78/uvl/FitApp.uvl,23,2,Autentication; Test,0,
dataset_78/uvl/FitnessApp.uvl,56,12,background_color; button_color; calculate_time; check_trainings; general_measures; home_screen; persistent_data; sensors_usage; splash_screen; start_training; training_type; view_training,0,
dataset_78/uvl/GpsPort.uvl,29,7,Autenticacion; EnRuta; ListadoVehiculos; Mapa; TipoMapa; Vehiculos; VehiculosTiempoReal,0,
dataset_78/uvl/MonumentosZaragoza.uvl,34,11,DetalleMonumento; Error; Espanol; Idioma; ListarMonumentos; Loading; ManejarEstados; Monumentos; Success; Tema; UI,0,
dataset_78/uvl/SdaWorld.uvl,16,1,usuario,0,
dataset_79/uvl/CasetViejaEscuela.uvl,20,12,AcercaDe; Apariencia; AppVariantMode; Comunidad; Donaciones; Idioma; PantallaCDs; PantallaCancion; PantallaConfiguracion; Reproduccion; ReproductorMusica; Sonidos,0,
dataset_79/uvl/FinTrack.uvl,37,14,AccountTypeSupport; Accounts; CoreFinance; Dashboard; DefaultCategories; DisplayCurrency; ExpenseTransactions; IncomeTransactions; LocalPersistence; PresentationConfiguration; Settings; ThemePreference; TransactionCategorization; Transactions,0,
dataset_80/uvl/propeller.uvl,32,15,AerodynamicProfile; Blades; Geometry; Hub; NumBlades; Pitch; Radius; RotationDirection; Shaft; ShaftDiameter; Symmetry; Thickness; TipShape; hub_length; hub_radius,0,
dataset_81/uvl/sample_splent_app.uvl,17,3,auth; public; session_type,0,
dataset_82/uvl/sample_splent_app.uvl,15,3,auth; public; session_type,0,
dataset_87/uvl/cms_spl.uvl,30,6,auth; public; session; settings; skin; theme,0,
dataset_88/uvl/marketplace_spl.uvl,14,5,auth; marketplace; session; settings; theme,0,
dataset_89/uvl/demo_spl.uvl,3,1,auth,0,
dataset_90/uvl/demo_spl.uvl,3,1,auth,0,
dataset_91/uvl/demo_spl.uvl,3,1,auth,0,
dataset_92/uvl/openwiki_spl.uvl,21,7,auth; courses; media; session; settings; skin; theme,0,
dataset_93/uvl/openwiki_spl.uvl,21,7,auth; courses; media; session; settings; skin; theme,0,
dataset_94/uvl/cms_spl.uvl,33,6,auth; public; session; settings; skin; theme,0,
dataset_95/uvl/cms_spl.uvl,33,6,auth; public; session; settings; skin; theme,0,
dataset_96/uvl/cms_spl.uvl,34,7,admin; auth; public; session; settings; skin; theme,0,
dataset_97/uvl/cms_spl.uvl,35,7,admin; auth; public; session; settings; skin; theme,0,
