sequence,timestamp_utc,input_file,output_file,file_size_bytes,model_status,event,step,step_elapsed_seconds,evaluation_elapsed_seconds,reduction_elapsed_seconds,step_timeout_seconds,original_features,original_constraints,simplified_features,simplified_constraints,feature_reduction_ratio,constraint_reduction_ratio,removed_core_features,removed_dead_features,removed_atomic_set_features,full_reduction,projection_variables_completed,projection_variables_total,message
1,2026-09-30T16:04:54.414893400Z,dataset_1/uvl/dm_mobile_phone.csv.uvl,OUTPUT_THOROUGH/dataset_1/uvl/dm_mobile_phone.csv.uvl,264,running,model_started,,,0.000000,,300.000000,,,,,,,,,,,,,
2,2026-09-30T16:04:54.420564Z,dataset_1/uvl/dm_mobile_phone.csv.uvl,OUTPUT_THOROUGH/dataset_1/uvl/dm_mobile_phone.csv.uvl,264,running,step_started,input_model_loading,,0.006724,,300.000000,,,,,,,,,,,,,
3,2026-09-30T16:04:54.599215800Z,dataset_1/uvl/dm_mobile_phone.csv.uvl,OUTPUT_THOROUGH/dataset_1/uvl/dm_mobile_phone.csv.uvl,264,running,step_completed,input_model_loading,0.177452,0.184926,,300.000000,11,1,,,,,,,,,,,
4,2026-09-30T16:04:54.599215800Z,dataset_1/uvl/dm_mobile_phone.csv.uvl,OUTPUT_THOROUGH/dataset_1/uvl/dm_mobile_phone.csv.uvl,264,running,step_started,boolean_feature_type_validation,,0.184926,,300.000000,11,1,,,,,,,,,,,
5,2026-09-30T16:04:54.602547300Z,dataset_1/uvl/dm_mobile_phone.csv.uvl,OUTPUT_THOROUGH/dataset_1/uvl/dm_mobile_phone.csv.uvl,264,running,step_completed,boolean_feature_type_validation,0.002475,0.188263,,300.000000,11,1,,,,,,,,,,,
6,2026-09-30T16:04:54.602547300Z,dataset_1/uvl/dm_mobile_phone.csv.uvl,OUTPUT_THOROUGH/dataset_1/uvl/dm_mobile_phone.csv.uvl,264,running,step_started,initial_satisfiability_check,,0.188263,,300.000000,11,1,,,,,,,,,,,
7,2026-09-30T16:04:54.737052700Z,dataset_1/uvl/dm_mobile_phone.csv.uvl,OUTPUT_THOROUGH/dataset_1/uvl/dm_mobile_phone.csv.uvl,264,running,step_completed,initial_satisfiability_check,0.134466,0.323878,,300.000000,11,1,,,,,,,,,,,
8,2026-09-30T16:04:54.738621100Z,dataset_1/uvl/dm_mobile_phone.csv.uvl,OUTPUT_THOROUGH/dataset_1/uvl/dm_mobile_phone.csv.uvl,264,running,step_started,core_feature_computation,,0.323878,,300.000000,11,1,,,,,,,,,,,
9,2026-09-30T16:04:54.758023700Z,dataset_1/uvl/dm_mobile_phone.csv.uvl,OUTPUT_THOROUGH/dataset_1/uvl/dm_mobile_phone.csv.uvl,264,running,step_completed,core_feature_computation,0.019087,0.343881,,300.000000,11,1,,,,,,,,,,,
10,2026-09-30T16:04:54.758023700Z,dataset_1/uvl/dm_mobile_phone.csv.uvl,OUTPUT_THOROUGH/dataset_1/uvl/dm_mobile_phone.csv.uvl,264,running,step_started,dead_feature_computation,,0.343881,,300.000000,11,1,,,,,,,,,,,
11,2026-09-30T16:04:54.767359100Z,dataset_1/uvl/dm_mobile_phone.csv.uvl,OUTPUT_THOROUGH/dataset_1/uvl/dm_mobile_phone.csv.uvl,264,running,step_completed,dead_feature_computation,0.008688,0.353436,,300.000000,11,1,,,,,,,,,,,
12,2026-09-30T16:04:54.767948200Z,dataset_1/uvl/dm_mobile_phone.csv.uvl,OUTPUT_THOROUGH/dataset_1/uvl/dm_mobile_phone.csv.uvl,264,running,step_started,atomic_set_computation,,0.353436,,300.000000,11,1,,,,,,,,,,,
13,2026-09-30T16:04:54.779804700Z,dataset_1/uvl/dm_mobile_phone.csv.uvl,OUTPUT_THOROUGH/dataset_1/uvl/dm_mobile_phone.csv.uvl,264,running,step_completed,atomic_set_computation,0.011167,0.365471,,300.000000,11,1,,,,,,,,,,,
14,2026-09-30T16:04:54.779804700Z,dataset_1/uvl/dm_mobile_phone.csv.uvl,OUTPUT_THOROUGH/dataset_1/uvl/dm_mobile_phone.csv.uvl,264,running,reduction_started,reduction,,0.365471,,300.000000,11,1,,,,,,,,,,,
15,2026-09-30T16:04:54.781930100Z,dataset_1/uvl/dm_mobile_phone.csv.uvl,OUTPUT_THOROUGH/dataset_1/uvl/dm_mobile_phone.csv.uvl,264,running,step_started,reduction_satisfiability_check,,0.368068,0.001826,300.000000,11,1,,,,,,,,,,,
16,2026-09-30T16:04:54.788387200Z,dataset_1/uvl/dm_mobile_phone.csv.uvl,OUTPUT_THOROUGH/dataset_1/uvl/dm_mobile_phone.csv.uvl,264,running,step_completed,reduction_satisfiability_check,0.005830,0.374295,0.008053,300.000000,11,1,,,,,,,,,,,
17,2026-09-30T16:04:54.788892600Z,dataset_1/uvl/dm_mobile_phone.csv.uvl,OUTPUT_THOROUGH/dataset_1/uvl/dm_mobile_phone.csv.uvl,264,running,step_started,reduction_original_cnf_construction,,0.374295,0.008053,300.000000,11,1,,,,,,,,,,,
18,2026-09-30T16:04:54.796590100Z,dataset_1/uvl/dm_mobile_phone.csv.uvl,OUTPUT_THOROUGH/dataset_1/uvl/dm_mobile_phone.csv.uvl,264,running,step_completed,reduction_original_cnf_construction,0.007171,0.382597,0.016355,300.000000,11,1,,,,,,,,,,,
19,2026-09-30T16:04:54.796590100Z,dataset_1/uvl/dm_mobile_phone.csv.uvl,OUTPUT_THOROUGH/dataset_1/uvl/dm_mobile_phone.csv.uvl,264,running,step_started,reduction_removal_plan_computation,,0.382597,0.016355,300.000000,11,1,,,,,,,,,,,
20,2026-09-30T16:04:54.817935100Z,dataset_1/uvl/dm_mobile_phone.csv.uvl,OUTPUT_THOROUGH/dataset_1/uvl/dm_mobile_phone.csv.uvl,264,running,step_completed,reduction_removal_plan_computation,0.020516,0.404033,0.037791,300.000000,11,1,,,,,,,,,,,
21,2026-09-30T16:04:54.817935100Z,dataset_1/uvl/dm_mobile_phone.csv.uvl,OUTPUT_THOROUGH/dataset_1/uvl/dm_mobile_phone.csv.uvl,264,running,step_started,reduction_variable_projection,,0.404033,0.037791,300.000000,11,1,,,,,,,,,,,
22,2026-09-30T16:04:54.827796100Z,dataset_1/uvl/dm_mobile_phone.csv.uvl,OUTPUT_THOROUGH/dataset_1/uvl/dm_mobile_phone.csv.uvl,264,running,step_completed,reduction_variable_projection,0.008631,0.413513,0.047271,300.000000,11,1,,,,,,,,,0,0,
23,2026-09-30T16:04:54.827796100Z,dataset_1/uvl/dm_mobile_phone.csv.uvl,OUTPUT_THOROUGH/dataset_1/uvl/dm_mobile_phone.csv.uvl,264,running,step_started,reduction_feature_tree_rebuild,,0.413513,0.047271,300.000000,11,1,,,,,,,,,0,0,
24,2026-09-30T16:04:54.838839700Z,dataset_1/uvl/dm_mobile_phone.csv.uvl,OUTPUT_THOROUGH/dataset_1/uvl/dm_mobile_phone.csv.uvl,264,running,step_completed,reduction_feature_tree_rebuild,0.010216,0.424617,0.058375,300.000000,11,1,,,,,,,,,0,0,
25,2026-09-30T16:04:54.838839700Z,dataset_1/uvl/dm_mobile_phone.csv.uvl,OUTPUT_THOROUGH/dataset_1/uvl/dm_mobile_phone.csv.uvl,264,running,step_started,reduction_structural_model_validation,,0.424617,0.058375,300.000000,11,1,,,,,,,,,0,0,
26,2026-09-30T16:04:54.844376600Z,dataset_1/uvl/dm_mobile_phone.csv.uvl,OUTPUT_THOROUGH/dataset_1/uvl/dm_mobile_phone.csv.uvl,264,running,step_completed,reduction_structural_model_validation,0.004816,0.430372,0.064130,300.000000,11,1,,,,,,,,,0,0,
27,2026-09-30T16:04:54.844955900Z,dataset_1/uvl/dm_mobile_phone.csv.uvl,OUTPUT_THOROUGH/dataset_1/uvl/dm_mobile_phone.csv.uvl,264,running,step_started,reduction_projected_constraint_addition,,0.430372,0.064130,300.000000,11,1,,,,,,,,,0,0,
28,2026-09-30T16:04:54.845963300Z,dataset_1/uvl/dm_mobile_phone.csv.uvl,OUTPUT_THOROUGH/dataset_1/uvl/dm_mobile_phone.csv.uvl,264,running,step_completed,reduction_projected_constraint_addition,0.000878,0.432129,0.065887,300.000000,11,1,,,,,,,,,0,0,
29,2026-09-30T16:04:54.845963300Z,dataset_1/uvl/dm_mobile_phone.csv.uvl,OUTPUT_THOROUGH/dataset_1/uvl/dm_mobile_phone.csv.uvl,264,running,step_started,reduction_reduced_model_validation,,0.432129,0.065887,300.000000,11,1,,,,,,,,,0,0,
30,2026-09-30T16:04:54.851590Z,dataset_1/uvl/dm_mobile_phone.csv.uvl,OUTPUT_THOROUGH/dataset_1/uvl/dm_mobile_phone.csv.uvl,264,running,step_completed,reduction_reduced_model_validation,0.004505,0.437552,0.071310,300.000000,11,1,,,,,,,,,0,0,
31,2026-09-30T16:04:54.852101300Z,dataset_1/uvl/dm_mobile_phone.csv.uvl,OUTPUT_THOROUGH/dataset_1/uvl/dm_mobile_phone.csv.uvl,264,running,reduction_completed,reduction,0.071310,0.437552,0.071310,300.000000,11,1,,,,,,,,,0,0,
32,2026-09-30T16:04:54.852101300Z,dataset_1/uvl/dm_mobile_phone.csv.uvl,OUTPUT_THOROUGH/dataset_1/uvl/dm_mobile_phone.csv.uvl,264,running,step_started,simplified_model_storage,,0.438415,0.071310,300.000000,11,1,,,,,,,,,0,0,
33,2026-09-30T16:04:54.863249700Z,dataset_1/uvl/dm_mobile_phone.csv.uvl,OUTPUT_THOROUGH/dataset_1/uvl/dm_mobile_phone.csv.uvl,264,running,step_completed,simplified_model_storage,0.010663,0.449422,0.071310,300.000000,11,1,,,,,,,,,0,0,
34,2026-09-30T16:04:54.863249700Z,dataset_1/uvl/dm_mobile_phone.csv.uvl,OUTPUT_THOROUGH/dataset_1/uvl/dm_mobile_phone.csv.uvl,264,running,step_started,reduced_model_reloading,,0.449422,0.071310,300.000000,11,1,,,,,,,,,0,0,
35,2026-09-30T16:04:54.870487200Z,dataset_1/uvl/dm_mobile_phone.csv.uvl,OUTPUT_THOROUGH/dataset_1/uvl/dm_mobile_phone.csv.uvl,264,running,step_completed,reduced_model_reloading,0.007026,0.457212,0.071310,300.000000,11,1,,,,,,,,,0,0,
36,2026-09-30T16:04:54.872062500Z,dataset_1/uvl/dm_mobile_phone.csv.uvl,OUTPUT_THOROUGH/dataset_1/uvl/dm_mobile_phone.csv.uvl,264,running,step_started,statistics_computation,,0.457212,0.071310,300.000000,11,1,,,,,,,,,0,0,
37,2026-09-30T16:04:54.873073600Z,dataset_1/uvl/dm_mobile_phone.csv.uvl,OUTPUT_THOROUGH/dataset_1/uvl/dm_mobile_phone.csv.uvl,264,running,step_completed,statistics_computation,0.000852,0.459000,0.071310,300.000000,11,1,,,,,,,,,0,0,
38,2026-09-30T16:04:54.873583900Z,dataset_1/uvl/dm_mobile_phone.csv.uvl,OUTPUT_THOROUGH/dataset_1/uvl/dm_mobile_phone.csv.uvl,264,completed,model_completed,,,0.459000,0.071310,300.000000,11,1,11,1,0.000000,0.000000,0,0,0,false,0,0,
39,2026-09-30T16:04:54.875192400Z,dataset_10/uvl/automotive01.uvl,OUTPUT_THOROUGH/dataset_10/uvl/automotive01.uvl,266233,running,model_started,,,0.000000,,300.000000,,,,,,,,,,,,,
40,2026-09-30T16:04:54.875750300Z,dataset_10/uvl/automotive01.uvl,OUTPUT_THOROUGH/dataset_10/uvl/automotive01.uvl,266233,running,step_started,input_model_loading,,0.000726,,300.000000,,,,,,,,,,,,,
41,2026-09-30T16:04:55.459173800Z,dataset_10/uvl/automotive01.uvl,OUTPUT_THOROUGH/dataset_10/uvl/automotive01.uvl,266233,running,step_completed,input_model_loading,0.582614,0.583792,,300.000000,2513,2833,,,,,,,,,,,
42,2026-09-30T16:04:55.459173800Z,dataset_10/uvl/automotive01.uvl,OUTPUT_THOROUGH/dataset_10/uvl/automotive01.uvl,266233,running,step_started,boolean_feature_type_validation,,0.583792,,300.000000,2513,2833,,,,,,,,,,,
43,2026-09-30T16:04:55.460865400Z,dataset_10/uvl/automotive01.uvl,OUTPUT_THOROUGH/dataset_10/uvl/automotive01.uvl,266233,running,step_completed,boolean_feature_type_validation,0.000990,0.586307,,300.000000,2513,2833,,,,,,,,,,,
44,2026-09-30T16:04:55.460865400Z,dataset_10/uvl/automotive01.uvl,OUTPUT_THOROUGH/dataset_10/uvl/automotive01.uvl,266233,running,step_started,initial_satisfiability_check,,0.586307,,300.000000,2513,2833,,,,,,,,,,,
45,2026-09-30T16:04:59.965219700Z,dataset_10/uvl/automotive01.uvl,OUTPUT_THOROUGH/dataset_10/uvl/automotive01.uvl,266233,running,step_completed,initial_satisfiability_check,4.503314,5.090557,,300.000000,2513,2833,,,,,,,,,,,
46,2026-09-30T16:04:59.966220500Z,dataset_10/uvl/automotive01.uvl,OUTPUT_THOROUGH/dataset_10/uvl/automotive01.uvl,266233,running,step_started,core_feature_computation,,5.090557,,300.000000,2513,2833,,,,,,,,,,,
47,2026-09-30T16:05:04.152495200Z,dataset_10/uvl/automotive01.uvl,OUTPUT_THOROUGH/dataset_10/uvl/automotive01.uvl,266233,running,step_completed,core_feature_computation,4.185501,9.277099,,300.000000,2513,2833,,,,,,,,,,,
48,2026-09-30T16:05:04.152495200Z,dataset_10/uvl/automotive01.uvl,OUTPUT_THOROUGH/dataset_10/uvl/automotive01.uvl,266233,running,step_started,dead_feature_computation,,9.277099,,300.000000,2513,2833,,,,,,,,,,,
49,2026-09-30T16:05:08.207361100Z,dataset_10/uvl/automotive01.uvl,OUTPUT_THOROUGH/dataset_10/uvl/automotive01.uvl,266233,running,step_completed,dead_feature_computation,4.054070,13.332239,,300.000000,2513,2833,,,,,,,,,,,
50,2026-09-30T16:05:08.207864200Z,dataset_10/uvl/automotive01.uvl,OUTPUT_THOROUGH/dataset_10/uvl/automotive01.uvl,266233,running,step_started,atomic_set_computation,,13.332239,,300.000000,2513,2833,,,,,,,,,,,
51,2026-09-30T16:05:12.436975900Z,dataset_10/uvl/automotive01.uvl,OUTPUT_THOROUGH/dataset_10/uvl/automotive01.uvl,266233,running,step_completed,atomic_set_computation,4.229952,17.563075,,300.000000,2513,2833,,,,,,,,,,,
52,2026-09-30T16:05:12.438541800Z,dataset_10/uvl/automotive01.uvl,OUTPUT_THOROUGH/dataset_10/uvl/automotive01.uvl,266233,running,reduction_started,reduction,,17.563075,,300.000000,2513,2833,,,,,,,,,,,
53,2026-09-30T16:05:12.438541800Z,dataset_10/uvl/automotive01.uvl,OUTPUT_THOROUGH/dataset_10/uvl/automotive01.uvl,266233,running,step_started,reduction_satisfiability_check,,17.564018,0.000010,300.000000,2513,2833,,,,,,,,,,,
54,2026-09-30T16:05:16.367956300Z,dataset_10/uvl/automotive01.uvl,OUTPUT_THOROUGH/dataset_10/uvl/automotive01.uvl,266233,running,step_completed,reduction_satisfiability_check,3.928964,21.493307,3.929299,300.000000,2513,2833,,,,,,,,,,,
55,2026-09-30T16:05:16.368962500Z,dataset_10/uvl/automotive01.uvl,OUTPUT_THOROUGH/dataset_10/uvl/automotive01.uvl,266233,running,step_started,reduction_original_cnf_construction,,21.493307,3.929299,300.000000,2513,2833,,,,,,,,,,,
56,2026-09-30T16:05:20.684194500Z,dataset_10/uvl/automotive01.uvl,OUTPUT_THOROUGH/dataset_10/uvl/automotive01.uvl,266233,running,step_completed,reduction_original_cnf_construction,4.315554,25.809742,8.245734,300.000000,2513,2833,,,,,,,,,,,
57,2026-09-30T16:05:20.685226100Z,dataset_10/uvl/automotive01.uvl,OUTPUT_THOROUGH/dataset_10/uvl/automotive01.uvl,266233,running,step_started,reduction_removal_plan_computation,,25.809742,8.245734,300.000000,2513,2833,,,,,,,,,,,
58,2026-09-30T16:05:33.933657900Z,dataset_10/uvl/automotive01.uvl,OUTPUT_THOROUGH/dataset_10/uvl/automotive01.uvl,266233,running,step_completed,reduction_removal_plan_computation,13.247883,39.058472,21.494464,300.000000,2513,2833,,,,,,,,,,,
59,2026-09-30T16:05:33.934164300Z,dataset_10/uvl/automotive01.uvl,OUTPUT_THOROUGH/dataset_10/uvl/automotive01.uvl,266233,running,step_started,reduction_variable_projection,,39.058472,21.494464,300.000000,2513,2833,,,,,,,,,,,
60,2026-09-30T16:05:49.528520700Z,dataset_10/uvl/automotive01.uvl,OUTPUT_THOROUGH/dataset_10/uvl/automotive01.uvl,266233,running,step_completed,reduction_variable_projection,15.594571,54.653908,37.089900,300.000000,2513,2833,,,,,,,,,800,800,
61,2026-09-30T16:05:49.529525300Z,dataset_10/uvl/automotive01.uvl,OUTPUT_THOROUGH/dataset_10/uvl/automotive01.uvl,266233,running,step_started,reduction_feature_tree_rebuild,,54.653908,37.089900,300.000000,2513,2833,,,,,,,,,800,800,
62,2026-09-30T16:05:55.935475400Z,dataset_10/uvl/automotive01.uvl,OUTPUT_THOROUGH/dataset_10/uvl/automotive01.uvl,266233,running,step_completed,reduction_feature_tree_rebuild,6.406328,61.061105,43.497097,300.000000,2513,2833,,,,,,,,,800,800,
63,2026-09-30T16:05:55.936979800Z,dataset_10/uvl/automotive01.uvl,OUTPUT_THOROUGH/dataset_10/uvl/automotive01.uvl,266233,running,step_started,reduction_structural_model_validation,,61.061105,43.497097,300.000000,2513,2833,,,,,,,,,800,800,
64,2026-09-30T16:05:57.670652300Z,dataset_10/uvl/automotive01.uvl,OUTPUT_THOROUGH/dataset_10/uvl/automotive01.uvl,266233,running,step_completed,reduction_structural_model_validation,1.733925,62.795985,45.231978,300.000000,2513,2833,,,,,,,,,800,800,
65,2026-09-30T16:05:57.671661700Z,dataset_10/uvl/automotive01.uvl,OUTPUT_THOROUGH/dataset_10/uvl/automotive01.uvl,266233,running,step_started,reduction_projected_constraint_addition,,62.795985,45.231978,300.000000,2513,2833,,,,,,,,,800,800,
66,2026-09-30T16:05:59.914857600Z,dataset_10/uvl/automotive01.uvl,OUTPUT_THOROUGH/dataset_10/uvl/automotive01.uvl,266233,running,step_completed,reduction_projected_constraint_addition,2.243381,65.040304,47.476296,300.000000,2513,2833,,,,,,,,,800,800,
67,2026-09-30T16:05:59.915855200Z,dataset_10/uvl/automotive01.uvl,OUTPUT_THOROUGH/dataset_10/uvl/automotive01.uvl,266233,running,step_started,reduction_reduced_model_validation,,65.040304,47.476296,300.000000,2513,2833,,,,,,,,,800,800,
68,2026-09-30T16:06:20.735251400Z,dataset_10/uvl/automotive01.uvl,OUTPUT_THOROUGH/dataset_10/uvl/automotive01.uvl,266233,running,step_completed,reduction_reduced_model_validation,20.819203,85.860391,68.296383,300.000000,2513,2833,,,,,,,,,800,800,
69,2026-09-30T16:06:20.736260100Z,dataset_10/uvl/automotive01.uvl,OUTPUT_THOROUGH/dataset_10/uvl/automotive01.uvl,266233,running,reduction_completed,reduction,68.296383,85.860391,68.296383,300.000000,2513,2833,,,,,,,,,800,800,
70,2026-09-30T16:06:20.736260100Z,dataset_10/uvl/automotive01.uvl,OUTPUT_THOROUGH/dataset_10/uvl/automotive01.uvl,266233,running,step_started,simplified_model_storage,,85.861244,68.296383,300.000000,2513,2833,,,,,,,,,800,800,
71,2026-09-30T16:06:20.868844400Z,dataset_10/uvl/automotive01.uvl,OUTPUT_THOROUGH/dataset_10/uvl/automotive01.uvl,266233,running,step_completed,simplified_model_storage,0.132457,85.994038,68.296383,300.000000,2513,2833,,,,,,,,,800,800,
72,2026-09-30T16:06:20.868844400Z,dataset_10/uvl/automotive01.uvl,OUTPUT_THOROUGH/dataset_10/uvl/automotive01.uvl,266233,running,step_started,reduced_model_reloading,,85.994038,68.296383,300.000000,2513,2833,,,,,,,,,800,800,
73,2026-09-30T16:06:22.766019600Z,dataset_10/uvl/automotive01.uvl,OUTPUT_THOROUGH/dataset_10/uvl/automotive01.uvl,266233,running,step_completed,reduced_model_reloading,1.896109,87.891039,68.296383,300.000000,2513,2833,,,,,,,,,800,800,
74,2026-09-30T16:06:22.766525100Z,dataset_10/uvl/automotive01.uvl,OUTPUT_THOROUGH/dataset_10/uvl/automotive01.uvl,266233,running,step_started,statistics_computation,,87.891039,68.296383,300.000000,2513,2833,,,,,,,,,800,800,
75,2026-09-30T16:06:22.769622600Z,dataset_10/uvl/automotive01.uvl,OUTPUT_THOROUGH/dataset_10/uvl/automotive01.uvl,266233,running,step_completed,statistics_computation,0.003222,87.895110,68.296383,300.000000,2513,2833,,,,,,,,,800,800,
76,2026-09-30T16:06:22.770632Z,dataset_10/uvl/automotive01.uvl,OUTPUT_THOROUGH/dataset_10/uvl/automotive01.uvl,266233,completed,model_completed,,,87.895110,68.296383,300.000000,2513,2833,1713,6465,0.318345,-1.282033,93,185,522,false,800,800,
77,2026-09-30T16:06:22.772151Z,dataset_11/uvl/XSEngine.uvl,OUTPUT_THOROUGH/dataset_11/uvl/XSEngine.uvl,128750,running,model_started,,,0.000000,,300.000000,,,,,,,,,,,,,
78,2026-09-30T16:06:22.772151Z,dataset_11/uvl/XSEngine.uvl,OUTPUT_THOROUGH/dataset_11/uvl/XSEngine.uvl,128750,running,step_started,input_model_loading,,0.000699,,300.000000,,,,,,,,,,,,,
79,2026-09-30T16:06:22.914987800Z,dataset_11/uvl/XSEngine.uvl,OUTPUT_THOROUGH/dataset_11/uvl/XSEngine.uvl,128750,running,step_completed,input_model_loading,0.142384,0.143569,,300.000000,1273,886,,,,,,,,,,,
80,2026-09-30T16:06:22.915962500Z,dataset_11/uvl/XSEngine.uvl,OUTPUT_THOROUGH/dataset_11/uvl/XSEngine.uvl,128750,running,step_started,boolean_feature_type_validation,,0.143569,,300.000000,1273,886,,,,,,,,,,,
81,2026-09-30T16:06:22.916467700Z,dataset_11/uvl/XSEngine.uvl,OUTPUT_THOROUGH/dataset_11/uvl/XSEngine.uvl,128750,running,step_completed,boolean_feature_type_validation,0.000466,0.144950,,300.000000,1273,886,,,,,,,,,,,
82,2026-09-30T16:06:22.917479Z,dataset_11/uvl/XSEngine.uvl,OUTPUT_THOROUGH/dataset_11/uvl/XSEngine.uvl,128750,running,step_started,initial_satisfiability_check,,0.144950,,300.000000,1273,886,,,,,,,,,,,
83,2026-09-30T16:06:23.652543200Z,dataset_11/uvl/XSEngine.uvl,OUTPUT_THOROUGH/dataset_11/uvl/XSEngine.uvl,128750,running,step_completed,initial_satisfiability_check,0.735354,0.881040,,300.000000,1273,886,,,,,,,,,,,
84,2026-09-30T16:06:23.652543200Z,dataset_11/uvl/XSEngine.uvl,OUTPUT_THOROUGH/dataset_11/uvl/XSEngine.uvl,128750,running,step_started,core_feature_computation,,0.881040,,300.000000,1273,886,,,,,,,,,,,
85,2026-09-30T16:06:24.360722400Z,dataset_11/uvl/XSEngine.uvl,OUTPUT_THOROUGH/dataset_11/uvl/XSEngine.uvl,128750,running,step_completed,core_feature_computation,0.707082,1.589224,,300.000000,1273,886,,,,,,,,,,,
86,2026-09-30T16:06:24.361732100Z,dataset_11/uvl/XSEngine.uvl,OUTPUT_THOROUGH/dataset_11/uvl/XSEngine.uvl,128750,running,step_started,dead_feature_computation,,1.589224,,300.000000,1273,886,,,,,,,,,,,
87,2026-09-30T16:06:25.115967800Z,dataset_11/uvl/XSEngine.uvl,OUTPUT_THOROUGH/dataset_11/uvl/XSEngine.uvl,128750,running,step_completed,dead_feature_computation,0.753771,2.343818,,300.000000,1273,886,,,,,,,,,,,
88,2026-09-30T16:06:25.116472200Z,dataset_11/uvl/XSEngine.uvl,OUTPUT_THOROUGH/dataset_11/uvl/XSEngine.uvl,128750,running,step_started,atomic_set_computation,,2.343818,,300.000000,1273,886,,,,,,,,,,,
89,2026-09-30T16:06:26.801494300Z,dataset_11/uvl/XSEngine.uvl,OUTPUT_THOROUGH/dataset_11/uvl/XSEngine.uvl,128750,running,step_completed,atomic_set_computation,1.685534,4.030125,,300.000000,1273,886,,,,,,,,,,,
90,2026-09-30T16:06:26.802531300Z,dataset_11/uvl/XSEngine.uvl,OUTPUT_THOROUGH/dataset_11/uvl/XSEngine.uvl,128750,running,reduction_started,reduction,,4.030125,,300.000000,1273,886,,,,,,,,,,,
91,2026-09-30T16:06:26.802531300Z,dataset_11/uvl/XSEngine.uvl,OUTPUT_THOROUGH/dataset_11/uvl/XSEngine.uvl,128750,running,step_started,reduction_satisfiability_check,,4.031383,0.000016,300.000000,1273,886,,,,,,,,,,,
92,2026-09-30T16:06:27.494916Z,dataset_11/uvl/XSEngine.uvl,OUTPUT_THOROUGH/dataset_11/uvl/XSEngine.uvl,128750,running,step_completed,reduction_satisfiability_check,0.691228,4.723160,0.691792,300.000000,1273,886,,,,,,,,,,,
93,2026-09-30T16:06:27.494916Z,dataset_11/uvl/XSEngine.uvl,OUTPUT_THOROUGH/dataset_11/uvl/XSEngine.uvl,128750,running,step_started,reduction_original_cnf_construction,,4.723160,0.691792,300.000000,1273,886,,,,,,,,,,,
94,2026-09-30T16:06:28.210985900Z,dataset_11/uvl/XSEngine.uvl,OUTPUT_THOROUGH/dataset_11/uvl/XSEngine.uvl,128750,running,step_completed,reduction_original_cnf_construction,0.714847,5.438788,1.407420,300.000000,1273,886,,,,,,,,,,,
95,2026-09-30T16:06:28.210985900Z,dataset_11/uvl/XSEngine.uvl,OUTPUT_THOROUGH/dataset_11/uvl/XSEngine.uvl,128750,running,step_started,reduction_removal_plan_computation,,5.438788,1.407420,300.000000,1273,886,,,,,,,,,,,
96,2026-09-30T16:06:30.552078800Z,dataset_11/uvl/XSEngine.uvl,OUTPUT_THOROUGH/dataset_11/uvl/XSEngine.uvl,128750,running,step_completed,reduction_removal_plan_computation,2.340649,7.780206,3.748838,300.000000,1273,886,,,,,,,,,,,
97,2026-09-30T16:06:30.552078800Z,dataset_11/uvl/XSEngine.uvl,OUTPUT_THOROUGH/dataset_11/uvl/XSEngine.uvl,128750,running,step_started,reduction_variable_projection,,7.780206,3.748838,300.000000,1273,886,,,,,,,,,,,
98,2026-09-30T16:06:31.165014300Z,dataset_11/uvl/XSEngine.uvl,OUTPUT_THOROUGH/dataset_11/uvl/XSEngine.uvl,128750,running,step_completed,reduction_variable_projection,0.612134,8.393138,4.361770,300.000000,1273,886,,,,,,,,,605,605,
99,2026-09-30T16:06:31.165014300Z,dataset_11/uvl/XSEngine.uvl,OUTPUT_THOROUGH/dataset_11/uvl/XSEngine.uvl,128750,running,step_started,reduction_feature_tree_rebuild,,8.393138,4.361770,300.000000,1273,886,,,,,,,,,605,605,
100,2026-09-30T16:06:34.356208500Z,dataset_11/uvl/XSEngine.uvl,OUTPUT_THOROUGH/dataset_11/uvl/XSEngine.uvl,128750,running,step_completed,reduction_feature_tree_rebuild,3.190102,11.584067,7.552699,300.000000,1273,886,,,,,,,,,605,605,
101,2026-09-30T16:06:34.356208500Z,dataset_11/uvl/XSEngine.uvl,OUTPUT_THOROUGH/dataset_11/uvl/XSEngine.uvl,128750,running,step_started,reduction_structural_model_validation,,11.584067,7.552699,300.000000,1273,886,,,,,,,,,605,605,
102,2026-09-30T16:06:34.453309200Z,dataset_11/uvl/XSEngine.uvl,OUTPUT_THOROUGH/dataset_11/uvl/XSEngine.uvl,128750,running,step_completed,reduction_structural_model_validation,0.097040,11.681964,7.650596,300.000000,1273,886,,,,,,,,,605,605,
103,2026-09-30T16:06:34.454283200Z,dataset_11/uvl/XSEngine.uvl,OUTPUT_THOROUGH/dataset_11/uvl/XSEngine.uvl,128750,running,step_started,reduction_projected_constraint_addition,,11.681964,7.650596,300.000000,1273,886,,,,,,,,,605,605,
104,2026-09-30T16:06:34.631069700Z,dataset_11/uvl/XSEngine.uvl,OUTPUT_THOROUGH/dataset_11/uvl/XSEngine.uvl,128750,running,step_completed,reduction_projected_constraint_addition,0.176325,11.859103,7.827736,300.000000,1273,886,,,,,,,,,605,605,
105,2026-09-30T16:06:34.631631500Z,dataset_11/uvl/XSEngine.uvl,OUTPUT_THOROUGH/dataset_11/uvl/XSEngine.uvl,128750,running,step_started,reduction_reduced_model_validation,,11.859103,7.827736,300.000000,1273,886,,,,,,,,,605,605,
106,2026-09-30T16:06:35.197761300Z,dataset_11/uvl/XSEngine.uvl,OUTPUT_THOROUGH/dataset_11/uvl/XSEngine.uvl,128750,running,step_completed,reduction_reduced_model_validation,0.565359,12.425683,8.394316,300.000000,1273,886,,,,,,,,,605,605,
107,2026-09-30T16:06:35.197761300Z,dataset_11/uvl/XSEngine.uvl,OUTPUT_THOROUGH/dataset_11/uvl/XSEngine.uvl,128750,running,reduction_completed,reduction,8.394316,12.425683,8.394316,300.000000,1273,886,,,,,,,,,605,605,
108,2026-09-30T16:06:35.197761300Z,dataset_11/uvl/XSEngine.uvl,OUTPUT_THOROUGH/dataset_11/uvl/XSEngine.uvl,128750,running,step_started,simplified_model_storage,,12.426482,8.394316,300.000000,1273,886,,,,,,,,,605,605,
109,2026-09-30T16:06:35.210803200Z,dataset_11/uvl/XSEngine.uvl,OUTPUT_THOROUGH/dataset_11/uvl/XSEngine.uvl,128750,running,step_completed,simplified_model_storage,0.011838,12.438601,8.394316,300.000000,1273,886,,,,,,,,,605,605,
110,2026-09-30T16:06:35.210803200Z,dataset_11/uvl/XSEngine.uvl,OUTPUT_THOROUGH/dataset_11/uvl/XSEngine.uvl,128750,running,step_started,reduced_model_reloading,,12.438601,8.394316,300.000000,1273,886,,,,,,,,,605,605,
111,2026-09-30T16:06:35.331557700Z,dataset_11/uvl/XSEngine.uvl,OUTPUT_THOROUGH/dataset_11/uvl/XSEngine.uvl,128750,running,step_completed,reduced_model_reloading,0.120275,12.559616,8.394316,300.000000,1273,886,,,,,,,,,605,605,
112,2026-09-30T16:06:35.332061400Z,dataset_11/uvl/XSEngine.uvl,OUTPUT_THOROUGH/dataset_11/uvl/XSEngine.uvl,128750,running,step_started,statistics_computation,,12.559616,8.394316,300.000000,1273,886,,,,,,,,,605,605,
113,2026-09-30T16:06:35.332657700Z,dataset_11/uvl/XSEngine.uvl,OUTPUT_THOROUGH/dataset_11/uvl/XSEngine.uvl,128750,running,step_completed,statistics_computation,0.001449,12.561823,8.394316,300.000000,1273,886,,,,,,,,,605,605,
114,2026-09-30T16:06:35.334198700Z,dataset_11/uvl/XSEngine.uvl,OUTPUT_THOROUGH/dataset_11/uvl/XSEngine.uvl,128750,completed,model_completed,,,12.561823,8.394316,300.000000,1273,886,668,1249,0.475255,-0.409707,42,46,517,false,605,605,
115,2026-09-30T16:06:35.335235400Z,dataset_11/uvl/aaed2000.uvl,OUTPUT_THOROUGH/dataset_11/uvl/aaed2000.uvl,133025,running,model_started,,,0.000000,,300.000000,,,,,,,,,,,,,
116,2026-09-30T16:06:35.335235400Z,dataset_11/uvl/aaed2000.uvl,OUTPUT_THOROUGH/dataset_11/uvl/aaed2000.uvl,133025,running,step_started,input_model_loading,,0.000529,,300.000000,,,,,,,,,,,,,
117,2026-09-30T16:06:35.463268800Z,dataset_11/uvl/aaed2000.uvl,OUTPUT_THOROUGH/dataset_11/uvl/aaed2000.uvl,133025,running,step_completed,input_model_loading,0.127884,0.128728,,300.000000,1298,904,,,,,,,,,,,
118,2026-09-30T16:06:35.464274500Z,dataset_11/uvl/aaed2000.uvl,OUTPUT_THOROUGH/dataset_11/uvl/aaed2000.uvl,133025,running,step_started,boolean_feature_type_validation,,0.128728,,300.000000,1298,904,,,,,,,,,,,
119,2026-09-30T16:06:35.464274500Z,dataset_11/uvl/aaed2000.uvl,OUTPUT_THOROUGH/dataset_11/uvl/aaed2000.uvl,133025,running,step_completed,boolean_feature_type_validation,0.000380,0.129934,,300.000000,1298,904,,,,,,,,,,,
120,2026-09-30T16:06:35.464274500Z,dataset_11/uvl/aaed2000.uvl,OUTPUT_THOROUGH/dataset_11/uvl/aaed2000.uvl,133025,running,step_started,initial_satisfiability_check,,0.129934,,300.000000,1298,904,,,,,,,,,,,
121,2026-09-30T16:06:36.197961800Z,dataset_11/uvl/aaed2000.uvl,OUTPUT_THOROUGH/dataset_11/uvl/aaed2000.uvl,133025,running,step_completed,initial_satisfiability_check,0.732737,0.863269,,300.000000,1298,904,,,,,,,,,,,
122,2026-09-30T16:06:36.198971700Z,dataset_11/uvl/aaed2000.uvl,OUTPUT_THOROUGH/dataset_11/uvl/aaed2000.uvl,133025,running,step_started,core_feature_computation,,0.863269,,300.000000,1298,904,,,,,,,,,,,
123,2026-09-30T16:06:36.922366700Z,dataset_11/uvl/aaed2000.uvl,OUTPUT_THOROUGH/dataset_11/uvl/aaed2000.uvl,133025,running,step_completed,core_feature_computation,0.723064,1.587125,,300.000000,1298,904,,,,,,,,,,,
124,2026-09-30T16:06:36.922874700Z,dataset_11/uvl/aaed2000.uvl,OUTPUT_THOROUGH/dataset_11/uvl/aaed2000.uvl,133025,running,step_started,dead_feature_computation,,1.587125,,300.000000,1298,904,,,,,,,,,,,
125,2026-09-30T16:06:37.651640500Z,dataset_11/uvl/aaed2000.uvl,OUTPUT_THOROUGH/dataset_11/uvl/aaed2000.uvl,133025,running,step_completed,dead_feature_computation,0.728294,2.316345,,300.000000,1298,904,,,,,,,,,,,
126,2026-09-30T16:06:37.651640500Z,dataset_11/uvl/aaed2000.uvl,OUTPUT_THOROUGH/dataset_11/uvl/aaed2000.uvl,133025,running,step_started,atomic_set_computation,,2.316345,,300.000000,1298,904,,,,,,,,,,,
127,2026-09-30T16:06:38.438500700Z,dataset_11/uvl/aaed2000.uvl,OUTPUT_THOROUGH/dataset_11/uvl/aaed2000.uvl,133025,running,step_completed,atomic_set_computation,0.786829,3.104068,,300.000000,1298,904,,,,,,,,,,,
128,2026-09-30T16:06:38.438500700Z,dataset_11/uvl/aaed2000.uvl,OUTPUT_THOROUGH/dataset_11/uvl/aaed2000.uvl,133025,running,reduction_started,reduction,,3.104068,,300.000000,1298,904,,,,,,,,,,,
129,2026-09-30T16:06:38.440112300Z,dataset_11/uvl/aaed2000.uvl,OUTPUT_THOROUGH/dataset_11/uvl/aaed2000.uvl,133025,running,step_started,reduction_satisfiability_check,,3.105220,0.000011,300.000000,1298,904,,,,,,,,,,,
130,2026-09-30T16:06:39.166104300Z,dataset_11/uvl/aaed2000.uvl,OUTPUT_THOROUGH/dataset_11/uvl/aaed2000.uvl,133025,running,step_completed,reduction_satisfiability_check,0.725630,3.831197,0.725988,300.000000,1298,904,,,,,,,,,,,
131,2026-09-30T16:06:39.166612100Z,dataset_11/uvl/aaed2000.uvl,OUTPUT_THOROUGH/dataset_11/uvl/aaed2000.uvl,133025,running,step_started,reduction_original_cnf_construction,,3.831197,0.725988,300.000000,1298,904,,,,,,,,,,,
132,2026-09-30T16:06:39.917972400Z,dataset_11/uvl/aaed2000.uvl,OUTPUT_THOROUGH/dataset_11/uvl/aaed2000.uvl,133025,running,step_completed,reduction_original_cnf_construction,0.752011,4.583974,1.478765,300.000000,1298,904,,,,,,,,,,,
133,2026-09-30T16:06:39.919489600Z,dataset_11/uvl/aaed2000.uvl,OUTPUT_THOROUGH/dataset_11/uvl/aaed2000.uvl,133025,running,step_started,reduction_removal_plan_computation,,4.583974,1.478765,300.000000,1298,904,,,,,,,,,,,
134,2026-09-30T16:06:43.124323700Z,dataset_11/uvl/aaed2000.uvl,OUTPUT_THOROUGH/dataset_11/uvl/aaed2000.uvl,133025,running,step_completed,reduction_removal_plan_computation,3.204560,7.789466,4.684257,300.000000,1298,904,,,,,,,,,,,
135,2026-09-30T16:06:43.124957500Z,dataset_11/uvl/aaed2000.uvl,OUTPUT_THOROUGH/dataset_11/uvl/aaed2000.uvl,133025,running,step_started,reduction_variable_projection,,7.789466,4.684257,300.000000,1298,904,,,,,,,,,,,
136,2026-09-30T16:06:43.836931700Z,dataset_11/uvl/aaed2000.uvl,OUTPUT_THOROUGH/dataset_11/uvl/aaed2000.uvl,133025,running,step_completed,reduction_variable_projection,0.711755,8.502089,5.396880,300.000000,1298,904,,,,,,,,,618,618,
137,2026-09-30T16:06:43.836931700Z,dataset_11/uvl/aaed2000.uvl,OUTPUT_THOROUGH/dataset_11/uvl/aaed2000.uvl,133025,running,step_started,reduction_feature_tree_rebuild,,8.502089,5.396880,300.000000,1298,904,,,,,,,,,618,618,
138,2026-09-30T16:06:47.094539700Z,dataset_11/uvl/aaed2000.uvl,OUTPUT_THOROUGH/dataset_11/uvl/aaed2000.uvl,133025,running,step_completed,reduction_feature_tree_rebuild,3.256336,11.759204,8.653994,300.000000,1298,904,,,,,,,,,618,618,
139,2026-09-30T16:06:47.094539700Z,dataset_11/uvl/aaed2000.uvl,OUTPUT_THOROUGH/dataset_11/uvl/aaed2000.uvl,133025,running,step_started,reduction_structural_model_validation,,11.759204,8.653994,300.000000,1298,904,,,,,,,,,618,618,
140,2026-09-30T16:06:47.200779Z,dataset_11/uvl/aaed2000.uvl,OUTPUT_THOROUGH/dataset_11/uvl/aaed2000.uvl,133025,running,step_completed,reduction_structural_model_validation,0.105494,11.865669,8.760460,300.000000,1298,904,,,,,,,,,618,618,
141,2026-09-30T16:06:47.201289300Z,dataset_11/uvl/aaed2000.uvl,OUTPUT_THOROUGH/dataset_11/uvl/aaed2000.uvl,133025,running,step_started,reduction_projected_constraint_addition,,11.865669,8.760460,300.000000,1298,904,,,,,,,,,618,618,
142,2026-09-30T16:06:47.418977Z,dataset_11/uvl/aaed2000.uvl,OUTPUT_THOROUGH/dataset_11/uvl/aaed2000.uvl,133025,running,step_completed,reduction_projected_constraint_addition,0.218253,12.084782,8.979572,300.000000,1298,904,,,,,,,,,618,618,
143,2026-09-30T16:06:47.418977Z,dataset_11/uvl/aaed2000.uvl,OUTPUT_THOROUGH/dataset_11/uvl/aaed2000.uvl,133025,running,step_started,reduction_reduced_model_validation,,12.084782,8.979572,300.000000,1298,904,,,,,,,,,618,618,
144,2026-09-30T16:06:48.141127200Z,dataset_11/uvl/aaed2000.uvl,OUTPUT_THOROUGH/dataset_11/uvl/aaed2000.uvl,133025,running,step_completed,reduction_reduced_model_validation,0.720543,12.806028,9.700818,300.000000,1298,904,,,,,,,,,618,618,
145,2026-09-30T16:06:48.141127200Z,dataset_11/uvl/aaed2000.uvl,OUTPUT_THOROUGH/dataset_11/uvl/aaed2000.uvl,133025,running,reduction_completed,reduction,9.700818,12.806028,9.700818,300.000000,1298,904,,,,,,,,,618,618,
146,2026-09-30T16:06:48.142101800Z,dataset_11/uvl/aaed2000.uvl,OUTPUT_THOROUGH/dataset_11/uvl/aaed2000.uvl,133025,running,step_started,simplified_model_storage,,12.806807,9.700818,300.000000,1298,904,,,,,,,,,618,618,
147,2026-09-30T16:06:48.152463500Z,dataset_11/uvl/aaed2000.uvl,OUTPUT_THOROUGH/dataset_11/uvl/aaed2000.uvl,133025,running,step_completed,simplified_model_storage,0.011359,12.818430,9.700818,300.000000,1298,904,,,,,,,,,618,618,
148,2026-09-30T16:06:48.153971200Z,dataset_11/uvl/aaed2000.uvl,OUTPUT_THOROUGH/dataset_11/uvl/aaed2000.uvl,133025,running,step_started,reduced_model_reloading,,12.818430,9.700818,300.000000,1298,904,,,,,,,,,618,618,
149,2026-09-30T16:06:48.302701300Z,dataset_11/uvl/aaed2000.uvl,OUTPUT_THOROUGH/dataset_11/uvl/aaed2000.uvl,133025,running,step_completed,reduced_model_reloading,0.148564,12.967696,9.700818,300.000000,1298,904,,,,,,,,,618,618,
150,2026-09-30T16:06:48.303323200Z,dataset_11/uvl/aaed2000.uvl,OUTPUT_THOROUGH/dataset_11/uvl/aaed2000.uvl,133025,running,step_started,statistics_computation,,12.967696,9.700818,300.000000,1298,904,,,,,,,,,618,618,
151,2026-09-30T16:06:48.304894500Z,dataset_11/uvl/aaed2000.uvl,OUTPUT_THOROUGH/dataset_11/uvl/aaed2000.uvl,133025,running,step_completed,statistics_computation,0.001300,12.969731,9.700818,300.000000,1298,904,,,,,,,,,618,618,
152,2026-09-30T16:06:48.304894500Z,dataset_11/uvl/aaed2000.uvl,OUTPUT_THOROUGH/dataset_11/uvl/aaed2000.uvl,133025,completed,model_completed,,,12.969731,9.700818,300.000000,1298,904,680,1591,0.476117,-0.759956,42,54,522,false,618,618,
153,2026-09-30T16:06:48.305902400Z,dataset_11/uvl/adder.uvl,OUTPUT_THOROUGH/dataset_11/uvl/adder.uvl,132188,running,model_started,,,0.000000,,300.000000,,,,,,,,,,,,,
154,2026-09-30T16:06:48.306900400Z,dataset_11/uvl/adder.uvl,OUTPUT_THOROUGH/dataset_11/uvl/adder.uvl,132188,running,step_started,input_model_loading,,0.000566,,300.000000,,,,,,,,,,,,,
155,2026-09-30T16:06:48.431218200Z,dataset_11/uvl/adder.uvl,OUTPUT_THOROUGH/dataset_11/uvl/adder.uvl,132188,running,step_completed,input_model_loading,0.123989,0.124869,,300.000000,1285,890,,,,,,,,,,,
156,2026-09-30T16:06:48.431729500Z,dataset_11/uvl/adder.uvl,OUTPUT_THOROUGH/dataset_11/uvl/adder.uvl,132188,running,step_started,boolean_feature_type_validation,,0.124869,,300.000000,1285,890,,,,,,,,,,,
157,2026-09-30T16:06:48.432317500Z,dataset_11/uvl/adder.uvl,OUTPUT_THOROUGH/dataset_11/uvl/adder.uvl,132188,running,step_completed,boolean_feature_type_validation,0.000578,0.126536,,300.000000,1285,890,,,,,,,,,,,
158,2026-09-30T16:06:48.433327900Z,dataset_11/uvl/adder.uvl,OUTPUT_THOROUGH/dataset_11/uvl/adder.uvl,132188,running,step_started,initial_satisfiability_check,,0.126536,,300.000000,1285,890,,,,,,,,,,,
159,2026-09-30T16:06:49.133229700Z,dataset_11/uvl/adder.uvl,OUTPUT_THOROUGH/dataset_11/uvl/adder.uvl,132188,running,step_completed,initial_satisfiability_check,0.700143,0.827392,,300.000000,1285,890,,,,,,,,,,,
160,2026-09-30T16:06:49.134233600Z,dataset_11/uvl/adder.uvl,OUTPUT_THOROUGH/dataset_11/uvl/adder.uvl,132188,running,step_started,core_feature_computation,,0.827392,,300.000000,1285,890,,,,,,,,,,,
161,2026-09-30T16:06:49.830034200Z,dataset_11/uvl/adder.uvl,OUTPUT_THOROUGH/dataset_11/uvl/adder.uvl,132188,running,step_completed,core_feature_computation,0.696281,1.524461,,300.000000,1285,890,,,,,,,,,,,
162,2026-09-30T16:06:49.831068600Z,dataset_11/uvl/adder.uvl,OUTPUT_THOROUGH/dataset_11/uvl/adder.uvl,132188,running,step_started,dead_feature_computation,,1.524461,,300.000000,1285,890,,,,,,,,,,,
163,2026-09-30T16:06:50.529035900Z,dataset_11/uvl/adder.uvl,OUTPUT_THOROUGH/dataset_11/uvl/adder.uvl,132188,running,step_completed,dead_feature_computation,0.698273,2.223408,,300.000000,1285,890,,,,,,,,,,,
164,2026-09-30T16:06:50.530045300Z,dataset_11/uvl/adder.uvl,OUTPUT_THOROUGH/dataset_11/uvl/adder.uvl,132188,running,step_started,atomic_set_computation,,2.223408,,300.000000,1285,890,,,,,,,,,,,
165,2026-09-30T16:06:51.275313400Z,dataset_11/uvl/adder.uvl,OUTPUT_THOROUGH/dataset_11/uvl/adder.uvl,132188,running,step_completed,atomic_set_computation,0.744694,2.968855,,300.000000,1285,890,,,,,,,,,,,
166,2026-09-30T16:06:51.275855400Z,dataset_11/uvl/adder.uvl,OUTPUT_THOROUGH/dataset_11/uvl/adder.uvl,132188,running,reduction_started,reduction,,2.968855,,300.000000,1285,890,,,,,,,,,,,
167,2026-09-30T16:06:51.275855400Z,dataset_11/uvl/adder.uvl,OUTPUT_THOROUGH/dataset_11/uvl/adder.uvl,132188,running,step_started,reduction_satisfiability_check,,2.969779,0.000010,300.000000,1285,890,,,,,,,,,,,
168,2026-09-30T16:06:51.972873800Z,dataset_11/uvl/adder.uvl,OUTPUT_THOROUGH/dataset_11/uvl/adder.uvl,132188,running,step_completed,reduction_satisfiability_check,0.697500,3.667558,0.697789,300.000000,1285,890,,,,,,,,,,,
169,2026-09-30T16:06:51.974408900Z,dataset_11/uvl/adder.uvl,OUTPUT_THOROUGH/dataset_11/uvl/adder.uvl,132188,running,step_started,reduction_original_cnf_construction,,3.667558,0.697789,300.000000,1285,890,,,,,,,,,,,
170,2026-09-30T16:06:52.682518100Z,dataset_11/uvl/adder.uvl,OUTPUT_THOROUGH/dataset_11/uvl/adder.uvl,132188,running,step_completed,reduction_original_cnf_construction,0.707977,4.376314,1.406546,300.000000,1285,890,,,,,,,,,,,
171,2026-09-30T16:06:52.682518100Z,dataset_11/uvl/adder.uvl,OUTPUT_THOROUGH/dataset_11/uvl/adder.uvl,132188,running,step_started,reduction_removal_plan_computation,,4.376314,1.406546,300.000000,1285,890,,,,,,,,,,,
172,2026-09-30T16:06:55.083328100Z,dataset_11/uvl/adder.uvl,OUTPUT_THOROUGH/dataset_11/uvl/adder.uvl,132188,running,step_completed,reduction_removal_plan_computation,2.399778,6.776866,3.807098,300.000000,1285,890,,,,,,,,,,,
173,2026-09-30T16:06:55.083328100Z,dataset_11/uvl/adder.uvl,OUTPUT_THOROUGH/dataset_11/uvl/adder.uvl,132188,running,step_started,reduction_variable_projection,,6.776866,3.807098,300.000000,1285,890,,,,,,,,,,,
174,2026-09-30T16:06:56.612943Z,dataset_11/uvl/adder.uvl,OUTPUT_THOROUGH/dataset_11/uvl/adder.uvl,132188,running,step_completed,reduction_variable_projection,1.529765,8.307370,5.337602,300.000000,1285,890,,,,,,,,,643,643,
175,2026-09-30T16:06:56.613949700Z,dataset_11/uvl/adder.uvl,OUTPUT_THOROUGH/dataset_11/uvl/adder.uvl,132188,running,step_started,reduction_feature_tree_rebuild,,8.307370,5.337602,300.000000,1285,890,,,,,,,,,643,643,
176,2026-09-30T16:07:00.249061800Z,dataset_11/uvl/adder.uvl,OUTPUT_THOROUGH/dataset_11/uvl/adder.uvl,132188,running,step_completed,reduction_feature_tree_rebuild,3.634945,11.943068,8.973299,300.000000,1285,890,,,,,,,,,643,643,
177,2026-09-30T16:07:00.249061800Z,dataset_11/uvl/adder.uvl,OUTPUT_THOROUGH/dataset_11/uvl/adder.uvl,132188,running,step_started,reduction_structural_model_validation,,11.943068,8.973299,300.000000,1285,890,,,,,,,,,643,643,
178,2026-09-30T16:07:00.337089300Z,dataset_11/uvl/adder.uvl,OUTPUT_THOROUGH/dataset_11/uvl/adder.uvl,132188,running,step_completed,reduction_structural_model_validation,0.086700,12.030642,9.060873,300.000000,1285,890,,,,,,,,,643,643,
179,2026-09-30T16:07:00.337089300Z,dataset_11/uvl/adder.uvl,OUTPUT_THOROUGH/dataset_11/uvl/adder.uvl,132188,running,step_started,reduction_projected_constraint_addition,,12.030642,9.060873,300.000000,1285,890,,,,,,,,,643,643,
180,2026-09-30T16:07:00.490039400Z,dataset_11/uvl/adder.uvl,OUTPUT_THOROUGH/dataset_11/uvl/adder.uvl,132188,running,step_completed,reduction_projected_constraint_addition,0.152656,12.184031,9.214262,300.000000,1285,890,,,,,,,,,643,643,
181,2026-09-30T16:07:00.490039400Z,dataset_11/uvl/adder.uvl,OUTPUT_THOROUGH/dataset_11/uvl/adder.uvl,132188,running,step_started,reduction_reduced_model_validation,,12.184031,9.214262,300.000000,1285,890,,,,,,,,,643,643,
182,2026-09-30T16:07:01.007418600Z,dataset_11/uvl/adder.uvl,OUTPUT_THOROUGH/dataset_11/uvl/adder.uvl,132188,running,step_completed,reduction_reduced_model_validation,0.516599,12.701360,9.731592,300.000000,1285,890,,,,,,,,,643,643,
183,2026-09-30T16:07:01.008073200Z,dataset_11/uvl/adder.uvl,OUTPUT_THOROUGH/dataset_11/uvl/adder.uvl,132188,running,reduction_completed,reduction,9.731592,12.701360,9.731592,300.000000,1285,890,,,,,,,,,643,643,
184,2026-09-30T16:07:01.008073200Z,dataset_11/uvl/adder.uvl,OUTPUT_THOROUGH/dataset_11/uvl/adder.uvl,132188,running,step_started,simplified_model_storage,,12.702164,9.731592,300.000000,1285,890,,,,,,,,,643,643,
185,2026-09-30T16:07:01.017943Z,dataset_11/uvl/adder.uvl,OUTPUT_THOROUGH/dataset_11/uvl/adder.uvl,132188,running,step_completed,simplified_model_storage,0.009266,12.711810,9.731592,300.000000,1285,890,,,,,,,,,643,643,
186,2026-09-30T16:07:01.017943Z,dataset_11/uvl/adder.uvl,OUTPUT_THOROUGH/dataset_11/uvl/adder.uvl,132188,running,step_started,reduced_model_reloading,,12.711810,9.731592,300.000000,1285,890,,,,,,,,,643,643,
187,2026-09-30T16:07:01.129627800Z,dataset_11/uvl/adder.uvl,OUTPUT_THOROUGH/dataset_11/uvl/adder.uvl,132188,running,step_completed,reduced_model_reloading,0.111657,12.824164,9.731592,300.000000,1285,890,,,,,,,,,643,643,
188,2026-09-30T16:07:01.129627800Z,dataset_11/uvl/adder.uvl,OUTPUT_THOROUGH/dataset_11/uvl/adder.uvl,132188,running,step_started,statistics_computation,,12.824164,9.731592,300.000000,1285,890,,,,,,,,,643,643,
189,2026-09-30T16:07:01.132703400Z,dataset_11/uvl/adder.uvl,OUTPUT_THOROUGH/dataset_11/uvl/adder.uvl,132188,running,step_completed,statistics_computation,0.001340,12.826258,9.731592,300.000000,1285,890,,,,,,,,,643,643,
190,2026-09-30T16:07:01.132703400Z,dataset_11/uvl/adder.uvl,OUTPUT_THOROUGH/dataset_11/uvl/adder.uvl,132188,completed,model_completed,,,12.826258,9.731592,300.000000,1285,890,642,1168,0.500389,-0.312360,4,44,595,false,643,643,
191,2026-09-30T16:07:01.132703400Z,dataset_11/uvl/adderII.uvl,OUTPUT_THOROUGH/dataset_11/uvl/adderII.uvl,132475,running,model_started,,,0.000000,,300.000000,,,,,,,,,,,,,
192,2026-09-30T16:07:01.134681800Z,dataset_11/uvl/adderII.uvl,OUTPUT_THOROUGH/dataset_11/uvl/adderII.uvl,132475,running,step_started,input_model_loading,,0.000652,,300.000000,,,,,,,,,,,,,
193,2026-09-30T16:07:01.269309400Z,dataset_11/uvl/adderII.uvl,OUTPUT_THOROUGH/dataset_11/uvl/adderII.uvl,132475,running,step_completed,input_model_loading,0.134037,0.135290,,300.000000,1289,890,,,,,,,,,,,
194,2026-09-30T16:07:01.269309400Z,dataset_11/uvl/adderII.uvl,OUTPUT_THOROUGH/dataset_11/uvl/adderII.uvl,132475,running,step_started,boolean_feature_type_validation,,0.135290,,300.000000,1289,890,,,,,,,,,,,
195,2026-09-30T16:07:01.270316900Z,dataset_11/uvl/adderII.uvl,OUTPUT_THOROUGH/dataset_11/uvl/adderII.uvl,132475,running,step_completed,boolean_feature_type_validation,0.000604,0.136804,,300.000000,1289,890,,,,,,,,,,,
196,2026-09-30T16:07:01.271103600Z,dataset_11/uvl/adderII.uvl,OUTPUT_THOROUGH/dataset_11/uvl/adderII.uvl,132475,running,step_started,initial_satisfiability_check,,0.136804,,300.000000,1289,890,,,,,,,,,,,
197,2026-09-30T16:07:01.990981900Z,dataset_11/uvl/adderII.uvl,OUTPUT_THOROUGH/dataset_11/uvl/adderII.uvl,132475,running,step_completed,initial_satisfiability_check,0.719386,0.857099,,300.000000,1289,890,,,,,,,,,,,
198,2026-09-30T16:07:01.990981900Z,dataset_11/uvl/adderII.uvl,OUTPUT_THOROUGH/dataset_11/uvl/adderII.uvl,132475,running,step_started,core_feature_computation,,0.857099,,300.000000,1289,890,,,,,,,,,,,
199,2026-09-30T16:07:02.700536900Z,dataset_11/uvl/adderII.uvl,OUTPUT_THOROUGH/dataset_11/uvl/adderII.uvl,132475,running,step_completed,core_feature_computation,0.708715,1.566480,,300.000000,1289,890,,,,,,,,,,,
200,2026-09-30T16:07:02.700536900Z,dataset_11/uvl/adderII.uvl,OUTPUT_THOROUGH/dataset_11/uvl/adderII.uvl,132475,running,step_started,dead_feature_computation,,1.566480,,300.000000,1289,890,,,,,,,,,,,
201,2026-09-30T16:07:03.398153400Z,dataset_11/uvl/adderII.uvl,OUTPUT_THOROUGH/dataset_11/uvl/adderII.uvl,132475,running,step_completed,dead_feature_computation,0.697867,2.265063,,300.000000,1289,890,,,,,,,,,,,
202,2026-09-30T16:07:03.399188900Z,dataset_11/uvl/adderII.uvl,OUTPUT_THOROUGH/dataset_11/uvl/adderII.uvl,132475,running,step_started,atomic_set_computation,,2.265063,,300.000000,1289,890,,,,,,,,,,,
203,2026-09-30T16:07:04.157456400Z,dataset_11/uvl/adderII.uvl,OUTPUT_THOROUGH/dataset_11/uvl/adderII.uvl,132475,running,step_completed,atomic_set_computation,0.757770,3.023573,,300.000000,1289,890,,,,,,,,,,,
204,2026-09-30T16:07:04.158041300Z,dataset_11/uvl/adderII.uvl,OUTPUT_THOROUGH/dataset_11/uvl/adderII.uvl,132475,running,reduction_started,reduction,,3.023573,,300.000000,1289,890,,,,,,,,,,,
205,2026-09-30T16:07:04.158041300Z,dataset_11/uvl/adderII.uvl,OUTPUT_THOROUGH/dataset_11/uvl/adderII.uvl,132475,running,step_started,reduction_satisfiability_check,,3.024299,0.000009,300.000000,1289,890,,,,,,,,,,,
206,2026-09-30T16:07:04.864191900Z,dataset_11/uvl/adderII.uvl,OUTPUT_THOROUGH/dataset_11/uvl/adderII.uvl,132475,running,step_completed,reduction_satisfiability_check,0.705752,3.730338,0.706048,300.000000,1289,890,,,,,,,,,,,
207,2026-09-30T16:07:04.864191900Z,dataset_11/uvl/adderII.uvl,OUTPUT_THOROUGH/dataset_11/uvl/adderII.uvl,132475,running,step_started,reduction_original_cnf_construction,,3.730338,0.706048,300.000000,1289,890,,,,,,,,,,,
208,2026-09-30T16:07:05.579734400Z,dataset_11/uvl/adderII.uvl,OUTPUT_THOROUGH/dataset_11/uvl/adderII.uvl,132475,running,step_completed,reduction_original_cnf_construction,0.715027,4.446133,1.421843,300.000000,1289,890,,,,,,,,,,,
209,2026-09-30T16:07:05.579734400Z,dataset_11/uvl/adderII.uvl,OUTPUT_THOROUGH/dataset_11/uvl/adderII.uvl,132475,running,step_started,reduction_removal_plan_computation,,4.446133,1.421843,300.000000,1289,890,,,,,,,,,,,
210,2026-09-30T16:07:07.951695800Z,dataset_11/uvl/adderII.uvl,OUTPUT_THOROUGH/dataset_11/uvl/adderII.uvl,132475,running,step_completed,reduction_removal_plan_computation,2.370984,6.817836,3.793546,300.000000,1289,890,,,,,,,,,,,
211,2026-09-30T16:07:07.951695800Z,dataset_11/uvl/adderII.uvl,OUTPUT_THOROUGH/dataset_11/uvl/adderII.uvl,132475,running,step_started,reduction_variable_projection,,6.817836,3.793546,300.000000,1289,890,,,,,,,,,,,
212,2026-09-30T16:07:08.634107100Z,dataset_11/uvl/adderII.uvl,OUTPUT_THOROUGH/dataset_11/uvl/adderII.uvl,132475,running,step_completed,reduction_variable_projection,0.681769,7.500372,4.476083,300.000000,1289,890,,,,,,,,,645,645,
213,2026-09-30T16:07:08.634107100Z,dataset_11/uvl/adderII.uvl,OUTPUT_THOROUGH/dataset_11/uvl/adderII.uvl,132475,running,step_started,reduction_feature_tree_rebuild,,7.500372,4.476083,300.000000,1289,890,,,,,,,,,645,645,
214,2026-09-30T16:07:13.087283100Z,dataset_11/uvl/adderII.uvl,OUTPUT_THOROUGH/dataset_11/uvl/adderII.uvl,132475,running,step_completed,reduction_feature_tree_rebuild,4.453113,11.954228,8.929939,300.000000,1289,890,,,,,,,,,645,645,
215,2026-09-30T16:07:13.087283100Z,dataset_11/uvl/adderII.uvl,OUTPUT_THOROUGH/dataset_11/uvl/adderII.uvl,132475,running,step_started,reduction_structural_model_validation,,11.954228,8.929939,300.000000,1289,890,,,,,,,,,645,645,
216,2026-09-30T16:07:13.176191600Z,dataset_11/uvl/adderII.uvl,OUTPUT_THOROUGH/dataset_11/uvl/adderII.uvl,132475,running,step_completed,reduction_structural_model_validation,0.087457,12.042555,9.018265,300.000000,1289,890,,,,,,,,,645,645,
217,2026-09-30T16:07:13.176766500Z,dataset_11/uvl/adderII.uvl,OUTPUT_THOROUGH/dataset_11/uvl/adderII.uvl,132475,running,step_started,reduction_projected_constraint_addition,,12.042555,9.018265,300.000000,1289,890,,,,,,,,,645,645,
218,2026-09-30T16:07:13.382336600Z,dataset_11/uvl/adderII.uvl,OUTPUT_THOROUGH/dataset_11/uvl/adderII.uvl,132475,running,step_completed,reduction_projected_constraint_addition,0.205470,12.248725,9.224436,300.000000,1289,890,,,,,,,,,645,645,
219,2026-09-30T16:07:13.382336600Z,dataset_11/uvl/adderII.uvl,OUTPUT_THOROUGH/dataset_11/uvl/adderII.uvl,132475,running,step_started,reduction_reduced_model_validation,,12.248725,9.224436,300.000000,1289,890,,,,,,,,,645,645,
220,2026-09-30T16:07:14.059447600Z,dataset_11/uvl/adderII.uvl,OUTPUT_THOROUGH/dataset_11/uvl/adderII.uvl,132475,running,step_completed,reduction_reduced_model_validation,0.676368,12.925803,9.901513,300.000000,1289,890,,,,,,,,,645,645,
221,2026-09-30T16:07:14.059447600Z,dataset_11/uvl/adderII.uvl,OUTPUT_THOROUGH/dataset_11/uvl/adderII.uvl,132475,running,reduction_completed,reduction,9.901513,12.925803,9.901513,300.000000,1289,890,,,,,,,,,645,645,
222,2026-09-30T16:07:14.060454200Z,dataset_11/uvl/adderII.uvl,OUTPUT_THOROUGH/dataset_11/uvl/adderII.uvl,132475,running,step_started,simplified_model_storage,,12.926486,9.901513,300.000000,1289,890,,,,,,,,,645,645,
223,2026-09-30T16:07:14.070569300Z,dataset_11/uvl/adderII.uvl,OUTPUT_THOROUGH/dataset_11/uvl/adderII.uvl,132475,running,step_completed,simplified_model_storage,0.009827,12.936638,9.901513,300.000000,1289,890,,,,,,,,,645,645,
224,2026-09-30T16:07:14.070569300Z,dataset_11/uvl/adderII.uvl,OUTPUT_THOROUGH/dataset_11/uvl/adderII.uvl,132475,running,step_started,reduced_model_reloading,,12.936638,9.901513,300.000000,1289,890,,,,,,,,,645,645,
225,2026-09-30T16:07:14.210897500Z,dataset_11/uvl/adderII.uvl,OUTPUT_THOROUGH/dataset_11/uvl/adderII.uvl,132475,running,step_completed,reduced_model_reloading,0.140651,13.078014,9.901513,300.000000,1289,890,,,,,,,,,645,645,
226,2026-09-30T16:07:14.212525700Z,dataset_11/uvl/adderII.uvl,OUTPUT_THOROUGH/dataset_11/uvl/adderII.uvl,132475,running,step_started,statistics_computation,,13.078014,9.901513,300.000000,1289,890,,,,,,,,,645,645,
227,2026-09-30T16:07:14.213140900Z,dataset_11/uvl/adderII.uvl,OUTPUT_THOROUGH/dataset_11/uvl/adderII.uvl,132475,running,step_completed,statistics_computation,0.001210,13.079953,9.901513,300.000000,1289,890,,,,,,,,,645,645,
228,2026-09-30T16:07:14.214178600Z,dataset_11/uvl/adderII.uvl,OUTPUT_THOROUGH/dataset_11/uvl/adderII.uvl,132475,completed,model_completed,,,13.079953,9.901513,300.000000,1289,890,644,1473,0.500388,-0.655056,4,44,597,false,645,645,
229,2026-09-30T16:07:14.215177900Z,dataset_11/uvl/aeb.uvl,OUTPUT_THOROUGH/dataset_11/uvl/aeb.uvl,125816,running,model_started,,,0.000000,,300.000000,,,,,,,,,,,,,
230,2026-09-30T16:07:14.215177900Z,dataset_11/uvl/aeb.uvl,OUTPUT_THOROUGH/dataset_11/uvl/aeb.uvl,125816,running,step_started,input_model_loading,,0.000485,,300.000000,,,,,,,,,,,,,
231,2026-09-30T16:07:14.335209200Z,dataset_11/uvl/aeb.uvl,OUTPUT_THOROUGH/dataset_11/uvl/aeb.uvl,125816,running,step_completed,input_model_loading,0.119217,0.120025,,300.000000,1226,875,,,,,,,,,,,
232,2026-09-30T16:07:14.335209200Z,dataset_11/uvl/aeb.uvl,OUTPUT_THOROUGH/dataset_11/uvl/aeb.uvl,125816,running,step_started,boolean_feature_type_validation,,0.120025,,300.000000,1226,875,,,,,,,,,,,
233,2026-09-30T16:07:14.335714Z,dataset_11/uvl/aeb.uvl,OUTPUT_THOROUGH/dataset_11/uvl/aeb.uvl,125816,running,step_completed,boolean_feature_type_validation,0.000326,0.120999,,300.000000,1226,875,,,,,,,,,,,
234,2026-09-30T16:07:14.335714Z,dataset_11/uvl/aeb.uvl,OUTPUT_THOROUGH/dataset_11/uvl/aeb.uvl,125816,running,step_started,initial_satisfiability_check,,0.120999,,300.000000,1226,875,,,,,,,,,,,
235,2026-09-30T16:07:15.004364400Z,dataset_11/uvl/aeb.uvl,OUTPUT_THOROUGH/dataset_11/uvl/aeb.uvl,125816,running,step_completed,initial_satisfiability_check,0.668176,0.789633,,300.000000,1226,875,,,,,,,,,,,
236,2026-09-30T16:07:15.004872100Z,dataset_11/uvl/aeb.uvl,OUTPUT_THOROUGH/dataset_11/uvl/aeb.uvl,125816,running,step_started,core_feature_computation,,0.789633,,300.000000,1226,875,,,,,,,,,,,
237,2026-09-30T16:07:15.668098600Z,dataset_11/uvl/aeb.uvl,OUTPUT_THOROUGH/dataset_11/uvl/aeb.uvl,125816,running,step_completed,core_feature_computation,0.663463,1.453792,,300.000000,1226,875,,,,,,,,,,,
238,2026-09-30T16:07:15.669134100Z,dataset_11/uvl/aeb.uvl,OUTPUT_THOROUGH/dataset_11/uvl/aeb.uvl,125816,running,step_started,dead_feature_computation,,1.453792,,300.000000,1226,875,,,,,,,,,,,
239,2026-09-30T16:07:16.332536900Z,dataset_11/uvl/aeb.uvl,OUTPUT_THOROUGH/dataset_11/uvl/aeb.uvl,125816,running,step_completed,dead_feature_computation,0.663925,2.118370,,300.000000,1226,875,,,,,,,,,,,
240,2026-09-30T16:07:16.332536900Z,dataset_11/uvl/aeb.uvl,OUTPUT_THOROUGH/dataset_11/uvl/aeb.uvl,125816,running,step_started,atomic_set_computation,,2.118370,,300.000000,1226,875,,,,,,,,,,,
241,2026-09-30T16:07:17.052159500Z,dataset_11/uvl/aeb.uvl,OUTPUT_THOROUGH/dataset_11/uvl/aeb.uvl,125816,running,step_completed,atomic_set_computation,0.718479,2.837471,,300.000000,1226,875,,,,,,,,,,,
242,2026-09-30T16:07:17.052159500Z,dataset_11/uvl/aeb.uvl,OUTPUT_THOROUGH/dataset_11/uvl/aeb.uvl,125816,running,reduction_started,reduction,,2.837471,,300.000000,1226,875,,,,,,,,,,,
243,2026-09-30T16:07:17.052159500Z,dataset_11/uvl/aeb.uvl,OUTPUT_THOROUGH/dataset_11/uvl/aeb.uvl,125816,running,step_started,reduction_satisfiability_check,,2.838167,0.000010,300.000000,1226,875,,,,,,,,,,,
244,2026-09-30T16:07:17.703987800Z,dataset_11/uvl/aeb.uvl,OUTPUT_THOROUGH/dataset_11/uvl/aeb.uvl,125816,running,step_completed,reduction_satisfiability_check,0.650647,3.489060,0.650903,300.000000,1226,875,,,,,,,,,,,
245,2026-09-30T16:07:17.703987800Z,dataset_11/uvl/aeb.uvl,OUTPUT_THOROUGH/dataset_11/uvl/aeb.uvl,125816,running,step_started,reduction_original_cnf_construction,,3.489060,0.650903,300.000000,1226,875,,,,,,,,,,,
246,2026-09-30T16:07:18.376382900Z,dataset_11/uvl/aeb.uvl,OUTPUT_THOROUGH/dataset_11/uvl/aeb.uvl,125816,running,step_completed,reduction_original_cnf_construction,0.671556,4.161239,1.323082,300.000000,1226,875,,,,,,,,,,,
247,2026-09-30T16:07:18.376382900Z,dataset_11/uvl/aeb.uvl,OUTPUT_THOROUGH/dataset_11/uvl/aeb.uvl,125816,running,step_started,reduction_removal_plan_computation,,4.161239,1.323082,300.000000,1226,875,,,,,,,,,,,
248,2026-09-30T16:07:20.606838Z,dataset_11/uvl/aeb.uvl,OUTPUT_THOROUGH/dataset_11/uvl/aeb.uvl,125816,running,step_completed,reduction_removal_plan_computation,2.229919,6.391870,3.553712,300.000000,1226,875,,,,,,,,,,,
249,2026-09-30T16:07:20.607341800Z,dataset_11/uvl/aeb.uvl,OUTPUT_THOROUGH/dataset_11/uvl/aeb.uvl,125816,running,step_started,reduction_variable_projection,,6.391870,3.553712,300.000000,1226,875,,,,,,,,,,,
250,2026-09-30T16:07:21.252669800Z,dataset_11/uvl/aeb.uvl,OUTPUT_THOROUGH/dataset_11/uvl/aeb.uvl,125816,running,step_completed,reduction_variable_projection,0.644989,7.037642,4.199484,300.000000,1226,875,,,,,,,,,601,601,
251,2026-09-30T16:07:21.252669800Z,dataset_11/uvl/aeb.uvl,OUTPUT_THOROUGH/dataset_11/uvl/aeb.uvl,125816,running,step_started,reduction_feature_tree_rebuild,,7.037642,4.199484,300.000000,1226,875,,,,,,,,,601,601,
252,2026-09-30T16:07:24.125268300Z,dataset_11/uvl/aeb.uvl,OUTPUT_THOROUGH/dataset_11/uvl/aeb.uvl,125816,running,step_completed,reduction_feature_tree_rebuild,2.872094,9.910432,7.072275,300.000000,1226,875,,,,,,,,,601,601,
253,2026-09-30T16:07:24.125905700Z,dataset_11/uvl/aeb.uvl,OUTPUT_THOROUGH/dataset_11/uvl/aeb.uvl,125816,running,step_started,reduction_structural_model_validation,,9.910432,7.072275,300.000000,1226,875,,,,,,,,,601,601,
254,2026-09-30T16:07:24.216495200Z,dataset_11/uvl/aeb.uvl,OUTPUT_THOROUGH/dataset_11/uvl/aeb.uvl,125816,running,step_completed,reduction_structural_model_validation,0.090991,10.002083,7.163926,300.000000,1226,875,,,,,,,,,601,601,
255,2026-09-30T16:07:24.217531800Z,dataset_11/uvl/aeb.uvl,OUTPUT_THOROUGH/dataset_11/uvl/aeb.uvl,125816,running,step_started,reduction_projected_constraint_addition,,10.002083,7.163926,300.000000,1226,875,,,,,,,,,601,601,
256,2026-09-30T16:07:24.398024900Z,dataset_11/uvl/aeb.uvl,OUTPUT_THOROUGH/dataset_11/uvl/aeb.uvl,125816,running,step_completed,reduction_projected_constraint_addition,0.180737,10.183533,7.345376,300.000000,1226,875,,,,,,,,,601,601,
257,2026-09-30T16:07:24.399064900Z,dataset_11/uvl/aeb.uvl,OUTPUT_THOROUGH/dataset_11/uvl/aeb.uvl,125816,running,step_started,reduction_reduced_model_validation,,10.183533,7.345376,300.000000,1226,875,,,,,,,,,601,601,
258,2026-09-30T16:07:24.985358400Z,dataset_11/uvl/aeb.uvl,OUTPUT_THOROUGH/dataset_11/uvl/aeb.uvl,125816,running,step_completed,reduction_reduced_model_validation,0.587056,10.771335,7.933177,300.000000,1226,875,,,,,,,,,601,601,
259,2026-09-30T16:07:24.986917900Z,dataset_11/uvl/aeb.uvl,OUTPUT_THOROUGH/dataset_11/uvl/aeb.uvl,125816,running,reduction_completed,reduction,7.933177,10.771335,7.933177,300.000000,1226,875,,,,,,,,,601,601,
260,2026-09-30T16:07:24.986917900Z,dataset_11/uvl/aeb.uvl,OUTPUT_THOROUGH/dataset_11/uvl/aeb.uvl,125816,running,step_started,simplified_model_storage,,10.772278,7.933177,300.000000,1226,875,,,,,,,,,601,601,
261,2026-09-30T16:07:25.002733Z,dataset_11/uvl/aeb.uvl,OUTPUT_THOROUGH/dataset_11/uvl/aeb.uvl,125816,running,step_completed,simplified_model_storage,0.015116,10.787745,7.933177,300.000000,1226,875,,,,,,,,,601,601,
262,2026-09-30T16:07:25.002733Z,dataset_11/uvl/aeb.uvl,OUTPUT_THOROUGH/dataset_11/uvl/aeb.uvl,125816,running,step_started,reduced_model_reloading,,10.787745,7.933177,300.000000,1226,875,,,,,,,,,601,601,
263,2026-09-30T16:07:25.137007300Z,dataset_11/uvl/aeb.uvl,OUTPUT_THOROUGH/dataset_11/uvl/aeb.uvl,125816,running,step_completed,reduced_model_reloading,0.134641,10.923299,7.933177,300.000000,1226,875,,,,,,,,,601,601,
264,2026-09-30T16:07:25.138538Z,dataset_11/uvl/aeb.uvl,OUTPUT_THOROUGH/dataset_11/uvl/aeb.uvl,125816,running,step_started,statistics_computation,,10.923299,7.933177,300.000000,1226,875,,,,,,,,,601,601,
265,2026-09-30T16:07:25.140118600Z,dataset_11/uvl/aeb.uvl,OUTPUT_THOROUGH/dataset_11/uvl/aeb.uvl,125816,running,step_completed,statistics_computation,0.001286,10.925214,7.933177,300.000000,1226,875,,,,,,,,,601,601,
266,2026-09-30T16:07:25.140118600Z,dataset_11/uvl/aeb.uvl,OUTPUT_THOROUGH/dataset_11/uvl/aeb.uvl,125816,completed,model_completed,,,10.925214,7.933177,300.000000,1226,875,625,1399,0.490212,-0.598857,42,58,501,false,601,601,
267,2026-09-30T16:07:25.141125900Z,dataset_11/uvl/aim711.uvl,OUTPUT_THOROUGH/dataset_11/uvl/aim711.uvl,132857,running,model_started,,,0.000000,,300.000000,,,,,,,,,,,,,
268,2026-09-30T16:07:25.141125900Z,dataset_11/uvl/aim711.uvl,OUTPUT_THOROUGH/dataset_11/uvl/aim711.uvl,132857,running,step_started,input_model_loading,,0.000489,,300.000000,,,,,,,,,,,,,
269,2026-09-30T16:07:25.269450300Z,dataset_11/uvl/aim711.uvl,OUTPUT_THOROUGH/dataset_11/uvl/aim711.uvl,132857,running,step_completed,input_model_loading,0.127589,0.128399,,300.000000,1277,912,,,,,,,,,,,
270,2026-09-30T16:07:25.270455900Z,dataset_11/uvl/aim711.uvl,OUTPUT_THOROUGH/dataset_11/uvl/aim711.uvl,132857,running,step_started,boolean_feature_type_validation,,0.128399,,300.000000,1277,912,,,,,,,,,,,
271,2026-09-30T16:07:25.271104300Z,dataset_11/uvl/aim711.uvl,OUTPUT_THOROUGH/dataset_11/uvl/aim711.uvl,132857,running,step_completed,boolean_feature_type_validation,0.000522,0.129742,,300.000000,1277,912,,,,,,,,,,,
272,2026-09-30T16:07:25.271104300Z,dataset_11/uvl/aim711.uvl,OUTPUT_THOROUGH/dataset_11/uvl/aim711.uvl,132857,running,step_started,initial_satisfiability_check,,0.129742,,300.000000,1277,912,,,,,,,,,,,
273,2026-09-30T16:07:26.673454600Z,dataset_11/uvl/aim711.uvl,OUTPUT_THOROUGH/dataset_11/uvl/aim711.uvl,132857,running,step_completed,initial_satisfiability_check,1.401678,1.532090,,300.000000,1277,912,,,,,,,,,,,
274,2026-09-30T16:07:26.673454600Z,dataset_11/uvl/aim711.uvl,OUTPUT_THOROUGH/dataset_11/uvl/aim711.uvl,132857,running,step_started,core_feature_computation,,1.532090,,300.000000,1277,912,,,,,,,,,,,
275,2026-09-30T16:07:27.396178800Z,dataset_11/uvl/aim711.uvl,OUTPUT_THOROUGH/dataset_11/uvl/aim711.uvl,132857,running,step_completed,core_feature_computation,0.722367,2.255073,,300.000000,1277,912,,,,,,,,,,,
276,2026-09-30T16:07:27.396178800Z,dataset_11/uvl/aim711.uvl,OUTPUT_THOROUGH/dataset_11/uvl/aim711.uvl,132857,running,step_started,dead_feature_computation,,2.255073,,300.000000,1277,912,,,,,,,,,,,
277,2026-09-30T16:07:28.118052600Z,dataset_11/uvl/aim711.uvl,OUTPUT_THOROUGH/dataset_11/uvl/aim711.uvl,132857,running,step_completed,dead_feature_computation,0.721497,2.977233,,300.000000,1277,912,,,,,,,,,,,
278,2026-09-30T16:07:28.118052600Z,dataset_11/uvl/aim711.uvl,OUTPUT_THOROUGH/dataset_11/uvl/aim711.uvl,132857,running,step_started,atomic_set_computation,,2.977233,,300.000000,1277,912,,,,,,,,,,,
279,2026-09-30T16:07:28.882410800Z,dataset_11/uvl/aim711.uvl,OUTPUT_THOROUGH/dataset_11/uvl/aim711.uvl,132857,running,step_completed,atomic_set_computation,0.763939,3.741745,,300.000000,1277,912,,,,,,,,,,,
280,2026-09-30T16:07:28.883445900Z,dataset_11/uvl/aim711.uvl,OUTPUT_THOROUGH/dataset_11/uvl/aim711.uvl,132857,running,reduction_started,reduction,,3.741745,,300.000000,1277,912,,,,,,,,,,,
281,2026-09-30T16:07:28.883445900Z,dataset_11/uvl/aim711.uvl,OUTPUT_THOROUGH/dataset_11/uvl/aim711.uvl,132857,running,step_started,reduction_satisfiability_check,,3.742341,0.000009,300.000000,1277,912,,,,,,,,,,,
282,2026-09-30T16:07:29.595077900Z,dataset_11/uvl/aim711.uvl,OUTPUT_THOROUGH/dataset_11/uvl/aim711.uvl,132857,running,step_completed,reduction_satisfiability_check,0.711171,4.453747,0.711416,300.000000,1277,912,,,,,,,,,,,
283,2026-09-30T16:07:29.595077900Z,dataset_11/uvl/aim711.uvl,OUTPUT_THOROUGH/dataset_11/uvl/aim711.uvl,132857,running,step_started,reduction_original_cnf_construction,,4.453747,0.711416,300.000000,1277,912,,,,,,,,,,,
284,2026-09-30T16:07:30.319222100Z,dataset_11/uvl/aim711.uvl,OUTPUT_THOROUGH/dataset_11/uvl/aim711.uvl,132857,running,step_completed,reduction_original_cnf_construction,0.723639,5.177988,1.435656,300.000000,1277,912,,,,,,,,,,,
285,2026-09-30T16:07:30.319757800Z,dataset_11/uvl/aim711.uvl,OUTPUT_THOROUGH/dataset_11/uvl/aim711.uvl,132857,running,step_started,reduction_removal_plan_computation,,5.177988,1.435656,300.000000,1277,912,,,,,,,,,,,
286,2026-09-30T16:07:32.781077900Z,dataset_11/uvl/aim711.uvl,OUTPUT_THOROUGH/dataset_11/uvl/aim711.uvl,132857,running,step_completed,reduction_removal_plan_computation,2.461034,7.639799,3.897467,300.000000,1277,912,,,,,,,,,,,
287,2026-09-30T16:07:32.781077900Z,dataset_11/uvl/aim711.uvl,OUTPUT_THOROUGH/dataset_11/uvl/aim711.uvl,132857,running,step_started,reduction_variable_projection,,7.639799,3.897467,300.000000,1277,912,,,,,,,,,,,
288,2026-09-30T16:07:33.385712Z,dataset_11/uvl/aim711.uvl,OUTPUT_THOROUGH/dataset_11/uvl/aim711.uvl,132857,running,step_completed,reduction_variable_projection,0.603664,8.244165,4.501833,300.000000,1277,912,,,,,,,,,627,627,
289,2026-09-30T16:07:33.385712Z,dataset_11/uvl/aim711.uvl,OUTPUT_THOROUGH/dataset_11/uvl/aim711.uvl,132857,running,step_started,reduction_feature_tree_rebuild,,8.244165,4.501833,300.000000,1277,912,,,,,,,,,627,627,
290,2026-09-30T16:07:36.702180700Z,dataset_11/uvl/aim711.uvl,OUTPUT_THOROUGH/dataset_11/uvl/aim711.uvl,132857,running,step_completed,reduction_feature_tree_rebuild,3.316180,11.560970,7.818639,300.000000,1277,912,,,,,,,,,627,627,
291,2026-09-30T16:07:36.702180700Z,dataset_11/uvl/aim711.uvl,OUTPUT_THOROUGH/dataset_11/uvl/aim711.uvl,132857,running,step_started,reduction_structural_model_validation,,11.560970,7.818639,300.000000,1277,912,,,,,,,,,627,627,
292,2026-09-30T16:07:36.796238800Z,dataset_11/uvl/aim711.uvl,OUTPUT_THOROUGH/dataset_11/uvl/aim711.uvl,132857,running,step_completed,reduction_structural_model_validation,0.093578,11.655192,7.912860,300.000000,1277,912,,,,,,,,,627,627,
293,2026-09-30T16:07:36.796238800Z,dataset_11/uvl/aim711.uvl,OUTPUT_THOROUGH/dataset_11/uvl/aim711.uvl,132857,running,step_started,reduction_projected_constraint_addition,,11.655192,7.912860,300.000000,1277,912,,,,,,,,,627,627,
294,2026-09-30T16:07:36.938503700Z,dataset_11/uvl/aim711.uvl,OUTPUT_THOROUGH/dataset_11/uvl/aim711.uvl,132857,running,step_completed,reduction_projected_constraint_addition,0.141835,11.797647,8.055316,300.000000,1277,912,,,,,,,,,627,627,
295,2026-09-30T16:07:36.938503700Z,dataset_11/uvl/aim711.uvl,OUTPUT_THOROUGH/dataset_11/uvl/aim711.uvl,132857,running,step_started,reduction_reduced_model_validation,,11.797647,8.055316,300.000000,1277,912,,,,,,,,,627,627,
296,2026-09-30T16:07:37.452144700Z,dataset_11/uvl/aim711.uvl,OUTPUT_THOROUGH/dataset_11/uvl/aim711.uvl,132857,running,step_completed,reduction_reduced_model_validation,0.512637,12.310990,8.568658,300.000000,1277,912,,,,,,,,,627,627,
297,2026-09-30T16:07:37.452144700Z,dataset_11/uvl/aim711.uvl,OUTPUT_THOROUGH/dataset_11/uvl/aim711.uvl,132857,running,reduction_completed,reduction,8.568658,12.310990,8.568658,300.000000,1277,912,,,,,,,,,627,627,
298,2026-09-30T16:07:37.452144700Z,dataset_11/uvl/aim711.uvl,OUTPUT_THOROUGH/dataset_11/uvl/aim711.uvl,132857,running,step_started,simplified_model_storage,,12.311642,8.568658,300.000000,1277,912,,,,,,,,,627,627,
299,2026-09-30T16:07:37.461459Z,dataset_11/uvl/aim711.uvl,OUTPUT_THOROUGH/dataset_11/uvl/aim711.uvl,132857,running,step_completed,simplified_model_storage,0.008216,12.320144,8.568658,300.000000,1277,912,,,,,,,,,627,627,
300,2026-09-30T16:07:37.461459Z,dataset_11/uvl/aim711.uvl,OUTPUT_THOROUGH/dataset_11/uvl/aim711.uvl,132857,running,step_started,reduced_model_reloading,,12.320144,8.568658,300.000000,1277,912,,,,,,,,,627,627,
301,2026-09-30T16:07:37.571022600Z,dataset_11/uvl/aim711.uvl,OUTPUT_THOROUGH/dataset_11/uvl/aim711.uvl,132857,running,step_completed,reduced_model_reloading,0.109517,12.430215,8.568658,300.000000,1277,912,,,,,,,,,627,627,
302,2026-09-30T16:07:37.572025500Z,dataset_11/uvl/aim711.uvl,OUTPUT_THOROUGH/dataset_11/uvl/aim711.uvl,132857,running,step_started,statistics_computation,,12.430215,8.568658,300.000000,1277,912,,,,,,,,,627,627,
303,2026-09-30T16:07:37.573124100Z,dataset_11/uvl/aim711.uvl,OUTPUT_THOROUGH/dataset_11/uvl/aim711.uvl,132857,running,step_completed,statistics_computation,0.001252,12.432051,8.568658,300.000000,1277,912,,,,,,,,,627,627,
304,2026-09-30T16:07:37.573124100Z,dataset_11/uvl/aim711.uvl,OUTPUT_THOROUGH/dataset_11/uvl/aim711.uvl,132857,completed,model_completed,,,12.432051,8.568658,300.000000,1277,912,650,1130,0.490995,-0.239035,42,49,536,false,627,627,
305,2026-09-30T16:07:37.574630100Z,dataset_11/uvl/aki3068net.uvl,OUTPUT_THOROUGH/dataset_11/uvl/aki3068net.uvl,122539,running,model_started,,,0.000000,,300.000000,,,,,,,,,,,,,
306,2026-09-30T16:07:37.575223800Z,dataset_11/uvl/aki3068net.uvl,OUTPUT_THOROUGH/dataset_11/uvl/aki3068net.uvl,122539,running,step_started,input_model_loading,,0.000514,,300.000000,,,,,,,,,,,,,
307,2026-09-30T16:07:37.686718600Z,dataset_11/uvl/aki3068net.uvl,OUTPUT_THOROUGH/dataset_11/uvl/aki3068net.uvl,122539,running,step_completed,input_model_loading,0.111275,0.112109,,300.000000,1220,851,,,,,,,,,,,
308,2026-09-30T16:07:37.686718600Z,dataset_11/uvl/aki3068net.uvl,OUTPUT_THOROUGH/dataset_11/uvl/aki3068net.uvl,122539,running,step_started,boolean_feature_type_validation,,0.112109,,300.000000,1220,851,,,,,,,,,,,
309,2026-09-30T16:07:37.687323100Z,dataset_11/uvl/aki3068net.uvl,OUTPUT_THOROUGH/dataset_11/uvl/aki3068net.uvl,122539,running,step_completed,boolean_feature_type_validation,0.000315,0.112996,,300.000000,1220,851,,,,,,,,,,,
310,2026-09-30T16:07:37.687323100Z,dataset_11/uvl/aki3068net.uvl,OUTPUT_THOROUGH/dataset_11/uvl/aki3068net.uvl,122539,running,step_started,initial_satisfiability_check,,0.112996,,300.000000,1220,851,,,,,,,,,,,
311,2026-09-30T16:07:38.318071700Z,dataset_11/uvl/aki3068net.uvl,OUTPUT_THOROUGH/dataset_11/uvl/aki3068net.uvl,122539,running,step_completed,initial_satisfiability_check,0.630707,0.744102,,300.000000,1220,851,,,,,,,,,,,
312,2026-09-30T16:07:38.319107700Z,dataset_11/uvl/aki3068net.uvl,OUTPUT_THOROUGH/dataset_11/uvl/aki3068net.uvl,122539,running,step_started,core_feature_computation,,0.744102,,300.000000,1220,851,,,,,,,,,,,
313,2026-09-30T16:07:38.951481200Z,dataset_11/uvl/aki3068net.uvl,OUTPUT_THOROUGH/dataset_11/uvl/aki3068net.uvl,122539,running,step_completed,core_feature_computation,0.632824,1.377488,,300.000000,1220,851,,,,,,,,,,,
314,2026-09-30T16:07:38.952516300Z,dataset_11/uvl/aki3068net.uvl,OUTPUT_THOROUGH/dataset_11/uvl/aki3068net.uvl,122539,running,step_started,dead_feature_computation,,1.377488,,300.000000,1220,851,,,,,,,,,,,
315,2026-09-30T16:07:39.586761800Z,dataset_11/uvl/aki3068net.uvl,OUTPUT_THOROUGH/dataset_11/uvl/aki3068net.uvl,122539,running,step_completed,dead_feature_computation,0.634473,2.012535,,300.000000,1220,851,,,,,,,,,,,
316,2026-09-30T16:07:39.587357300Z,dataset_11/uvl/aki3068net.uvl,OUTPUT_THOROUGH/dataset_11/uvl/aki3068net.uvl,122539,running,step_started,atomic_set_computation,,2.012535,,300.000000,1220,851,,,,,,,,,,,
317,2026-09-30T16:07:40.626383Z,dataset_11/uvl/aki3068net.uvl,OUTPUT_THOROUGH/dataset_11/uvl/aki3068net.uvl,122539,running,step_completed,atomic_set_computation,1.039214,3.052304,,300.000000,1220,851,,,,,,,,,,,
318,2026-09-30T16:07:40.626383Z,dataset_11/uvl/aki3068net.uvl,OUTPUT_THOROUGH/dataset_11/uvl/aki3068net.uvl,122539,running,reduction_started,reduction,,3.052304,,300.000000,1220,851,,,,,,,,,,,
319,2026-09-30T16:07:40.627956500Z,dataset_11/uvl/aki3068net.uvl,OUTPUT_THOROUGH/dataset_11/uvl/aki3068net.uvl,122539,running,step_started,reduction_satisfiability_check,,3.053308,0.000014,300.000000,1220,851,,,,,,,,,,,
320,2026-09-30T16:07:41.883470100Z,dataset_11/uvl/aki3068net.uvl,OUTPUT_THOROUGH/dataset_11/uvl/aki3068net.uvl,122539,running,step_completed,reduction_satisfiability_check,1.255478,4.309098,1.255804,300.000000,1220,851,,,,,,,,,,,
321,2026-09-30T16:07:41.884004500Z,dataset_11/uvl/aki3068net.uvl,OUTPUT_THOROUGH/dataset_11/uvl/aki3068net.uvl,122539,running,step_started,reduction_original_cnf_construction,,4.309098,1.255804,300.000000,1220,851,,,,,,,,,,,
322,2026-09-30T16:07:42.528617200Z,dataset_11/uvl/aki3068net.uvl,OUTPUT_THOROUGH/dataset_11/uvl/aki3068net.uvl,122539,running,step_completed,reduction_original_cnf_construction,0.644580,4.954297,1.901003,300.000000,1220,851,,,,,,,,,,,
323,2026-09-30T16:07:42.528617200Z,dataset_11/uvl/aki3068net.uvl,OUTPUT_THOROUGH/dataset_11/uvl/aki3068net.uvl,122539,running,step_started,reduction_removal_plan_computation,,4.954297,1.901003,300.000000,1220,851,,,,,,,,,,,
324,2026-09-30T16:07:44.687248700Z,dataset_11/uvl/aki3068net.uvl,OUTPUT_THOROUGH/dataset_11/uvl/aki3068net.uvl,122539,running,step_completed,reduction_removal_plan_computation,2.158621,7.113517,4.060223,300.000000,1220,851,,,,,,,,,,,
325,2026-09-30T16:07:44.687248700Z,dataset_11/uvl/aki3068net.uvl,OUTPUT_THOROUGH/dataset_11/uvl/aki3068net.uvl,122539,running,step_started,reduction_variable_projection,,7.113517,4.060223,300.000000,1220,851,,,,,,,,,,,
326,2026-09-30T16:07:45.344815700Z,dataset_11/uvl/aki3068net.uvl,OUTPUT_THOROUGH/dataset_11/uvl/aki3068net.uvl,122539,running,step_completed,reduction_variable_projection,0.656177,7.770368,4.717074,300.000000,1220,851,,,,,,,,,595,595,
327,2026-09-30T16:07:45.344815700Z,dataset_11/uvl/aki3068net.uvl,OUTPUT_THOROUGH/dataset_11/uvl/aki3068net.uvl,122539,running,step_started,reduction_feature_tree_rebuild,,7.770368,4.717074,300.000000,1220,851,,,,,,,,,595,595,
328,2026-09-30T16:07:48.518036700Z,dataset_11/uvl/aki3068net.uvl,OUTPUT_THOROUGH/dataset_11/uvl/aki3068net.uvl,122539,running,step_completed,reduction_feature_tree_rebuild,3.172488,10.943573,7.890279,300.000000,1220,851,,,,,,,,,595,595,
329,2026-09-30T16:07:48.518036700Z,dataset_11/uvl/aki3068net.uvl,OUTPUT_THOROUGH/dataset_11/uvl/aki3068net.uvl,122539,running,step_started,reduction_structural_model_validation,,10.943573,7.890279,300.000000,1220,851,,,,,,,,,595,595,
330,2026-09-30T16:07:48.596650400Z,dataset_11/uvl/aki3068net.uvl,OUTPUT_THOROUGH/dataset_11/uvl/aki3068net.uvl,122539,running,step_completed,reduction_structural_model_validation,0.078312,11.022527,7.969232,300.000000,1220,851,,,,,,,,,595,595,
331,2026-09-30T16:07:48.597625200Z,dataset_11/uvl/aki3068net.uvl,OUTPUT_THOROUGH/dataset_11/uvl/aki3068net.uvl,122539,running,step_started,reduction_projected_constraint_addition,,11.022527,7.969232,300.000000,1220,851,,,,,,,,,595,595,
332,2026-09-30T16:07:48.808567500Z,dataset_11/uvl/aki3068net.uvl,OUTPUT_THOROUGH/dataset_11/uvl/aki3068net.uvl,122539,running,step_completed,reduction_projected_constraint_addition,0.211229,11.234423,8.181129,300.000000,1220,851,,,,,,,,,595,595,
333,2026-09-30T16:07:48.808567500Z,dataset_11/uvl/aki3068net.uvl,OUTPUT_THOROUGH/dataset_11/uvl/aki3068net.uvl,122539,running,step_started,reduction_reduced_model_validation,,11.234423,8.181129,300.000000,1220,851,,,,,,,,,595,595,
334,2026-09-30T16:07:49.431880200Z,dataset_11/uvl/aki3068net.uvl,OUTPUT_THOROUGH/dataset_11/uvl/aki3068net.uvl,122539,running,step_completed,reduction_reduced_model_validation,0.622246,11.857393,8.804099,300.000000,1220,851,,,,,,,,,595,595,
335,2026-09-30T16:07:49.432519100Z,dataset_11/uvl/aki3068net.uvl,OUTPUT_THOROUGH/dataset_11/uvl/aki3068net.uvl,122539,running,reduction_completed,reduction,8.804099,11.857393,8.804099,300.000000,1220,851,,,,,,,,,595,595,
336,2026-09-30T16:07:49.432519100Z,dataset_11/uvl/aki3068net.uvl,OUTPUT_THOROUGH/dataset_11/uvl/aki3068net.uvl,122539,running,step_started,simplified_model_storage,,11.858035,8.804099,300.000000,1220,851,,,,,,,,,595,595,
337,2026-09-30T16:07:49.441998100Z,dataset_11/uvl/aki3068net.uvl,OUTPUT_THOROUGH/dataset_11/uvl/aki3068net.uvl,122539,running,step_completed,simplified_model_storage,0.009039,11.867323,8.804099,300.000000,1220,851,,,,,,,,,595,595,
338,2026-09-30T16:07:49.441998100Z,dataset_11/uvl/aki3068net.uvl,OUTPUT_THOROUGH/dataset_11/uvl/aki3068net.uvl,122539,running,step_started,reduced_model_reloading,,11.867323,8.804099,300.000000,1220,851,,,,,,,,,595,595,
339,2026-09-30T16:07:49.573612200Z,dataset_11/uvl/aki3068net.uvl,OUTPUT_THOROUGH/dataset_11/uvl/aki3068net.uvl,122539,running,step_completed,reduced_model_reloading,0.131553,11.999475,8.804099,300.000000,1220,851,,,,,,,,,595,595,
340,2026-09-30T16:07:49.574581700Z,dataset_11/uvl/aki3068net.uvl,OUTPUT_THOROUGH/dataset_11/uvl/aki3068net.uvl,122539,running,step_started,statistics_computation,,11.999475,8.804099,300.000000,1220,851,,,,,,,,,595,595,
341,2026-09-30T16:07:49.575681700Z,dataset_11/uvl/aki3068net.uvl,OUTPUT_THOROUGH/dataset_11/uvl/aki3068net.uvl,122539,running,step_completed,statistics_computation,0.001251,12.001362,8.804099,300.000000,1220,851,,,,,,,,,595,595,
342,2026-09-30T16:07:49.576274400Z,dataset_11/uvl/aki3068net.uvl,OUTPUT_THOROUGH/dataset_11/uvl/aki3068net.uvl,122539,completed,model_completed,,,12.001362,8.804099,300.000000,1220,851,625,1462,0.487705,-0.717979,4,46,545,false,595,595,
343,2026-09-30T16:07:49.576827700Z,dataset_11/uvl/am31_sim.uvl,OUTPUT_THOROUGH/dataset_11/uvl/am31_sim.uvl,116880,running,model_started,,,0.000000,,300.000000,,,,,,,,,,,,,
344,2026-09-30T16:07:49.577837700Z,dataset_11/uvl/am31_sim.uvl,OUTPUT_THOROUGH/dataset_11/uvl/am31_sim.uvl,116880,running,step_started,input_model_loading,,0.000548,,300.000000,,,,,,,,,,,,,
345,2026-09-30T16:07:49.684191200Z,dataset_11/uvl/am31_sim.uvl,OUTPUT_THOROUGH/dataset_11/uvl/am31_sim.uvl,116880,running,step_completed,input_model_loading,0.106869,0.107728,,300.000000,1178,819,,,,,,,,,,,
346,2026-09-30T16:07:49.685199200Z,dataset_11/uvl/am31_sim.uvl,OUTPUT_THOROUGH/dataset_11/uvl/am31_sim.uvl,116880,running,step_started,boolean_feature_type_validation,,0.107728,,300.000000,1178,819,,,,,,,,,,,
347,2026-09-30T16:07:49.685199200Z,dataset_11/uvl/am31_sim.uvl,OUTPUT_THOROUGH/dataset_11/uvl/am31_sim.uvl,116880,running,step_completed,boolean_feature_type_validation,0.000330,0.108634,,300.000000,1178,819,,,,,,,,,,,
348,2026-09-30T16:07:49.685199200Z,dataset_11/uvl/am31_sim.uvl,OUTPUT_THOROUGH/dataset_11/uvl/am31_sim.uvl,116880,running,step_started,initial_satisfiability_check,,0.108634,,300.000000,1178,819,,,,,,,,,,,
349,2026-09-30T16:07:50.274653900Z,dataset_11/uvl/am31_sim.uvl,OUTPUT_THOROUGH/dataset_11/uvl/am31_sim.uvl,116880,running,step_completed,initial_satisfiability_check,0.588478,0.697546,,300.000000,1178,819,,,,,,,,,,,
350,2026-09-30T16:07:50.275162400Z,dataset_11/uvl/am31_sim.uvl,OUTPUT_THOROUGH/dataset_11/uvl/am31_sim.uvl,116880,running,step_started,core_feature_computation,,0.697546,,300.000000,1178,819,,,,,,,,,,,
351,2026-09-30T16:07:50.864217Z,dataset_11/uvl/am31_sim.uvl,OUTPUT_THOROUGH/dataset_11/uvl/am31_sim.uvl,116880,running,step_completed,core_feature_computation,0.589343,1.287496,,300.000000,1178,819,,,,,,,,,,,
352,2026-09-30T16:07:50.865214200Z,dataset_11/uvl/am31_sim.uvl,OUTPUT_THOROUGH/dataset_11/uvl/am31_sim.uvl,116880,running,step_started,dead_feature_computation,,1.287496,,300.000000,1178,819,,,,,,,,,,,
353,2026-09-30T16:07:51.453335500Z,dataset_11/uvl/am31_sim.uvl,OUTPUT_THOROUGH/dataset_11/uvl/am31_sim.uvl,116880,running,step_completed,dead_feature_computation,0.587958,1.876148,,300.000000,1178,819,,,,,,,,,,,
354,2026-09-30T16:07:51.453335500Z,dataset_11/uvl/am31_sim.uvl,OUTPUT_THOROUGH/dataset_11/uvl/am31_sim.uvl,116880,running,step_started,atomic_set_computation,,1.876148,,300.000000,1178,819,,,,,,,,,,,
355,2026-09-30T16:07:52.097674Z,dataset_11/uvl/am31_sim.uvl,OUTPUT_THOROUGH/dataset_11/uvl/am31_sim.uvl,116880,running,step_completed,atomic_set_computation,0.644961,2.521805,,300.000000,1178,819,,,,,,,,,,,
356,2026-09-30T16:07:52.099271800Z,dataset_11/uvl/am31_sim.uvl,OUTPUT_THOROUGH/dataset_11/uvl/am31_sim.uvl,116880,running,reduction_started,reduction,,2.521805,,300.000000,1178,819,,,,,,,,,,,
357,2026-09-30T16:07:52.099833Z,dataset_11/uvl/am31_sim.uvl,OUTPUT_THOROUGH/dataset_11/uvl/am31_sim.uvl,116880,running,step_started,reduction_satisfiability_check,,2.522699,0.000011,300.000000,1178,819,,,,,,,,,,,
358,2026-09-30T16:07:52.681197300Z,dataset_11/uvl/am31_sim.uvl,OUTPUT_THOROUGH/dataset_11/uvl/am31_sim.uvl,116880,running,step_completed,reduction_satisfiability_check,0.581380,3.104345,0.581657,300.000000,1178,819,,,,,,,,,,,
359,2026-09-30T16:07:52.681789Z,dataset_11/uvl/am31_sim.uvl,OUTPUT_THOROUGH/dataset_11/uvl/am31_sim.uvl,116880,running,step_started,reduction_original_cnf_construction,,3.104345,0.581657,300.000000,1178,819,,,,,,,,,,,
360,2026-09-30T16:07:53.303211200Z,dataset_11/uvl/am31_sim.uvl,OUTPUT_THOROUGH/dataset_11/uvl/am31_sim.uvl,116880,running,step_completed,reduction_original_cnf_construction,0.620913,3.725875,1.203187,300.000000,1178,819,,,,,,,,,,,
361,2026-09-30T16:07:53.303211200Z,dataset_11/uvl/am31_sim.uvl,OUTPUT_THOROUGH/dataset_11/uvl/am31_sim.uvl,116880,running,step_started,reduction_removal_plan_computation,,3.725875,1.203187,300.000000,1178,819,,,,,,,,,,,
362,2026-09-30T16:07:56.007682200Z,dataset_11/uvl/am31_sim.uvl,OUTPUT_THOROUGH/dataset_11/uvl/am31_sim.uvl,116880,running,step_completed,reduction_removal_plan_computation,2.704379,6.430900,3.908213,300.000000,1178,819,,,,,,,,,,,
363,2026-09-30T16:07:56.008690600Z,dataset_11/uvl/am31_sim.uvl,OUTPUT_THOROUGH/dataset_11/uvl/am31_sim.uvl,116880,running,step_started,reduction_variable_projection,,6.430900,3.908213,300.000000,1178,819,,,,,,,,,,,
364,2026-09-30T16:07:56.701349300Z,dataset_11/uvl/am31_sim.uvl,OUTPUT_THOROUGH/dataset_11/uvl/am31_sim.uvl,116880,running,step_completed,reduction_variable_projection,0.692584,7.124468,4.601780,300.000000,1178,819,,,,,,,,,575,575,
365,2026-09-30T16:07:56.701349300Z,dataset_11/uvl/am31_sim.uvl,OUTPUT_THOROUGH/dataset_11/uvl/am31_sim.uvl,116880,running,step_started,reduction_feature_tree_rebuild,,7.124468,4.601780,300.000000,1178,819,,,,,,,,,575,575,
366,2026-09-30T16:07:59.676918500Z,dataset_11/uvl/am31_sim.uvl,OUTPUT_THOROUGH/dataset_11/uvl/am31_sim.uvl,116880,running,step_completed,reduction_feature_tree_rebuild,2.974842,10.099923,7.577235,300.000000,1178,819,,,,,,,,,575,575,
367,2026-09-30T16:07:59.676918500Z,dataset_11/uvl/am31_sim.uvl,OUTPUT_THOROUGH/dataset_11/uvl/am31_sim.uvl,116880,running,step_started,reduction_structural_model_validation,,10.099923,7.577235,300.000000,1178,819,,,,,,,,,575,575,
368,2026-09-30T16:07:59.751335600Z,dataset_11/uvl/am31_sim.uvl,OUTPUT_THOROUGH/dataset_11/uvl/am31_sim.uvl,116880,running,step_completed,reduction_structural_model_validation,0.073882,10.174439,7.651751,300.000000,1178,819,,,,,,,,,575,575,
369,2026-09-30T16:07:59.751335600Z,dataset_11/uvl/am31_sim.uvl,OUTPUT_THOROUGH/dataset_11/uvl/am31_sim.uvl,116880,running,step_started,reduction_projected_constraint_addition,,10.174439,7.651751,300.000000,1178,819,,,,,,,,,575,575,
370,2026-09-30T16:07:59.940393800Z,dataset_11/uvl/am31_sim.uvl,OUTPUT_THOROUGH/dataset_11/uvl/am31_sim.uvl,116880,running,step_completed,reduction_projected_constraint_addition,0.188628,10.363714,7.841026,300.000000,1178,819,,,,,,,,,575,575,
371,2026-09-30T16:07:59.940393800Z,dataset_11/uvl/am31_sim.uvl,OUTPUT_THOROUGH/dataset_11/uvl/am31_sim.uvl,116880,running,step_started,reduction_reduced_model_validation,,10.363714,7.841026,300.000000,1178,819,,,,,,,,,575,575,
372,2026-09-30T16:08:00.544449Z,dataset_11/uvl/am31_sim.uvl,OUTPUT_THOROUGH/dataset_11/uvl/am31_sim.uvl,116880,running,step_completed,reduction_reduced_model_validation,0.602939,10.967556,8.444868,300.000000,1178,819,,,,,,,,,575,575,
373,2026-09-30T16:08:00.545027Z,dataset_11/uvl/am31_sim.uvl,OUTPUT_THOROUGH/dataset_11/uvl/am31_sim.uvl,116880,running,reduction_completed,reduction,8.444868,10.967556,8.444868,300.000000,1178,819,,,,,,,,,575,575,
374,2026-09-30T16:08:00.545027Z,dataset_11/uvl/am31_sim.uvl,OUTPUT_THOROUGH/dataset_11/uvl/am31_sim.uvl,116880,running,step_started,simplified_model_storage,,10.968420,8.444868,300.000000,1178,819,,,,,,,,,575,575,
375,2026-09-30T16:08:00.555647Z,dataset_11/uvl/am31_sim.uvl,OUTPUT_THOROUGH/dataset_11/uvl/am31_sim.uvl,116880,running,step_completed,simplified_model_storage,0.010740,10.979465,8.444868,300.000000,1178,819,,,,,,,,,575,575,
376,2026-09-30T16:08:00.557156600Z,dataset_11/uvl/am31_sim.uvl,OUTPUT_THOROUGH/dataset_11/uvl/am31_sim.uvl,116880,running,step_started,reduced_model_reloading,,10.979465,8.444868,300.000000,1178,819,,,,,,,,,575,575,
377,2026-09-30T16:08:00.686973700Z,dataset_11/uvl/am31_sim.uvl,OUTPUT_THOROUGH/dataset_11/uvl/am31_sim.uvl,116880,running,step_completed,reduced_model_reloading,0.130262,11.110488,8.444868,300.000000,1178,819,,,,,,,,,575,575,
378,2026-09-30T16:08:00.686973700Z,dataset_11/uvl/am31_sim.uvl,OUTPUT_THOROUGH/dataset_11/uvl/am31_sim.uvl,116880,running,step_started,statistics_computation,,11.110488,8.444868,300.000000,1178,819,,,,,,,,,575,575,
379,2026-09-30T16:08:00.688574400Z,dataset_11/uvl/am31_sim.uvl,OUTPUT_THOROUGH/dataset_11/uvl/am31_sim.uvl,116880,running,step_completed,statistics_computation,0.001193,11.112257,8.444868,300.000000,1178,819,,,,,,,,,575,575,
380,2026-09-30T16:08:00.688574400Z,dataset_11/uvl/am31_sim.uvl,OUTPUT_THOROUGH/dataset_11/uvl/am31_sim.uvl,116880,completed,model_completed,,,11.112257,8.444868,300.000000,1178,819,603,1422,0.488115,-0.736264,4,53,518,false,575,575,
381,2026-09-30T16:08:00.690094Z,dataset_11/uvl/asb.uvl,OUTPUT_THOROUGH/dataset_11/uvl/asb.uvl,123059,running,model_started,,,0.000000,,300.000000,,,,,,,,,,,,,
382,2026-09-30T16:08:00.691101300Z,dataset_11/uvl/asb.uvl,OUTPUT_THOROUGH/dataset_11/uvl/asb.uvl,123059,running,step_started,input_model_loading,,0.000612,,300.000000,,,,,,,,,,,,,
383,2026-09-30T16:08:00.807718100Z,dataset_11/uvl/asb.uvl,OUTPUT_THOROUGH/dataset_11/uvl/asb.uvl,123059,running,step_completed,input_model_loading,0.116652,0.117543,,300.000000,1244,851,,,,,,,,,,,
384,2026-09-30T16:08:00.807718100Z,dataset_11/uvl/asb.uvl,OUTPUT_THOROUGH/dataset_11/uvl/asb.uvl,123059,running,step_started,boolean_feature_type_validation,,0.117543,,300.000000,1244,851,,,,,,,,,,,
385,2026-09-30T16:08:00.809232500Z,dataset_11/uvl/asb.uvl,OUTPUT_THOROUGH/dataset_11/uvl/asb.uvl,123059,running,step_completed,boolean_feature_type_validation,0.000454,0.118638,,300.000000,1244,851,,,,,,,,,,,
386,2026-09-30T16:08:00.809232500Z,dataset_11/uvl/asb.uvl,OUTPUT_THOROUGH/dataset_11/uvl/asb.uvl,123059,running,step_started,initial_satisfiability_check,,0.118638,,300.000000,1244,851,,,,,,,,,,,
387,2026-09-30T16:08:01.458672800Z,dataset_11/uvl/asb.uvl,OUTPUT_THOROUGH/dataset_11/uvl/asb.uvl,123059,running,step_completed,initial_satisfiability_check,0.649228,0.768454,,300.000000,1244,851,,,,,,,,,,,
388,2026-09-30T16:08:01.458672800Z,dataset_11/uvl/asb.uvl,OUTPUT_THOROUGH/dataset_11/uvl/asb.uvl,123059,running,step_started,core_feature_computation,,0.768454,,300.000000,1244,851,,,,,,,,,,,
389,2026-09-30T16:08:02.101511400Z,dataset_11/uvl/asb.uvl,OUTPUT_THOROUGH/dataset_11/uvl/asb.uvl,123059,running,step_completed,core_feature_computation,0.641735,1.410879,,300.000000,1244,851,,,,,,,,,,,
390,2026-09-30T16:08:02.102022700Z,dataset_11/uvl/asb.uvl,OUTPUT_THOROUGH/dataset_11/uvl/asb.uvl,123059,running,step_started,dead_feature_computation,,1.410879,,300.000000,1244,851,,,,,,,,,,,
391,2026-09-30T16:08:02.750038500Z,dataset_11/uvl/asb.uvl,OUTPUT_THOROUGH/dataset_11/uvl/asb.uvl,123059,running,step_completed,dead_feature_computation,0.648327,2.059754,,300.000000,1244,851,,,,,,,,,,,
392,2026-09-30T16:08:02.750573300Z,dataset_11/uvl/asb.uvl,OUTPUT_THOROUGH/dataset_11/uvl/asb.uvl,123059,running,step_started,atomic_set_computation,,2.059754,,300.000000,1244,851,,,,,,,,,,,
393,2026-09-30T16:08:03.449381100Z,dataset_11/uvl/asb.uvl,OUTPUT_THOROUGH/dataset_11/uvl/asb.uvl,123059,running,step_completed,atomic_set_computation,0.698835,2.759120,,300.000000,1244,851,,,,,,,,,,,
394,2026-09-30T16:08:03.450019800Z,dataset_11/uvl/asb.uvl,OUTPUT_THOROUGH/dataset_11/uvl/asb.uvl,123059,running,reduction_started,reduction,,2.759120,,300.000000,1244,851,,,,,,,,,,,
395,2026-09-30T16:08:03.450019800Z,dataset_11/uvl/asb.uvl,OUTPUT_THOROUGH/dataset_11/uvl/asb.uvl,123059,running,step_started,reduction_satisfiability_check,,2.759738,0.000011,300.000000,1244,851,,,,,,,,,,,
396,2026-09-30T16:08:04.092062100Z,dataset_11/uvl/asb.uvl,OUTPUT_THOROUGH/dataset_11/uvl/asb.uvl,123059,running,step_completed,reduction_satisfiability_check,0.641700,3.401661,0.641934,300.000000,1244,851,,,,,,,,,,,
397,2026-09-30T16:08:04.092062100Z,dataset_11/uvl/asb.uvl,OUTPUT_THOROUGH/dataset_11/uvl/asb.uvl,123059,running,step_started,reduction_original_cnf_construction,,3.401661,0.641934,300.000000,1244,851,,,,,,,,,,,
398,2026-09-30T16:08:04.752303400Z,dataset_11/uvl/asb.uvl,OUTPUT_THOROUGH/dataset_11/uvl/asb.uvl,123059,running,step_completed,reduction_original_cnf_construction,0.659774,4.061981,1.302255,300.000000,1244,851,,,,,,,,,,,
399,2026-09-30T16:08:04.752303400Z,dataset_11/uvl/asb.uvl,OUTPUT_THOROUGH/dataset_11/uvl/asb.uvl,123059,running,step_started,reduction_removal_plan_computation,,4.061981,1.302255,300.000000,1244,851,,,,,,,,,,,
400,2026-09-30T16:08:06.916235500Z,dataset_11/uvl/asb.uvl,OUTPUT_THOROUGH/dataset_11/uvl/asb.uvl,123059,running,step_completed,reduction_removal_plan_computation,2.163396,6.225957,3.466230,300.000000,1244,851,,,,,,,,,,,
401,2026-09-30T16:08:06.916770900Z,dataset_11/uvl/asb.uvl,OUTPUT_THOROUGH/dataset_11/uvl/asb.uvl,123059,running,step_started,reduction_variable_projection,,6.225957,3.466230,300.000000,1244,851,,,,,,,,,,,
402,2026-09-30T16:08:07.544771800Z,dataset_11/uvl/asb.uvl,OUTPUT_THOROUGH/dataset_11/uvl/asb.uvl,123059,running,step_completed,reduction_variable_projection,0.627881,6.854448,4.094722,300.000000,1244,851,,,,,,,,,593,593,
403,2026-09-30T16:08:07.544771800Z,dataset_11/uvl/asb.uvl,OUTPUT_THOROUGH/dataset_11/uvl/asb.uvl,123059,running,step_started,reduction_feature_tree_rebuild,,6.854448,4.094722,300.000000,1244,851,,,,,,,,,593,593,
404,2026-09-30T16:08:11.546783200Z,dataset_11/uvl/asb.uvl,OUTPUT_THOROUGH/dataset_11/uvl/asb.uvl,123059,running,step_completed,reduction_feature_tree_rebuild,4.001146,10.856184,8.096457,300.000000,1244,851,,,,,,,,,593,593,
405,2026-09-30T16:08:11.546783200Z,dataset_11/uvl/asb.uvl,OUTPUT_THOROUGH/dataset_11/uvl/asb.uvl,123059,running,step_started,reduction_structural_model_validation,,10.856184,8.096457,300.000000,1244,851,,,,,,,,,593,593,
406,2026-09-30T16:08:11.629693Z,dataset_11/uvl/asb.uvl,OUTPUT_THOROUGH/dataset_11/uvl/asb.uvl,123059,running,step_completed,reduction_structural_model_validation,0.083510,10.940243,8.180517,300.000000,1244,851,,,,,,,,,593,593,
407,2026-09-30T16:08:11.631227600Z,dataset_11/uvl/asb.uvl,OUTPUT_THOROUGH/dataset_11/uvl/asb.uvl,123059,running,step_started,reduction_projected_constraint_addition,,10.940243,8.180517,300.000000,1244,851,,,,,,,,,593,593,
408,2026-09-30T16:08:11.807904500Z,dataset_11/uvl/asb.uvl,OUTPUT_THOROUGH/dataset_11/uvl/asb.uvl,123059,running,step_completed,reduction_projected_constraint_addition,0.176356,11.117216,8.357489,300.000000,1244,851,,,,,,,,,593,593,
409,2026-09-30T16:08:11.807904500Z,dataset_11/uvl/asb.uvl,OUTPUT_THOROUGH/dataset_11/uvl/asb.uvl,123059,running,step_started,reduction_reduced_model_validation,,11.117216,8.357489,300.000000,1244,851,,,,,,,,,593,593,
410,2026-09-30T16:08:12.392659700Z,dataset_11/uvl/asb.uvl,OUTPUT_THOROUGH/dataset_11/uvl/asb.uvl,123059,running,step_completed,reduction_reduced_model_validation,0.584445,11.702230,8.942503,300.000000,1244,851,,,,,,,,,593,593,
411,2026-09-30T16:08:12.393194300Z,dataset_11/uvl/asb.uvl,OUTPUT_THOROUGH/dataset_11/uvl/asb.uvl,123059,running,reduction_completed,reduction,8.942503,11.702230,8.942503,300.000000,1244,851,,,,,,,,,593,593,
412,2026-09-30T16:08:12.393194300Z,dataset_11/uvl/asb.uvl,OUTPUT_THOROUGH/dataset_11/uvl/asb.uvl,123059,running,step_started,simplified_model_storage,,11.702830,8.942503,300.000000,1244,851,,,,,,,,,593,593,
413,2026-09-30T16:08:12.402236200Z,dataset_11/uvl/asb.uvl,OUTPUT_THOROUGH/dataset_11/uvl/asb.uvl,123059,running,step_completed,simplified_model_storage,0.008481,11.711522,8.942503,300.000000,1244,851,,,,,,,,,593,593,
414,2026-09-30T16:08:12.402236200Z,dataset_11/uvl/asb.uvl,OUTPUT_THOROUGH/dataset_11/uvl/asb.uvl,123059,running,step_started,reduced_model_reloading,,11.711522,8.942503,300.000000,1244,851,,,,,,,,,593,593,
415,2026-09-30T16:08:12.521671500Z,dataset_11/uvl/asb.uvl,OUTPUT_THOROUGH/dataset_11/uvl/asb.uvl,123059,running,step_completed,reduced_model_reloading,0.118957,11.830978,8.942503,300.000000,1244,851,,,,,,,,,593,593,
416,2026-09-30T16:08:12.521671500Z,dataset_11/uvl/asb.uvl,OUTPUT_THOROUGH/dataset_11/uvl/asb.uvl,123059,running,step_started,statistics_computation,,11.830978,8.942503,300.000000,1244,851,,,,,,,,,593,593,
417,2026-09-30T16:08:12.523120700Z,dataset_11/uvl/asb.uvl,OUTPUT_THOROUGH/dataset_11/uvl/asb.uvl,123059,running,step_completed,statistics_computation,0.001176,11.832700,8.942503,300.000000,1244,851,,,,,,,,,593,593,
418,2026-09-30T16:08:12.523120700Z,dataset_11/uvl/asb.uvl,OUTPUT_THOROUGH/dataset_11/uvl/asb.uvl,123059,completed,model_completed,,,11.832700,8.942503,300.000000,1244,851,651,1331,0.476688,-0.564042,4,57,532,false,593,593,
419,2026-09-30T16:08:12.523120700Z,dataset_11/uvl/asb2305.uvl,OUTPUT_THOROUGH/dataset_11/uvl/asb2305.uvl,124433,running,model_started,,,0.000000,,300.000000,,,,,,,,,,,,,
420,2026-09-30T16:08:12.524628200Z,dataset_11/uvl/asb2305.uvl,OUTPUT_THOROUGH/dataset_11/uvl/asb2305.uvl,124433,running,step_started,input_model_loading,,0.000620,,300.000000,,,,,,,,,,,,,
421,2026-09-30T16:08:12.642949800Z,dataset_11/uvl/asb2305.uvl,OUTPUT_THOROUGH/dataset_11/uvl/asb2305.uvl,124433,running,step_completed,input_model_loading,0.117901,0.118918,,300.000000,1255,857,,,,,,,,,,,
422,2026-09-30T16:08:12.642949800Z,dataset_11/uvl/asb2305.uvl,OUTPUT_THOROUGH/dataset_11/uvl/asb2305.uvl,124433,running,step_started,boolean_feature_type_validation,,0.118918,,300.000000,1255,857,,,,,,,,,,,
423,2026-09-30T16:08:12.642949800Z,dataset_11/uvl/asb2305.uvl,OUTPUT_THOROUGH/dataset_11/uvl/asb2305.uvl,124433,running,step_completed,boolean_feature_type_validation,0.000331,0.119800,,300.000000,1255,857,,,,,,,,,,,
424,2026-09-30T16:08:12.642949800Z,dataset_11/uvl/asb2305.uvl,OUTPUT_THOROUGH/dataset_11/uvl/asb2305.uvl,124433,running,step_started,initial_satisfiability_check,,0.119800,,300.000000,1255,857,,,,,,,,,,,
425,2026-09-30T16:08:13.300688800Z,dataset_11/uvl/asb2305.uvl,OUTPUT_THOROUGH/dataset_11/uvl/asb2305.uvl,124433,running,step_completed,initial_satisfiability_check,0.656018,0.776268,,300.000000,1255,857,,,,,,,,,,,
426,2026-09-30T16:08:13.300688800Z,dataset_11/uvl/asb2305.uvl,OUTPUT_THOROUGH/dataset_11/uvl/asb2305.uvl,124433,running,step_started,core_feature_computation,,0.776268,,300.000000,1255,857,,,,,,,,,,,
427,2026-09-30T16:08:13.953221500Z,dataset_11/uvl/asb2305.uvl,OUTPUT_THOROUGH/dataset_11/uvl/asb2305.uvl,124433,running,step_completed,core_feature_computation,0.652839,1.429629,,300.000000,1255,857,,,,,,,,,,,
428,2026-09-30T16:08:13.954223900Z,dataset_11/uvl/asb2305.uvl,OUTPUT_THOROUGH/dataset_11/uvl/asb2305.uvl,124433,running,step_started,dead_feature_computation,,1.429629,,300.000000,1255,857,,,,,,,,,,,
429,2026-09-30T16:08:14.607979200Z,dataset_11/uvl/asb2305.uvl,OUTPUT_THOROUGH/dataset_11/uvl/asb2305.uvl,124433,running,step_completed,dead_feature_computation,0.653795,2.083987,,300.000000,1255,857,,,,,,,,,,,
430,2026-09-30T16:08:14.607979200Z,dataset_11/uvl/asb2305.uvl,OUTPUT_THOROUGH/dataset_11/uvl/asb2305.uvl,124433,running,step_started,atomic_set_computation,,2.083987,,300.000000,1255,857,,,,,,,,,,,
431,2026-09-30T16:08:15.304722100Z,dataset_11/uvl/asb2305.uvl,OUTPUT_THOROUGH/dataset_11/uvl/asb2305.uvl,124433,running,step_completed,atomic_set_computation,0.696727,2.781251,,300.000000,1255,857,,,,,,,,,,,
432,2026-09-30T16:08:15.305757300Z,dataset_11/uvl/asb2305.uvl,OUTPUT_THOROUGH/dataset_11/uvl/asb2305.uvl,124433,running,reduction_started,reduction,,2.781251,,300.000000,1255,857,,,,,,,,,,,
433,2026-09-30T16:08:15.305757300Z,dataset_11/uvl/asb2305.uvl,OUTPUT_THOROUGH/dataset_11/uvl/asb2305.uvl,124433,running,step_started,reduction_satisfiability_check,,2.781848,0.000010,300.000000,1255,857,,,,,,,,,,,
434,2026-09-30T16:08:15.951725Z,dataset_11/uvl/asb2305.uvl,OUTPUT_THOROUGH/dataset_11/uvl/asb2305.uvl,124433,running,step_completed,reduction_satisfiability_check,0.645890,3.427910,0.646072,300.000000,1255,857,,,,,,,,,,,
435,2026-09-30T16:08:15.951725Z,dataset_11/uvl/asb2305.uvl,OUTPUT_THOROUGH/dataset_11/uvl/asb2305.uvl,124433,running,step_started,reduction_original_cnf_construction,,3.427910,0.646072,300.000000,1255,857,,,,,,,,,,,
436,2026-09-30T16:08:16.623479300Z,dataset_11/uvl/asb2305.uvl,OUTPUT_THOROUGH/dataset_11/uvl/asb2305.uvl,124433,running,step_completed,reduction_original_cnf_construction,0.670619,4.099172,1.317334,300.000000,1255,857,,,,,,,,,,,
437,2026-09-30T16:08:16.623479300Z,dataset_11/uvl/asb2305.uvl,OUTPUT_THOROUGH/dataset_11/uvl/asb2305.uvl,124433,running,step_started,reduction_removal_plan_computation,,4.099172,1.317334,300.000000,1255,857,,,,,,,,,,,
438,2026-09-30T16:08:18.809303100Z,dataset_11/uvl/asb2305.uvl,OUTPUT_THOROUGH/dataset_11/uvl/asb2305.uvl,124433,running,step_completed,reduction_removal_plan_computation,2.185515,6.285267,3.503429,300.000000,1255,857,,,,,,,,,,,
439,2026-09-30T16:08:18.809303100Z,dataset_11/uvl/asb2305.uvl,OUTPUT_THOROUGH/dataset_11/uvl/asb2305.uvl,124433,running,step_started,reduction_variable_projection,,6.285267,3.503429,300.000000,1255,857,,,,,,,,,,,
440,2026-09-30T16:08:19.431613900Z,dataset_11/uvl/asb2305.uvl,OUTPUT_THOROUGH/dataset_11/uvl/asb2305.uvl,124433,running,step_completed,reduction_variable_projection,0.621240,6.907149,4.125311,300.000000,1255,857,,,,,,,,,603,603,
441,2026-09-30T16:08:19.431613900Z,dataset_11/uvl/asb2305.uvl,OUTPUT_THOROUGH/dataset_11/uvl/asb2305.uvl,124433,running,step_started,reduction_feature_tree_rebuild,,6.907149,4.125311,300.000000,1255,857,,,,,,,,,603,603,
442,2026-09-30T16:08:22.594802100Z,dataset_11/uvl/asb2305.uvl,OUTPUT_THOROUGH/dataset_11/uvl/asb2305.uvl,124433,running,step_completed,reduction_feature_tree_rebuild,3.162708,10.070419,7.288581,300.000000,1255,857,,,,,,,,,603,603,
443,2026-09-30T16:08:22.594802100Z,dataset_11/uvl/asb2305.uvl,OUTPUT_THOROUGH/dataset_11/uvl/asb2305.uvl,124433,running,step_started,reduction_structural_model_validation,,10.070419,7.288581,300.000000,1255,857,,,,,,,,,603,603,
444,2026-09-30T16:08:22.678865300Z,dataset_11/uvl/asb2305.uvl,OUTPUT_THOROUGH/dataset_11/uvl/asb2305.uvl,124433,running,step_completed,reduction_structural_model_validation,0.083744,10.154800,7.372961,300.000000,1255,857,,,,,,,,,603,603,
445,2026-09-30T16:08:22.679406900Z,dataset_11/uvl/asb2305.uvl,OUTPUT_THOROUGH/dataset_11/uvl/asb2305.uvl,124433,running,step_started,reduction_projected_constraint_addition,,10.154800,7.372961,300.000000,1255,857,,,,,,,,,603,603,
446,2026-09-30T16:08:22.857669400Z,dataset_11/uvl/asb2305.uvl,OUTPUT_THOROUGH/dataset_11/uvl/asb2305.uvl,124433,running,step_completed,reduction_projected_constraint_addition,0.178102,10.333527,7.551688,300.000000,1255,857,,,,,,,,,603,603,
447,2026-09-30T16:08:22.858183800Z,dataset_11/uvl/asb2305.uvl,OUTPUT_THOROUGH/dataset_11/uvl/asb2305.uvl,124433,running,step_started,reduction_reduced_model_validation,,10.333527,7.551688,300.000000,1255,857,,,,,,,,,603,603,
448,2026-09-30T16:08:23.447042200Z,dataset_11/uvl/asb2305.uvl,OUTPUT_THOROUGH/dataset_11/uvl/asb2305.uvl,124433,running,step_completed,reduction_reduced_model_validation,0.588966,10.923087,8.141249,300.000000,1255,857,,,,,,,,,603,603,
449,2026-09-30T16:08:23.447042200Z,dataset_11/uvl/asb2305.uvl,OUTPUT_THOROUGH/dataset_11/uvl/asb2305.uvl,124433,running,reduction_completed,reduction,8.141249,10.923087,8.141249,300.000000,1255,857,,,,,,,,,603,603,
450,2026-09-30T16:08:23.448041300Z,dataset_11/uvl/asb2305.uvl,OUTPUT_THOROUGH/dataset_11/uvl/asb2305.uvl,124433,running,step_started,simplified_model_storage,,10.923717,8.141249,300.000000,1255,857,,,,,,,,,603,603,
451,2026-09-30T16:08:23.456360900Z,dataset_11/uvl/asb2305.uvl,OUTPUT_THOROUGH/dataset_11/uvl/asb2305.uvl,124433,running,step_completed,simplified_model_storage,0.008716,10.932638,8.141249,300.000000,1255,857,,,,,,,,,603,603,
452,2026-09-30T16:08:23.457360900Z,dataset_11/uvl/asb2305.uvl,OUTPUT_THOROUGH/dataset_11/uvl/asb2305.uvl,124433,running,step_started,reduced_model_reloading,,10.932638,8.141249,300.000000,1255,857,,,,,,,,,603,603,
453,2026-09-30T16:08:23.581979Z,dataset_11/uvl/asb2305.uvl,OUTPUT_THOROUGH/dataset_11/uvl/asb2305.uvl,124433,running,step_completed,reduced_model_reloading,0.124353,11.057539,8.141249,300.000000,1255,857,,,,,,,,,603,603,
454,2026-09-30T16:08:23.581979Z,dataset_11/uvl/asb2305.uvl,OUTPUT_THOROUGH/dataset_11/uvl/asb2305.uvl,124433,running,step_started,statistics_computation,,11.057539,8.141249,300.000000,1255,857,,,,,,,,,603,603,
455,2026-09-30T16:08:23.583570300Z,dataset_11/uvl/asb2305.uvl,OUTPUT_THOROUGH/dataset_11/uvl/asb2305.uvl,124433,running,step_completed,statistics_computation,0.001231,11.059306,8.141249,300.000000,1255,857,,,,,,,,,603,603,
456,2026-09-30T16:08:23.583570300Z,dataset_11/uvl/asb2305.uvl,OUTPUT_THOROUGH/dataset_11/uvl/asb2305.uvl,124433,completed,model_completed,,,11.059306,8.141249,300.000000,1255,857,652,1382,0.480478,-0.612602,4,66,533,false,603,603,
457,2026-09-30T16:08:23.584586500Z,dataset_11/uvl/assabet.uvl,OUTPUT_THOROUGH/dataset_11/uvl/assabet.uvl,132597,running,model_started,,,0.000000,,300.000000,,,,,,,,,,,,,
458,2026-09-30T16:08:23.585097600Z,dataset_11/uvl/assabet.uvl,OUTPUT_THOROUGH/dataset_11/uvl/assabet.uvl,132597,running,step_started,input_model_loading,,0.000557,,300.000000,,,,,,,,,,,,,
459,2026-09-30T16:08:23.711010200Z,dataset_11/uvl/assabet.uvl,OUTPUT_THOROUGH/dataset_11/uvl/assabet.uvl,132597,running,step_completed,input_model_loading,0.125699,0.126536,,300.000000,1279,927,,,,,,,,,,,
460,2026-09-30T16:08:23.711010200Z,dataset_11/uvl/assabet.uvl,OUTPUT_THOROUGH/dataset_11/uvl/assabet.uvl,132597,running,step_started,boolean_feature_type_validation,,0.126536,,300.000000,1279,927,,,,,,,,,,,
461,2026-09-30T16:08:23.711010200Z,dataset_11/uvl/assabet.uvl,OUTPUT_THOROUGH/dataset_11/uvl/assabet.uvl,132597,running,step_completed,boolean_feature_type_validation,0.000345,0.127501,,300.000000,1279,927,,,,,,,,,,,
462,2026-09-30T16:08:23.711010200Z,dataset_11/uvl/assabet.uvl,OUTPUT_THOROUGH/dataset_11/uvl/assabet.uvl,132597,running,step_started,initial_satisfiability_check,,0.127501,,300.000000,1279,927,,,,,,,,,,,
463,2026-09-30T16:08:24.439906300Z,dataset_11/uvl/assabet.uvl,OUTPUT_THOROUGH/dataset_11/uvl/assabet.uvl,132597,running,step_completed,initial_satisfiability_check,0.727245,0.855173,,300.000000,1279,927,,,,,,,,,,,
464,2026-09-30T16:08:24.439906300Z,dataset_11/uvl/assabet.uvl,OUTPUT_THOROUGH/dataset_11/uvl/assabet.uvl,132597,running,step_started,core_feature_computation,,0.855173,,300.000000,1279,927,,,,,,,,,,,
465,2026-09-30T16:08:25.226442300Z,dataset_11/uvl/assabet.uvl,OUTPUT_THOROUGH/dataset_11/uvl/assabet.uvl,132597,running,step_completed,core_feature_computation,0.786223,1.642087,,300.000000,1279,927,,,,,,,,,,,
466,2026-09-30T16:08:25.226442300Z,dataset_11/uvl/assabet.uvl,OUTPUT_THOROUGH/dataset_11/uvl/assabet.uvl,132597,running,step_started,dead_feature_computation,,1.642087,,300.000000,1279,927,,,,,,,,,,,
467,2026-09-30T16:08:26.633461600Z,dataset_11/uvl/assabet.uvl,OUTPUT_THOROUGH/dataset_11/uvl/assabet.uvl,132597,running,step_completed,dead_feature_computation,1.406459,3.049126,,300.000000,1279,927,,,,,,,,,,,
468,2026-09-30T16:08:26.633996200Z,dataset_11/uvl/assabet.uvl,OUTPUT_THOROUGH/dataset_11/uvl/assabet.uvl,132597,running,step_started,atomic_set_computation,,3.049126,,300.000000,1279,927,,,,,,,,,,,
469,2026-09-30T16:08:27.413935Z,dataset_11/uvl/assabet.uvl,OUTPUT_THOROUGH/dataset_11/uvl/assabet.uvl,132597,running,step_completed,atomic_set_computation,0.779831,3.829517,,300.000000,1279,927,,,,,,,,,,,
470,2026-09-30T16:08:27.413935Z,dataset_11/uvl/assabet.uvl,OUTPUT_THOROUGH/dataset_11/uvl/assabet.uvl,132597,running,reduction_started,reduction,,3.829517,,300.000000,1279,927,,,,,,,,,,,
471,2026-09-30T16:08:27.414902600Z,dataset_11/uvl/assabet.uvl,OUTPUT_THOROUGH/dataset_11/uvl/assabet.uvl,132597,running,step_started,reduction_satisfiability_check,,3.830135,0.000011,300.000000,1279,927,,,,,,,,,,,
472,2026-09-30T16:08:28.132602300Z,dataset_11/uvl/assabet.uvl,OUTPUT_THOROUGH/dataset_11/uvl/assabet.uvl,132597,running,step_completed,reduction_satisfiability_check,0.718206,4.548534,0.718410,300.000000,1279,927,,,,,,,,,,,
473,2026-09-30T16:08:28.132602300Z,dataset_11/uvl/assabet.uvl,OUTPUT_THOROUGH/dataset_11/uvl/assabet.uvl,132597,running,step_started,reduction_original_cnf_construction,,4.548534,0.718410,300.000000,1279,927,,,,,,,,,,,
474,2026-09-30T16:08:28.876367900Z,dataset_11/uvl/assabet.uvl,OUTPUT_THOROUGH/dataset_11/uvl/assabet.uvl,132597,running,step_completed,reduction_original_cnf_construction,0.742750,5.291893,1.461769,300.000000,1279,927,,,,,,,,,,,
475,2026-09-30T16:08:28.876367900Z,dataset_11/uvl/assabet.uvl,OUTPUT_THOROUGH/dataset_11/uvl/assabet.uvl,132597,running,step_started,reduction_removal_plan_computation,,5.291893,1.461769,300.000000,1279,927,,,,,,,,,,,
476,2026-09-30T16:08:31.314272500Z,dataset_11/uvl/assabet.uvl,OUTPUT_THOROUGH/dataset_11/uvl/assabet.uvl,132597,running,step_completed,reduction_removal_plan_computation,2.437427,7.729957,3.899834,300.000000,1279,927,,,,,,,,,,,
477,2026-09-30T16:08:31.314272500Z,dataset_11/uvl/assabet.uvl,OUTPUT_THOROUGH/dataset_11/uvl/assabet.uvl,132597,running,step_started,reduction_variable_projection,,7.729957,3.899834,300.000000,1279,927,,,,,,,,,,,
478,2026-09-30T16:08:31.941819600Z,dataset_11/uvl/assabet.uvl,OUTPUT_THOROUGH/dataset_11/uvl/assabet.uvl,132597,running,step_completed,reduction_variable_projection,0.627521,8.358090,4.527967,300.000000,1279,927,,,,,,,,,634,634,
479,2026-09-30T16:08:31.941819600Z,dataset_11/uvl/assabet.uvl,OUTPUT_THOROUGH/dataset_11/uvl/assabet.uvl,132597,running,step_started,reduction_feature_tree_rebuild,,8.358090,4.527967,300.000000,1279,927,,,,,,,,,634,634,
480,2026-09-30T16:08:35.103172600Z,dataset_11/uvl/assabet.uvl,OUTPUT_THOROUGH/dataset_11/uvl/assabet.uvl,132597,running,step_completed,reduction_feature_tree_rebuild,3.160572,11.519209,7.689086,300.000000,1279,927,,,,,,,,,634,634,
481,2026-09-30T16:08:35.104172100Z,dataset_11/uvl/assabet.uvl,OUTPUT_THOROUGH/dataset_11/uvl/assabet.uvl,132597,running,step_started,reduction_structural_model_validation,,11.519209,7.689086,300.000000,1279,927,,,,,,,,,634,634,
482,2026-09-30T16:08:35.201418100Z,dataset_11/uvl/assabet.uvl,OUTPUT_THOROUGH/dataset_11/uvl/assabet.uvl,132597,running,step_completed,reduction_structural_model_validation,0.097314,11.617123,7.787000,300.000000,1279,927,,,,,,,,,634,634,
483,2026-09-30T16:08:35.201418100Z,dataset_11/uvl/assabet.uvl,OUTPUT_THOROUGH/dataset_11/uvl/assabet.uvl,132597,running,step_started,reduction_projected_constraint_addition,,11.617123,7.787000,300.000000,1279,927,,,,,,,,,634,634,
484,2026-09-30T16:08:35.409828800Z,dataset_11/uvl/assabet.uvl,OUTPUT_THOROUGH/dataset_11/uvl/assabet.uvl,132597,running,step_completed,reduction_projected_constraint_addition,0.207332,11.825027,7.994903,300.000000,1279,927,,,,,,,,,634,634,
485,2026-09-30T16:08:35.419333800Z,dataset_11/uvl/assabet.uvl,OUTPUT_THOROUGH/dataset_11/uvl/assabet.uvl,132597,running,step_started,reduction_reduced_model_validation,,11.825027,7.994903,300.000000,1279,927,,,,,,,,,634,634,
486,2026-09-30T16:08:36.084311800Z,dataset_11/uvl/assabet.uvl,OUTPUT_THOROUGH/dataset_11/uvl/assabet.uvl,132597,running,step_completed,reduction_reduced_model_validation,0.664519,12.499692,8.669569,300.000000,1279,927,,,,,,,,,634,634,
487,2026-09-30T16:08:36.084311800Z,dataset_11/uvl/assabet.uvl,OUTPUT_THOROUGH/dataset_11/uvl/assabet.uvl,132597,running,reduction_completed,reduction,8.669569,12.499692,8.669569,300.000000,1279,927,,,,,,,,,634,634,
488,2026-09-30T16:08:36.084311800Z,dataset_11/uvl/assabet.uvl,OUTPUT_THOROUGH/dataset_11/uvl/assabet.uvl,132597,running,step_started,simplified_model_storage,,12.500315,8.669569,300.000000,1279,927,,,,,,,,,634,634,
489,2026-09-30T16:08:36.094183300Z,dataset_11/uvl/assabet.uvl,OUTPUT_THOROUGH/dataset_11/uvl/assabet.uvl,132597,running,step_completed,simplified_model_storage,0.009031,12.509607,8.669569,300.000000,1279,927,,,,,,,,,634,634,
490,2026-09-30T16:08:36.094183300Z,dataset_11/uvl/assabet.uvl,OUTPUT_THOROUGH/dataset_11/uvl/assabet.uvl,132597,running,step_started,reduced_model_reloading,,12.509607,8.669569,300.000000,1279,927,,,,,,,,,634,634,
491,2026-09-30T16:08:36.235834700Z,dataset_11/uvl/assabet.uvl,OUTPUT_THOROUGH/dataset_11/uvl/assabet.uvl,132597,running,step_completed,reduced_model_reloading,0.141806,12.651935,8.669569,300.000000,1279,927,,,,,,,,,634,634,
492,2026-09-30T16:08:36.236868900Z,dataset_11/uvl/assabet.uvl,OUTPUT_THOROUGH/dataset_11/uvl/assabet.uvl,132597,running,step_started,statistics_computation,,12.651935,8.669569,300.000000,1279,927,,,,,,,,,634,634,
493,2026-09-30T16:08:36.238497300Z,dataset_11/uvl/assabet.uvl,OUTPUT_THOROUGH/dataset_11/uvl/assabet.uvl,132597,running,step_completed,statistics_computation,0.001378,12.653902,8.669569,300.000000,1279,927,,,,,,,,,634,634,
494,2026-09-30T16:08:36.238497300Z,dataset_11/uvl/assabet.uvl,OUTPUT_THOROUGH/dataset_11/uvl/assabet.uvl,132597,completed,model_completed,,,12.653902,8.669569,300.000000,1279,927,645,1557,0.495700,-0.679612,42,73,519,false,634,634,
495,2026-09-30T16:08:36.238497300Z,dataset_11/uvl/at91sam7sek.uvl,OUTPUT_THOROUGH/dataset_11/uvl/at91sam7sek.uvl,134877,running,model_started,,,0.000000,,300.000000,,,,,,,,,,,,,
496,2026-09-30T16:08:36.240080900Z,dataset_11/uvl/at91sam7sek.uvl,OUTPUT_THOROUGH/dataset_11/uvl/at91sam7sek.uvl,134877,running,step_started,input_model_loading,,0.000497,,300.000000,,,,,,,,,,,,,
497,2026-09-30T16:08:36.367799700Z,dataset_11/uvl/at91sam7sek.uvl,OUTPUT_THOROUGH/dataset_11/uvl/at91sam7sek.uvl,134877,running,step_completed,input_model_loading,0.127426,0.128179,,300.000000,1309,917,,,,,,,,,,,
498,2026-09-30T16:08:36.367799700Z,dataset_11/uvl/at91sam7sek.uvl,OUTPUT_THOROUGH/dataset_11/uvl/at91sam7sek.uvl,134877,running,step_started,boolean_feature_type_validation,,0.128179,,300.000000,1309,917,,,,,,,,,,,
499,2026-09-30T16:08:36.368808100Z,dataset_11/uvl/at91sam7sek.uvl,OUTPUT_THOROUGH/dataset_11/uvl/at91sam7sek.uvl,134877,running,step_completed,boolean_feature_type_validation,0.000442,0.129308,,300.000000,1309,917,,,,,,,,,,,
500,2026-09-30T16:08:36.369318300Z,dataset_11/uvl/at91sam7sek.uvl,OUTPUT_THOROUGH/dataset_11/uvl/at91sam7sek.uvl,134877,running,step_started,initial_satisfiability_check,,0.129308,,300.000000,1309,917,,,,,,,,,,,
501,2026-09-30T16:08:37.107684700Z,dataset_11/uvl/at91sam7sek.uvl,OUTPUT_THOROUGH/dataset_11/uvl/at91sam7sek.uvl,134877,running,step_completed,initial_satisfiability_check,0.737558,0.867803,,300.000000,1309,917,,,,,,,,,,,
502,2026-09-30T16:08:37.107684700Z,dataset_11/uvl/at91sam7sek.uvl,OUTPUT_THOROUGH/dataset_11/uvl/at91sam7sek.uvl,134877,running,step_started,core_feature_computation,,0.867803,,300.000000,1309,917,,,,,,,,,,,
503,2026-09-30T16:08:37.845710600Z,dataset_11/uvl/at91sam7sek.uvl,OUTPUT_THOROUGH/dataset_11/uvl/at91sam7sek.uvl,134877,running,step_completed,core_feature_computation,0.737854,1.606170,,300.000000,1309,917,,,,,,,,,,,
504,2026-09-30T16:08:37.845710600Z,dataset_11/uvl/at91sam7sek.uvl,OUTPUT_THOROUGH/dataset_11/uvl/at91sam7sek.uvl,134877,running,step_started,dead_feature_computation,,1.606170,,300.000000,1309,917,,,,,,,,,,,
505,2026-09-30T16:08:38.585751100Z,dataset_11/uvl/at91sam7sek.uvl,OUTPUT_THOROUGH/dataset_11/uvl/at91sam7sek.uvl,134877,running,step_completed,dead_feature_computation,0.740149,2.346883,,300.000000,1309,917,,,,,,,,,,,
506,2026-09-30T16:08:38.586785300Z,dataset_11/uvl/at91sam7sek.uvl,OUTPUT_THOROUGH/dataset_11/uvl/at91sam7sek.uvl,134877,running,step_started,atomic_set_computation,,2.346883,,300.000000,1309,917,,,,,,,,,,,
507,2026-09-30T16:08:39.370735800Z,dataset_11/uvl/at91sam7sek.uvl,OUTPUT_THOROUGH/dataset_11/uvl/at91sam7sek.uvl,134877,running,step_completed,atomic_set_computation,0.783842,3.131287,,300.000000,1309,917,,,,,,,,,,,
508,2026-09-30T16:08:39.370735800Z,dataset_11/uvl/at91sam7sek.uvl,OUTPUT_THOROUGH/dataset_11/uvl/at91sam7sek.uvl,134877,running,reduction_started,reduction,,3.131287,,300.000000,1309,917,,,,,,,,,,,
509,2026-09-30T16:08:39.371742300Z,dataset_11/uvl/at91sam7sek.uvl,OUTPUT_THOROUGH/dataset_11/uvl/at91sam7sek.uvl,134877,running,step_started,reduction_satisfiability_check,,3.132014,0.000016,300.000000,1309,917,,,,,,,,,,,
510,2026-09-30T16:08:40.134168200Z,dataset_11/uvl/at91sam7sek.uvl,OUTPUT_THOROUGH/dataset_11/uvl/at91sam7sek.uvl,134877,running,step_completed,reduction_satisfiability_check,0.762369,3.895075,0.763078,300.000000,1309,917,,,,,,,,,,,
511,2026-09-30T16:08:40.135176200Z,dataset_11/uvl/at91sam7sek.uvl,OUTPUT_THOROUGH/dataset_11/uvl/at91sam7sek.uvl,134877,running,step_started,reduction_original_cnf_construction,,3.895075,0.763078,300.000000,1309,917,,,,,,,,,,,
512,2026-09-30T16:08:41.564473Z,dataset_11/uvl/at91sam7sek.uvl,OUTPUT_THOROUGH/dataset_11/uvl/at91sam7sek.uvl,134877,running,step_completed,reduction_original_cnf_construction,1.429618,5.325405,2.193407,300.000000,1309,917,,,,,,,,,,,
513,2026-09-30T16:08:41.564473Z,dataset_11/uvl/at91sam7sek.uvl,OUTPUT_THOROUGH/dataset_11/uvl/at91sam7sek.uvl,134877,running,step_started,reduction_removal_plan_computation,,5.325405,2.193407,300.000000,1309,917,,,,,,,,,,,
514,2026-09-30T16:08:44.039981Z,dataset_11/uvl/at91sam7sek.uvl,OUTPUT_THOROUGH/dataset_11/uvl/at91sam7sek.uvl,134877,running,step_completed,reduction_removal_plan_computation,2.474079,7.800160,4.668163,300.000000,1309,917,,,,,,,,,,,
515,2026-09-30T16:08:44.039981Z,dataset_11/uvl/at91sam7sek.uvl,OUTPUT_THOROUGH/dataset_11/uvl/at91sam7sek.uvl,134877,running,step_started,reduction_variable_projection,,7.800160,4.668163,300.000000,1309,917,,,,,,,,,,,
516,2026-09-30T16:08:44.721018300Z,dataset_11/uvl/at91sam7sek.uvl,OUTPUT_THOROUGH/dataset_11/uvl/at91sam7sek.uvl,134877,running,step_completed,reduction_variable_projection,0.680412,8.481396,5.349398,300.000000,1309,917,,,,,,,,,655,655,
517,2026-09-30T16:08:44.721018300Z,dataset_11/uvl/at91sam7sek.uvl,OUTPUT_THOROUGH/dataset_11/uvl/at91sam7sek.uvl,134877,running,step_started,reduction_feature_tree_rebuild,,8.481396,5.349398,300.000000,1309,917,,,,,,,,,655,655,
518,2026-09-30T16:08:48.051794900Z,dataset_11/uvl/at91sam7sek.uvl,OUTPUT_THOROUGH/dataset_11/uvl/at91sam7sek.uvl,134877,running,step_completed,reduction_feature_tree_rebuild,3.330270,11.812327,8.680329,300.000000,1309,917,,,,,,,,,655,655,
519,2026-09-30T16:08:48.052331100Z,dataset_11/uvl/at91sam7sek.uvl,OUTPUT_THOROUGH/dataset_11/uvl/at91sam7sek.uvl,134877,running,step_started,reduction_structural_model_validation,,11.812327,8.680329,300.000000,1309,917,,,,,,,,,655,655,
520,2026-09-30T16:08:48.148118700Z,dataset_11/uvl/at91sam7sek.uvl,OUTPUT_THOROUGH/dataset_11/uvl/at91sam7sek.uvl,134877,running,step_completed,reduction_structural_model_validation,0.095650,11.908598,8.776600,300.000000,1309,917,,,,,,,,,655,655,
521,2026-09-30T16:08:48.148622900Z,dataset_11/uvl/at91sam7sek.uvl,OUTPUT_THOROUGH/dataset_11/uvl/at91sam7sek.uvl,134877,running,step_started,reduction_projected_constraint_addition,,11.908598,8.776600,300.000000,1309,917,,,,,,,,,655,655,
522,2026-09-30T16:08:48.336722900Z,dataset_11/uvl/at91sam7sek.uvl,OUTPUT_THOROUGH/dataset_11/uvl/at91sam7sek.uvl,134877,running,step_completed,reduction_projected_constraint_addition,0.187862,12.097142,8.965144,300.000000,1309,917,,,,,,,,,655,655,
523,2026-09-30T16:08:48.337302400Z,dataset_11/uvl/at91sam7sek.uvl,OUTPUT_THOROUGH/dataset_11/uvl/at91sam7sek.uvl,134877,running,step_started,reduction_reduced_model_validation,,12.097142,8.965144,300.000000,1309,917,,,,,,,,,655,655,
524,2026-09-30T16:08:48.961709200Z,dataset_11/uvl/at91sam7sek.uvl,OUTPUT_THOROUGH/dataset_11/uvl/at91sam7sek.uvl,134877,running,step_completed,reduction_reduced_model_validation,0.624665,12.722405,9.590407,300.000000,1309,917,,,,,,,,,655,655,
525,2026-09-30T16:08:48.961709200Z,dataset_11/uvl/at91sam7sek.uvl,OUTPUT_THOROUGH/dataset_11/uvl/at91sam7sek.uvl,134877,running,reduction_completed,reduction,9.590407,12.722405,9.590407,300.000000,1309,917,,,,,,,,,655,655,
526,2026-09-30T16:08:48.962679500Z,dataset_11/uvl/at91sam7sek.uvl,OUTPUT_THOROUGH/dataset_11/uvl/at91sam7sek.uvl,134877,running,step_started,simplified_model_storage,,12.723008,9.590407,300.000000,1309,917,,,,,,,,,655,655,
527,2026-09-30T16:08:48.970889200Z,dataset_11/uvl/at91sam7sek.uvl,OUTPUT_THOROUGH/dataset_11/uvl/at91sam7sek.uvl,134877,running,step_completed,simplified_model_storage,0.008458,12.731640,9.590407,300.000000,1309,917,,,,,,,,,655,655,
528,2026-09-30T16:08:48.970889200Z,dataset_11/uvl/at91sam7sek.uvl,OUTPUT_THOROUGH/dataset_11/uvl/at91sam7sek.uvl,134877,running,step_started,reduced_model_reloading,,12.731640,9.590407,300.000000,1309,917,,,,,,,,,655,655,
529,2026-09-30T16:08:49.103027400Z,dataset_11/uvl/at91sam7sek.uvl,OUTPUT_THOROUGH/dataset_11/uvl/at91sam7sek.uvl,134877,running,step_completed,reduced_model_reloading,0.131401,12.863498,9.590407,300.000000,1309,917,,,,,,,,,655,655,
530,2026-09-30T16:08:49.103680300Z,dataset_11/uvl/at91sam7sek.uvl,OUTPUT_THOROUGH/dataset_11/uvl/at91sam7sek.uvl,134877,running,step_started,statistics_computation,,12.863498,9.590407,300.000000,1309,917,,,,,,,,,655,655,
531,2026-09-30T16:08:49.104861400Z,dataset_11/uvl/at91sam7sek.uvl,OUTPUT_THOROUGH/dataset_11/uvl/at91sam7sek.uvl,134877,running,step_completed,statistics_computation,0.001226,12.865230,9.590407,300.000000,1309,917,,,,,,,,,655,655,
532,2026-09-30T16:08:49.104861400Z,dataset_11/uvl/at91sam7sek.uvl,OUTPUT_THOROUGH/dataset_11/uvl/at91sam7sek.uvl,134877,completed,model_completed,,,12.865230,9.590407,300.000000,1309,917,654,1431,0.500382,-0.560523,42,79,534,false,655,655,
533,2026-09-30T16:08:49.105866600Z,dataset_11/uvl/at91sam7xek.uvl,OUTPUT_THOROUGH/dataset_11/uvl/at91sam7xek.uvl,137127,running,model_started,,,0.000000,,300.000000,,,,,,,,,,,,,
534,2026-09-30T16:08:49.105866600Z,dataset_11/uvl/at91sam7xek.uvl,OUTPUT_THOROUGH/dataset_11/uvl/at91sam7xek.uvl,137127,running,step_started,input_model_loading,,0.000441,,300.000000,,,,,,,,,,,,,
535,2026-09-30T16:08:49.236902200Z,dataset_11/uvl/at91sam7xek.uvl,OUTPUT_THOROUGH/dataset_11/uvl/at91sam7xek.uvl,137127,running,step_completed,input_model_loading,0.131679,0.132364,,300.000000,1332,928,,,,,,,,,,,
536,2026-09-30T16:08:49.238521600Z,dataset_11/uvl/at91sam7xek.uvl,OUTPUT_THOROUGH/dataset_11/uvl/at91sam7xek.uvl,137127,running,step_started,boolean_feature_type_validation,,0.132364,,300.000000,1332,928,,,,,,,,,,,
537,2026-09-30T16:08:49.238521600Z,dataset_11/uvl/at91sam7xek.uvl,OUTPUT_THOROUGH/dataset_11/uvl/at91sam7xek.uvl,137127,running,step_completed,boolean_feature_type_validation,0.000431,0.133457,,300.000000,1332,928,,,,,,,,,,,
538,2026-09-30T16:08:49.238521600Z,dataset_11/uvl/at91sam7xek.uvl,OUTPUT_THOROUGH/dataset_11/uvl/at91sam7xek.uvl,137127,running,step_started,initial_satisfiability_check,,0.133457,,300.000000,1332,928,,,,,,,,,,,
539,2026-09-30T16:08:50.010983700Z,dataset_11/uvl/at91sam7xek.uvl,OUTPUT_THOROUGH/dataset_11/uvl/at91sam7xek.uvl,137127,running,step_completed,initial_satisfiability_check,0.771299,0.905229,,300.000000,1332,928,,,,,,,,,,,
540,2026-09-30T16:08:50.010983700Z,dataset_11/uvl/at91sam7xek.uvl,OUTPUT_THOROUGH/dataset_11/uvl/at91sam7xek.uvl,137127,running,step_started,core_feature_computation,,0.905229,,300.000000,1332,928,,,,,,,,,,,
541,2026-09-30T16:08:50.767939300Z,dataset_11/uvl/at91sam7xek.uvl,OUTPUT_THOROUGH/dataset_11/uvl/at91sam7xek.uvl,137127,running,step_completed,core_feature_computation,0.756220,1.661965,,300.000000,1332,928,,,,,,,,,,,
542,2026-09-30T16:08:50.767939300Z,dataset_11/uvl/at91sam7xek.uvl,OUTPUT_THOROUGH/dataset_11/uvl/at91sam7xek.uvl,137127,running,step_started,dead_feature_computation,,1.661965,,300.000000,1332,928,,,,,,,,,,,
543,2026-09-30T16:08:51.519607200Z,dataset_11/uvl/at91sam7xek.uvl,OUTPUT_THOROUGH/dataset_11/uvl/at91sam7xek.uvl,137127,running,step_completed,dead_feature_computation,0.751681,2.414178,,300.000000,1332,928,,,,,,,,,,,
544,2026-09-30T16:08:51.520611Z,dataset_11/uvl/at91sam7xek.uvl,OUTPUT_THOROUGH/dataset_11/uvl/at91sam7xek.uvl,137127,running,step_started,atomic_set_computation,,2.414178,,300.000000,1332,928,,,,,,,,,,,
545,2026-09-30T16:08:52.321493300Z,dataset_11/uvl/at91sam7xek.uvl,OUTPUT_THOROUGH/dataset_11/uvl/at91sam7xek.uvl,137127,running,step_completed,atomic_set_computation,0.800827,3.215573,,300.000000,1332,928,,,,,,,,,,,
546,2026-09-30T16:08:52.322010900Z,dataset_11/uvl/at91sam7xek.uvl,OUTPUT_THOROUGH/dataset_11/uvl/at91sam7xek.uvl,137127,running,reduction_started,reduction,,3.215573,,300.000000,1332,928,,,,,,,,,,,
547,2026-09-30T16:08:52.322010900Z,dataset_11/uvl/at91sam7xek.uvl,OUTPUT_THOROUGH/dataset_11/uvl/at91sam7xek.uvl,137127,running,step_started,reduction_satisfiability_check,,3.216133,0.000014,300.000000,1332,928,,,,,,,,,,,
548,2026-09-30T16:08:53.072771Z,dataset_11/uvl/at91sam7xek.uvl,OUTPUT_THOROUGH/dataset_11/uvl/at91sam7xek.uvl,137127,running,step_completed,reduction_satisfiability_check,0.751379,3.967688,0.751569,300.000000,1332,928,,,,,,,,,,,
549,2026-09-30T16:08:53.072771Z,dataset_11/uvl/at91sam7xek.uvl,OUTPUT_THOROUGH/dataset_11/uvl/at91sam7xek.uvl,137127,running,step_started,reduction_original_cnf_construction,,3.967688,0.751569,300.000000,1332,928,,,,,,,,,,,
550,2026-09-30T16:08:53.847956Z,dataset_11/uvl/at91sam7xek.uvl,OUTPUT_THOROUGH/dataset_11/uvl/at91sam7xek.uvl,137127,running,step_completed,reduction_original_cnf_construction,0.773820,4.742026,1.525907,300.000000,1332,928,,,,,,,,,,,
551,2026-09-30T16:08:53.848459600Z,dataset_11/uvl/at91sam7xek.uvl,OUTPUT_THOROUGH/dataset_11/uvl/at91sam7xek.uvl,137127,running,step_started,reduction_removal_plan_computation,,4.742026,1.525907,300.000000,1332,928,,,,,,,,,,,
552,2026-09-30T16:08:57.283179600Z,dataset_11/uvl/at91sam7xek.uvl,OUTPUT_THOROUGH/dataset_11/uvl/at91sam7xek.uvl,137127,running,step_completed,reduction_removal_plan_computation,3.435281,8.177893,4.961774,300.000000,1332,928,,,,,,,,,,,
553,2026-09-30T16:08:57.284187Z,dataset_11/uvl/at91sam7xek.uvl,OUTPUT_THOROUGH/dataset_11/uvl/at91sam7xek.uvl,137127,running,step_started,reduction_variable_projection,,8.177893,4.961774,300.000000,1332,928,,,,,,,,,,,
554,2026-09-30T16:08:57.902882700Z,dataset_11/uvl/at91sam7xek.uvl,OUTPUT_THOROUGH/dataset_11/uvl/at91sam7xek.uvl,137127,running,step_completed,reduction_variable_projection,0.618671,8.797127,5.581007,300.000000,1332,928,,,,,,,,,658,658,
555,2026-09-30T16:08:57.902882700Z,dataset_11/uvl/at91sam7xek.uvl,OUTPUT_THOROUGH/dataset_11/uvl/at91sam7xek.uvl,137127,running,step_started,reduction_feature_tree_rebuild,,8.797127,5.581007,300.000000,1332,928,,,,,,,,,658,658,
556,2026-09-30T16:09:01.423619800Z,dataset_11/uvl/at91sam7xek.uvl,OUTPUT_THOROUGH/dataset_11/uvl/at91sam7xek.uvl,137127,running,step_completed,reduction_feature_tree_rebuild,3.520491,12.318182,9.102063,300.000000,1332,928,,,,,,,,,658,658,
557,2026-09-30T16:09:01.424593300Z,dataset_11/uvl/at91sam7xek.uvl,OUTPUT_THOROUGH/dataset_11/uvl/at91sam7xek.uvl,137127,running,step_started,reduction_structural_model_validation,,12.318182,9.102063,300.000000,1332,928,,,,,,,,,658,658,
558,2026-09-30T16:09:01.522815500Z,dataset_11/uvl/at91sam7xek.uvl,OUTPUT_THOROUGH/dataset_11/uvl/at91sam7xek.uvl,137127,running,step_completed,reduction_structural_model_validation,0.098465,12.417259,9.201140,300.000000,1332,928,,,,,,,,,658,658,
559,2026-09-30T16:09:01.522815500Z,dataset_11/uvl/at91sam7xek.uvl,OUTPUT_THOROUGH/dataset_11/uvl/at91sam7xek.uvl,137127,running,step_started,reduction_projected_constraint_addition,,12.417259,9.201140,300.000000,1332,928,,,,,,,,,658,658,
560,2026-09-30T16:09:01.693057300Z,dataset_11/uvl/at91sam7xek.uvl,OUTPUT_THOROUGH/dataset_11/uvl/at91sam7xek.uvl,137127,running,step_completed,reduction_projected_constraint_addition,0.170460,12.588287,9.372167,300.000000,1332,928,,,,,,,,,658,658,
561,2026-09-30T16:09:01.694702200Z,dataset_11/uvl/at91sam7xek.uvl,OUTPUT_THOROUGH/dataset_11/uvl/at91sam7xek.uvl,137127,running,step_started,reduction_reduced_model_validation,,12.588287,9.372167,300.000000,1332,928,,,,,,,,,658,658,
562,2026-09-30T16:09:02.288827500Z,dataset_11/uvl/at91sam7xek.uvl,OUTPUT_THOROUGH/dataset_11/uvl/at91sam7xek.uvl,137127,running,step_completed,reduction_reduced_model_validation,0.593989,13.182942,9.966823,300.000000,1332,928,,,,,,,,,658,658,
563,2026-09-30T16:09:02.288827500Z,dataset_11/uvl/at91sam7xek.uvl,OUTPUT_THOROUGH/dataset_11/uvl/at91sam7xek.uvl,137127,running,reduction_completed,reduction,9.966823,13.182942,9.966823,300.000000,1332,928,,,,,,,,,658,658,
564,2026-09-30T16:09:02.288827500Z,dataset_11/uvl/at91sam7xek.uvl,OUTPUT_THOROUGH/dataset_11/uvl/at91sam7xek.uvl,137127,running,step_started,simplified_model_storage,,13.183550,9.966823,300.000000,1332,928,,,,,,,,,658,658,
565,2026-09-30T16:09:02.298928900Z,dataset_11/uvl/at91sam7xek.uvl,OUTPUT_THOROUGH/dataset_11/uvl/at91sam7xek.uvl,137127,running,step_completed,simplified_model_storage,0.009424,13.193169,9.966823,300.000000,1332,928,,,,,,,,,658,658,
566,2026-09-30T16:09:02.298928900Z,dataset_11/uvl/at91sam7xek.uvl,OUTPUT_THOROUGH/dataset_11/uvl/at91sam7xek.uvl,137127,running,step_started,reduced_model_reloading,,13.193169,9.966823,300.000000,1332,928,,,,,,,,,658,658,
567,2026-09-30T16:09:02.421674600Z,dataset_11/uvl/at91sam7xek.uvl,OUTPUT_THOROUGH/dataset_11/uvl/at91sam7xek.uvl,137127,running,step_completed,reduced_model_reloading,0.122250,13.315953,9.966823,300.000000,1332,928,,,,,,,,,658,658,
568,2026-09-30T16:09:02.422208900Z,dataset_11/uvl/at91sam7xek.uvl,OUTPUT_THOROUGH/dataset_11/uvl/at91sam7xek.uvl,137127,running,step_started,statistics_computation,,13.315953,9.966823,300.000000,1332,928,,,,,,,,,658,658,
569,2026-09-30T16:09:02.423241900Z,dataset_11/uvl/at91sam7xek.uvl,OUTPUT_THOROUGH/dataset_11/uvl/at91sam7xek.uvl,137127,running,step_completed,statistics_computation,0.001292,13.317764,9.966823,300.000000,1332,928,,,,,,,,,658,658,
570,2026-09-30T16:09:02.423241900Z,dataset_11/uvl/at91sam7xek.uvl,OUTPUT_THOROUGH/dataset_11/uvl/at91sam7xek.uvl,137127,completed,model_completed,,,13.317764,9.966823,300.000000,1332,928,674,1305,0.493994,-0.406250,42,66,550,false,658,658,
571,2026-09-30T16:09:02.424718700Z,dataset_11/uvl/atlas_mips32_4kc.uvl,OUTPUT_THOROUGH/dataset_11/uvl/atlas_mips32_4kc.uvl,123266,running,model_started,,,0.000000,,300.000000,,,,,,,,,,,,,
572,2026-09-30T16:09:02.425269Z,dataset_11/uvl/atlas_mips32_4kc.uvl,OUTPUT_THOROUGH/dataset_11/uvl/atlas_mips32_4kc.uvl,123266,running,step_started,input_model_loading,,0.000525,,300.000000,,,,,,,,,,,,,
573,2026-09-30T16:09:02.538804600Z,dataset_11/uvl/atlas_mips32_4kc.uvl,OUTPUT_THOROUGH/dataset_11/uvl/atlas_mips32_4kc.uvl,123266,running,step_completed,input_model_loading,0.113824,0.114622,,300.000000,1229,859,,,,,,,,,,,
574,2026-09-30T16:09:02.539814300Z,dataset_11/uvl/atlas_mips32_4kc.uvl,OUTPUT_THOROUGH/dataset_11/uvl/atlas_mips32_4kc.uvl,123266,running,step_started,boolean_feature_type_validation,,0.114622,,300.000000,1229,859,,,,,,,,,,,
575,2026-09-30T16:09:02.539814300Z,dataset_11/uvl/atlas_mips32_4kc.uvl,OUTPUT_THOROUGH/dataset_11/uvl/atlas_mips32_4kc.uvl,123266,running,step_completed,boolean_feature_type_validation,0.000360,0.115544,,300.000000,1229,859,,,,,,,,,,,
576,2026-09-30T16:09:02.539814300Z,dataset_11/uvl/atlas_mips32_4kc.uvl,OUTPUT_THOROUGH/dataset_11/uvl/atlas_mips32_4kc.uvl,123266,running,step_started,initial_satisfiability_check,,0.115544,,300.000000,1229,859,,,,,,,,,,,
577,2026-09-30T16:09:03.185462200Z,dataset_11/uvl/atlas_mips32_4kc.uvl,OUTPUT_THOROUGH/dataset_11/uvl/atlas_mips32_4kc.uvl,123266,running,step_completed,initial_satisfiability_check,0.644761,0.760689,,300.000000,1229,859,,,,,,,,,,,
578,2026-09-30T16:09:03.185462200Z,dataset_11/uvl/atlas_mips32_4kc.uvl,OUTPUT_THOROUGH/dataset_11/uvl/atlas_mips32_4kc.uvl,123266,running,step_started,core_feature_computation,,0.760689,,300.000000,1229,859,,,,,,,,,,,
579,2026-09-30T16:09:03.824482600Z,dataset_11/uvl/atlas_mips32_4kc.uvl,OUTPUT_THOROUGH/dataset_11/uvl/atlas_mips32_4kc.uvl,123266,running,step_completed,core_feature_computation,0.639006,1.400254,,300.000000,1229,859,,,,,,,,,,,
580,2026-09-30T16:09:03.825513200Z,dataset_11/uvl/atlas_mips32_4kc.uvl,OUTPUT_THOROUGH/dataset_11/uvl/atlas_mips32_4kc.uvl,123266,running,step_started,dead_feature_computation,,1.400254,,300.000000,1229,859,,,,,,,,,,,
581,2026-09-30T16:09:04.464165200Z,dataset_11/uvl/atlas_mips32_4kc.uvl,OUTPUT_THOROUGH/dataset_11/uvl/atlas_mips32_4kc.uvl,123266,running,step_completed,dead_feature_computation,0.638405,2.039301,,300.000000,1229,859,,,,,,,,,,,
582,2026-09-30T16:09:04.464165200Z,dataset_11/uvl/atlas_mips32_4kc.uvl,OUTPUT_THOROUGH/dataset_11/uvl/atlas_mips32_4kc.uvl,123266,running,step_started,atomic_set_computation,,2.039301,,300.000000,1229,859,,,,,,,,,,,
583,2026-09-30T16:09:05.165108400Z,dataset_11/uvl/atlas_mips32_4kc.uvl,OUTPUT_THOROUGH/dataset_11/uvl/atlas_mips32_4kc.uvl,123266,running,step_completed,atomic_set_computation,0.701163,2.740942,,300.000000,1229,859,,,,,,,,,,,
584,2026-09-30T16:09:05.166108900Z,dataset_11/uvl/atlas_mips32_4kc.uvl,OUTPUT_THOROUGH/dataset_11/uvl/atlas_mips32_4kc.uvl,123266,running,reduction_started,reduction,,2.740942,,300.000000,1229,859,,,,,,,,,,,
585,2026-09-30T16:09:05.166755500Z,dataset_11/uvl/atlas_mips32_4kc.uvl,OUTPUT_THOROUGH/dataset_11/uvl/atlas_mips32_4kc.uvl,123266,running,step_started,reduction_satisfiability_check,,2.741679,0.000012,300.000000,1229,859,,,,,,,,,,,
586,2026-09-30T16:09:05.807880200Z,dataset_11/uvl/atlas_mips32_4kc.uvl,OUTPUT_THOROUGH/dataset_11/uvl/atlas_mips32_4kc.uvl,123266,running,step_completed,reduction_satisfiability_check,0.641633,3.383501,0.641833,300.000000,1229,859,,,,,,,,,,,
587,2026-09-30T16:09:05.807880200Z,dataset_11/uvl/atlas_mips32_4kc.uvl,OUTPUT_THOROUGH/dataset_11/uvl/atlas_mips32_4kc.uvl,123266,running,step_started,reduction_original_cnf_construction,,3.383501,0.641833,300.000000,1229,859,,,,,,,,,,,
588,2026-09-30T16:09:06.460848200Z,dataset_11/uvl/atlas_mips32_4kc.uvl,OUTPUT_THOROUGH/dataset_11/uvl/atlas_mips32_4kc.uvl,123266,running,step_completed,reduction_original_cnf_construction,0.652428,4.036423,1.294755,300.000000,1229,859,,,,,,,,,,,
589,2026-09-30T16:09:06.460848200Z,dataset_11/uvl/atlas_mips32_4kc.uvl,OUTPUT_THOROUGH/dataset_11/uvl/atlas_mips32_4kc.uvl,123266,running,step_started,reduction_removal_plan_computation,,4.036423,1.294755,300.000000,1229,859,,,,,,,,,,,
590,2026-09-30T16:09:08.625547900Z,dataset_11/uvl/atlas_mips32_4kc.uvl,OUTPUT_THOROUGH/dataset_11/uvl/atlas_mips32_4kc.uvl,123266,running,step_completed,reduction_removal_plan_computation,2.164047,6.201017,3.459349,300.000000,1229,859,,,,,,,,,,,
591,2026-09-30T16:09:08.626102600Z,dataset_11/uvl/atlas_mips32_4kc.uvl,OUTPUT_THOROUGH/dataset_11/uvl/atlas_mips32_4kc.uvl,123266,running,step_started,reduction_variable_projection,,6.201017,3.459349,300.000000,1229,859,,,,,,,,,,,
592,2026-09-30T16:09:09.272029500Z,dataset_11/uvl/atlas_mips32_4kc.uvl,OUTPUT_THOROUGH/dataset_11/uvl/atlas_mips32_4kc.uvl,123266,running,step_completed,reduction_variable_projection,0.645943,6.847571,4.105904,300.000000,1229,859,,,,,,,,,596,596,
593,2026-09-30T16:09:09.272029500Z,dataset_11/uvl/atlas_mips32_4kc.uvl,OUTPUT_THOROUGH/dataset_11/uvl/atlas_mips32_4kc.uvl,123266,running,step_started,reduction_feature_tree_rebuild,,6.847571,4.105904,300.000000,1229,859,,,,,,,,,596,596,
594,2026-09-30T16:09:13.302866800Z,dataset_11/uvl/atlas_mips32_4kc.uvl,OUTPUT_THOROUGH/dataset_11/uvl/atlas_mips32_4kc.uvl,123266,running,step_completed,reduction_feature_tree_rebuild,4.030298,10.878465,8.136797,300.000000,1229,859,,,,,,,,,596,596,
595,2026-09-30T16:09:13.302866800Z,dataset_11/uvl/atlas_mips32_4kc.uvl,OUTPUT_THOROUGH/dataset_11/uvl/atlas_mips32_4kc.uvl,123266,running,step_started,reduction_structural_model_validation,,10.878465,8.136797,300.000000,1229,859,,,,,,,,,596,596,
596,2026-09-30T16:09:13.388916500Z,dataset_11/uvl/atlas_mips32_4kc.uvl,OUTPUT_THOROUGH/dataset_11/uvl/atlas_mips32_4kc.uvl,123266,running,step_completed,reduction_structural_model_validation,0.085257,10.964296,8.222629,300.000000,1229,859,,,,,,,,,596,596,
597,2026-09-30T16:09:13.388916500Z,dataset_11/uvl/atlas_mips32_4kc.uvl,OUTPUT_THOROUGH/dataset_11/uvl/atlas_mips32_4kc.uvl,123266,running,step_started,reduction_projected_constraint_addition,,10.964296,8.222629,300.000000,1229,859,,,,,,,,,596,596,
598,2026-09-30T16:09:13.578537Z,dataset_11/uvl/atlas_mips32_4kc.uvl,OUTPUT_THOROUGH/dataset_11/uvl/atlas_mips32_4kc.uvl,123266,running,step_completed,reduction_projected_constraint_addition,0.188810,11.153701,8.412033,300.000000,1229,859,,,,,,,,,596,596,
599,2026-09-30T16:09:13.578537Z,dataset_11/uvl/atlas_mips32_4kc.uvl,OUTPUT_THOROUGH/dataset_11/uvl/atlas_mips32_4kc.uvl,123266,running,step_started,reduction_reduced_model_validation,,11.153701,8.412033,300.000000,1229,859,,,,,,,,,596,596,
600,2026-09-30T16:09:14.208905400Z,dataset_11/uvl/atlas_mips32_4kc.uvl,OUTPUT_THOROUGH/dataset_11/uvl/atlas_mips32_4kc.uvl,123266,running,step_completed,reduction_reduced_model_validation,0.630126,11.784342,9.042675,300.000000,1229,859,,,,,,,,,596,596,
601,2026-09-30T16:09:14.209486Z,dataset_11/uvl/atlas_mips32_4kc.uvl,OUTPUT_THOROUGH/dataset_11/uvl/atlas_mips32_4kc.uvl,123266,running,reduction_completed,reduction,9.042675,11.784342,9.042675,300.000000,1229,859,,,,,,,,,596,596,
602,2026-09-30T16:09:14.209486Z,dataset_11/uvl/atlas_mips32_4kc.uvl,OUTPUT_THOROUGH/dataset_11/uvl/atlas_mips32_4kc.uvl,123266,running,step_started,simplified_model_storage,,11.784892,9.042675,300.000000,1229,859,,,,,,,,,596,596,
603,2026-09-30T16:09:14.218041500Z,dataset_11/uvl/atlas_mips32_4kc.uvl,OUTPUT_THOROUGH/dataset_11/uvl/atlas_mips32_4kc.uvl,123266,running,step_completed,simplified_model_storage,0.008622,11.793706,9.042675,300.000000,1229,859,,,,,,,,,596,596,
604,2026-09-30T16:09:14.219047100Z,dataset_11/uvl/atlas_mips32_4kc.uvl,OUTPUT_THOROUGH/dataset_11/uvl/atlas_mips32_4kc.uvl,123266,running,step_started,reduced_model_reloading,,11.793706,9.042675,300.000000,1229,859,,,,,,,,,596,596,
605,2026-09-30T16:09:14.350665Z,dataset_11/uvl/atlas_mips32_4kc.uvl,OUTPUT_THOROUGH/dataset_11/uvl/atlas_mips32_4kc.uvl,123266,running,step_completed,reduced_model_reloading,0.131875,11.926043,9.042675,300.000000,1229,859,,,,,,,,,596,596,
606,2026-09-30T16:09:14.350665Z,dataset_11/uvl/atlas_mips32_4kc.uvl,OUTPUT_THOROUGH/dataset_11/uvl/atlas_mips32_4kc.uvl,123266,running,step_started,statistics_computation,,11.926043,9.042675,300.000000,1229,859,,,,,,,,,596,596,
607,2026-09-30T16:09:14.352208100Z,dataset_11/uvl/atlas_mips32_4kc.uvl,OUTPUT_THOROUGH/dataset_11/uvl/atlas_mips32_4kc.uvl,123266,running,step_completed,statistics_computation,0.001200,11.927760,9.042675,300.000000,1229,859,,,,,,,,,596,596,
608,2026-09-30T16:09:14.352208100Z,dataset_11/uvl/atlas_mips32_4kc.uvl,OUTPUT_THOROUGH/dataset_11/uvl/atlas_mips32_4kc.uvl,123266,completed,model_completed,,,11.927760,9.042675,300.000000,1229,859,633,1476,0.484947,-0.718277,3,47,546,false,596,596,
609,2026-09-30T16:09:14.353210400Z,dataset_11/uvl/atlas_mips64_5kc.uvl,OUTPUT_THOROUGH/dataset_11/uvl/atlas_mips64_5kc.uvl,122699,running,model_started,,,0.000000,,300.000000,,,,,,,,,,,,,
610,2026-09-30T16:09:14.353210400Z,dataset_11/uvl/atlas_mips64_5kc.uvl,OUTPUT_THOROUGH/dataset_11/uvl/atlas_mips64_5kc.uvl,122699,running,step_started,input_model_loading,,0.000437,,300.000000,,,,,,,,,,,,,
611,2026-09-30T16:09:14.472815600Z,dataset_11/uvl/atlas_mips64_5kc.uvl,OUTPUT_THOROUGH/dataset_11/uvl/atlas_mips64_5kc.uvl,122699,running,step_completed,input_model_loading,0.119057,0.119736,,300.000000,1222,857,,,,,,,,,,,
612,2026-09-30T16:09:14.472815600Z,dataset_11/uvl/atlas_mips64_5kc.uvl,OUTPUT_THOROUGH/dataset_11/uvl/atlas_mips64_5kc.uvl,122699,running,step_started,boolean_feature_type_validation,,0.119736,,300.000000,1222,857,,,,,,,,,,,
613,2026-09-30T16:09:14.474331800Z,dataset_11/uvl/atlas_mips64_5kc.uvl,OUTPUT_THOROUGH/dataset_11/uvl/atlas_mips64_5kc.uvl,122699,running,step_completed,boolean_feature_type_validation,0.000372,0.120643,,300.000000,1222,857,,,,,,,,,,,
614,2026-09-30T16:09:14.474331800Z,dataset_11/uvl/atlas_mips64_5kc.uvl,OUTPUT_THOROUGH/dataset_11/uvl/atlas_mips64_5kc.uvl,122699,running,step_started,initial_satisfiability_check,,0.120643,,300.000000,1222,857,,,,,,,,,,,
615,2026-09-30T16:09:15.129691100Z,dataset_11/uvl/atlas_mips64_5kc.uvl,OUTPUT_THOROUGH/dataset_11/uvl/atlas_mips64_5kc.uvl,122699,running,step_completed,initial_satisfiability_check,0.655562,0.776724,,300.000000,1222,857,,,,,,,,,,,
616,2026-09-30T16:09:15.129691100Z,dataset_11/uvl/atlas_mips64_5kc.uvl,OUTPUT_THOROUGH/dataset_11/uvl/atlas_mips64_5kc.uvl,122699,running,step_started,core_feature_computation,,0.776724,,300.000000,1222,857,,,,,,,,,,,
617,2026-09-30T16:09:15.788546300Z,dataset_11/uvl/atlas_mips64_5kc.uvl,OUTPUT_THOROUGH/dataset_11/uvl/atlas_mips64_5kc.uvl,122699,running,step_completed,core_feature_computation,0.658433,1.435642,,300.000000,1222,857,,,,,,,,,,,
618,2026-09-30T16:09:15.788546300Z,dataset_11/uvl/atlas_mips64_5kc.uvl,OUTPUT_THOROUGH/dataset_11/uvl/atlas_mips64_5kc.uvl,122699,running,step_started,dead_feature_computation,,1.435642,,300.000000,1222,857,,,,,,,,,,,
619,2026-09-30T16:09:16.450641600Z,dataset_11/uvl/atlas_mips64_5kc.uvl,OUTPUT_THOROUGH/dataset_11/uvl/atlas_mips64_5kc.uvl,122699,running,step_completed,dead_feature_computation,0.661564,2.097769,,300.000000,1222,857,,,,,,,,,,,
620,2026-09-30T16:09:16.451646200Z,dataset_11/uvl/atlas_mips64_5kc.uvl,OUTPUT_THOROUGH/dataset_11/uvl/atlas_mips64_5kc.uvl,122699,running,step_started,atomic_set_computation,,2.097769,,300.000000,1222,857,,,,,,,,,,,
621,2026-09-30T16:09:17.152213Z,dataset_11/uvl/atlas_mips64_5kc.uvl,OUTPUT_THOROUGH/dataset_11/uvl/atlas_mips64_5kc.uvl,122699,running,step_completed,atomic_set_computation,0.701065,2.799367,,300.000000,1222,857,,,,,,,,,,,
622,2026-09-30T16:09:17.153244500Z,dataset_11/uvl/atlas_mips64_5kc.uvl,OUTPUT_THOROUGH/dataset_11/uvl/atlas_mips64_5kc.uvl,122699,running,reduction_started,reduction,,2.799367,,300.000000,1222,857,,,,,,,,,,,
623,2026-09-30T16:09:17.153244500Z,dataset_11/uvl/atlas_mips64_5kc.uvl,OUTPUT_THOROUGH/dataset_11/uvl/atlas_mips64_5kc.uvl,122699,running,step_started,reduction_satisfiability_check,,2.800345,0.000016,300.000000,1222,857,,,,,,,,,,,
624,2026-09-30T16:09:17.809421Z,dataset_11/uvl/atlas_mips64_5kc.uvl,OUTPUT_THOROUGH/dataset_11/uvl/atlas_mips64_5kc.uvl,122699,running,step_completed,reduction_satisfiability_check,0.655182,3.455779,0.655450,300.000000,1222,857,,,,,,,,,,,
625,2026-09-30T16:09:17.809421Z,dataset_11/uvl/atlas_mips64_5kc.uvl,OUTPUT_THOROUGH/dataset_11/uvl/atlas_mips64_5kc.uvl,122699,running,step_started,reduction_original_cnf_construction,,3.455779,0.655450,300.000000,1222,857,,,,,,,,,,,
626,2026-09-30T16:09:18.480233500Z,dataset_11/uvl/atlas_mips64_5kc.uvl,OUTPUT_THOROUGH/dataset_11/uvl/atlas_mips64_5kc.uvl,122699,running,step_completed,reduction_original_cnf_construction,0.670634,4.126934,1.326605,300.000000,1222,857,,,,,,,,,,,
627,2026-09-30T16:09:18.480233500Z,dataset_11/uvl/atlas_mips64_5kc.uvl,OUTPUT_THOROUGH/dataset_11/uvl/atlas_mips64_5kc.uvl,122699,running,step_started,reduction_removal_plan_computation,,4.126934,1.326605,300.000000,1222,857,,,,,,,,,,,
628,2026-09-30T16:09:20.751640400Z,dataset_11/uvl/atlas_mips64_5kc.uvl,OUTPUT_THOROUGH/dataset_11/uvl/atlas_mips64_5kc.uvl,122699,running,step_completed,reduction_removal_plan_computation,2.271129,6.398663,3.598334,300.000000,1222,857,,,,,,,,,,,
629,2026-09-30T16:09:20.752681Z,dataset_11/uvl/atlas_mips64_5kc.uvl,OUTPUT_THOROUGH/dataset_11/uvl/atlas_mips64_5kc.uvl,122699,running,step_started,reduction_variable_projection,,6.398663,3.598334,300.000000,1222,857,,,,,,,,,,,
630,2026-09-30T16:09:21.389793700Z,dataset_11/uvl/atlas_mips64_5kc.uvl,OUTPUT_THOROUGH/dataset_11/uvl/atlas_mips64_5kc.uvl,122699,running,step_completed,reduction_variable_projection,0.637725,7.036977,4.236648,300.000000,1222,857,,,,,,,,,592,592,
631,2026-09-30T16:09:21.390937400Z,dataset_11/uvl/atlas_mips64_5kc.uvl,OUTPUT_THOROUGH/dataset_11/uvl/atlas_mips64_5kc.uvl,122699,running,step_started,reduction_feature_tree_rebuild,,7.036977,4.236648,300.000000,1222,857,,,,,,,,,592,592,
632,2026-09-30T16:09:24.640013800Z,dataset_11/uvl/atlas_mips64_5kc.uvl,OUTPUT_THOROUGH/dataset_11/uvl/atlas_mips64_5kc.uvl,122699,running,step_completed,reduction_feature_tree_rebuild,3.249625,10.287138,7.486809,300.000000,1222,857,,,,,,,,,592,592,
633,2026-09-30T16:09:24.641135900Z,dataset_11/uvl/atlas_mips64_5kc.uvl,OUTPUT_THOROUGH/dataset_11/uvl/atlas_mips64_5kc.uvl,122699,running,step_started,reduction_structural_model_validation,,10.287138,7.486809,300.000000,1222,857,,,,,,,,,592,592,
634,2026-09-30T16:09:24.728245Z,dataset_11/uvl/atlas_mips64_5kc.uvl,OUTPUT_THOROUGH/dataset_11/uvl/atlas_mips64_5kc.uvl,122699,running,step_completed,reduction_structural_model_validation,0.086786,10.374505,7.574176,300.000000,1222,857,,,,,,,,,592,592,
635,2026-09-30T16:09:24.728245Z,dataset_11/uvl/atlas_mips64_5kc.uvl,OUTPUT_THOROUGH/dataset_11/uvl/atlas_mips64_5kc.uvl,122699,running,step_started,reduction_projected_constraint_addition,,10.374505,7.574176,300.000000,1222,857,,,,,,,,,592,592,
636,2026-09-30T16:09:24.904520700Z,dataset_11/uvl/atlas_mips64_5kc.uvl,OUTPUT_THOROUGH/dataset_11/uvl/atlas_mips64_5kc.uvl,122699,running,step_completed,reduction_projected_constraint_addition,0.175951,10.550962,7.750633,300.000000,1222,857,,,,,,,,,592,592,
637,2026-09-30T16:09:24.905023800Z,dataset_11/uvl/atlas_mips64_5kc.uvl,OUTPUT_THOROUGH/dataset_11/uvl/atlas_mips64_5kc.uvl,122699,running,step_started,reduction_reduced_model_validation,,10.550962,7.750633,300.000000,1222,857,,,,,,,,,592,592,
638,2026-09-30T16:09:25.996923300Z,dataset_11/uvl/atlas_mips64_5kc.uvl,OUTPUT_THOROUGH/dataset_11/uvl/atlas_mips64_5kc.uvl,122699,running,step_completed,reduction_reduced_model_validation,1.092537,11.644042,8.843713,300.000000,1222,857,,,,,,,,,592,592,
639,2026-09-30T16:09:25.998155900Z,dataset_11/uvl/atlas_mips64_5kc.uvl,OUTPUT_THOROUGH/dataset_11/uvl/atlas_mips64_5kc.uvl,122699,running,reduction_completed,reduction,8.843713,11.644042,8.843713,300.000000,1222,857,,,,,,,,,592,592,
640,2026-09-30T16:09:25.998155900Z,dataset_11/uvl/atlas_mips64_5kc.uvl,OUTPUT_THOROUGH/dataset_11/uvl/atlas_mips64_5kc.uvl,122699,running,step_started,simplified_model_storage,,11.644711,8.843713,300.000000,1222,857,,,,,,,,,592,592,
641,2026-09-30T16:09:26.105367300Z,dataset_11/uvl/atlas_mips64_5kc.uvl,OUTPUT_THOROUGH/dataset_11/uvl/atlas_mips64_5kc.uvl,122699,running,step_completed,simplified_model_storage,0.107178,11.752114,8.843713,300.000000,1222,857,,,,,,,,,592,592,
642,2026-09-30T16:09:26.126534200Z,dataset_11/uvl/atlas_mips64_5kc.uvl,OUTPUT_THOROUGH/dataset_11/uvl/atlas_mips64_5kc.uvl,122699,running,step_started,reduced_model_reloading,,11.752114,8.843713,300.000000,1222,857,,,,,,,,,592,592,
643,2026-09-30T16:09:26.331047600Z,dataset_11/uvl/atlas_mips64_5kc.uvl,OUTPUT_THOROUGH/dataset_11/uvl/atlas_mips64_5kc.uvl,122699,running,step_completed,reduced_model_reloading,0.198553,11.977492,8.843713,300.000000,1222,857,,,,,,,,,592,592,
644,2026-09-30T16:09:26.331047600Z,dataset_11/uvl/atlas_mips64_5kc.uvl,OUTPUT_THOROUGH/dataset_11/uvl/atlas_mips64_5kc.uvl,122699,running,step_started,statistics_computation,,11.977492,8.843713,300.000000,1222,857,,,,,,,,,592,592,
645,2026-09-30T16:09:26.332561400Z,dataset_11/uvl/atlas_mips64_5kc.uvl,OUTPUT_THOROUGH/dataset_11/uvl/atlas_mips64_5kc.uvl,122699,running,step_completed,statistics_computation,0.001339,11.979433,8.843713,300.000000,1222,857,,,,,,,,,592,592,
646,2026-09-30T16:09:26.332561400Z,dataset_11/uvl/atlas_mips64_5kc.uvl,OUTPUT_THOROUGH/dataset_11/uvl/atlas_mips64_5kc.uvl,122699,completed,model_completed,,,11.979433,8.843713,300.000000,1222,857,630,1351,0.484452,-0.576429,4,47,541,false,592,592,
647,2026-09-30T16:09:26.334123300Z,dataset_11/uvl/brutus.uvl,OUTPUT_THOROUGH/dataset_11/uvl/brutus.uvl,126556,running,model_started,,,0.000000,,300.000000,,,,,,,,,,,,,
648,2026-09-30T16:09:26.334123300Z,dataset_11/uvl/brutus.uvl,OUTPUT_THOROUGH/dataset_11/uvl/brutus.uvl,126556,running,step_started,input_model_loading,,0.000585,,300.000000,,,,,,,,,,,,,
649,2026-09-30T16:09:26.472874100Z,dataset_11/uvl/brutus.uvl,OUTPUT_THOROUGH/dataset_11/uvl/brutus.uvl,126556,running,step_completed,input_model_loading,0.137753,0.138683,,300.000000,1234,876,,,,,,,,,,,
650,2026-09-30T16:09:26.472874100Z,dataset_11/uvl/brutus.uvl,OUTPUT_THOROUGH/dataset_11/uvl/brutus.uvl,126556,running,step_started,boolean_feature_type_validation,,0.138683,,300.000000,1234,876,,,,,,,,,,,
651,2026-09-30T16:09:26.472874100Z,dataset_11/uvl/brutus.uvl,OUTPUT_THOROUGH/dataset_11/uvl/brutus.uvl,126556,running,step_completed,boolean_feature_type_validation,0.000340,0.139614,,300.000000,1234,876,,,,,,,,,,,
652,2026-09-30T16:09:26.472874100Z,dataset_11/uvl/brutus.uvl,OUTPUT_THOROUGH/dataset_11/uvl/brutus.uvl,126556,running,step_started,initial_satisfiability_check,,0.139614,,300.000000,1234,876,,,,,,,,,,,
653,2026-09-30T16:09:27.171062800Z,dataset_11/uvl/brutus.uvl,OUTPUT_THOROUGH/dataset_11/uvl/brutus.uvl,126556,running,step_completed,initial_satisfiability_check,0.696891,0.836911,,300.000000,1234,876,,,,,,,,,,,
654,2026-09-30T16:09:27.171623Z,dataset_11/uvl/brutus.uvl,OUTPUT_THOROUGH/dataset_11/uvl/brutus.uvl,126556,running,step_started,core_feature_computation,,0.836911,,300.000000,1234,876,,,,,,,,,,,
655,2026-09-30T16:09:27.838616600Z,dataset_11/uvl/brutus.uvl,OUTPUT_THOROUGH/dataset_11/uvl/brutus.uvl,126556,running,step_completed,core_feature_computation,0.667480,1.504955,,300.000000,1234,876,,,,,,,,,,,
656,2026-09-30T16:09:27.838616600Z,dataset_11/uvl/brutus.uvl,OUTPUT_THOROUGH/dataset_11/uvl/brutus.uvl,126556,running,step_started,dead_feature_computation,,1.504955,,300.000000,1234,876,,,,,,,,,,,
657,2026-09-30T16:09:28.502520900Z,dataset_11/uvl/brutus.uvl,OUTPUT_THOROUGH/dataset_11/uvl/brutus.uvl,126556,running,step_completed,dead_feature_computation,0.663450,2.168911,,300.000000,1234,876,,,,,,,,,,,
658,2026-09-30T16:09:28.502520900Z,dataset_11/uvl/brutus.uvl,OUTPUT_THOROUGH/dataset_11/uvl/brutus.uvl,126556,running,step_started,atomic_set_computation,,2.168911,,300.000000,1234,876,,,,,,,,,,,
659,2026-09-30T16:09:29.246608200Z,dataset_11/uvl/brutus.uvl,OUTPUT_THOROUGH/dataset_11/uvl/brutus.uvl,126556,running,step_completed,atomic_set_computation,0.743030,2.912428,,300.000000,1234,876,,,,,,,,,,,
660,2026-09-30T16:09:29.246608200Z,dataset_11/uvl/brutus.uvl,OUTPUT_THOROUGH/dataset_11/uvl/brutus.uvl,126556,running,reduction_started,reduction,,2.912428,,300.000000,1234,876,,,,,,,,,,,
661,2026-09-30T16:09:29.246608200Z,dataset_11/uvl/brutus.uvl,OUTPUT_THOROUGH/dataset_11/uvl/brutus.uvl,126556,running,step_started,reduction_satisfiability_check,,2.912966,0.000014,300.000000,1234,876,,,,,,,,,,,
662,2026-09-30T16:09:29.954762800Z,dataset_11/uvl/brutus.uvl,OUTPUT_THOROUGH/dataset_11/uvl/brutus.uvl,126556,running,step_completed,reduction_satisfiability_check,0.707592,3.620759,0.707807,300.000000,1234,876,,,,,,,,,,,
663,2026-09-30T16:09:29.954762800Z,dataset_11/uvl/brutus.uvl,OUTPUT_THOROUGH/dataset_11/uvl/brutus.uvl,126556,running,step_started,reduction_original_cnf_construction,,3.620759,0.707807,300.000000,1234,876,,,,,,,,,,,
664,2026-09-30T16:09:30.660986700Z,dataset_11/uvl/brutus.uvl,OUTPUT_THOROUGH/dataset_11/uvl/brutus.uvl,126556,running,step_completed,reduction_original_cnf_construction,0.705906,4.327250,1.414299,300.000000,1234,876,,,,,,,,,,,
665,2026-09-30T16:09:30.660986700Z,dataset_11/uvl/brutus.uvl,OUTPUT_THOROUGH/dataset_11/uvl/brutus.uvl,126556,running,step_started,reduction_removal_plan_computation,,4.327250,1.414299,300.000000,1234,876,,,,,,,,,,,
666,2026-09-30T16:09:32.876325200Z,dataset_11/uvl/brutus.uvl,OUTPUT_THOROUGH/dataset_11/uvl/brutus.uvl,126556,running,step_completed,reduction_removal_plan_computation,2.214495,6.542322,3.629370,300.000000,1234,876,,,,,,,,,,,
667,2026-09-30T16:09:32.876899600Z,dataset_11/uvl/brutus.uvl,OUTPUT_THOROUGH/dataset_11/uvl/brutus.uvl,126556,running,step_started,reduction_variable_projection,,6.542322,3.629370,300.000000,1234,876,,,,,,,,,,,
668,2026-09-30T16:09:33.476696300Z,dataset_11/uvl/brutus.uvl,OUTPUT_THOROUGH/dataset_11/uvl/brutus.uvl,126556,running,step_completed,reduction_variable_projection,0.599784,7.142677,4.229726,300.000000,1234,876,,,,,,,,,610,610,
669,2026-09-30T16:09:33.476696300Z,dataset_11/uvl/brutus.uvl,OUTPUT_THOROUGH/dataset_11/uvl/brutus.uvl,126556,running,step_started,reduction_feature_tree_rebuild,,7.142677,4.229726,300.000000,1234,876,,,,,,,,,610,610,
670,2026-09-30T16:09:36.416254300Z,dataset_11/uvl/brutus.uvl,OUTPUT_THOROUGH/dataset_11/uvl/brutus.uvl,126556,running,step_completed,reduction_feature_tree_rebuild,2.938606,10.081855,7.168904,300.000000,1234,876,,,,,,,,,610,610,
671,2026-09-30T16:09:36.416254300Z,dataset_11/uvl/brutus.uvl,OUTPUT_THOROUGH/dataset_11/uvl/brutus.uvl,126556,running,step_started,reduction_structural_model_validation,,10.081855,7.168904,300.000000,1234,876,,,,,,,,,610,610,
672,2026-09-30T16:09:36.509291Z,dataset_11/uvl/brutus.uvl,OUTPUT_THOROUGH/dataset_11/uvl/brutus.uvl,126556,running,step_completed,reduction_structural_model_validation,0.092807,10.175215,7.262264,300.000000,1234,876,,,,,,,,,610,610,
673,2026-09-30T16:09:36.509291Z,dataset_11/uvl/brutus.uvl,OUTPUT_THOROUGH/dataset_11/uvl/brutus.uvl,126556,running,step_started,reduction_projected_constraint_addition,,10.175215,7.262264,300.000000,1234,876,,,,,,,,,610,610,
674,2026-09-30T16:09:36.705529200Z,dataset_11/uvl/brutus.uvl,OUTPUT_THOROUGH/dataset_11/uvl/brutus.uvl,126556,running,step_completed,reduction_projected_constraint_addition,0.195641,10.371418,7.458467,300.000000,1234,876,,,,,,,,,610,610,
675,2026-09-30T16:09:36.705529200Z,dataset_11/uvl/brutus.uvl,OUTPUT_THOROUGH/dataset_11/uvl/brutus.uvl,126556,running,step_started,reduction_reduced_model_validation,,10.371418,7.458467,300.000000,1234,876,,,,,,,,,610,610,
676,2026-09-30T16:09:37.279573300Z,dataset_11/uvl/brutus.uvl,OUTPUT_THOROUGH/dataset_11/uvl/brutus.uvl,126556,running,step_completed,reduction_reduced_model_validation,0.573762,10.945726,8.032774,300.000000,1234,876,,,,,,,,,610,610,
677,2026-09-30T16:09:37.279573300Z,dataset_11/uvl/brutus.uvl,OUTPUT_THOROUGH/dataset_11/uvl/brutus.uvl,126556,running,reduction_completed,reduction,8.032774,10.945726,8.032774,300.000000,1234,876,,,,,,,,,610,610,
678,2026-09-30T16:09:37.279573300Z,dataset_11/uvl/brutus.uvl,OUTPUT_THOROUGH/dataset_11/uvl/brutus.uvl,126556,running,step_started,simplified_model_storage,,10.946288,8.032774,300.000000,1234,876,,,,,,,,,610,610,
679,2026-09-30T16:09:37.288880300Z,dataset_11/uvl/brutus.uvl,OUTPUT_THOROUGH/dataset_11/uvl/brutus.uvl,126556,running,step_completed,simplified_model_storage,0.008229,10.954696,8.032774,300.000000,1234,876,,,,,,,,,610,610,
680,2026-09-30T16:09:37.288880300Z,dataset_11/uvl/brutus.uvl,OUTPUT_THOROUGH/dataset_11/uvl/brutus.uvl,126556,running,step_started,reduced_model_reloading,,10.954696,8.032774,300.000000,1234,876,,,,,,,,,610,610,
681,2026-09-30T16:09:37.444825500Z,dataset_11/uvl/brutus.uvl,OUTPUT_THOROUGH/dataset_11/uvl/brutus.uvl,126556,running,step_completed,reduced_model_reloading,0.155999,11.111150,8.032774,300.000000,1234,876,,,,,,,,,610,610,
682,2026-09-30T16:09:37.445833800Z,dataset_11/uvl/brutus.uvl,OUTPUT_THOROUGH/dataset_11/uvl/brutus.uvl,126556,running,step_started,statistics_computation,,11.111150,8.032774,300.000000,1234,876,,,,,,,,,610,610,
683,2026-09-30T16:09:37.446834600Z,dataset_11/uvl/brutus.uvl,OUTPUT_THOROUGH/dataset_11/uvl/brutus.uvl,126556,running,step_completed,statistics_computation,0.001270,11.113098,8.032774,300.000000,1234,876,,,,,,,,,610,610,
684,2026-09-30T16:09:37.447830700Z,dataset_11/uvl/brutus.uvl,OUTPUT_THOROUGH/dataset_11/uvl/brutus.uvl,126556,completed,model_completed,,,11.113098,8.032774,300.000000,1234,876,624,1370,0.494327,-0.563927,42,61,507,false,610,610,
685,2026-09-30T16:09:37.449345700Z,dataset_11/uvl/calm16_ceb.uvl,OUTPUT_THOROUGH/dataset_11/uvl/calm16_ceb.uvl,118155,running,model_started,,,0.000000,,300.000000,,,,,,,,,,,,,
686,2026-09-30T16:09:37.449857400Z,dataset_11/uvl/calm16_ceb.uvl,OUTPUT_THOROUGH/dataset_11/uvl/calm16_ceb.uvl,118155,running,step_started,input_model_loading,,0.000944,,300.000000,,,,,,,,,,,,,
