sequence,timestamp_utc,input_file,projection_variables_completed,projection_variables_total,projections_completed_since_previous_event,time_since_previous_projection_seconds,cumulative_projection_time_seconds,evaluation_elapsed_seconds,reported_cumulative_projection_time_seconds,reported_evaluation_elapsed_seconds,projection_start_evaluation_elapsed_seconds,recalculated_cumulative_projection_time_seconds,recalculated_evaluation_elapsed_seconds,cumulative_projection_time_adjustment_seconds,evaluation_elapsed_time_adjustment_seconds,projection_interval_source_column,reported_cumulative_source_column,model
1,2026-09-30T22:16:01Z,dataset_9/uvl/automotive02_01.uvl,1,2074,1,0.017163,0.017163,261.632706,0.017163,261.632706,261.615543,0.017163,261.632706,0,0,time_since_previous_projection_seconds,cumulative_projection_time_seconds,automotive02_01
2,2026-09-30T22:16:01Z,dataset_9/uvl/automotive02_01.uvl,2,2074,1,0.017151,0.034314,261.65234,0.034314,261.65234,261.615543,0.034314,261.649857,0,-0.0024829999999838037,time_since_previous_projection_seconds,cumulative_projection_time_seconds,automotive02_01
3,2026-09-30T22:16:01Z,dataset_9/uvl/automotive02_01.uvl,3,2074,1,0.011891,0.046205,261.66509,0.046205,261.66509,261.615543,0.046205,261.661748,0,-0.0033420000000319305,time_since_previous_projection_seconds,cumulative_projection_time_seconds,automotive02_01
4,2026-09-30T22:16:01Z,dataset_9/uvl/automotive02_01.uvl,4,2074,1,0.010961,0.057167,261.676667,0.057167,261.676667,261.615543,0.057166,261.672709,-1.000000000001e-6,-0.003958000000011452,time_since_previous_projection_seconds,cumulative_projection_time_seconds,automotive02_01
5,2026-09-30T22:16:01Z,dataset_9/uvl/automotive02_01.uvl,5,2074,1,0.010826,0.067993,261.68813,0.067993,261.68813,261.615543,0.067992,261.683535,-1.000000000001e-6,-0.004594999999994798,time_since_previous_projection_seconds,cumulative_projection_time_seconds,automotive02_01
6,2026-09-30T22:16:01Z,dataset_9/uvl/automotive02_01.uvl,6,2074,1,0.010472,0.078465,261.699543,0.078465,261.699543,261.615543,0.078464,261.694007,-9.999999999871223e-7,-0.005536000000006425,time_since_previous_projection_seconds,cumulative_projection_time_seconds,automotive02_01
7,2026-09-30T22:16:01Z,dataset_9/uvl/automotive02_01.uvl,7,2074,1,0.010613,0.089078,261.710844,0.089078,261.710844,261.615543,0.089077,261.70462,-1.000000000001e-6,-0.006224000000031538,time_since_previous_projection_seconds,cumulative_projection_time_seconds,automotive02_01
8,2026-09-30T22:16:01Z,dataset_9/uvl/automotive02_01.uvl,8,2074,1,0.011067,0.100145,261.722645,0.100145,261.722645,261.615543,0.100144,261.715687,-1.000000000001e-6,-0.006957999999997355,time_since_previous_projection_seconds,cumulative_projection_time_seconds,automotive02_01
9,2026-09-30T22:16:01Z,dataset_9/uvl/automotive02_01.uvl,9,2074,1,0.010465,0.110611,261.733736,0.110611,261.733736,261.615543,0.110609,261.726152,-2.000000000002e-6,-0.007584000000008473,time_since_previous_projection_seconds,cumulative_projection_time_seconds,automotive02_01
10,2026-09-30T22:16:01Z,dataset_9/uvl/automotive02_01.uvl,10,2074,1,0.010332,0.120942,261.744624,0.120942,261.744624,261.615543,0.120941,261.736484,-9.999999999871223e-7,-0.00813999999996895,time_since_previous_projection_seconds,cumulative_projection_time_seconds,automotive02_01
11,2026-09-30T22:16:01Z,dataset_9/uvl/automotive02_01.uvl,11,2074,1,0.010577,0.131519,261.755809,0.131519,261.755809,261.615543,0.131518,261.74706100000003,-1.000000000001e-6,-0.00874799999996867,time_since_previous_projection_seconds,cumulative_projection_time_seconds,automotive02_01
12,2026-09-30T22:16:01Z,dataset_9/uvl/automotive02_01.uvl,12,2074,1,0.010968,0.142487,261.767459,0.142487,261.767459,261.615543,0.142486,261.758029,-1.000000000001e-6,-0.009429999999952088,time_since_previous_projection_seconds,cumulative_projection_time_seconds,automotive02_01
13,2026-09-30T22:16:01Z,dataset_9/uvl/automotive02_01.uvl,13,2074,1,0.010899,0.153385,261.779029,0.153385,261.779029,261.615543,0.153385,261.768928,0,-0.010100999999963278,time_since_previous_projection_seconds,cumulative_projection_time_seconds,automotive02_01
14,2026-09-30T22:16:01Z,dataset_9/uvl/automotive02_01.uvl,14,2074,1,0.011218,0.164604,261.790997,0.164604,261.790997,261.615543,0.164603,261.780146,-1.000000000001e-6,-0.010851000000002387,time_since_previous_projection_seconds,cumulative_projection_time_seconds,automotive02_01
15,2026-09-30T22:16:01Z,dataset_9/uvl/automotive02_01.uvl,15,2074,1,0.012806,0.17741,261.80446,0.17741,261.80446,261.615543,0.177409,261.792952,-1.000000000001e-6,-0.01150799999999208,time_since_previous_projection_seconds,cumulative_projection_time_seconds,automotive02_01
16,2026-09-30T22:16:01Z,dataset_9/uvl/automotive02_01.uvl,16,2074,1,0.011085,0.188495,261.816204,0.188495,261.816204,261.615543,0.188494,261.804037,-1.000000000001e-6,-0.012167000000033568,time_since_previous_projection_seconds,cumulative_projection_time_seconds,automotive02_01
17,2026-09-30T22:16:01Z,dataset_9/uvl/automotive02_01.uvl,17,2074,1,0.01086,0.199355,261.827673,0.199355,261.827673,261.615543,0.199354,261.81489700000003,-1.000000000001e-6,-0.01277599999997392,time_since_previous_projection_seconds,cumulative_projection_time_seconds,automotive02_01
18,2026-09-30T22:16:01Z,dataset_9/uvl/automotive02_01.uvl,18,2074,1,0.010769,0.210124,261.842196,0.210124,261.842196,261.615543,0.210123,261.825666,-1.000000000001e-6,-0.01652999999998883,time_since_previous_projection_seconds,cumulative_projection_time_seconds,automotive02_01
19,2026-09-30T22:16:01Z,dataset_9/uvl/automotive02_01.uvl,19,2074,1,0.011415,0.221539,261.854172,0.221539,261.854172,261.615543,0.221538,261.837081,-1.000000000001e-6,-0.017090999999993528,time_since_previous_projection_seconds,cumulative_projection_time_seconds,automotive02_01
20,2026-09-30T22:16:01Z,dataset_9/uvl/automotive02_01.uvl,20,2074,1,0.011118,0.232657,261.865919,0.232657,261.865919,261.615543,0.232656,261.848199,-1.000000000001e-6,-0.01771999999999707,time_since_previous_projection_seconds,cumulative_projection_time_seconds,automotive02_01
21,2026-09-30T22:16:01Z,dataset_9/uvl/automotive02_01.uvl,21,2074,1,0.012152,0.244809,261.878743,0.244809,261.878743,261.615543,0.244808,261.860351,-1.000000000001e-6,-0.018392000000005737,time_since_previous_projection_seconds,cumulative_projection_time_seconds,automotive02_01
22,2026-09-30T22:16:01Z,dataset_9/uvl/automotive02_01.uvl,22,2074,1,0.012746,0.257555,261.892118,0.257555,261.892118,261.615543,0.257554,261.87309700000003,-9.999999999732445e-7,-0.019020999999952437,time_since_previous_projection_seconds,cumulative_projection_time_seconds,automotive02_01
23,2026-09-30T22:16:01Z,dataset_9/uvl/automotive02_01.uvl,23,2074,1,0.012363,0.269918,261.905208,0.269918,261.905208,261.615543,0.269917,261.88546,-9.999999999732445e-7,-0.01974799999999277,time_since_previous_projection_seconds,cumulative_projection_time_seconds,automotive02_01
24,2026-09-30T22:16:01Z,dataset_9/uvl/automotive02_01.uvl,24,2074,1,0.010812,0.28073,261.916649,0.28073,261.916649,261.615543,0.280729,261.896272,-9.999999999732445e-7,-0.020376999999996315,time_since_previous_projection_seconds,cumulative_projection_time_seconds,automotive02_01
25,2026-09-30T22:16:01Z,dataset_9/uvl/automotive02_01.uvl,25,2074,1,0.011256,0.291986,261.928486,0.291986,261.928486,261.615543,0.291985,261.907528,-1.0000000000287557e-6,-0.02095800000000736,time_since_previous_projection_seconds,cumulative_projection_time_seconds,automotive02_01
26,2026-09-30T22:16:01Z,dataset_9/uvl/automotive02_01.uvl,26,2074,1,0.011603,0.303589,261.940727,0.303589,261.940727,261.615543,0.303588,261.919131,-9.999999999732445e-7,-0.02159599999998818,time_since_previous_projection_seconds,cumulative_projection_time_seconds,automotive02_01
27,2026-09-30T22:16:01Z,dataset_9/uvl/automotive02_01.uvl,27,2074,1,0.011259,0.314848,261.952582,0.314848,261.952582,261.615543,0.314847,261.93039,-1.0000000000287557e-6,-0.022192000000018197,time_since_previous_projection_seconds,cumulative_projection_time_seconds,automotive02_01
28,2026-09-30T22:16:01Z,dataset_9/uvl/automotive02_01.uvl,28,2074,1,0.012083,0.326931,261.965494,0.326931,261.965494,261.615543,0.32693,261.942473,-1.0000000000287557e-6,-0.023020999999971536,time_since_previous_projection_seconds,cumulative_projection_time_seconds,automotive02_01
29,2026-09-30T22:16:01Z,dataset_9/uvl/automotive02_01.uvl,29,2074,1,0.010886,0.337818,261.977028,0.337818,261.977028,261.615543,0.337816,261.953359,-2.000000000002e-6,-0.023669000000040796,time_since_previous_projection_seconds,cumulative_projection_time_seconds,automotive02_01
30,2026-09-30T22:16:01Z,dataset_9/uvl/automotive02_01.uvl,30,2074,1,0.010968,0.348786,261.988589,0.348786,261.988589,261.615543,0.348784,261.964327,-2.000000000002e-6,-0.0242619999999647,time_since_previous_projection_seconds,cumulative_projection_time_seconds,automotive02_01
31,2026-09-30T22:16:01Z,dataset_9/uvl/automotive02_01.uvl,31,2074,1,0.010664,0.35945,261.999858,0.35945,261.999858,261.615543,0.359448,261.974991,-2.000000000002e-6,-0.024867000000028838,time_since_previous_projection_seconds,cumulative_projection_time_seconds,automotive02_01
32,2026-09-30T22:16:01Z,dataset_9/uvl/automotive02_01.uvl,32,2074,1,0.010579,0.370029,262.011054,0.370029,262.011054,261.615543,0.370027,261.98557,-2.000000000002e-6,-0.025484000000005835,time_since_previous_projection_seconds,cumulative_projection_time_seconds,automotive02_01
33,2026-09-30T22:16:01Z,dataset_9/uvl/automotive02_01.uvl,33,2074,1,0.011065,0.381093,262.023297,0.381093,262.023297,261.615543,0.381092,261.996635,-1.0000000000287557e-6,-0.02666199999998753,time_since_previous_projection_seconds,cumulative_projection_time_seconds,automotive02_01
34,2026-09-30T22:16:01Z,dataset_9/uvl/automotive02_01.uvl,34,2074,1,0.010878,0.391971,262.034825,0.391971,262.034825,261.615543,0.39197,262.007513,-1.0000000000287557e-6,-0.027311999999994896,time_since_previous_projection_seconds,cumulative_projection_time_seconds,automotive02_01
35,2026-09-30T22:16:01Z,dataset_9/uvl/automotive02_01.uvl,35,2074,1,0.011231,0.403202,262.046649,0.403202,262.046649,261.615543,0.40320100000000003,262.018744,-9.999999999732445e-7,-0.027904999999975644,time_since_previous_projection_seconds,cumulative_projection_time_seconds,automotive02_01
36,2026-09-30T22:16:01Z,dataset_9/uvl/automotive02_01.uvl,36,2074,1,0.011033,0.414236,262.058246,0.414236,262.058246,261.615543,0.414234,262.029777,-2.000000000002e-6,-0.028468999999972766,time_since_previous_projection_seconds,cumulative_projection_time_seconds,automotive02_01
37,2026-09-30T22:16:01Z,dataset_9/uvl/automotive02_01.uvl,37,2074,1,0.012101,0.426337,262.0712,0.426337,262.0712,261.615543,0.426335,262.041878,-2.000000000002e-6,-0.029321999999979198,time_since_previous_projection_seconds,cumulative_projection_time_seconds,automotive02_01
38,2026-09-30T22:16:01Z,dataset_9/uvl/automotive02_01.uvl,38,2074,1,0.011085,0.437421,262.082889,0.437421,262.082889,261.615543,0.43742000000000003,262.052963,-9.999999999732445e-7,-0.02992600000004586,time_since_previous_projection_seconds,cumulative_projection_time_seconds,automotive02_01
39,2026-09-30T22:16:02Z,dataset_9/uvl/automotive02_01.uvl,39,2074,1,0.010801,0.448222,262.094314,0.448222,262.094314,261.615543,0.448221,262.063764,-1.0000000000287557e-6,-0.030550000000005184,time_since_previous_projection_seconds,cumulative_projection_time_seconds,automotive02_01
40,2026-09-30T22:16:02Z,dataset_9/uvl/automotive02_01.uvl,40,2074,1,0.010826,0.459048,262.105736,0.459048,262.105736,261.615543,0.459047,262.07459,-1.0000000000287557e-6,-0.031145999999978358,time_since_previous_projection_seconds,cumulative_projection_time_seconds,automotive02_01
41,2026-09-30T22:16:02Z,dataset_9/uvl/automotive02_01.uvl,41,2074,1,0.010716,0.469764,262.117018,0.469764,262.117018,261.615543,0.469763,262.085306,-1.0000000000287557e-6,-0.03171199999997043,time_since_previous_projection_seconds,cumulative_projection_time_seconds,automotive02_01
42,2026-09-30T22:16:02Z,dataset_9/uvl/automotive02_01.uvl,42,2074,1,0.011478,0.481241,262.129098,0.481241,262.129098,261.615543,0.48124100000000003,262.096784,5.551115123125783e-17,-0.0323139999999853,time_since_previous_projection_seconds,cumulative_projection_time_seconds,automotive02_01
43,2026-09-30T22:16:02Z,dataset_9/uvl/automotive02_01.uvl,43,2074,1,0.011303,0.492544,262.141063,0.492544,262.141063,261.615543,0.492544,262.108087,0,-0.03297599999996237,time_since_previous_projection_seconds,cumulative_projection_time_seconds,automotive02_01
44,2026-09-30T22:16:02Z,dataset_9/uvl/automotive02_01.uvl,44,2074,1,0.010609,0.503153,262.152341,0.503153,262.152341,261.615543,0.503153,262.118696,0,-0.03364499999997861,time_since_previous_projection_seconds,cumulative_projection_time_seconds,automotive02_01
45,2026-09-30T22:16:02Z,dataset_9/uvl/automotive02_01.uvl,45,2074,1,0.010873,0.514026,262.163768,0.514026,262.163768,261.615543,0.514026,262.129569,0,-0.03419900000000098,time_since_previous_projection_seconds,cumulative_projection_time_seconds,automotive02_01
46,2026-09-30T22:16:02Z,dataset_9/uvl/automotive02_01.uvl,46,2074,1,0.011997,0.526023,262.176377,0.526023,262.176377,261.615543,0.526023,262.141566,0,-0.0348109999999906,time_since_previous_projection_seconds,cumulative_projection_time_seconds,automotive02_01
47,2026-09-30T22:16:02Z,dataset_9/uvl/automotive02_01.uvl,47,2074,1,0.011506,0.53753,262.188591,0.53753,262.188591,261.615543,0.537529,262.153072,-9.999999999177334e-7,-0.03551899999996522,time_since_previous_projection_seconds,cumulative_projection_time_seconds,automotive02_01
48,2026-09-30T22:16:02Z,dataset_9/uvl/automotive02_01.uvl,48,2074,1,0.010819,0.548348,262.200133,0.548348,262.200133,261.615543,0.5483480000000001,262.163891,1.1102230246251565e-16,-0.03624200000001565,time_since_previous_projection_seconds,cumulative_projection_time_seconds,automotive02_01
49,2026-09-30T22:16:02Z,dataset_9/uvl/automotive02_01.uvl,49,2074,1,0.011794,0.560142,262.212808,0.560142,262.212808,261.615543,0.560142,262.175685,0,-0.03712300000000823,time_since_previous_projection_seconds,cumulative_projection_time_seconds,automotive02_01
50,2026-09-30T22:16:02Z,dataset_9/uvl/automotive02_01.uvl,50,2074,1,0.011452,0.571594,262.224819,0.571594,262.224819,261.615543,0.571594,262.187137,0,-0.03768200000001798,time_since_previous_projection_seconds,cumulative_projection_time_seconds,automotive02_01
51,2026-09-30T22:16:02Z,dataset_9/uvl/automotive02_01.uvl,51,2074,1,0.01168,0.583274,262.237076,0.583274,262.237076,261.615543,0.583274,262.198817,0,-0.03825899999998228,time_since_previous_projection_seconds,cumulative_projection_time_seconds,automotive02_01
52,2026-09-30T22:16:02Z,dataset_9/uvl/automotive02_01.uvl,52,2074,1,0.011507,0.594781,262.249184,0.594781,262.249184,261.615543,0.594781,262.210324,0,-0.03885999999999967,time_since_previous_projection_seconds,cumulative_projection_time_seconds,automotive02_01
53,2026-09-30T22:16:02Z,dataset_9/uvl/automotive02_01.uvl,53,2074,1,0.011274,0.606055,262.261073,0.606055,262.261073,261.615543,0.606055,262.22159800000003,0,-0.03947499999998172,time_since_previous_projection_seconds,cumulative_projection_time_seconds,automotive02_01
54,2026-09-30T22:16:02Z,dataset_9/uvl/automotive02_01.uvl,54,2074,1,0.012138,0.618193,262.274034,0.618193,262.274034,261.615543,0.618193,262.233736,0,-0.04029799999995021,time_since_previous_projection_seconds,cumulative_projection_time_seconds,automotive02_01
55,2026-09-30T22:16:02Z,dataset_9/uvl/automotive02_01.uvl,55,2074,1,0.011656,0.629849,262.286318,0.629849,262.286318,261.615543,0.629849,262.245392,0,-0.04092600000001312,time_since_previous_projection_seconds,cumulative_projection_time_seconds,automotive02_01
56,2026-09-30T22:16:02Z,dataset_9/uvl/automotive02_01.uvl,56,2074,1,0.011408,0.641256,262.298419,0.641256,262.298419,261.615543,0.641257,262.2568,9.999999999177334e-7,-0.04161900000002561,time_since_previous_projection_seconds,cumulative_projection_time_seconds,automotive02_01
57,2026-09-30T22:16:02Z,dataset_9/uvl/automotive02_01.uvl,57,2074,1,0.011921,0.653177,262.310955,0.653177,262.310955,261.615543,0.653178,262.268721,1.0000000000287557e-6,-0.04223399999995081,time_since_previous_projection_seconds,cumulative_projection_time_seconds,automotive02_01
58,2026-09-30T22:16:02Z,dataset_9/uvl/automotive02_01.uvl,58,2074,1,0.011811,0.664988,262.323401,0.664988,262.323401,261.615543,0.664989,262.280532,1.0000000000287557e-6,-0.04286899999999605,time_since_previous_projection_seconds,cumulative_projection_time_seconds,automotive02_01
59,2026-09-30T22:16:02Z,dataset_9/uvl/automotive02_01.uvl,59,2074,1,0.012645,0.677633,262.336925,0.677633,262.336925,261.615543,0.677634,262.293177,9.999999999177334e-7,-0.04374799999999368,time_since_previous_projection_seconds,cumulative_projection_time_seconds,automotive02_01
60,2026-09-30T22:16:02Z,dataset_9/uvl/automotive02_01.uvl,60,2074,1,0.012486,0.690119,262.350068,0.690119,262.350068,261.615543,0.69012,262.305663,9.999999999177334e-7,-0.04440500000004022,time_since_previous_projection_seconds,cumulative_projection_time_seconds,automotive02_01
61,2026-09-30T22:16:02Z,dataset_9/uvl/automotive02_01.uvl,61,2074,1,0.012722,0.702841,262.363335,0.702841,262.363335,261.615543,0.702842,262.318385,9.999999999177334e-7,-0.04495000000002847,time_since_previous_projection_seconds,cumulative_projection_time_seconds,automotive02_01
62,2026-09-30T22:16:02Z,dataset_9/uvl/automotive02_01.uvl,62,2074,1,0.011667,0.714508,262.375611,0.714508,262.375611,261.615543,0.7145090000000001,262.330052,1.0000000000287557e-6,-0.04555899999996882,time_since_previous_projection_seconds,cumulative_projection_time_seconds,automotive02_01
63,2026-09-30T22:16:02Z,dataset_9/uvl/automotive02_01.uvl,63,2074,1,0.011667,0.726175,262.387901,0.726175,262.387901,261.615543,0.726176,262.341719,1.0000000000287557e-6,-0.04618199999998751,time_since_previous_projection_seconds,cumulative_projection_time_seconds,automotive02_01
64,2026-09-30T22:16:02Z,dataset_9/uvl/automotive02_01.uvl,64,2074,1,0.01109,0.737265,262.399684,0.737265,262.399684,261.615543,0.737266,262.352809,1.0000000000287557e-6,-0.046875,time_since_previous_projection_seconds,cumulative_projection_time_seconds,automotive02_01
65,2026-09-30T22:16:02Z,dataset_9/uvl/automotive02_01.uvl,65,2074,1,0.010964,0.748229,262.41123,0.748229,262.41123,261.615543,0.74823,262.363773,9.999999999177334e-7,-0.04745700000000852,time_since_previous_projection_seconds,cumulative_projection_time_seconds,automotive02_01
66,2026-09-30T22:16:02Z,dataset_9/uvl/automotive02_01.uvl,66,2074,1,0.011015,0.759244,262.422808,0.759244,262.422808,261.615543,0.7592450000000001,262.374788,1.0000000000287557e-6,-0.048019999999951324,time_since_previous_projection_seconds,cumulative_projection_time_seconds,automotive02_01
67,2026-09-30T22:16:02Z,dataset_9/uvl/automotive02_01.uvl,67,2074,1,0.010278,0.769522,262.433671,0.769522,262.433671,261.615543,0.769523,262.385066,9.999999999177334e-7,-0.04860500000000911,time_since_previous_projection_seconds,cumulative_projection_time_seconds,automotive02_01
68,2026-09-30T22:16:02Z,dataset_9/uvl/automotive02_01.uvl,68,2074,1,0.011024,0.780546,262.445396,0.780546,262.445396,261.615543,0.780547,262.39609,1.0000000000287557e-6,-0.049306000000001404,time_since_previous_projection_seconds,cumulative_projection_time_seconds,automotive02_01
69,2026-09-30T22:16:02Z,dataset_9/uvl/automotive02_01.uvl,69,2074,1,0.010814,0.791361,262.456826,0.791361,262.456826,261.615543,0.791361,262.406904,0,-0.049921999999980926,time_since_previous_projection_seconds,cumulative_projection_time_seconds,automotive02_01
70,2026-09-30T22:16:02Z,dataset_9/uvl/automotive02_01.uvl,70,2074,1,0.010931,0.802291,262.468289,0.802291,262.468289,261.615543,0.802292,262.417835,1.0000000000287557e-6,-0.050454000000002,time_since_previous_projection_seconds,cumulative_projection_time_seconds,automotive02_01
71,2026-09-30T22:16:02Z,dataset_9/uvl/automotive02_01.uvl,71,2074,1,0.011263,0.813554,262.48014,0.813554,262.48014,261.615543,0.813555,262.429098,1.0000000000287557e-6,-0.05104199999999537,time_since_previous_projection_seconds,cumulative_projection_time_seconds,automotive02_01
72,2026-09-30T22:16:02Z,dataset_9/uvl/automotive02_01.uvl,72,2074,1,0.010511,0.824065,262.491607,0.824065,262.491607,261.615543,0.824066,262.439609,9.999999999177334e-7,-0.051997999999969124,time_since_previous_projection_seconds,cumulative_projection_time_seconds,automotive02_01
73,2026-09-30T22:16:02Z,dataset_9/uvl/automotive02_01.uvl,73,2074,1,0.010437,0.834502,262.502639,0.834502,262.502639,261.615543,0.834503,262.450046,1.0000000000287557e-6,-0.052593000000001666,time_since_previous_projection_seconds,cumulative_projection_time_seconds,automotive02_01
74,2026-09-30T22:16:02Z,dataset_9/uvl/automotive02_01.uvl,74,2074,1,0.010523,0.845025,262.51372,0.845025,262.51372,261.615543,0.845026,262.460569,1.0000000000287557e-6,-0.053150999999957094,time_since_previous_projection_seconds,cumulative_projection_time_seconds,automotive02_01
75,2026-09-30T22:16:02Z,dataset_9/uvl/automotive02_01.uvl,75,2074,1,0.010277,0.855301,262.524559,0.855301,262.524559,261.615543,0.855303,262.470846,2.0000000000575113e-6,-0.05371300000001611,time_since_previous_projection_seconds,cumulative_projection_time_seconds,automotive02_01
76,2026-09-30T22:16:02Z,dataset_9/uvl/automotive02_01.uvl,76,2074,1,0.010441,0.865742,262.535584,0.865742,262.535584,261.615543,0.865744,262.481287,1.999999999946489e-6,-0.054296999999962736,time_since_previous_projection_seconds,cumulative_projection_time_seconds,automotive02_01
77,2026-09-30T22:16:02Z,dataset_9/uvl/automotive02_01.uvl,77,2074,1,0.010515,0.876257,262.546627,0.876257,262.546627,261.615543,0.876259,262.491802,2.0000000000575113e-6,-0.054824999999993906,time_since_previous_projection_seconds,cumulative_projection_time_seconds,automotive02_01
78,2026-09-30T22:16:02Z,dataset_9/uvl/automotive02_01.uvl,78,2074,1,0.010439,0.886697,262.557619,0.886697,262.557619,261.615543,0.886698,262.502241,1.0000000000287557e-6,-0.05537799999996196,time_since_previous_projection_seconds,cumulative_projection_time_seconds,automotive02_01
79,2026-09-30T22:16:02Z,dataset_9/uvl/automotive02_01.uvl,79,2074,1,0.010864,0.89756,262.569002,0.89756,262.569002,261.615543,0.897562,262.513105,1.999999999946489e-6,-0.05589700000001585,time_since_previous_projection_seconds,cumulative_projection_time_seconds,automotive02_01
80,2026-09-30T22:16:02Z,dataset_9/uvl/automotive02_01.uvl,80,2074,1,0.010916,0.908477,262.580469,0.908477,262.580469,261.615543,0.908478,262.524021,1.0000000000287557e-6,-0.05644799999998895,time_since_previous_projection_seconds,cumulative_projection_time_seconds,automotive02_01
81,2026-09-30T22:16:02Z,dataset_9/uvl/automotive02_01.uvl,81,2074,1,0.010869,0.919346,262.591922,0.919346,262.591922,261.615543,0.919347,262.53489,1.0000000000287557e-6,-0.05703199999999242,time_since_previous_projection_seconds,cumulative_projection_time_seconds,automotive02_01
82,2026-09-30T22:16:02Z,dataset_9/uvl/automotive02_01.uvl,82,2074,1,0.010366,0.929711,262.602861,0.929711,262.602861,261.615543,0.929713,262.545256,2.0000000000575113e-6,-0.057605000000023665,time_since_previous_projection_seconds,cumulative_projection_time_seconds,automotive02_01
83,2026-09-30T22:16:02Z,dataset_9/uvl/automotive02_01.uvl,83,2074,1,0.010906,0.940618,262.614309,0.940618,262.614309,261.615543,0.940619,262.55616200000003,1.0000000000287557e-6,-0.058146999999962645,time_since_previous_projection_seconds,cumulative_projection_time_seconds,automotive02_01
84,2026-09-30T22:16:02Z,dataset_9/uvl/automotive02_01.uvl,84,2074,1,0.010995,0.951612,262.625891,0.951612,262.625891,261.615543,0.951614,262.567157,1.999999999946489e-6,-0.058734000000015385,time_since_previous_projection_seconds,cumulative_projection_time_seconds,automotive02_01
85,2026-09-30T22:16:02Z,dataset_9/uvl/automotive02_01.uvl,85,2074,1,0.010924,0.962536,262.637365,0.962536,262.637365,261.615543,0.962538,262.578081,2.0000000000575113e-6,-0.05928399999999101,time_since_previous_projection_seconds,cumulative_projection_time_seconds,automotive02_01
86,2026-09-30T22:16:02Z,dataset_9/uvl/automotive02_01.uvl,86,2074,1,0.01029,0.972826,262.648279,0.972826,262.648279,261.615543,0.972828,262.588371,2.0000000000575113e-6,-0.05990800000000718,time_since_previous_projection_seconds,cumulative_projection_time_seconds,automotive02_01
87,2026-09-30T22:16:02Z,dataset_9/uvl/automotive02_01.uvl,87,2074,1,0.010503,0.983329,262.659296,0.983329,262.659296,261.615543,0.983331,262.598874,1.999999999946489e-6,-0.06042199999996001,time_since_previous_projection_seconds,cumulative_projection_time_seconds,automotive02_01
88,2026-09-30T22:16:02Z,dataset_9/uvl/automotive02_01.uvl,88,2074,1,0.011918,0.995247,262.671773,0.995247,262.671773,261.615543,0.995249,262.610792,2.0000000000575113e-6,-0.060980999999969754,time_since_previous_projection_seconds,cumulative_projection_time_seconds,automotive02_01
89,2026-09-30T22:16:02Z,dataset_9/uvl/automotive02_01.uvl,89,2074,1,0.010808,1.006055,262.683209,1.006055,262.683209,261.615543,1.006057,262.6216,2.0000000000575113e-6,-0.06160899999997582,time_since_previous_projection_seconds,cumulative_projection_time_seconds,automotive02_01
90,2026-09-30T22:16:02Z,dataset_9/uvl/automotive02_01.uvl,90,2074,1,0.010454,1.016509,262.694213,1.016509,262.694213,261.615543,1.016511,262.632054,1.9999999998354667e-6,-0.06215900000000829,time_since_previous_projection_seconds,cumulative_projection_time_seconds,automotive02_01
91,2026-09-30T22:16:02Z,dataset_9/uvl/automotive02_01.uvl,91,2074,1,0.010635,1.027144,262.705375,1.027144,262.705375,261.615543,1.0271460000000001,262.642689,2.0000000000575113e-6,-0.06268599999998514,time_since_previous_projection_seconds,cumulative_projection_time_seconds,automotive02_01
92,2026-09-30T22:16:02Z,dataset_9/uvl/automotive02_01.uvl,92,2074,1,0.010505,1.037649,262.71643,1.037649,262.71643,261.615543,1.037651,262.653194,2.0000000000575113e-6,-0.06323600000001761,time_since_previous_projection_seconds,cumulative_projection_time_seconds,automotive02_01
93,2026-09-30T22:16:02Z,dataset_9/uvl/automotive02_01.uvl,93,2074,1,0.010551,1.0482,262.727511,1.0482,262.727511,261.615543,1.048202,262.663745,2.0000000000575113e-6,-0.06376599999998689,time_since_previous_projection_seconds,cumulative_projection_time_seconds,automotive02_01
94,2026-09-30T22:16:02Z,dataset_9/uvl/automotive02_01.uvl,94,2074,1,0.011017,1.059217,262.73906,1.059217,262.73906,261.615543,1.059219,262.674762,1.9999999998354667e-6,-0.06429800000000796,time_since_previous_projection_seconds,cumulative_projection_time_seconds,automotive02_01
95,2026-09-30T22:16:02Z,dataset_9/uvl/automotive02_01.uvl,95,2074,1,0.010684,1.069901,262.750291,1.069901,262.750291,261.615543,1.069903,262.685446,2.0000000000575113e-6,-0.06484499999999116,time_since_previous_projection_seconds,cumulative_projection_time_seconds,automotive02_01
96,2026-09-30T22:16:02Z,dataset_9/uvl/automotive02_01.uvl,96,2074,1,0.011142,1.081043,262.761974,1.081043,262.761974,261.615543,1.081045,262.696588,2.0000000000575113e-6,-0.06538599999998951,time_since_previous_projection_seconds,cumulative_projection_time_seconds,automotive02_01
97,2026-09-30T22:16:02Z,dataset_9/uvl/automotive02_01.uvl,97,2074,1,0.010529,1.091572,262.773043,1.091572,262.773043,261.615543,1.091574,262.707117,2.0000000000575113e-6,-0.06592599999999038,time_since_previous_projection_seconds,cumulative_projection_time_seconds,automotive02_01
98,2026-09-30T22:16:02Z,dataset_9/uvl/automotive02_01.uvl,98,2074,1,0.012093,1.103666,262.785654,1.103666,262.785654,261.615543,1.103667,262.71921,9.999999999177334e-7,-0.0664440000000468,time_since_previous_projection_seconds,cumulative_projection_time_seconds,automotive02_01
99,2026-09-30T22:16:02Z,dataset_9/uvl/automotive02_01.uvl,99,2074,1,0.010969,1.114634,262.797097,1.114634,262.797097,261.615543,1.114636,262.730179,2.0000000000575113e-6,-0.06691799999998693,time_since_previous_projection_seconds,cumulative_projection_time_seconds,automotive02_01
100,2026-09-30T22:16:02Z,dataset_9/uvl/automotive02_01.uvl,100,2074,1,0.010389,1.125023,262.808015,1.125023,262.808015,261.615543,1.125025,262.740568,1.9999999998354667e-6,-0.06744700000001558,time_since_previous_projection_seconds,cumulative_projection_time_seconds,automotive02_01
101,2026-09-30T22:16:02Z,dataset_9/uvl/automotive02_01.uvl,101,2074,1,0.019106,1.144129,262.827662,1.144129,262.827662,261.615543,1.144131,262.759674,2.0000000000575113e-6,-0.06798799999995708,time_since_previous_projection_seconds,cumulative_projection_time_seconds,automotive02_01
102,2026-09-30T22:16:02Z,dataset_9/uvl/automotive02_01.uvl,102,2074,1,0.020405,1.164534,262.987915,1.164534,262.987915,261.615543,1.164536,262.780079,2.0000000000575113e-6,-0.20783599999998614,time_since_previous_projection_seconds,cumulative_projection_time_seconds,automotive02_01
103,2026-09-30T22:16:03Z,dataset_9/uvl/automotive02_01.uvl,103,2074,1,0.101798,1.266332,263.091738,1.266332,263.091738,261.615543,1.266334,262.881877,2.0000000000575113e-6,-0.20986100000004626,time_since_previous_projection_seconds,cumulative_projection_time_seconds,automotive02_01
104,2026-09-30T22:16:03Z,dataset_9/uvl/automotive02_01.uvl,104,2074,1,0.011673,1.278005,263.104512,1.278005,263.104512,261.615543,1.2780070000000001,262.89355,2.0000000000575113e-6,-0.210961999999995,time_since_previous_projection_seconds,cumulative_projection_time_seconds,automotive02_01
105,2026-09-30T22:16:03Z,dataset_9/uvl/automotive02_01.uvl,105,2074,1,0.011806,1.289811,263.11688,1.289811,263.11688,261.615543,1.289813,262.905356,2.0000000000575113e-6,-0.21152399999999716,time_since_previous_projection_seconds,cumulative_projection_time_seconds,automotive02_01
106,2026-09-30T22:16:03Z,dataset_9/uvl/automotive02_01.uvl,106,2074,1,0.012189,1.302,263.129659,1.302,263.129659,261.615543,1.302002,262.917545,2.0000000000575113e-6,-0.21211399999998548,time_since_previous_projection_seconds,cumulative_projection_time_seconds,automotive02_01
107,2026-09-30T22:16:03Z,dataset_9/uvl/automotive02_01.uvl,107,2074,1,0.012184,1.314183,263.142382,1.314183,263.142382,261.615543,1.314186,262.929729,2.9999999999752447e-6,-0.21265299999998888,time_since_previous_projection_seconds,cumulative_projection_time_seconds,automotive02_01
108,2026-09-30T22:16:03Z,dataset_9/uvl/automotive02_01.uvl,108,2074,1,0.013839,1.328022,263.156813,1.328022,263.156813,261.615543,1.328025,262.943568,2.9999999999752447e-6,-0.21324499999997215,time_since_previous_projection_seconds,cumulative_projection_time_seconds,automotive02_01
109,2026-09-30T22:16:03Z,dataset_9/uvl/automotive02_01.uvl,109,2074,1,0.014043,1.342065,263.171508,1.342065,263.171508,261.615543,1.342068,262.957611,2.9999999999752447e-6,-0.2138970000000313,time_since_previous_projection_seconds,cumulative_projection_time_seconds,automotive02_01
110,2026-09-30T22:16:03Z,dataset_9/uvl/automotive02_01.uvl,110,2074,1,0.013827,1.355892,263.185952,1.355892,263.185952,261.615543,1.355895,262.971438,2.9999999999752447e-6,-0.2145140000000083,time_since_previous_projection_seconds,cumulative_projection_time_seconds,automotive02_01
111,2026-09-30T22:16:03Z,dataset_9/uvl/automotive02_01.uvl,111,2074,1,0.01042,1.366312,263.196992,1.366312,263.196992,261.615543,1.366315,262.981858,2.9999999999752447e-6,-0.21513400000003458,time_since_previous_projection_seconds,cumulative_projection_time_seconds,automotive02_01
112,2026-09-30T22:16:03Z,dataset_9/uvl/automotive02_01.uvl,112,2074,1,0.012088,1.3784,263.209609,1.3784,263.209609,261.615543,1.378403,262.993946,2.9999999999752447e-6,-0.21566300000000638,time_since_previous_projection_seconds,cumulative_projection_time_seconds,automotive02_01
113,2026-09-30T22:16:03Z,dataset_9/uvl/automotive02_01.uvl,113,2074,1,0.011577,1.389977,263.221831,1.389977,263.221831,261.615543,1.38998,263.005523,2.9999999999752447e-6,-0.21630800000002637,time_since_previous_projection_seconds,cumulative_projection_time_seconds,automotive02_01
114,2026-09-30T22:16:03Z,dataset_9/uvl/automotive02_01.uvl,114,2074,1,0.011051,1.401028,263.23346,1.401028,263.23346,261.615543,1.401031,263.016574,2.9999999999752447e-6,-0.21688599999998814,time_since_previous_projection_seconds,cumulative_projection_time_seconds,automotive02_01
115,2026-09-30T22:16:03Z,dataset_9/uvl/automotive02_01.uvl,115,2074,1,0.010995,1.412023,263.245002,1.412023,263.245002,261.615543,1.412026,263.027569,2.9999999999752447e-6,-0.21743299999997134,time_since_previous_projection_seconds,cumulative_projection_time_seconds,automotive02_01
116,2026-09-30T22:16:03Z,dataset_9/uvl/automotive02_01.uvl,116,2074,1,0.010835,1.422859,263.256365,1.422859,263.256365,261.615543,1.422861,263.038404,1.9999999998354667e-6,-0.21796100000000251,time_since_previous_projection_seconds,cumulative_projection_time_seconds,automotive02_01
117,2026-09-30T22:16:03Z,dataset_9/uvl/automotive02_01.uvl,117,2074,1,0.010879,1.433738,263.267791,1.433738,263.267791,261.615543,1.43374,263.049283,2.0000000000575113e-6,-0.2185079999999857,time_since_previous_projection_seconds,cumulative_projection_time_seconds,automotive02_01
118,2026-09-30T22:16:03Z,dataset_9/uvl/automotive02_01.uvl,118,2074,1,0.010608,1.444345,263.279035,1.444345,263.279035,261.615543,1.444348,263.059891,2.9999999999752447e-6,-0.21914400000002843,time_since_previous_projection_seconds,cumulative_projection_time_seconds,automotive02_01
119,2026-09-30T22:16:03Z,dataset_9/uvl/automotive02_01.uvl,119,2074,1,0.010573,1.454918,263.290151,1.454918,263.290151,261.615543,1.454921,263.070464,2.9999999999752447e-6,-0.21968699999996488,time_since_previous_projection_seconds,cumulative_projection_time_seconds,automotive02_01
120,2026-09-30T22:16:03Z,dataset_9/uvl/automotive02_01.uvl,120,2074,1,0.010354,1.465272,263.301072,1.465272,263.301072,261.615543,1.465275,263.080818,3.0000000001972893e-6,-0.22025399999995443,time_since_previous_projection_seconds,cumulative_projection_time_seconds,automotive02_01
121,2026-09-30T22:16:03Z,dataset_9/uvl/automotive02_01.uvl,121,2074,1,0.010898,1.47617,263.312464,1.47617,263.312464,261.615543,1.476173,263.091716,2.9999999999752447e-6,-0.22074799999995776,time_since_previous_projection_seconds,cumulative_projection_time_seconds,automotive02_01
122,2026-09-30T22:16:03Z,dataset_9/uvl/automotive02_01.uvl,122,2074,1,0.010397,1.486568,263.323387,1.486568,263.323387,261.615543,1.48657,263.102113,2.0000000000575113e-6,-0.22127400000005082,time_since_previous_projection_seconds,cumulative_projection_time_seconds,automotive02_01
123,2026-09-30T22:16:03Z,dataset_9/uvl/automotive02_01.uvl,123,2074,1,0.010426,1.496994,263.334296,1.496994,263.334296,261.615543,1.496996,263.112539,2.0000000000575113e-6,-0.22175699999996823,time_since_previous_projection_seconds,cumulative_projection_time_seconds,automotive02_01
124,2026-09-30T22:16:03Z,dataset_9/uvl/automotive02_01.uvl,124,2074,1,0.010515,1.507509,263.345293,1.507509,263.345293,261.615543,1.507511,263.123054,2.0000000000575113e-6,-0.22223900000000185,time_since_previous_projection_seconds,cumulative_projection_time_seconds,automotive02_01
125,2026-09-30T22:16:03Z,dataset_9/uvl/automotive02_01.uvl,125,2074,1,0.010399,1.517908,263.356189,1.517908,263.356189,261.615543,1.51791,263.133453,2.0000000000575113e-6,-0.2227359999999976,time_since_previous_projection_seconds,cumulative_projection_time_seconds,automotive02_01
126,2026-09-30T22:16:03Z,dataset_9/uvl/automotive02_01.uvl,126,2074,1,0.010755,1.528663,263.367456,1.528663,263.367456,261.615543,1.528665,263.144208,1.9999999998354667e-6,-0.22324800000001233,time_since_previous_projection_seconds,cumulative_projection_time_seconds,automotive02_01
127,2026-09-30T22:16:03Z,dataset_9/uvl/automotive02_01.uvl,127,2074,1,0.011197,1.539861,263.379161,1.539861,263.379161,261.615543,1.539862,263.15540500000003,1.000000000139778e-6,-0.2237559999999803,time_since_previous_projection_seconds,cumulative_projection_time_seconds,automotive02_01
128,2026-09-30T22:16:03Z,dataset_9/uvl/automotive02_01.uvl,128,2074,1,0.011427,1.551288,263.391153,1.551288,263.391153,261.615543,1.551289,263.166832,9.999999999177334e-7,-0.2243209999999749,time_since_previous_projection_seconds,cumulative_projection_time_seconds,automotive02_01
129,2026-09-30T22:16:03Z,dataset_9/uvl/automotive02_01.uvl,129,2074,1,0.011488,1.562776,263.403313,1.562776,263.403313,261.615543,1.562777,263.17832,1.000000000139778e-6,-0.2249930000000404,time_since_previous_projection_seconds,cumulative_projection_time_seconds,automotive02_01
130,2026-09-30T22:16:03Z,dataset_9/uvl/automotive02_01.uvl,130,2074,1,0.011201,1.573977,263.415113,1.573977,263.415113,261.615543,1.573978,263.189521,1.000000000139778e-6,-0.225592000000006,time_since_previous_projection_seconds,cumulative_projection_time_seconds,automotive02_01
131,2026-09-30T22:16:03Z,dataset_9/uvl/automotive02_01.uvl,131,2074,1,0.011731,1.585708,263.427408,1.585708,263.427408,261.615543,1.585709,263.201252,1.000000000139778e-6,-0.22615600000000313,time_since_previous_projection_seconds,cumulative_projection_time_seconds,automotive02_01
132,2026-09-30T22:16:03Z,dataset_9/uvl/automotive02_01.uvl,132,2074,1,0.010607,1.596315,263.438528,1.596315,263.438528,261.615543,1.596316,263.211859,1.000000000139778e-6,-0.22666900000001533,time_since_previous_projection_seconds,cumulative_projection_time_seconds,automotive02_01
133,2026-09-30T22:16:03Z,dataset_9/uvl/automotive02_01.uvl,133,2074,1,0.010957,1.607273,263.450077,1.607273,263.450077,261.615543,1.607273,263.222816,0,-0.2272609999999986,time_since_previous_projection_seconds,cumulative_projection_time_seconds,automotive02_01
134,2026-09-30T22:16:03Z,dataset_9/uvl/automotive02_01.uvl,134,2074,1,0.010799,1.618071,263.461395,1.618071,263.461395,261.615543,1.618072,263.233615,9.999999999177334e-7,-0.22777999999999565,time_since_previous_projection_seconds,cumulative_projection_time_seconds,automotive02_01
135,2026-09-30T22:16:03Z,dataset_9/uvl/automotive02_01.uvl,135,2074,1,0.010793,1.628864,263.472677,1.628864,263.472677,261.615543,1.628865,263.244408,9.999999999177334e-7,-0.22826899999995476,time_since_previous_projection_seconds,cumulative_projection_time_seconds,automotive02_01
136,2026-09-30T22:16:03Z,dataset_9/uvl/automotive02_01.uvl,136,2074,1,0.010356,1.63922,263.483598,1.63922,263.483598,261.615543,1.639221,263.254764,1.000000000139778e-6,-0.22883399999994936,time_since_previous_projection_seconds,cumulative_projection_time_seconds,automotive02_01
137,2026-09-30T22:16:03Z,dataset_9/uvl/automotive02_01.uvl,137,2074,1,0.01036,1.649579,263.494726,1.649579,263.494726,261.615543,1.649581,263.265124,2.0000000000575113e-6,-0.22960199999999986,time_since_previous_projection_seconds,cumulative_projection_time_seconds,automotive02_01
138,2026-09-30T22:16:03Z,dataset_9/uvl/automotive02_01.uvl,138,2074,1,0.010453,1.660032,263.50569,1.660032,263.50569,261.615543,1.660034,263.275577,2.0000000000575113e-6,-0.2301130000000171,time_since_previous_projection_seconds,cumulative_projection_time_seconds,automotive02_01
139,2026-09-30T22:16:03Z,dataset_9/uvl/automotive02_01.uvl,139,2074,1,0.010571,1.670604,263.516756,1.670604,263.516756,261.615543,1.6706050000000001,263.286148,1.000000000139778e-6,-0.23060799999996107,time_since_previous_projection_seconds,cumulative_projection_time_seconds,automotive02_01
140,2026-09-30T22:16:03Z,dataset_9/uvl/automotive02_01.uvl,140,2074,1,0.010392,1.680995,263.527663,1.680995,263.527663,261.615543,1.680997,263.29654,2.0000000000575113e-6,-0.23112300000002506,time_since_previous_projection_seconds,cumulative_projection_time_seconds,automotive02_01
141,2026-09-30T22:16:03Z,dataset_9/uvl/automotive02_01.uvl,141,2074,1,0.010479,1.691474,263.538662,1.691474,263.538662,261.615543,1.691476,263.307019,2.0000000000575113e-6,-0.23164299999996274,time_since_previous_projection_seconds,cumulative_projection_time_seconds,automotive02_01
142,2026-09-30T22:16:03Z,dataset_9/uvl/automotive02_01.uvl,142,2074,1,0.010634,1.702109,263.549799,1.702109,263.549799,261.615543,1.70211,263.317653,9.999999999177334e-7,-0.23214600000000019,time_since_previous_projection_seconds,cumulative_projection_time_seconds,automotive02_01
143,2026-09-30T22:16:03Z,dataset_9/uvl/automotive02_01.uvl,143,2074,1,0.010337,1.712445,263.560654,1.712445,263.560654,261.615543,1.712447,263.32799,2.0000000000575113e-6,-0.23266399999999976,time_since_previous_projection_seconds,cumulative_projection_time_seconds,automotive02_01
144,2026-09-30T22:16:03Z,dataset_9/uvl/automotive02_01.uvl,144,2074,1,0.010501,1.722946,263.571666,1.722946,263.571666,261.615543,1.722948,263.338491,1.9999999998354667e-6,-0.233175000000017,time_since_previous_projection_seconds,cumulative_projection_time_seconds,automotive02_01
145,2026-09-30T22:16:03Z,dataset_9/uvl/automotive02_01.uvl,145,2074,1,0.010493,1.733439,263.582646,1.733439,263.582646,261.615543,1.733441,263.34898400000003,2.0000000000575113e-6,-0.23366199999998116,time_since_previous_projection_seconds,cumulative_projection_time_seconds,automotive02_01
146,2026-09-30T22:16:03Z,dataset_9/uvl/automotive02_01.uvl,146,2074,1,0.01065,1.744089,263.593821,1.744089,263.593821,261.615543,1.744091,263.359634,2.0000000000575113e-6,-0.23418699999996306,time_since_previous_projection_seconds,cumulative_projection_time_seconds,automotive02_01
147,2026-09-30T22:16:03Z,dataset_9/uvl/automotive02_01.uvl,147,2074,1,0.010346,1.754434,263.604717,1.754434,263.604717,261.615543,1.754437,263.36998,2.9999999999752447e-6,-0.23473699999999553,time_since_previous_projection_seconds,cumulative_projection_time_seconds,automotive02_01
148,2026-09-30T22:16:03Z,dataset_9/uvl/automotive02_01.uvl,148,2074,1,0.010567,1.765001,263.615766,1.765001,263.615766,261.615543,1.765004,263.380547,2.9999999999752447e-6,-0.23521900000002915,time_since_previous_projection_seconds,cumulative_projection_time_seconds,automotive02_01
149,2026-09-30T22:16:03Z,dataset_9/uvl/automotive02_01.uvl,149,2074,1,0.010498,1.775499,263.626757,1.775499,263.626757,261.615543,1.775502,263.391045,2.9999999999752447e-6,-0.23571199999997816,time_since_previous_projection_seconds,cumulative_projection_time_seconds,automotive02_01
150,2026-09-30T22:16:03Z,dataset_9/uvl/automotive02_01.uvl,150,2074,1,0.010153,1.785652,263.637417,1.785652,263.637417,261.615543,1.785655,263.401198,2.9999999999752447e-6,-0.2362190000000055,time_since_previous_projection_seconds,cumulative_projection_time_seconds,automotive02_01
151,2026-09-30T22:16:03Z,dataset_9/uvl/automotive02_01.uvl,151,2074,1,0.010406,1.796058,263.648321,1.796058,263.648321,261.615543,1.796061,263.411604,2.9999999999752447e-6,-0.23671699999999873,time_since_previous_projection_seconds,cumulative_projection_time_seconds,automotive02_01
152,2026-09-30T22:16:03Z,dataset_9/uvl/automotive02_01.uvl,152,2074,1,0.011116,1.807174,263.659964,1.807174,263.659964,261.615543,1.807177,263.42272,2.9999999999752447e-6,-0.23724399999997559,time_since_previous_projection_seconds,cumulative_projection_time_seconds,automotive02_01
153,2026-09-30T22:16:03Z,dataset_9/uvl/automotive02_01.uvl,153,2074,1,0.010349,1.817522,263.670823,1.817522,263.670823,261.615543,1.817526,263.433069,3.999999999892978e-6,-0.23775399999999536,time_since_previous_projection_seconds,cumulative_projection_time_seconds,automotive02_01
154,2026-09-30T22:16:03Z,dataset_9/uvl/automotive02_01.uvl,154,2074,1,0.010757,1.828279,263.682238,1.828279,263.682238,261.615543,1.828283,263.443826,4.000000000115023e-6,-0.23841199999998253,time_since_previous_projection_seconds,cumulative_projection_time_seconds,automotive02_01
155,2026-09-30T22:16:03Z,dataset_9/uvl/automotive02_01.uvl,155,2074,1,0.010682,1.838961,263.693424,1.838961,263.693424,261.615543,1.838965,263.454508,3.999999999892978e-6,-0.23891600000001745,time_since_previous_projection_seconds,cumulative_projection_time_seconds,automotive02_01
156,2026-09-30T22:16:03Z,dataset_9/uvl/automotive02_01.uvl,156,2074,1,0.010716,1.849676,263.704632,1.849676,263.704632,261.615543,1.849681,263.465224,4.999999999810711e-6,-0.23940800000002582,time_since_previous_projection_seconds,cumulative_projection_time_seconds,automotive02_01
157,2026-09-30T22:16:03Z,dataset_9/uvl/automotive02_01.uvl,157,2074,1,0.010357,1.860033,263.71551,1.860033,263.71551,261.615543,1.860038,263.475581,5.000000000032756e-6,-0.23992900000001782,time_since_previous_projection_seconds,cumulative_projection_time_seconds,automotive02_01
158,2026-09-30T22:16:03Z,dataset_9/uvl/automotive02_01.uvl,158,2074,1,0.010818,1.870851,263.726805,1.870851,263.726805,261.615543,1.870856,263.486399,5.000000000032756e-6,-0.24040600000000723,time_since_previous_projection_seconds,cumulative_projection_time_seconds,automotive02_01
159,2026-09-30T22:16:03Z,dataset_9/uvl/automotive02_01.uvl,159,2074,1,0.010656,1.881507,263.737963,1.881507,263.737963,261.615543,1.881512,263.497055,5.000000000032756e-6,-0.24090799999999035,time_since_previous_projection_seconds,cumulative_projection_time_seconds,automotive02_01
160,2026-09-30T22:16:03Z,dataset_9/uvl/automotive02_01.uvl,160,2074,1,0.010549,1.892056,263.749021,1.892056,263.749021,261.615543,1.892061,263.507604,5.000000000032756e-6,-0.24141700000001265,time_since_previous_projection_seconds,cumulative_projection_time_seconds,automotive02_01
161,2026-09-30T22:16:03Z,dataset_9/uvl/automotive02_01.uvl,161,2074,1,0.010184,1.902241,263.759723,1.902241,263.759723,261.615543,1.902245,263.517788,3.999999999892978e-6,-0.24193500000001222,time_since_previous_projection_seconds,cumulative_projection_time_seconds,automotive02_01
162,2026-09-30T22:16:03Z,dataset_9/uvl/automotive02_01.uvl,162,2074,1,0.010693,1.912934,263.770904,1.912934,263.770904,261.615543,1.912938,263.528481,4.000000000115023e-6,-0.24242299999997385,time_since_previous_projection_seconds,cumulative_projection_time_seconds,automotive02_01
163,2026-09-30T22:16:03Z,dataset_9/uvl/automotive02_01.uvl,163,2074,1,0.011355,1.924289,263.782756,1.924289,263.782756,261.615543,1.924293,263.539836,4.000000000115023e-6,-0.24292000000002645,time_since_previous_projection_seconds,cumulative_projection_time_seconds,automotive02_01
164,2026-09-30T22:16:03Z,dataset_9/uvl/automotive02_01.uvl,164,2074,1,0.01043,1.934719,263.793708,1.934719,263.793708,261.615543,1.934723,263.550266,3.999999999892978e-6,-0.24344199999995908,time_since_previous_projection_seconds,cumulative_projection_time_seconds,automotive02_01
165,2026-09-30T22:16:03Z,dataset_9/uvl/automotive02_01.uvl,165,2074,1,0.010482,1.945201,263.804725,1.945201,263.804725,261.615543,1.945205,263.560748,4.000000000115023e-6,-0.24397700000002942,time_since_previous_projection_seconds,cumulative_projection_time_seconds,automotive02_01
166,2026-09-30T22:16:03Z,dataset_9/uvl/automotive02_01.uvl,166,2074,1,0.010753,1.955954,263.815995,1.955954,263.815995,261.615543,1.955958,263.571501,4.000000000115023e-6,-0.24449399999997468,time_since_previous_projection_seconds,cumulative_projection_time_seconds,automotive02_01
167,2026-09-30T22:16:03Z,dataset_9/uvl/automotive02_01.uvl,167,2074,1,0.010648,1.966602,263.827169,1.966602,263.827169,261.615543,1.966606,263.582149,4.000000000115023e-6,-0.2450200000000109,time_since_previous_projection_seconds,cumulative_projection_time_seconds,automotive02_01
168,2026-09-30T22:16:03Z,dataset_9/uvl/automotive02_01.uvl,168,2074,1,0.010349,1.976951,263.838078,1.976951,263.838078,261.615543,1.976955,263.592498,4.000000000115023e-6,-0.24558000000001812,time_since_previous_projection_seconds,cumulative_projection_time_seconds,automotive02_01
169,2026-09-30T22:16:03Z,dataset_9/uvl/automotive02_01.uvl,169,2074,1,0.010469,1.98742,263.849024,1.98742,263.849024,261.615543,1.987424,263.602967,4.000000000115023e-6,-0.24605700000000752,time_since_previous_projection_seconds,cumulative_projection_time_seconds,automotive02_01
170,2026-09-30T22:16:03Z,dataset_9/uvl/automotive02_01.uvl,170,2074,1,0.010788,1.998208,263.860303,1.998208,263.860303,261.615543,1.998212,263.613755,4.000000000115023e-6,-0.24654799999996158,time_since_previous_projection_seconds,cumulative_projection_time_seconds,automotive02_01
171,2026-09-30T22:16:03Z,dataset_9/uvl/automotive02_01.uvl,171,2074,1,0.010359,2.008567,263.871157,2.008567,263.871157,261.615543,2.008571,263.624114,3.9999999996709334e-6,-0.24704299999996238,time_since_previous_projection_seconds,cumulative_projection_time_seconds,automotive02_01
172,2026-09-30T22:16:03Z,dataset_9/uvl/automotive02_01.uvl,172,2074,1,0.011456,2.020022,263.883093,2.020022,263.883093,261.615543,2.020027,263.63557000000003,4.999999999810711e-6,-0.2475229999999442,time_since_previous_projection_seconds,cumulative_projection_time_seconds,automotive02_01
173,2026-09-30T22:16:03Z,dataset_9/uvl/automotive02_01.uvl,173,2074,1,0.011393,2.031415,263.895052,2.031415,263.895052,261.615543,2.0314200000000002,263.646963,5.000000000254801e-6,-0.24808899999999312,time_since_previous_projection_seconds,cumulative_projection_time_seconds,automotive02_01
174,2026-09-30T22:16:03Z,dataset_9/uvl/automotive02_01.uvl,174,2074,1,0.010972,2.042388,263.906615,2.042388,263.906615,261.615543,2.042392,263.657935,4.000000000115023e-6,-0.24867999999997892,time_since_previous_projection_seconds,cumulative_projection_time_seconds,automotive02_01
175,2026-09-30T22:16:03Z,dataset_9/uvl/automotive02_01.uvl,175,2074,1,0.010398,2.0527860000000002,263.917537,2.0527860000000002,263.917537,261.615543,2.05279,263.668333,3.9999999996709334e-6,-0.24920399999996334,time_since_previous_projection_seconds,cumulative_projection_time_seconds,automotive02_01
176,2026-09-30T22:16:03Z,dataset_9/uvl/automotive02_01.uvl,176,2074,1,0.010858,2.063644,263.928901,2.063644,263.928901,261.615543,2.063648,263.679191,4.000000000115023e-6,-0.24970999999999322,time_since_previous_projection_seconds,cumulative_projection_time_seconds,automotive02_01
177,2026-09-30T22:16:03Z,dataset_9/uvl/automotive02_01.uvl,177,2074,1,0.011468,2.075112,263.940932,2.075112,263.940932,261.615543,2.075116,263.690659,4.000000000115023e-6,-0.25027299999999286,time_since_previous_projection_seconds,cumulative_projection_time_seconds,automotive02_01
178,2026-09-30T22:16:03Z,dataset_9/uvl/automotive02_01.uvl,178,2074,1,0.010402,2.085513,263.951882,2.085513,263.951882,261.615543,2.085518,263.701061,4.999999999810711e-6,-0.2508210000000304,time_since_previous_projection_seconds,cumulative_projection_time_seconds,automotive02_01
179,2026-09-30T22:16:03Z,dataset_9/uvl/automotive02_01.uvl,179,2074,1,0.010763,2.096276,263.96317,2.096276,263.96317,261.615543,2.096281,263.711824,4.999999999810711e-6,-0.2513460000000123,time_since_previous_projection_seconds,cumulative_projection_time_seconds,automotive02_01
180,2026-09-30T22:16:03Z,dataset_9/uvl/automotive02_01.uvl,180,2074,1,0.011533,2.107809,263.975207,2.107809,263.975207,261.615543,2.107814,263.723357,4.999999999810711e-6,-0.25184999999999036,time_since_previous_projection_seconds,cumulative_projection_time_seconds,automotive02_01
181,2026-09-30T22:16:03Z,dataset_9/uvl/automotive02_01.uvl,181,2074,1,0.011846,2.119655,263.987569,2.119655,263.987569,261.615543,2.11966,263.735203,5.000000000254801e-6,-0.252365999999995,time_since_previous_projection_seconds,cumulative_projection_time_seconds,automotive02_01
182,2026-09-30T22:16:03Z,dataset_9/uvl/automotive02_01.uvl,182,2074,1,0.01066,2.130315,263.998793,2.130315,263.998793,261.615543,2.13032,263.745863,5.000000000254801e-6,-0.2529299999999921,time_since_previous_projection_seconds,cumulative_projection_time_seconds,automotive02_01
183,2026-09-30T22:16:03Z,dataset_9/uvl/automotive02_01.uvl,183,2074,1,0.010988,2.141303,264.010311,2.141303,264.010311,261.615543,2.141308,263.756851,4.999999999810711e-6,-0.2534600000000182,time_since_previous_projection_seconds,cumulative_projection_time_seconds,automotive02_01
184,2026-09-30T22:16:03Z,dataset_9/uvl/automotive02_01.uvl,184,2074,1,0.010772,2.152075,264.021594,2.152075,264.021594,261.615543,2.15208,263.767623,5.000000000254801e-6,-0.25397099999997863,time_since_previous_projection_seconds,cumulative_projection_time_seconds,automotive02_01
185,2026-09-30T22:16:03Z,dataset_9/uvl/automotive02_01.uvl,185,2074,1,0.010556,2.16263,264.032649,2.16263,264.032649,261.615543,2.162636,263.778179,5.999999999950489e-6,-0.25446999999996933,time_since_previous_projection_seconds,cumulative_projection_time_seconds,automotive02_01
186,2026-09-30T22:16:03Z,dataset_9/uvl/automotive02_01.uvl,186,2074,1,0.01039,2.173021,264.043542,2.173021,264.043542,261.615543,2.173026,263.788569,5.000000000254801e-6,-0.2549730000000068,time_since_previous_projection_seconds,cumulative_projection_time_seconds,automotive02_01
187,2026-09-30T22:16:03Z,dataset_9/uvl/automotive02_01.uvl,187,2074,1,0.010549,2.18357,264.054603,2.18357,264.054603,261.615543,2.183575,263.799118,4.999999999810711e-6,-0.25548499999996466,time_since_previous_projection_seconds,cumulative_projection_time_seconds,automotive02_01
188,2026-09-30T22:16:03Z,dataset_9/uvl/automotive02_01.uvl,188,2074,1,0.011233,2.194803,264.066361,2.194803,264.066361,261.615543,2.194808,263.810351,5.000000000254801e-6,-0.25600999999994656,time_since_previous_projection_seconds,cumulative_projection_time_seconds,automotive02_01
189,2026-09-30T22:16:03Z,dataset_9/uvl/automotive02_01.uvl,189,2074,1,0.01054,2.205343,264.077448,2.205343,264.077448,261.615543,2.205348,263.820891,4.999999999810711e-6,-0.2565569999999866,time_since_previous_projection_seconds,cumulative_projection_time_seconds,automotive02_01
190,2026-09-30T22:16:04Z,dataset_9/uvl/automotive02_01.uvl,190,2074,1,0.010338,2.215681,264.088277,2.215681,264.088277,261.615543,2.215686,263.831229,4.999999999810711e-6,-0.2570479999999975,time_since_previous_projection_seconds,cumulative_projection_time_seconds,automotive02_01
191,2026-09-30T22:16:04Z,dataset_9/uvl/automotive02_01.uvl,191,2074,1,0.010437,2.226118,264.099178,2.226118,264.099178,261.615543,2.226123,263.841666,4.999999999810711e-6,-0.2575120000000197,time_since_previous_projection_seconds,cumulative_projection_time_seconds,automotive02_01
192,2026-09-30T22:16:04Z,dataset_9/uvl/automotive02_01.uvl,192,2074,1,0.010701,2.236818,264.110376,2.236818,264.110376,261.615543,2.236824,263.852367,5.999999999950489e-6,-0.25800899999995863,time_since_previous_projection_seconds,cumulative_projection_time_seconds,automotive02_01
193,2026-09-30T22:16:04Z,dataset_9/uvl/automotive02_01.uvl,193,2074,1,0.010362,2.247181,264.121234,2.247181,264.121234,261.615543,2.247186,263.862729,5.000000000254801e-6,-0.25850500000001375,time_since_previous_projection_seconds,cumulative_projection_time_seconds,automotive02_01
194,2026-09-30T22:16:04Z,dataset_9/uvl/automotive02_01.uvl,194,2074,1,0.010764,2.257944,264.132451,2.257944,264.132451,261.615543,2.25795,263.873493,5.999999999950489e-6,-0.2589580000000069,time_since_previous_projection_seconds,cumulative_projection_time_seconds,automotive02_01
195,2026-09-30T22:16:04Z,dataset_9/uvl/automotive02_01.uvl,195,2074,1,0.011703,2.269647,264.14466,2.269647,264.14466,261.615543,2.269653,263.885196,5.999999999950489e-6,-0.25946399999997993,time_since_previous_projection_seconds,cumulative_projection_time_seconds,automotive02_01
196,2026-09-30T22:16:04Z,dataset_9/uvl/automotive02_01.uvl,196,2074,1,0.011708,2.281355,264.156998,2.281355,264.156998,261.615543,2.281361,263.896904,5.999999999950489e-6,-0.26009399999998095,time_since_previous_projection_seconds,cumulative_projection_time_seconds,automotive02_01
197,2026-09-30T22:16:04Z,dataset_9/uvl/automotive02_01.uvl,197,2074,1,0.010755,2.29211,264.168276,2.29211,264.168276,261.615543,2.292116,263.907659,5.999999999950489e-6,-0.2606169999999679,time_since_previous_projection_seconds,cumulative_projection_time_seconds,automotive02_01
198,2026-09-30T22:16:04Z,dataset_9/uvl/automotive02_01.uvl,198,2074,1,0.011,2.30311,264.179781,2.30311,264.179781,261.615543,2.303116,263.918659,5.999999999950489e-6,-0.2611220000000003,time_since_previous_projection_seconds,cumulative_projection_time_seconds,automotive02_01
199,2026-09-30T22:16:04Z,dataset_9/uvl/automotive02_01.uvl,199,2074,1,0.010615,2.313725,264.190882,2.313725,264.190882,261.615543,2.313731,263.929274,6.000000000394579e-6,-0.261607999999967,time_since_previous_projection_seconds,cumulative_projection_time_seconds,automotive02_01
200,2026-09-30T22:16:04Z,dataset_9/uvl/automotive02_01.uvl,200,2074,1,0.010368,2.324092,264.201843,2.324092,264.201843,261.615543,2.324099,263.939642,7.000000000090267e-6,-0.26220100000000457,time_since_previous_projection_seconds,cumulative_projection_time_seconds,automotive02_01
201,2026-09-30T22:16:04Z,dataset_9/uvl/automotive02_01.uvl,201,2074,1,0.010443,2.334535,264.21286,2.334535,264.21286,261.615543,2.334542,263.950085,7.000000000090267e-6,-0.26277499999997644,time_since_previous_projection_seconds,cumulative_projection_time_seconds,automotive02_01
202,2026-09-30T22:16:04Z,dataset_9/uvl/automotive02_01.uvl,202,2074,1,0.010651,2.345186,264.224014,2.345186,264.224014,261.615543,2.345193,263.960736,7.000000000090267e-6,-0.2632780000000139,time_since_previous_projection_seconds,cumulative_projection_time_seconds,automotive02_01
203,2026-09-30T22:16:04Z,dataset_9/uvl/automotive02_01.uvl,203,2074,1,0.010366,2.355552,264.234943,2.355552,264.234943,261.615543,2.355559,263.97110200000003,7.000000000090267e-6,-0.2638409999999567,time_since_previous_projection_seconds,cumulative_projection_time_seconds,automotive02_01
204,2026-09-30T22:16:04Z,dataset_9/uvl/automotive02_01.uvl,204,2074,1,0.010586,2.366138,264.246288,2.366138,264.246288,261.615543,2.366145,263.981688,7.000000000090267e-6,-0.2645999999999731,time_since_previous_projection_seconds,cumulative_projection_time_seconds,automotive02_01
205,2026-09-30T22:16:04Z,dataset_9/uvl/automotive02_01.uvl,205,2074,1,0.010719,2.376857,264.257543,2.376857,264.257543,261.615543,2.376864,263.992407,6.999999999646178e-6,-0.26513599999998405,time_since_previous_projection_seconds,cumulative_projection_time_seconds,automotive02_01
206,2026-09-30T22:16:04Z,dataset_9/uvl/automotive02_01.uvl,206,2074,1,0.01084,2.387697,264.268938,2.387697,264.268938,261.615543,2.387704,264.003247,6.999999999646178e-6,-0.2656910000000039,time_since_previous_projection_seconds,cumulative_projection_time_seconds,automotive02_01
207,2026-09-30T22:16:04Z,dataset_9/uvl/automotive02_01.uvl,207,2074,1,0.010377,2.398074,264.279824,2.398074,264.279824,261.615543,2.398081,264.013624,7.000000000090267e-6,-0.2662000000000262,time_since_previous_projection_seconds,cumulative_projection_time_seconds,automotive02_01
208,2026-09-30T22:16:04Z,dataset_9/uvl/automotive02_01.uvl,208,2074,1,0.010644,2.408719,264.29097,2.408719,264.29097,261.615543,2.408725,264.024268,5.999999999950489e-6,-0.2667020000000093,time_since_previous_projection_seconds,cumulative_projection_time_seconds,automotive02_01
209,2026-09-30T22:16:04Z,dataset_9/uvl/automotive02_01.uvl,209,2074,1,0.011652,2.420371,264.303173,2.420371,264.303173,261.615543,2.4203770000000002,264.03592,6.000000000394579e-6,-0.26725300000003926,time_since_previous_projection_seconds,cumulative_projection_time_seconds,automotive02_01
210,2026-09-30T22:16:04Z,dataset_9/uvl/automotive02_01.uvl,210,2074,1,0.012428,2.432799,264.316134,2.432799,264.316134,261.615543,2.432805,264.048348,5.999999999950489e-6,-0.26778600000000097,time_since_previous_projection_seconds,cumulative_projection_time_seconds,automotive02_01
211,2026-09-30T22:16:04Z,dataset_9/uvl/automotive02_01.uvl,211,2074,1,0.011055,2.443853,264.32775,2.443853,264.32775,261.615543,2.44386,264.059403,7.000000000090267e-6,-0.26834700000000566,time_since_previous_projection_seconds,cumulative_projection_time_seconds,automotive02_01
212,2026-09-30T22:16:04Z,dataset_9/uvl/automotive02_01.uvl,212,2074,1,0.01039,2.454243,264.338639,2.454243,264.338639,261.615543,2.45425,264.069793,7.000000000090267e-6,-0.26884599999999637,time_since_previous_projection_seconds,cumulative_projection_time_seconds,automotive02_01
213,2026-09-30T22:16:04Z,dataset_9/uvl/automotive02_01.uvl,213,2074,1,0.012224,2.466467,264.351358,2.466467,264.351358,261.615543,2.466474,264.082017,6.999999999646178e-6,-0.26934099999999717,time_since_previous_projection_seconds,cumulative_projection_time_seconds,automotive02_01
214,2026-09-30T22:16:04Z,dataset_9/uvl/automotive02_01.uvl,214,2074,1,0.010979,2.477446,264.362897,2.477446,264.362897,261.615543,2.477453,264.092996,7.000000000090267e-6,-0.26990099999994754,time_since_previous_projection_seconds,cumulative_projection_time_seconds,automotive02_01
215,2026-09-30T22:16:04Z,dataset_9/uvl/automotive02_01.uvl,215,2074,1,0.010442,2.487888,264.373886,2.487888,264.373886,261.615543,2.487895,264.103438,7.000000000090267e-6,-0.27044800000004443,time_since_previous_projection_seconds,cumulative_projection_time_seconds,automotive02_01
216,2026-09-30T22:16:04Z,dataset_9/uvl/automotive02_01.uvl,216,2074,1,0.010557,2.498445,264.384986,2.498445,264.384986,261.615543,2.498452,264.113995,7.000000000090267e-6,-0.27099100000003773,time_since_previous_projection_seconds,cumulative_projection_time_seconds,automotive02_01
217,2026-09-30T22:16:04Z,dataset_9/uvl/automotive02_01.uvl,217,2074,1,0.01062,2.509065,264.396157,2.509065,264.396157,261.615543,2.509072,264.124615,7.000000000090267e-6,-0.27154200000001083,time_since_previous_projection_seconds,cumulative_projection_time_seconds,automotive02_01
218,2026-09-30T22:16:04Z,dataset_9/uvl/automotive02_01.uvl,218,2074,1,0.010886,2.519951,264.407587,2.519951,264.407587,261.615543,2.519958,264.135501,7.000000000090267e-6,-0.2720860000000016,time_since_previous_projection_seconds,cumulative_projection_time_seconds,automotive02_01
219,2026-09-30T22:16:04Z,dataset_9/uvl/automotive02_01.uvl,219,2074,1,0.010218,2.530169,264.418502,2.530169,264.418502,261.615543,2.530176,264.145719,7.000000000090267e-6,-0.272783000000004,time_since_previous_projection_seconds,cumulative_projection_time_seconds,automotive02_01
220,2026-09-30T22:16:04Z,dataset_9/uvl/automotive02_01.uvl,220,2074,1,0.010586,2.540755,264.429533,2.540755,264.429533,261.615543,2.540762,264.156305,7.000000000090267e-6,-0.27322800000001735,time_since_previous_projection_seconds,cumulative_projection_time_seconds,automotive02_01
221,2026-09-30T22:16:04Z,dataset_9/uvl/automotive02_01.uvl,221,2074,1,0.010458,2.551213,264.440479,2.551213,264.440479,261.615543,2.55122,264.166763,6.999999999646178e-6,-0.273715999999979,time_since_previous_projection_seconds,cumulative_projection_time_seconds,automotive02_01
222,2026-09-30T22:16:04Z,dataset_9/uvl/automotive02_01.uvl,222,2074,1,0.010345,2.561559,264.45132,2.561559,264.45132,261.615543,2.561565,264.177108,5.999999999950489e-6,-0.2742120000000341,time_since_previous_projection_seconds,cumulative_projection_time_seconds,automotive02_01
223,2026-09-30T22:16:04Z,dataset_9/uvl/automotive02_01.uvl,223,2074,1,0.010528,2.572087,264.462321,2.572087,264.462321,261.615543,2.572093,264.187636,6.000000000394579e-6,-0.27468499999997675,time_since_previous_projection_seconds,cumulative_projection_time_seconds,automotive02_01
224,2026-09-30T22:16:04Z,dataset_9/uvl/automotive02_01.uvl,224,2074,1,0.011676,2.583762,264.474491,2.583762,264.474491,261.615543,2.583769,264.199312,7.000000000090267e-6,-0.2751789999999801,time_since_previous_projection_seconds,cumulative_projection_time_seconds,automotive02_01
225,2026-09-30T22:16:04Z,dataset_9/uvl/automotive02_01.uvl,225,2074,1,0.0104,2.594163,264.48558,2.594163,264.48558,261.615543,2.594169,264.209712,5.999999999950489e-6,-0.27586800000000267,time_since_previous_projection_seconds,cumulative_projection_time_seconds,automotive02_01
226,2026-09-30T22:16:04Z,dataset_9/uvl/automotive02_01.uvl,226,2074,1,0.010403,2.604566,264.496513,2.604566,264.496513,261.615543,2.604572,264.220115,5.999999999950489e-6,-0.27639799999997194,time_since_previous_projection_seconds,cumulative_projection_time_seconds,automotive02_01
227,2026-09-30T22:16:04Z,dataset_9/uvl/automotive02_01.uvl,227,2074,1,0.010932,2.615497,264.507927,2.615497,264.507927,261.615543,2.615504,264.231047,7.000000000090267e-6,-0.27688000000000557,time_since_previous_projection_seconds,cumulative_projection_time_seconds,automotive02_01
228,2026-09-30T22:16:04Z,dataset_9/uvl/automotive02_01.uvl,228,2074,1,0.010886,2.626383,264.519371,2.626383,264.519371,261.615543,2.6263900000000002,264.241933,7.000000000090267e-6,-0.277437999999961,time_since_previous_projection_seconds,cumulative_projection_time_seconds,automotive02_01
229,2026-09-30T22:16:04Z,dataset_9/uvl/automotive02_01.uvl,229,2074,1,0.011256,2.637639,264.531147,2.637639,264.531147,261.615543,2.637646,264.253189,7.000000000090267e-6,-0.2779579999999555,time_since_previous_projection_seconds,cumulative_projection_time_seconds,automotive02_01
230,2026-09-30T22:16:04Z,dataset_9/uvl/automotive02_01.uvl,230,2074,1,0.010351,2.647991,264.542039,2.647991,264.542039,261.615543,2.647997,264.26354,5.999999999950489e-6,-0.2784990000000107,time_since_previous_projection_seconds,cumulative_projection_time_seconds,automotive02_01
231,2026-09-30T22:16:04Z,dataset_9/uvl/automotive02_01.uvl,231,2074,1,0.010708,2.658698,264.553229,2.658698,264.553229,261.615543,2.658705,264.274248,7.000000000090267e-6,-0.2789809999999875,time_since_previous_projection_seconds,cumulative_projection_time_seconds,automotive02_01
232,2026-09-30T22:16:04Z,dataset_9/uvl/automotive02_01.uvl,232,2074,1,0.011003,2.669701,264.564812,2.669701,264.564812,261.615543,2.669708,264.285251,7.000000000090267e-6,-0.27956100000000106,time_since_previous_projection_seconds,cumulative_projection_time_seconds,automotive02_01
233,2026-09-30T22:16:04Z,dataset_9/uvl/automotive02_01.uvl,233,2074,1,0.010332,2.680033,264.57568,2.680033,264.57568,261.615543,2.68004,264.295583,7.000000000090267e-6,-0.2800969999999552,time_since_previous_projection_seconds,cumulative_projection_time_seconds,automotive02_01
234,2026-09-30T22:16:04Z,dataset_9/uvl/automotive02_01.uvl,234,2074,1,0.011279,2.691312,264.587471,2.691312,264.587471,261.615543,2.691319,264.306862,7.000000000090267e-6,-0.2806089999999699,time_since_previous_projection_seconds,cumulative_projection_time_seconds,automotive02_01
235,2026-09-30T22:16:04Z,dataset_9/uvl/automotive02_01.uvl,235,2074,1,0.010738,2.70205,264.598778,2.70205,264.598778,261.615543,2.702057,264.3176,7.000000000090267e-6,-0.2811779999999544,time_since_previous_projection_seconds,cumulative_projection_time_seconds,automotive02_01
236,2026-09-30T22:16:04Z,dataset_9/uvl/automotive02_01.uvl,236,2074,1,0.010674,2.712724,264.609991,2.712724,264.609991,261.615543,2.7127310000000002,264.328274,7.000000000090267e-6,-0.2817169999999578,time_since_previous_projection_seconds,cumulative_projection_time_seconds,automotive02_01
237,2026-09-30T22:16:04Z,dataset_9/uvl/automotive02_01.uvl,237,2074,1,0.010383999999999999,2.723108,264.620933,2.723108,264.620933,261.615543,2.723115,264.338658,7.000000000090267e-6,-0.2822749999999701,time_since_previous_projection_seconds,cumulative_projection_time_seconds,automotive02_01
238,2026-09-30T22:16:04Z,dataset_9/uvl/automotive02_01.uvl,238,2074,1,0.010469,2.733576,264.631862,2.733576,264.631862,261.615543,2.733584,264.349127,8.000000000230045e-6,-0.2827350000000024,time_since_previous_projection_seconds,cumulative_projection_time_seconds,automotive02_01
239,2026-09-30T22:16:04Z,dataset_9/uvl/automotive02_01.uvl,239,2074,1,0.011232,2.744808,264.643576,2.744808,264.643576,261.615543,2.744816,264.360359,8.000000000230045e-6,-0.2832169999999792,time_since_previous_projection_seconds,cumulative_projection_time_seconds,automotive02_01
240,2026-09-30T22:16:04Z,dataset_9/uvl/automotive02_01.uvl,240,2074,1,0.010549,2.755357,264.654601,2.755357,264.654601,261.615543,2.755365,264.370908,7.999999999785956e-6,-0.28369300000002795,time_since_previous_projection_seconds,cumulative_projection_time_seconds,automotive02_01
241,2026-09-30T22:16:04Z,dataset_9/uvl/automotive02_01.uvl,241,2074,1,0.010389,2.765746,264.665473,2.765746,264.665473,261.615543,2.765754,264.381297,7.999999999785956e-6,-0.2841760000000022,time_since_previous_projection_seconds,cumulative_projection_time_seconds,automotive02_01
242,2026-09-30T22:16:04Z,dataset_9/uvl/automotive02_01.uvl,242,2074,1,0.011477,2.777223,264.677444,2.777223,264.677444,261.615543,2.777231,264.392774,7.999999999785956e-6,-0.28467000000000553,time_since_previous_projection_seconds,cumulative_projection_time_seconds,automotive02_01
243,2026-09-30T22:16:04Z,dataset_9/uvl/automotive02_01.uvl,243,2074,1,0.011254,2.788477,264.689211,2.788477,264.689211,261.615543,2.788485,264.404028,8.000000000230045e-6,-0.28518300000001773,time_since_previous_projection_seconds,cumulative_projection_time_seconds,automotive02_01
244,2026-09-30T22:16:04Z,dataset_9/uvl/automotive02_01.uvl,244,2074,1,0.010424,2.798901,264.700125,2.798901,264.700125,261.615543,2.798909,264.414452,8.000000000230045e-6,-0.28567300000003115,time_since_previous_projection_seconds,cumulative_projection_time_seconds,automotive02_01
245,2026-09-30T22:16:04Z,dataset_9/uvl/automotive02_01.uvl,245,2074,1,0.011653,2.810553,264.712242,2.810553,264.712242,261.615543,2.810562,264.426105,8.999999999925734e-6,-0.28613699999999653,time_since_previous_projection_seconds,cumulative_projection_time_seconds,automotive02_01
246,2026-09-30T22:16:04Z,dataset_9/uvl/automotive02_01.uvl,246,2074,1,0.011028,2.821581,264.723811,2.821581,264.723811,261.615543,2.82159,264.437133,8.999999999925734e-6,-0.2866779999999949,time_since_previous_projection_seconds,cumulative_projection_time_seconds,automotive02_01
247,2026-09-30T22:16:04Z,dataset_9/uvl/automotive02_01.uvl,247,2074,1,0.010577,2.832158,264.734972,2.832158,264.734972,261.615543,2.832167,264.44771000000003,8.999999999925734e-6,-0.28726199999999835,time_since_previous_projection_seconds,cumulative_projection_time_seconds,automotive02_01
248,2026-09-30T22:16:04Z,dataset_9/uvl/automotive02_01.uvl,248,2074,1,0.010347,2.842505,264.745839,2.842505,264.745839,261.615543,2.842514,264.458057,8.999999999925734e-6,-0.2877819999999929,time_since_previous_projection_seconds,cumulative_projection_time_seconds,automotive02_01
249,2026-09-30T22:16:04Z,dataset_9/uvl/automotive02_01.uvl,249,2074,1,0.011027,2.853532,264.757318,2.853532,264.757318,261.615543,2.853541,264.469084,8.999999999925734e-6,-0.28823399999998855,time_since_previous_projection_seconds,cumulative_projection_time_seconds,automotive02_01
250,2026-09-30T22:16:04Z,dataset_9/uvl/automotive02_01.uvl,250,2074,1,0.011262,2.864794,264.769073,2.864794,264.769073,261.615543,2.864803,264.480346,9.000000000369823e-6,-0.2887269999999944,time_since_previous_projection_seconds,cumulative_projection_time_seconds,automotive02_01
251,2026-09-30T22:16:04Z,dataset_9/uvl/automotive02_01.uvl,251,2074,1,0.010979,2.875773,264.780553,2.875773,264.780553,261.615543,2.875782,264.491325,8.999999999925734e-6,-0.28922799999998006,time_since_previous_projection_seconds,cumulative_projection_time_seconds,automotive02_01
252,2026-09-30T22:16:04Z,dataset_9/uvl/automotive02_01.uvl,252,2074,1,0.010395,2.886168,264.791497,2.886168,264.791497,261.615543,2.886177,264.50172,8.999999999925734e-6,-0.28977700000001505,time_since_previous_projection_seconds,cumulative_projection_time_seconds,automotive02_01
253,2026-09-30T22:16:04Z,dataset_9/uvl/automotive02_01.uvl,253,2074,1,0.011065,2.897233,264.803156,2.897233,264.803156,261.615543,2.897242,264.512785,8.999999999925734e-6,-0.2903709999999933,time_since_previous_projection_seconds,cumulative_projection_time_seconds,automotive02_01
254,2026-09-30T22:16:04Z,dataset_9/uvl/automotive02_01.uvl,254,2074,1,0.011062,2.908295,264.814708,2.908295,264.814708,261.615543,2.9083040000000002,264.523847,9.000000000369823e-6,-0.2908610000000067,time_since_previous_projection_seconds,cumulative_projection_time_seconds,automotive02_01
255,2026-09-30T22:16:04Z,dataset_9/uvl/automotive02_01.uvl,255,2074,1,0.010484,2.918778,264.825666,2.918778,264.825666,261.615543,2.918788,264.534331,1.0000000000065512e-5,-0.2913350000000037,time_since_previous_projection_seconds,cumulative_projection_time_seconds,automotive02_01
256,2026-09-30T22:16:04Z,dataset_9/uvl/automotive02_01.uvl,256,2074,1,0.010486,2.929264,264.836678,2.929264,264.836678,261.615543,2.929274,264.544817,1.0000000000065512e-5,-0.29186099999998305,time_since_previous_projection_seconds,cumulative_projection_time_seconds,automotive02_01
257,2026-09-30T22:16:04Z,dataset_9/uvl/automotive02_01.uvl,257,2074,1,0.010552,2.939816,264.847774,2.939816,264.847774,261.615543,2.939826,264.555369,1.0000000000065512e-5,-0.29240500000003067,time_since_previous_projection_seconds,cumulative_projection_time_seconds,automotive02_01
258,2026-09-30T22:16:04Z,dataset_9/uvl/automotive02_01.uvl,258,2074,1,0.010619,2.950435,264.858884,2.950435,264.858884,261.615543,2.950445,264.565988,1.0000000000065512e-5,-0.2928959999999847,time_since_previous_projection_seconds,cumulative_projection_time_seconds,automotive02_01
259,2026-09-30T22:16:04Z,dataset_9/uvl/automotive02_01.uvl,259,2074,1,0.010382,2.960816,264.869792,2.960816,264.869792,261.615543,2.960827,264.57637,1.100000000020529e-5,-0.29342200000002094,time_since_previous_projection_seconds,cumulative_projection_time_seconds,automotive02_01
260,2026-09-30T22:16:04Z,dataset_9/uvl/automotive02_01.uvl,260,2074,1,0.011065,2.971882,264.881342,2.971882,264.881342,261.615543,2.971892,264.587435,1.0000000000065512e-5,-0.29390699999999015,time_since_previous_projection_seconds,cumulative_projection_time_seconds,automotive02_01
261,2026-09-30T22:16:04Z,dataset_9/uvl/automotive02_01.uvl,261,2074,1,0.010579,2.98246,264.892426,2.98246,264.892426,261.615543,2.982471,264.598014,1.09999999997612e-5,-0.29441200000002254,time_since_previous_projection_seconds,cumulative_projection_time_seconds,automotive02_01
262,2026-09-30T22:16:04Z,dataset_9/uvl/automotive02_01.uvl,262,2074,1,0.010278,2.992739,264.903202,2.992739,264.903202,261.615543,2.992749,264.608292,1.0000000000065512e-5,-0.29491000000001577,time_since_previous_projection_seconds,cumulative_projection_time_seconds,automotive02_01
263,2026-09-30T22:16:04Z,dataset_9/uvl/automotive02_01.uvl,263,2074,1,0.011675,3.004414,264.91535,3.004414,264.91535,261.615543,3.004424,264.619967,1.0000000000065512e-5,-0.29538300000001527,time_since_previous_projection_seconds,cumulative_projection_time_seconds,automotive02_01
264,2026-09-30T22:16:04Z,dataset_9/uvl/automotive02_01.uvl,264,2074,1,0.010676,3.015089,264.926508,3.015089,264.926508,261.615543,3.0151,264.630643,1.09999999997612e-5,-0.29586499999999205,time_since_previous_projection_seconds,cumulative_projection_time_seconds,automotive02_01
265,2026-09-30T22:16:04Z,dataset_9/uvl/automotive02_01.uvl,265,2074,1,0.010515,3.025604,264.937503,3.025604,264.937503,261.615543,3.025615,264.641158,1.100000000020529e-5,-0.2963449999999739,time_since_previous_projection_seconds,cumulative_projection_time_seconds,automotive02_01
266,2026-09-30T22:16:04Z,dataset_9/uvl/automotive02_01.uvl,266,2074,1,0.010394,3.035997,264.948381,3.035997,264.948381,261.615543,3.036009,264.651552,1.1999999999900979e-5,-0.29682900000000245,time_since_previous_projection_seconds,cumulative_projection_time_seconds,automotive02_01
267,2026-09-30T22:16:04Z,dataset_9/uvl/automotive02_01.uvl,267,2074,1,0.010503,3.0465,264.959314,3.0465,264.959314,261.615543,3.046512,264.662055,1.1999999999900979e-5,-0.29725899999999683,time_since_previous_projection_seconds,cumulative_projection_time_seconds,automotive02_01
268,2026-09-30T22:16:04Z,dataset_9/uvl/automotive02_01.uvl,268,2074,1,0.010948,3.057448,264.970754,3.057448,264.970754,261.615543,3.05746,264.673003,1.1999999999900979e-5,-0.2977510000000052,time_since_previous_projection_seconds,cumulative_projection_time_seconds,automotive02_01
269,2026-09-30T22:16:04Z,dataset_9/uvl/automotive02_01.uvl,269,2074,1,0.010339,3.067786,264.981523,3.067786,264.981523,261.615543,3.067799,264.683342,1.3000000000040757e-5,-0.2981809999999996,time_since_previous_projection_seconds,cumulative_projection_time_seconds,automotive02_01
270,2026-09-30T22:16:04Z,dataset_9/uvl/automotive02_01.uvl,270,2074,1,0.010701,3.078487,264.992662,3.078487,264.992662,261.615543,3.0785,264.694043,1.3000000000040757e-5,-0.29861899999997377,time_since_previous_projection_seconds,cumulative_projection_time_seconds,automotive02_01
271,2026-09-30T22:16:04Z,dataset_9/uvl/automotive02_01.uvl,271,2074,1,0.010927,3.089414,265.004106,3.089414,265.004106,261.615543,3.089427,264.70497,1.3000000000040757e-5,-0.29913599999997587,time_since_previous_projection_seconds,cumulative_projection_time_seconds,automotive02_01
272,2026-09-30T22:16:04Z,dataset_9/uvl/automotive02_01.uvl,272,2074,1,0.010715,3.100129,265.015307,3.100129,265.015307,261.615543,3.100142,264.715685,1.3000000000040757e-5,-0.2996219999999994,time_since_previous_projection_seconds,cumulative_projection_time_seconds,automotive02_01
273,2026-09-30T22:16:04Z,dataset_9/uvl/automotive02_01.uvl,273,2074,1,0.010339,3.110468,265.026131,3.110468,265.026131,261.615543,3.110481,264.726024,1.3000000000040757e-5,-0.30010700000002544,time_since_previous_projection_seconds,cumulative_projection_time_seconds,automotive02_01
274,2026-09-30T22:16:04Z,dataset_9/uvl/automotive02_01.uvl,274,2074,1,0.010423,3.120892,265.037003,3.120892,265.037003,261.615543,3.120904,264.736447,1.1999999999900979e-5,-0.3005560000000287,time_since_previous_projection_seconds,cumulative_projection_time_seconds,automotive02_01
275,2026-09-30T22:16:04Z,dataset_9/uvl/automotive02_01.uvl,275,2074,1,0.010475,3.131366,265.047941,3.131366,265.047941,261.615543,3.131379,264.746922,1.3000000000040757e-5,-0.3010189999999966,time_since_previous_projection_seconds,cumulative_projection_time_seconds,automotive02_01
276,2026-09-30T22:16:04Z,dataset_9/uvl/automotive02_01.uvl,276,2074,1,0.010299,3.141666,265.058697,3.141666,265.058697,261.615543,3.141678,264.757221,1.2000000000345068e-5,-0.30147599999997965,time_since_previous_projection_seconds,cumulative_projection_time_seconds,automotive02_01
277,2026-09-30T22:16:04Z,dataset_9/uvl/automotive02_01.uvl,277,2074,1,0.011687,3.153352,265.070846,3.153352,265.070846,261.615543,3.153365,264.768908,1.3000000000040757e-5,-0.3019380000000069,time_since_previous_projection_seconds,cumulative_projection_time_seconds,automotive02_01
278,2026-09-30T22:16:04Z,dataset_9/uvl/automotive02_01.uvl,278,2074,1,0.010496,3.163848,265.081851,3.163848,265.081851,261.615543,3.163861,264.779404,1.2999999999596668e-5,-0.3024469999999724,time_since_previous_projection_seconds,cumulative_projection_time_seconds,automotive02_01
279,2026-09-30T22:16:05Z,dataset_9/uvl/automotive02_01.uvl,279,2074,1,0.010348,3.174195,265.09267,3.174195,265.09267,261.615543,3.174209,264.789752,1.3999999999736445e-5,-0.30291799999997693,time_since_previous_projection_seconds,cumulative_projection_time_seconds,automotive02_01
280,2026-09-30T22:16:05Z,dataset_9/uvl/automotive02_01.uvl,280,2074,1,0.010507,3.184702,265.103651,3.184702,265.103651,261.615543,3.184716,264.800259,1.3999999999736445e-5,-0.30339200000003075,time_since_previous_projection_seconds,cumulative_projection_time_seconds,automotive02_01
281,2026-09-30T22:16:05Z,dataset_9/uvl/automotive02_01.uvl,281,2074,1,0.010599,3.195301,265.114706,3.195301,265.114706,261.615543,3.195315,264.810858,1.3999999999736445e-5,-0.3038480000000163,time_since_previous_projection_seconds,cumulative_projection_time_seconds,automotive02_01
282,2026-09-30T22:16:05Z,dataset_9/uvl/automotive02_01.uvl,282,2074,1,0.010944,3.206245,265.126138,3.206245,265.126138,261.615543,3.206259,264.821802,1.4000000000180535e-5,-0.3043360000000348,time_since_previous_projection_seconds,cumulative_projection_time_seconds,automotive02_01
283,2026-09-30T22:16:05Z,dataset_9/uvl/automotive02_01.uvl,283,2074,1,0.011858,3.218103,265.138631,3.218103,265.138631,261.615543,3.218117,264.83366,1.3999999999736445e-5,-0.30497099999996635,time_since_previous_projection_seconds,cumulative_projection_time_seconds,automotive02_01
284,2026-09-30T22:16:05Z,dataset_9/uvl/automotive02_01.uvl,284,2074,1,0.010649,3.228751,265.149759,3.228751,265.149759,261.615543,3.228766,264.844309,1.4999999999876223e-5,-0.30545000000000755,time_since_previous_projection_seconds,cumulative_projection_time_seconds,automotive02_01
285,2026-09-30T22:16:05Z,dataset_9/uvl/automotive02_01.uvl,285,2074,1,0.011263,3.240015,265.161482,3.240015,265.161482,261.615543,3.240029,264.855572,1.3999999999736445e-5,-0.30590999999998303,time_since_previous_projection_seconds,cumulative_projection_time_seconds,automotive02_01
286,2026-09-30T22:16:05Z,dataset_9/uvl/automotive02_01.uvl,286,2074,1,0.011759,3.251774,265.173776,3.251774,265.173776,261.615543,3.251788,264.867331,1.3999999999736445e-5,-0.3064449999999965,time_since_previous_projection_seconds,cumulative_projection_time_seconds,automotive02_01
287,2026-09-30T22:16:05Z,dataset_9/uvl/automotive02_01.uvl,287,2074,1,0.010755,3.262529,265.185094,3.262529,265.185094,261.615543,3.262543,264.878086,1.4000000000180535e-5,-0.3070079999999962,time_since_previous_projection_seconds,cumulative_projection_time_seconds,automotive02_01
288,2026-09-30T22:16:05Z,dataset_9/uvl/automotive02_01.uvl,288,2074,1,0.010454,3.272983,265.1961,3.272983,265.1961,261.615543,3.272997,264.88854,1.4000000000180535e-5,-0.3075600000000236,time_since_previous_projection_seconds,cumulative_projection_time_seconds,automotive02_01
289,2026-09-30T22:16:05Z,dataset_9/uvl/automotive02_01.uvl,289,2074,1,0.01056,3.283543,265.207125,3.283543,265.207125,261.615543,3.283557,264.8991,1.4000000000180535e-5,-0.3080250000000433,time_since_previous_projection_seconds,cumulative_projection_time_seconds,automotive02_01
290,2026-09-30T22:16:05Z,dataset_9/uvl/automotive02_01.uvl,290,2074,1,0.010382,3.293924,265.217989,3.293924,265.217989,261.615543,3.293939,264.909482,1.4999999999876223e-5,-0.3085069999999632,time_since_previous_projection_seconds,cumulative_projection_time_seconds,automotive02_01
291,2026-09-30T22:16:05Z,dataset_9/uvl/automotive02_01.uvl,291,2074,1,0.010656,3.30458,265.229156,3.30458,265.229156,261.615543,3.304595,264.920138,1.4999999999876223e-5,-0.3090179999999805,time_since_previous_projection_seconds,cumulative_projection_time_seconds,automotive02_01
292,2026-09-30T22:16:05Z,dataset_9/uvl/automotive02_01.uvl,292,2074,1,0.010645,3.315225,265.240304,3.315225,265.240304,261.615543,3.31524,264.930783,1.5000000000320313e-5,-0.3095209999999611,time_since_previous_projection_seconds,cumulative_projection_time_seconds,automotive02_01
293,2026-09-30T22:16:05Z,dataset_9/uvl/automotive02_01.uvl,293,2074,1,0.010862,3.326087,265.251639,3.326087,265.251639,261.615543,3.326102,264.941645,1.5000000000320313e-5,-0.3099940000000174,time_since_previous_projection_seconds,cumulative_projection_time_seconds,automotive02_01
294,2026-09-30T22:16:05Z,dataset_9/uvl/automotive02_01.uvl,294,2074,1,0.010326,3.336413,265.262455,3.336413,265.262455,261.615543,3.336428,264.951971,1.5000000000320313e-5,-0.310483999999974,time_since_previous_projection_seconds,cumulative_projection_time_seconds,automotive02_01
295,2026-09-30T22:16:05Z,dataset_9/uvl/automotive02_01.uvl,295,2074,1,0.010614,3.347026,265.273556,3.347026,265.273556,261.615543,3.347042,264.962585,1.6000000000016e-5,-0.310970999999995,time_since_previous_projection_seconds,cumulative_projection_time_seconds,automotive02_01
296,2026-09-30T22:16:05Z,dataset_9/uvl/automotive02_01.uvl,296,2074,1,0.010554,3.35758,265.284591,3.35758,265.284591,261.615543,3.357596,264.973139,1.6000000000016e-5,-0.3114519999999743,time_since_previous_projection_seconds,cumulative_projection_time_seconds,automotive02_01
297,2026-09-30T22:16:05Z,dataset_9/uvl/automotive02_01.uvl,297,2074,1,0.010605,3.368185,265.295679,3.368185,265.295679,261.615543,3.368201,264.983744,1.6000000000016e-5,-0.3119350000000054,time_since_previous_projection_seconds,cumulative_projection_time_seconds,automotive02_01
298,2026-09-30T22:16:05Z,dataset_9/uvl/automotive02_01.uvl,298,2074,1,0.010428,3.378613,265.306687,3.378613,265.306687,261.615543,3.378629,264.994172,1.6000000000016e-5,-0.31251500000001897,time_since_previous_projection_seconds,cumulative_projection_time_seconds,automotive02_01
299,2026-09-30T22:16:05Z,dataset_9/uvl/automotive02_01.uvl,299,2074,1,0.011263,3.389876,265.318426,3.389876,265.318426,261.615543,3.389892,265.005435,1.6000000000016e-5,-0.3129910000000109,time_since_previous_projection_seconds,cumulative_projection_time_seconds,automotive02_01
300,2026-09-30T22:16:05Z,dataset_9/uvl/automotive02_01.uvl,300,2074,1,0.010386,3.400263,265.329333,3.400263,265.329333,261.615543,3.400278,265.015821,1.5000000000320313e-5,-0.3135120000000029,time_since_previous_projection_seconds,cumulative_projection_time_seconds,automotive02_01
301,2026-09-30T22:16:05Z,dataset_9/uvl/automotive02_01.uvl,301,2074,1,0.010404,3.410667,265.340207,3.410667,265.340207,261.615543,3.410682,265.026225,1.4999999999876223e-5,-0.31398200000001,time_since_previous_projection_seconds,cumulative_projection_time_seconds,automotive02_01
302,2026-09-30T22:16:05Z,dataset_9/uvl/automotive02_01.uvl,302,2074,1,0.010666,3.421332,265.351347,3.421332,265.351347,261.615543,3.421348,265.036891,1.6000000000016e-5,-0.3144559999999501,time_since_previous_projection_seconds,cumulative_projection_time_seconds,automotive02_01
303,2026-09-30T22:16:05Z,dataset_9/uvl/automotive02_01.uvl,303,2074,1,0.010962,3.432295,265.362824,3.432295,265.362824,261.615543,3.43231,265.047853,1.5000000000320313e-5,-0.3149710000000141,time_since_previous_projection_seconds,cumulative_projection_time_seconds,automotive02_01
304,2026-09-30T22:16:05Z,dataset_9/uvl/automotive02_01.uvl,304,2074,1,0.010624,3.442919,265.373954,3.442919,265.373954,261.615543,3.442934,265.058477,1.5000000000320313e-5,-0.31547700000004397,time_since_previous_projection_seconds,cumulative_projection_time_seconds,automotive02_01
305,2026-09-30T22:16:05Z,dataset_9/uvl/automotive02_01.uvl,305,2074,1,0.010931,3.45385,265.38542,3.45385,265.38542,261.615543,3.453865,265.069408,1.4999999999876223e-5,-0.3160120000000006,time_since_previous_projection_seconds,cumulative_projection_time_seconds,automotive02_01
306,2026-09-30T22:16:05Z,dataset_9/uvl/automotive02_01.uvl,306,2074,1,0.010675,3.464525,265.396558,3.464525,265.396558,261.615543,3.46454,265.080083,1.4999999999876223e-5,-0.3164750000000254,time_since_previous_projection_seconds,cumulative_projection_time_seconds,automotive02_01
307,2026-09-30T22:16:05Z,dataset_9/uvl/automotive02_01.uvl,307,2074,1,0.010552,3.475077,265.40758,3.475077,265.40758,261.615543,3.475092,265.090635,1.4999999999876223e-5,-0.3169449999999756,time_since_previous_projection_seconds,cumulative_projection_time_seconds,automotive02_01
308,2026-09-30T22:16:05Z,dataset_9/uvl/automotive02_01.uvl,308,2074,1,0.01053,3.485607,265.418596,3.485607,265.418596,261.615543,3.485622,265.101165,1.5000000000320313e-5,-0.31743099999999913,time_since_previous_projection_seconds,cumulative_projection_time_seconds,automotive02_01
309,2026-09-30T22:16:05Z,dataset_9/uvl/automotive02_01.uvl,309,2074,1,0.010509,3.496115,265.429887,3.496115,265.429887,261.615543,3.496131,265.111674,1.6000000000016e-5,-0.3182130000000143,time_since_previous_projection_seconds,cumulative_projection_time_seconds,automotive02_01
310,2026-09-30T22:16:05Z,dataset_9/uvl/automotive02_01.uvl,310,2074,1,0.010588,3.506703,265.440937,3.506703,265.440937,261.615543,3.506719,265.122262,1.6000000000016e-5,-0.31867500000004156,time_since_previous_projection_seconds,cumulative_projection_time_seconds,automotive02_01
311,2026-09-30T22:16:05Z,dataset_9/uvl/automotive02_01.uvl,311,2074,1,0.010908,3.517611,265.452321,3.517611,265.452321,261.615543,3.517627,265.13317,1.6000000000016e-5,-0.31915099999997665,time_since_previous_projection_seconds,cumulative_projection_time_seconds,automotive02_01
312,2026-09-30T22:16:05Z,dataset_9/uvl/automotive02_01.uvl,312,2074,1,0.010714,3.528325,265.463563,3.528325,265.463563,261.615543,3.528341,265.143884,1.6000000000016e-5,-0.3196790000000078,time_since_previous_projection_seconds,cumulative_projection_time_seconds,automotive02_01
313,2026-09-30T22:16:05Z,dataset_9/uvl/automotive02_01.uvl,313,2074,1,0.010981,3.539306,265.475058,3.539306,265.475058,261.615543,3.539322,265.15486500000003,1.6000000000016e-5,-0.32019299999996065,time_since_previous_projection_seconds,cumulative_projection_time_seconds,automotive02_01
314,2026-09-30T22:16:05Z,dataset_9/uvl/automotive02_01.uvl,314,2074,1,0.010744,3.55005,265.486258,3.55005,265.486258,261.615543,3.550066,265.165609,1.6000000000016e-5,-0.32064900000000307,time_since_previous_projection_seconds,cumulative_projection_time_seconds,automotive02_01
315,2026-09-30T22:16:05Z,dataset_9/uvl/automotive02_01.uvl,315,2074,1,0.010244,3.560294,265.496979,3.560294,265.496979,261.615543,3.56031,265.175853,1.6000000000016e-5,-0.3211259999999925,time_since_previous_projection_seconds,cumulative_projection_time_seconds,automotive02_01
316,2026-09-30T22:16:05Z,dataset_9/uvl/automotive02_01.uvl,316,2074,1,0.012024,3.572317,265.509497,3.572317,265.509497,261.615543,3.572334,265.187877,1.700000000015578e-5,-0.3216199999999958,time_since_previous_projection_seconds,cumulative_projection_time_seconds,automotive02_01
317,2026-09-30T22:16:05Z,dataset_9/uvl/automotive02_01.uvl,317,2074,1,0.010573,3.58289,265.520497,3.58289,265.520497,261.615543,3.582907,265.19845,1.700000000015578e-5,-0.32204699999999775,time_since_previous_projection_seconds,cumulative_projection_time_seconds,automotive02_01
318,2026-09-30T22:16:05Z,dataset_9/uvl/automotive02_01.uvl,318,2074,1,0.011473,3.594363,265.532428,3.594363,265.532428,261.615543,3.59438,265.209923,1.700000000015578e-5,-0.3225049999999783,time_since_previous_projection_seconds,cumulative_projection_time_seconds,automotive02_01
319,2026-09-30T22:16:05Z,dataset_9/uvl/automotive02_01.uvl,319,2074,1,0.010347,3.60471,265.543239,3.60471,265.543239,261.615543,3.604727,265.22027,1.700000000015578e-5,-0.3229690000000005,time_since_previous_projection_seconds,cumulative_projection_time_seconds,automotive02_01
320,2026-09-30T22:16:05Z,dataset_9/uvl/automotive02_01.uvl,320,2074,1,0.010855,3.615564,265.554543,3.615564,265.554543,261.615543,3.615582,265.231125,1.7999999999851468e-5,-0.32341800000000376,time_since_previous_projection_seconds,cumulative_projection_time_seconds,automotive02_01
321,2026-09-30T22:16:05Z,dataset_9/uvl/automotive02_01.uvl,321,2074,1,0.010959,3.626524,265.565959,3.626524,265.565959,261.615543,3.626541,265.242084,1.700000000015578e-5,-0.32387500000004366,time_since_previous_projection_seconds,cumulative_projection_time_seconds,automotive02_01
322,2026-09-30T22:16:05Z,dataset_9/uvl/automotive02_01.uvl,322,2074,1,0.010731,3.637255,265.577174,3.637255,265.577174,261.615543,3.637272,265.252815,1.699999999971169e-5,-0.3243590000000154,time_since_previous_projection_seconds,cumulative_projection_time_seconds,automotive02_01
323,2026-09-30T22:16:05Z,dataset_9/uvl/automotive02_01.uvl,323,2074,1,0.010823,3.648078,265.588515,3.648078,265.588515,261.615543,3.648095,265.263638,1.700000000015578e-5,-0.3248769999999581,time_since_previous_projection_seconds,cumulative_projection_time_seconds,automotive02_01
324,2026-09-30T22:16:05Z,dataset_9/uvl/automotive02_01.uvl,324,2074,1,0.010536,3.658614,265.599483,3.658614,265.599483,261.615543,3.658631,265.274174,1.700000000015578e-5,-0.3253090000000043,time_since_previous_projection_seconds,cumulative_projection_time_seconds,automotive02_01
325,2026-09-30T22:16:05Z,dataset_9/uvl/automotive02_01.uvl,325,2074,1,0.010668,3.669282,265.610611,3.669282,265.610611,261.615543,3.669299,265.284842,1.700000000015578e-5,-0.32576899999997977,time_since_previous_projection_seconds,cumulative_projection_time_seconds,automotive02_01
326,2026-09-30T22:16:05Z,dataset_9/uvl/automotive02_01.uvl,326,2074,1,0.010997,3.680279,265.622179,3.680279,265.622179,261.615543,3.6802960000000002,265.295839,1.700000000015578e-5,-0.32634000000001606,time_since_previous_projection_seconds,cumulative_projection_time_seconds,automotive02_01
327,2026-09-30T22:16:05Z,dataset_9/uvl/automotive02_01.uvl,327,2074,1,0.010242,3.690521,265.632876,3.690521,265.632876,261.615543,3.690538,265.306081,1.700000000015578e-5,-0.32679500000000417,time_since_previous_projection_seconds,cumulative_projection_time_seconds,automotive02_01
328,2026-09-30T22:16:05Z,dataset_9/uvl/automotive02_01.uvl,328,2074,1,0.010606,3.701127,265.643936,3.701127,265.643936,261.615543,3.701144,265.316687,1.700000000015578e-5,-0.3272489999999948,time_since_previous_projection_seconds,cumulative_projection_time_seconds,automotive02_01
329,2026-09-30T22:16:05Z,dataset_9/uvl/automotive02_01.uvl,329,2074,1,0.010895,3.712022,265.655378,3.712022,265.655378,261.615543,3.712039,265.327582,1.699999999971169e-5,-0.327795999999978,time_since_previous_projection_seconds,cumulative_projection_time_seconds,automotive02_01
330,2026-09-30T22:16:05Z,dataset_9/uvl/automotive02_01.uvl,330,2074,1,0.010278,3.7223,265.666122,3.7223,265.666122,261.615543,3.722317,265.33786,1.699999999971169e-5,-0.32826199999999517,time_since_previous_projection_seconds,cumulative_projection_time_seconds,automotive02_01
331,2026-09-30T22:16:05Z,dataset_9/uvl/automotive02_01.uvl,331,2074,1,0.01128,3.73358,265.677843,3.73358,265.677843,261.615543,3.733597,265.34914,1.700000000015578e-5,-0.3287030000000186,time_since_previous_projection_seconds,cumulative_projection_time_seconds,automotive02_01
332,2026-09-30T22:16:05Z,dataset_9/uvl/automotive02_01.uvl,332,2074,1,0.011204,3.744784,265.689588,3.744784,265.689588,261.615543,3.744801,265.360344,1.699999999971169e-5,-0.32924400000001697,time_since_previous_projection_seconds,cumulative_projection_time_seconds,automotive02_01
333,2026-09-30T22:16:05Z,dataset_9/uvl/automotive02_01.uvl,333,2074,1,0.010659,3.755443,265.700782,3.755443,265.700782,261.615543,3.75546,265.37100300000003,1.699999999971169e-5,-0.3297789999999736,time_since_previous_projection_seconds,cumulative_projection_time_seconds,automotive02_01
334,2026-09-30T22:16:05Z,dataset_9/uvl/automotive02_01.uvl,334,2074,1,0.010293,3.765736,265.711584,3.765736,265.711584,261.615543,3.765753,265.381296,1.700000000015578e-5,-0.3302879999999959,time_since_previous_projection_seconds,cumulative_projection_time_seconds,automotive02_01
335,2026-09-30T22:16:05Z,dataset_9/uvl/automotive02_01.uvl,335,2074,1,0.010798,3.776534,265.722862,3.776534,265.722862,261.615543,3.776551,265.392094,1.700000000015578e-5,-0.3307680000000346,time_since_previous_projection_seconds,cumulative_projection_time_seconds,automotive02_01
336,2026-09-30T22:16:05Z,dataset_9/uvl/automotive02_01.uvl,336,2074,1,0.010373,3.786907,265.733705,3.786907,265.733705,261.615543,3.786924,265.402467,1.700000000015578e-5,-0.3312379999999848,time_since_previous_projection_seconds,cumulative_projection_time_seconds,automotive02_01
337,2026-09-30T22:16:05Z,dataset_9/uvl/automotive02_01.uvl,337,2074,1,0.01031,3.797217,265.744523,3.797217,265.744523,261.615543,3.797234,265.412777,1.700000000015578e-5,-0.33174600000000964,time_since_previous_projection_seconds,cumulative_projection_time_seconds,automotive02_01
338,2026-09-30T22:16:05Z,dataset_9/uvl/automotive02_01.uvl,338,2074,1,0.010468,3.807685,265.755438,3.807685,265.755438,261.615543,3.807702,265.423245,1.699999999971169e-5,-0.33219300000001795,time_since_previous_projection_seconds,cumulative_projection_time_seconds,automotive02_01
339,2026-09-30T22:16:05Z,dataset_9/uvl/automotive02_01.uvl,339,2074,1,0.011167,3.818852,265.767072,3.818852,265.767072,261.615543,3.818869,265.434412,1.699999999971169e-5,-0.33265999999997575,time_since_previous_projection_seconds,cumulative_projection_time_seconds,automotive02_01
340,2026-09-30T22:16:05Z,dataset_9/uvl/automotive02_01.uvl,340,2074,1,0.010824,3.829676,265.778376,3.829676,265.778376,261.615543,3.8296930000000002,265.445236,1.700000000015578e-5,-0.3331399999999576,time_since_previous_projection_seconds,cumulative_projection_time_seconds,automotive02_01
341,2026-09-30T22:16:05Z,dataset_9/uvl/automotive02_01.uvl,341,2074,1,0.01044,3.840116,265.789319,3.840116,265.789319,261.615543,3.840133,265.455676,1.699999999971169e-5,-0.333642999999995,time_since_previous_projection_seconds,cumulative_projection_time_seconds,automotive02_01
342,2026-09-30T22:16:05Z,dataset_9/uvl/automotive02_01.uvl,342,2074,1,0.010584,3.850699,265.800402,3.850699,265.800402,261.615543,3.850717,265.46626,1.7999999999851468e-5,-0.33414200000004257,time_since_previous_projection_seconds,cumulative_projection_time_seconds,automotive02_01
343,2026-09-30T22:16:05Z,dataset_9/uvl/automotive02_01.uvl,343,2074,1,0.010864,3.861563,265.811772,3.861563,265.811772,261.615543,3.861581,265.477124,1.8000000000295557e-5,-0.3346480000000156,time_since_previous_projection_seconds,cumulative_projection_time_seconds,automotive02_01
344,2026-09-30T22:16:05Z,dataset_9/uvl/automotive02_01.uvl,344,2074,1,0.010801,3.872364,265.823103,3.872364,265.823103,261.615543,3.872382,265.487925,1.7999999999851468e-5,-0.3351779999999849,time_since_previous_projection_seconds,cumulative_projection_time_seconds,automotive02_01
345,2026-09-30T22:16:05Z,dataset_9/uvl/automotive02_01.uvl,345,2074,1,0.010414,3.882778,265.833946,3.882778,265.833946,261.615543,3.882796,265.498339,1.7999999999851468e-5,-0.3356070000000386,time_since_previous_projection_seconds,cumulative_projection_time_seconds,automotive02_01
346,2026-09-30T22:16:05Z,dataset_9/uvl/automotive02_01.uvl,346,2074,1,0.01057,3.893349,265.844975,3.893349,265.844975,261.615543,3.893366,265.508909,1.699999999971169e-5,-0.3360659999999598,time_since_previous_projection_seconds,cumulative_projection_time_seconds,automotive02_01
347,2026-09-30T22:16:05Z,dataset_9/uvl/automotive02_01.uvl,347,2074,1,0.010814,3.904163,265.85623,3.904163,265.85623,261.615543,3.90418,265.519723,1.700000000015578e-5,-0.33650699999998324,time_since_previous_projection_seconds,cumulative_projection_time_seconds,automotive02_01
348,2026-09-30T22:16:05Z,dataset_9/uvl/automotive02_01.uvl,348,2074,1,0.010468,3.914631,265.867417,3.914631,265.867417,261.615543,3.914648,265.530191,1.700000000015578e-5,-0.3372259999999869,time_since_previous_projection_seconds,cumulative_projection_time_seconds,automotive02_01
349,2026-09-30T22:16:05Z,dataset_9/uvl/automotive02_01.uvl,349,2074,1,0.011006,3.925636,265.878879,3.925636,265.878879,261.615543,3.925654,265.541197,1.8000000000295557e-5,-0.3376819999999725,time_since_previous_projection_seconds,cumulative_projection_time_seconds,automotive02_01
350,2026-09-30T22:16:05Z,dataset_9/uvl/automotive02_01.uvl,350,2074,1,0.010638,3.936274,265.889979,3.936274,265.889979,261.615543,3.936292,265.551835,1.7999999999851468e-5,-0.3381439999999998,time_since_previous_projection_seconds,cumulative_projection_time_seconds,automotive02_01
351,2026-09-30T22:16:05Z,dataset_9/uvl/automotive02_01.uvl,351,2074,1,0.010254,3.946529,265.9007,3.946529,265.9007,261.615543,3.946546,265.562089,1.700000000015578e-5,-0.3386109999999576,time_since_previous_projection_seconds,cumulative_projection_time_seconds,automotive02_01
352,2026-09-30T22:16:05Z,dataset_9/uvl/automotive02_01.uvl,352,2074,1,0.010764,3.957292,265.911887,3.957292,265.911887,261.615543,3.95731,265.572853,1.8000000000295557e-5,-0.33903399999996964,time_since_previous_projection_seconds,cumulative_projection_time_seconds,automotive02_01
353,2026-09-30T22:16:05Z,dataset_9/uvl/automotive02_01.uvl,353,2074,1,0.010734,3.968027,265.923129,3.968027,265.923129,261.615543,3.968044,265.583587,1.699999999971169e-5,-0.33954199999999446,time_since_previous_projection_seconds,cumulative_projection_time_seconds,automotive02_01
354,2026-09-30T22:16:05Z,dataset_9/uvl/automotive02_01.uvl,354,2074,1,0.01025,3.978276,265.933865,3.978276,265.933865,261.615543,3.978294,265.593837,1.7999999999851468e-5,-0.340028000000018,time_since_previous_projection_seconds,cumulative_projection_time_seconds,automotive02_01
355,2026-09-30T22:16:05Z,dataset_9/uvl/automotive02_01.uvl,355,2074,1,0.010948,3.989225,265.94526,3.989225,265.94526,261.615543,3.989242,265.604785,1.700000000015578e-5,-0.3404750000000263,time_since_previous_projection_seconds,cumulative_projection_time_seconds,automotive02_01
356,2026-09-30T22:16:05Z,dataset_9/uvl/automotive02_01.uvl,356,2074,1,0.010727,3.999952,265.956457,3.999952,265.956457,261.615543,3.999969,265.615512,1.700000000015578e-5,-0.3409449999999765,time_since_previous_projection_seconds,cumulative_projection_time_seconds,automotive02_01
357,2026-09-30T22:16:05Z,dataset_9/uvl/automotive02_01.uvl,357,2074,1,0.010396,4.010348,265.967325,4.010348,265.967325,261.615543,4.010365,265.625908,1.700000000059987e-5,-0.3414170000000354,time_since_previous_projection_seconds,cumulative_projection_time_seconds,automotive02_01
358,2026-09-30T22:16:05Z,dataset_9/uvl/automotive02_01.uvl,358,2074,1,0.011144,4.021492,265.979064,4.021492,265.979064,261.615543,4.021509,265.637052,1.699999999971169e-5,-0.3420120000000111,time_since_previous_projection_seconds,cumulative_projection_time_seconds,automotive02_01
359,2026-09-30T22:16:05Z,dataset_9/uvl/automotive02_01.uvl,359,2074,1,0.010685,4.032177,265.990256,4.032177,265.990256,261.615543,4.032194,265.647737,1.699999999971169e-5,-0.3425189999999816,time_since_previous_projection_seconds,cumulative_projection_time_seconds,automotive02_01
360,2026-09-30T22:16:05Z,dataset_9/uvl/automotive02_01.uvl,360,2074,1,0.010883,4.043059,266.001699,4.043059,266.001699,261.615543,4.043077,265.65862,1.7999999999851468e-5,-0.3430789999999888,time_since_previous_projection_seconds,cumulative_projection_time_seconds,automotive02_01
361,2026-09-30T22:16:05Z,dataset_9/uvl/automotive02_01.uvl,361,2074,1,0.010842,4.053901,266.013041,4.053901,266.013041,261.615543,4.053919,265.669462,1.7999999999851468e-5,-0.343578999999977,time_since_previous_projection_seconds,cumulative_projection_time_seconds,automotive02_01
362,2026-09-30T22:16:05Z,dataset_9/uvl/automotive02_01.uvl,362,2074,1,0.010825,4.064726,266.024385,4.064726,266.024385,261.615543,4.064744,265.680287,1.7999999999851468e-5,-0.34409799999997404,time_since_previous_projection_seconds,cumulative_projection_time_seconds,automotive02_01
363,2026-09-30T22:16:05Z,dataset_9/uvl/automotive02_01.uvl,363,2074,1,0.010392,4.075118,266.035293,4.075118,266.035293,261.615543,4.075136,265.690679,1.7999999999851468e-5,-0.3446140000000355,time_since_previous_projection_seconds,cumulative_projection_time_seconds,automotive02_01
364,2026-09-30T22:16:05Z,dataset_9/uvl/automotive02_01.uvl,364,2074,1,0.010599,4.085717,266.046383,4.085717,266.046383,261.615543,4.085735,265.701278,1.7999999999851468e-5,-0.34510499999998956,time_since_previous_projection_seconds,cumulative_projection_time_seconds,automotive02_01
365,2026-09-30T22:16:05Z,dataset_9/uvl/automotive02_01.uvl,365,2074,1,0.01035,4.096067,266.057205,4.096067,266.057205,261.615543,4.096085,265.711628,1.8000000000739647e-5,-0.3455769999999916,time_since_previous_projection_seconds,cumulative_projection_time_seconds,automotive02_01
366,2026-09-30T22:16:05Z,dataset_9/uvl/automotive02_01.uvl,366,2074,1,0.010593,4.10666,266.068277,4.10666,266.068277,261.615543,4.106678,265.722221,1.7999999999851468e-5,-0.3460560000000328,time_since_previous_projection_seconds,cumulative_projection_time_seconds,automotive02_01
367,2026-09-30T22:16:05Z,dataset_9/uvl/automotive02_01.uvl,367,2074,1,0.010955,4.117615,266.079691,4.117615,266.079691,261.615543,4.117633,265.733176,1.7999999999851468e-5,-0.3465150000000108,time_since_previous_projection_seconds,cumulative_projection_time_seconds,automotive02_01
368,2026-09-30T22:16:06Z,dataset_9/uvl/automotive02_01.uvl,368,2074,1,0.010671,4.128286,266.09087,4.128286,266.09087,261.615543,4.128304,265.743847,1.7999999999851468e-5,-0.34702299999997877,time_since_previous_projection_seconds,cumulative_projection_time_seconds,automotive02_01
369,2026-09-30T22:16:06Z,dataset_9/uvl/automotive02_01.uvl,369,2074,1,0.01062,4.138906,266.101958,4.138906,266.101958,261.615543,4.138924,265.754467,1.7999999999851468e-5,-0.34749100000004773,time_since_previous_projection_seconds,cumulative_projection_time_seconds,automotive02_01
370,2026-09-30T22:16:06Z,dataset_9/uvl/automotive02_01.uvl,370,2074,1,0.011133,4.150039,266.113556,4.150039,266.113556,261.615543,4.150057,265.7656,1.8000000000739647e-5,-0.3479560000000106,time_since_previous_projection_seconds,cumulative_projection_time_seconds,automotive02_01
371,2026-09-30T22:16:06Z,dataset_9/uvl/automotive02_01.uvl,371,2074,1,0.010771,4.16081,266.124801,4.16081,266.124801,261.615543,4.160828,265.776371,1.8000000000739647e-5,-0.34843000000000757,time_since_previous_projection_seconds,cumulative_projection_time_seconds,automotive02_01
372,2026-09-30T22:16:06Z,dataset_9/uvl/automotive02_01.uvl,372,2074,1,0.010396,4.171206,266.135665,4.171206,266.135665,261.615543,4.171224,265.786767,1.7999999999851468e-5,-0.3488980000000197,time_since_previous_projection_seconds,cumulative_projection_time_seconds,automotive02_01
373,2026-09-30T22:16:06Z,dataset_9/uvl/automotive02_01.uvl,373,2074,1,0.010507,4.181713,266.1466,4.181713,266.1466,261.615543,4.181731,265.797274,1.7999999999851468e-5,-0.3493259999999623,time_since_previous_projection_seconds,cumulative_projection_time_seconds,automotive02_01
374,2026-09-30T22:16:06Z,dataset_9/uvl/automotive02_01.uvl,374,2074,1,0.011269,4.192982,266.158346,4.192982,266.158346,261.615543,4.193,265.808543,1.7999999999851468e-5,-0.3498030000000085,time_since_previous_projection_seconds,cumulative_projection_time_seconds,automotive02_01
375,2026-09-30T22:16:06Z,dataset_9/uvl/automotive02_01.uvl,375,2074,1,0.010668,4.20365,266.169582,4.20365,266.169582,261.615543,4.203668,265.819211,1.8000000000739647e-5,-0.35037099999999555,time_since_previous_projection_seconds,cumulative_projection_time_seconds,automotive02_01
376,2026-09-30T22:16:06Z,dataset_9/uvl/automotive02_01.uvl,376,2074,1,0.011527,4.215178,266.181777,4.215178,266.181777,261.615543,4.215195,265.830738,1.699999999971169e-5,-0.3510390000000143,time_since_previous_projection_seconds,cumulative_projection_time_seconds,automotive02_01
377,2026-09-30T22:16:06Z,dataset_9/uvl/automotive02_01.uvl,377,2074,1,0.010619,4.225797,266.192886,4.225797,266.192886,261.615543,4.225814,265.841357,1.699999999971169e-5,-0.3515289999999709,time_since_previous_projection_seconds,cumulative_projection_time_seconds,automotive02_01
378,2026-09-30T22:16:06Z,dataset_9/uvl/automotive02_01.uvl,378,2074,1,0.010749,4.236546,266.204093,4.236546,266.204093,261.615543,4.236563,265.852106,1.700000000059987e-5,-0.35198700000000827,time_since_previous_projection_seconds,cumulative_projection_time_seconds,automotive02_01
379,2026-09-30T22:16:06Z,dataset_9/uvl/automotive02_01.uvl,379,2074,1,0.011092,4.247638,266.215647,4.247638,266.215647,261.615543,4.247655,265.863198,1.699999999971169e-5,-0.3524489999999787,time_since_previous_projection_seconds,cumulative_projection_time_seconds,automotive02_01
380,2026-09-30T22:16:06Z,dataset_9/uvl/automotive02_01.uvl,380,2074,1,0.010759,4.258397,266.226853,4.258397,266.226853,261.615543,4.258414,265.873957,1.699999999971169e-5,-0.352895999999987,time_since_previous_projection_seconds,cumulative_projection_time_seconds,automotive02_01
381,2026-09-30T22:16:06Z,dataset_9/uvl/automotive02_01.uvl,381,2074,1,0.010722,4.269119,266.238068,4.269119,266.238068,261.615543,4.269136,265.884679,1.699999999971169e-5,-0.35338899999999285,time_since_previous_projection_seconds,cumulative_projection_time_seconds,automotive02_01
382,2026-09-30T22:16:06Z,dataset_9/uvl/automotive02_01.uvl,382,2074,1,0.011948,4.281067,266.250519,4.281067,266.250519,261.615543,4.281084,265.896627,1.699999999971169e-5,-0.35389199999997345,time_since_previous_projection_seconds,cumulative_projection_time_seconds,automotive02_01
383,2026-09-30T22:16:06Z,dataset_9/uvl/automotive02_01.uvl,383,2074,1,0.010342,4.291409,266.261288,4.291409,266.261288,261.615543,4.291426,265.906969,1.700000000059987e-5,-0.3543189999999754,time_since_previous_projection_seconds,cumulative_projection_time_seconds,automotive02_01
384,2026-09-30T22:16:06Z,dataset_9/uvl/automotive02_01.uvl,384,2074,1,0.010964,4.302373,266.272678,4.302373,266.272678,261.615543,4.30239,265.917933,1.699999999971169e-5,-0.3547449999999799,time_since_previous_projection_seconds,cumulative_projection_time_seconds,automotive02_01
385,2026-09-30T22:16:06Z,dataset_9/uvl/automotive02_01.uvl,385,2074,1,0.011385,4.313758,266.284518,4.313758,266.284518,261.615543,4.313775,265.929318,1.699999999971169e-5,-0.355199999999968,time_since_previous_projection_seconds,cumulative_projection_time_seconds,automotive02_01
386,2026-09-30T22:16:06Z,dataset_9/uvl/automotive02_01.uvl,386,2074,1,0.010588,4.324346,266.295586,4.324346,266.295586,261.615543,4.324363,265.939906,1.699999999971169e-5,-0.35568000000000666,time_since_previous_projection_seconds,cumulative_projection_time_seconds,automotive02_01
387,2026-09-30T22:16:06Z,dataset_9/uvl/automotive02_01.uvl,387,2074,1,0.010361,4.334707,266.306382,4.334707,266.306382,261.615543,4.334724,265.950267,1.699999999971169e-5,-0.3561149999999884,time_since_previous_projection_seconds,cumulative_projection_time_seconds,automotive02_01
388,2026-09-30T22:16:06Z,dataset_9/uvl/automotive02_01.uvl,388,2074,1,0.010708,4.345414,266.317515,4.345414,266.317515,261.615543,4.345432,265.960975,1.7999999999851468e-5,-0.3565399999999954,time_since_previous_projection_seconds,cumulative_projection_time_seconds,automotive02_01
389,2026-09-30T22:16:06Z,dataset_9/uvl/automotive02_01.uvl,389,2074,1,0.010608,4.356023,266.328571,4.356023,266.328571,261.615543,4.35604,265.971583,1.699999999971169e-5,-0.3569880000000012,time_since_previous_projection_seconds,cumulative_projection_time_seconds,automotive02_01
390,2026-09-30T22:16:06Z,dataset_9/uvl/automotive02_01.uvl,390,2074,1,0.011885,4.367908,266.340891,4.367908,266.340891,261.615543,4.367925,265.983468,1.699999999971169e-5,-0.35742299999998295,time_since_previous_projection_seconds,cumulative_projection_time_seconds,automotive02_01
391,2026-09-30T22:16:06Z,dataset_9/uvl/automotive02_01.uvl,391,2074,1,0.010941,4.378849,266.352244,4.378849,266.352244,261.615543,4.378866,265.994409,1.700000000059987e-5,-0.35783499999996593,time_since_previous_projection_seconds,cumulative_projection_time_seconds,automotive02_01
392,2026-09-30T22:16:06Z,dataset_9/uvl/automotive02_01.uvl,392,2074,1,0.010779,4.389627,266.363483,4.389627,266.363483,261.615543,4.389645,266.005188,1.7999999999851468e-5,-0.35829499999999825,time_since_previous_projection_seconds,cumulative_projection_time_seconds,automotive02_01
393,2026-09-30T22:16:06Z,dataset_9/uvl/automotive02_01.uvl,393,2074,1,0.01067,4.400297,266.374565,4.400297,266.374565,261.615543,4.400315,266.015858,1.7999999999851468e-5,-0.3587070000000381,time_since_previous_projection_seconds,cumulative_projection_time_seconds,automotive02_01
394,2026-09-30T22:16:06Z,dataset_9/uvl/automotive02_01.uvl,394,2074,1,0.0108,4.411097,266.385831,4.411097,266.385831,261.615543,4.411115,266.026658,1.7999999999851468e-5,-0.3591729999999984,time_since_previous_projection_seconds,cumulative_projection_time_seconds,automotive02_01
395,2026-09-30T22:16:06Z,dataset_9/uvl/automotive02_01.uvl,395,2074,1,0.010589,4.421687,266.396834,4.421687,266.396834,261.615543,4.421704,266.037247,1.699999999971169e-5,-0.3595870000000332,time_since_previous_projection_seconds,cumulative_projection_time_seconds,automotive02_01
396,2026-09-30T22:16:06Z,dataset_9/uvl/automotive02_01.uvl,396,2074,1,0.010522,4.432209,266.407767,4.432209,266.407767,261.615543,4.432226,266.047769,1.699999999971169e-5,-0.35999799999996185,time_since_previous_projection_seconds,cumulative_projection_time_seconds,automotive02_01
397,2026-09-30T22:16:06Z,dataset_9/uvl/automotive02_01.uvl,397,2074,1,0.010378,4.442587,266.41856,4.442587,266.41856,261.615543,4.442604,266.058147,1.700000000059987e-5,-0.3604129999999941,time_since_previous_projection_seconds,cumulative_projection_time_seconds,automotive02_01
398,2026-09-30T22:16:06Z,dataset_9/uvl/automotive02_01.uvl,398,2074,1,0.011149,4.453736,266.430107,4.453736,266.430107,261.615543,4.453753,266.069296,1.699999999971169e-5,-0.3608110000000124,time_since_previous_projection_seconds,cumulative_projection_time_seconds,automotive02_01
399,2026-09-30T22:16:06Z,dataset_9/uvl/automotive02_01.uvl,399,2074,1,0.010654,4.46439,266.441193,4.46439,266.441193,261.615543,4.4644070000000005,266.07995,1.700000000059987e-5,-0.36124300000000176,time_since_previous_projection_seconds,cumulative_projection_time_seconds,automotive02_01
400,2026-09-30T22:16:06Z,dataset_9/uvl/automotive02_01.uvl,400,2074,1,0.010483,4.474873,266.452117,4.474873,266.452117,261.615543,4.47489,266.090433,1.700000000059987e-5,-0.36168399999996836,time_since_previous_projection_seconds,cumulative_projection_time_seconds,automotive02_01
401,2026-09-30T22:16:06Z,dataset_9/uvl/automotive02_01.uvl,401,2074,1,0.010269,4.485142,266.462801,4.485142,266.462801,261.615543,4.485159,266.100702,1.700000000059987e-5,-0.3620990000000006,time_since_previous_projection_seconds,cumulative_projection_time_seconds,automotive02_01
402,2026-09-30T22:16:06Z,dataset_9/uvl/automotive02_01.uvl,402,2074,1,0.011003,4.496145,266.474171,4.496145,266.474171,261.615543,4.496162,266.11170500000003,1.699999999971169e-5,-0.3624659999999835,time_since_previous_projection_seconds,cumulative_projection_time_seconds,automotive02_01
403,2026-09-30T22:16:06Z,dataset_9/uvl/automotive02_01.uvl,403,2074,1,0.011111,4.507256,266.485702,4.507256,266.485702,261.615543,4.507273,266.122816,1.699999999971169e-5,-0.36288600000000315,time_since_previous_projection_seconds,cumulative_projection_time_seconds,automotive02_01
404,2026-09-30T22:16:06Z,dataset_9/uvl/automotive02_01.uvl,404,2074,1,0.010374,4.51763,266.496548,4.51763,266.496548,261.615543,4.517647,266.13319,1.700000000059987e-5,-0.3633580000000052,time_since_previous_projection_seconds,cumulative_projection_time_seconds,automotive02_01
405,2026-09-30T22:16:06Z,dataset_9/uvl/automotive02_01.uvl,405,2074,1,0.010636,4.528266,266.507591,4.528266,266.507591,261.615543,4.528283,266.143826,1.699999999971169e-5,-0.3637650000000008,time_since_previous_projection_seconds,cumulative_projection_time_seconds,automotive02_01
406,2026-09-30T22:16:06Z,dataset_9/uvl/automotive02_01.uvl,406,2074,1,0.010707,4.538973,266.518731,4.538973,266.518731,261.615543,4.53899,266.154533,1.699999999971169e-5,-0.3641979999999876,time_since_previous_projection_seconds,cumulative_projection_time_seconds,automotive02_01
407,2026-09-30T22:16:06Z,dataset_9/uvl/automotive02_01.uvl,407,2074,1,0.010623,4.549596,266.529779,4.549596,266.529779,261.615543,4.549613,266.165156,1.699999999971169e-5,-0.3646229999999946,time_since_previous_projection_seconds,cumulative_projection_time_seconds,automotive02_01
408,2026-09-30T22:16:06Z,dataset_9/uvl/automotive02_01.uvl,408,2074,1,0.010481,4.560077,266.540739,4.560077,266.540739,261.615543,4.560094,266.175637,1.700000000059987e-5,-0.36510199999997894,time_since_previous_projection_seconds,cumulative_projection_time_seconds,automotive02_01
409,2026-09-30T22:16:06Z,dataset_9/uvl/automotive02_01.uvl,409,2074,1,0.010592,4.570669,266.55175,4.570669,266.55175,261.615543,4.570686,266.186229,1.700000000059987e-5,-0.3655210000000011,time_since_previous_projection_seconds,cumulative_projection_time_seconds,automotive02_01
410,2026-09-30T22:16:06Z,dataset_9/uvl/automotive02_01.uvl,410,2074,1,0.010629,4.581298,266.562818,4.581298,266.562818,261.615543,4.581315,266.196858,1.699999999971169e-5,-0.36595999999997275,time_since_previous_projection_seconds,cumulative_projection_time_seconds,automotive02_01
411,2026-09-30T22:16:06Z,dataset_9/uvl/automotive02_01.uvl,411,2074,1,0.010387,4.591685,266.573679,4.591685,266.573679,261.615543,4.591702,266.207245,1.699999999971169e-5,-0.36643400000002657,time_since_previous_projection_seconds,cumulative_projection_time_seconds,automotive02_01
412,2026-09-30T22:16:06Z,dataset_9/uvl/automotive02_01.uvl,412,2074,1,0.010561,4.602246,266.584679,4.602246,266.584679,261.615543,4.602263,266.217806,1.699999999971169e-5,-0.36687299999999823,time_since_previous_projection_seconds,cumulative_projection_time_seconds,automotive02_01
413,2026-09-30T22:16:06Z,dataset_9/uvl/automotive02_01.uvl,413,2074,1,0.011095,4.61334,266.596273,4.61334,266.596273,261.615543,4.613358,266.228901,1.7999999999851468e-5,-0.36737199999998893,time_since_previous_projection_seconds,cumulative_projection_time_seconds,automotive02_01
414,2026-09-30T22:16:06Z,dataset_9/uvl/automotive02_01.uvl,414,2074,1,0.010395,4.623736,266.607172,4.623736,266.607172,261.615543,4.623753,266.239296,1.699999999971169e-5,-0.367875999999967,time_since_previous_projection_seconds,cumulative_projection_time_seconds,automotive02_01
415,2026-09-30T22:16:06Z,dataset_9/uvl/automotive02_01.uvl,415,2074,1,0.010362,4.634098,266.617953,4.634098,266.617953,261.615543,4.634115,266.249658,1.700000000059987e-5,-0.36829499999998916,time_since_previous_projection_seconds,cumulative_projection_time_seconds,automotive02_01
416,2026-09-30T22:16:06Z,dataset_9/uvl/automotive02_01.uvl,416,2074,1,0.010639,4.644737,266.629017,4.644737,266.629017,261.615543,4.644754,266.260297,1.699999999971169e-5,-0.36871999999999616,time_since_previous_projection_seconds,cumulative_projection_time_seconds,automotive02_01
417,2026-09-30T22:16:06Z,dataset_9/uvl/automotive02_01.uvl,417,2074,1,0.010572,4.655309,266.64003,4.655309,266.64003,261.615543,4.655326,266.270869,1.699999999971169e-5,-0.3691610000000196,time_since_previous_projection_seconds,cumulative_projection_time_seconds,automotive02_01
418,2026-09-30T22:16:06Z,dataset_9/uvl/automotive02_01.uvl,418,2074,1,0.010245,4.665554,266.650702,4.665554,266.650702,261.615543,4.665571,266.281114,1.699999999971169e-5,-0.36958800000002157,time_since_previous_projection_seconds,cumulative_projection_time_seconds,automotive02_01
419,2026-09-30T22:16:06Z,dataset_9/uvl/automotive02_01.uvl,419,2074,1,0.010694,4.676248,266.661795,4.676248,266.661795,261.615543,4.676265,266.291808,1.699999999971169e-5,-0.3699869999999805,time_since_previous_projection_seconds,cumulative_projection_time_seconds,automotive02_01
420,2026-09-30T22:16:06Z,dataset_9/uvl/automotive02_01.uvl,420,2074,1,0.011236,4.687484,266.673484,4.687484,266.673484,261.615543,4.687501,266.303044,1.699999999971169e-5,-0.3704399999999737,time_since_previous_projection_seconds,cumulative_projection_time_seconds,automotive02_01
421,2026-09-30T22:16:06Z,dataset_9/uvl/automotive02_01.uvl,421,2074,1,0.010683,4.698167,266.684631,4.698167,266.684631,261.615543,4.698184,266.31372700000003,1.700000000059987e-5,-0.3709039999999959,time_since_previous_projection_seconds,cumulative_projection_time_seconds,automotive02_01
422,2026-09-30T22:16:06Z,dataset_9/uvl/automotive02_01.uvl,422,2074,1,0.010395,4.708562,266.69547,4.708562,266.69547,261.615543,4.708579,266.324122,1.700000000059987e-5,-0.3713480000000118,time_since_previous_projection_seconds,cumulative_projection_time_seconds,automotive02_01
423,2026-09-30T22:16:06Z,dataset_9/uvl/automotive02_01.uvl,423,2074,1,0.010599,4.719161,266.706506,4.719161,266.706506,261.615543,4.719178,266.334721,1.700000000059987e-5,-0.3717849999999885,time_since_previous_projection_seconds,cumulative_projection_time_seconds,automotive02_01
424,2026-09-30T22:16:06Z,dataset_9/uvl/automotive02_01.uvl,424,2074,1,0.010635,4.729796,266.717613,4.729796,266.717613,261.615543,4.729813,266.345356,1.699999999971169e-5,-0.3722569999999905,time_since_previous_projection_seconds,cumulative_projection_time_seconds,automotive02_01
425,2026-09-30T22:16:06Z,dataset_9/uvl/automotive02_01.uvl,425,2074,1,0.010331,4.740127,266.728384,4.740127,266.728384,261.615543,4.740144,266.355687,1.699999999971169e-5,-0.3726970000000165,time_since_previous_projection_seconds,cumulative_projection_time_seconds,automotive02_01
426,2026-09-30T22:16:06Z,dataset_9/uvl/automotive02_01.uvl,426,2074,1,0.010575,4.750702,266.739382,4.750702,266.739382,261.615543,4.750719,266.366262,1.699999999971169e-5,-0.3731199999999717,time_since_previous_projection_seconds,cumulative_projection_time_seconds,automotive02_01
427,2026-09-30T22:16:06Z,dataset_9/uvl/automotive02_01.uvl,427,2074,1,0.010723,4.761425,266.750535,4.761425,266.750535,261.615543,4.761442,266.376985,1.699999999971169e-5,-0.3735500000000229,time_since_previous_projection_seconds,cumulative_projection_time_seconds,automotive02_01
428,2026-09-30T22:16:06Z,dataset_9/uvl/automotive02_01.uvl,428,2074,1,0.01089,4.772314,266.761855,4.772314,266.761855,261.615543,4.772332,266.387875,1.7999999999851468e-5,-0.3739800000000173,time_since_previous_projection_seconds,cumulative_projection_time_seconds,automotive02_01
429,2026-09-30T22:16:06Z,dataset_9/uvl/automotive02_01.uvl,429,2074,1,0.010527,4.782842,266.773172,4.782842,266.773172,261.615543,4.782859,266.398402,1.700000000059987e-5,-0.37477000000001226,time_since_previous_projection_seconds,cumulative_projection_time_seconds,automotive02_01
430,2026-09-30T22:16:06Z,dataset_9/uvl/automotive02_01.uvl,430,2074,1,0.011113,4.793955,266.784709,4.793955,266.784709,261.615543,4.793972,266.409515,1.699999999971169e-5,-0.3751940000000218,time_since_previous_projection_seconds,cumulative_projection_time_seconds,automotive02_01
431,2026-09-30T22:16:06Z,dataset_9/uvl/automotive02_01.uvl,431,2074,1,0.011011,4.804966,266.796161,4.804966,266.796161,261.615543,4.804983,266.420526,1.699999999971169e-5,-0.3756349999999884,time_since_previous_projection_seconds,cumulative_projection_time_seconds,automotive02_01
432,2026-09-30T22:16:06Z,dataset_9/uvl/automotive02_01.uvl,432,2074,1,0.010969,4.815935,266.807554,4.815935,266.807554,261.615543,4.815952,266.431495,1.700000000059987e-5,-0.3760589999999979,time_since_previous_projection_seconds,cumulative_projection_time_seconds,automotive02_01
433,2026-09-30T22:16:06Z,dataset_9/uvl/automotive02_01.uvl,433,2074,1,0.0112,4.827135,266.819195,4.827135,266.819195,261.615543,4.827152,266.442695,1.699999999971169e-5,-0.37649999999996453,time_since_previous_projection_seconds,cumulative_projection_time_seconds,automotive02_01
434,2026-09-30T22:16:06Z,dataset_9/uvl/automotive02_01.uvl,434,2074,1,0.010552,4.837687,266.83021,4.837687,266.83021,261.615543,4.8377040000000004,266.453247,1.700000000059987e-5,-0.3769630000000461,time_since_previous_projection_seconds,cumulative_projection_time_seconds,automotive02_01
435,2026-09-30T22:16:06Z,dataset_9/uvl/automotive02_01.uvl,435,2074,1,0.010483,4.84817,266.841151,4.84817,266.841151,261.615543,4.848187,266.46373,1.700000000059987e-5,-0.37742100000002665,time_since_previous_projection_seconds,cumulative_projection_time_seconds,automotive02_01
436,2026-09-30T22:16:06Z,dataset_9/uvl/automotive02_01.uvl,436,2074,1,0.010361,4.858532,266.851937,4.858532,266.851937,261.615543,4.858548,266.474091,1.5999999999571912e-5,-0.37784600000003365,time_since_previous_projection_seconds,cumulative_projection_time_seconds,automotive02_01
437,2026-09-30T22:16:06Z,dataset_9/uvl/automotive02_01.uvl,437,2074,1,0.010579,4.86911,266.86292,4.86911,266.86292,261.615543,4.869127,266.48467,1.699999999971169e-5,-0.37824999999998,time_since_previous_projection_seconds,cumulative_projection_time_seconds,automotive02_01
438,2026-09-30T22:16:06Z,dataset_9/uvl/automotive02_01.uvl,438,2074,1,0.012395,4.881505,266.87576,4.881505,266.87576,261.615543,4.881522,266.497065,1.700000000059987e-5,-0.37869499999999334,time_since_previous_projection_seconds,cumulative_projection_time_seconds,automotive02_01
439,2026-09-30T22:16:06Z,dataset_9/uvl/automotive02_01.uvl,439,2074,1,0.011158,4.892664,266.887362,4.892664,266.887362,261.615543,4.89268,266.508223,1.600000000046009e-5,-0.3791390000000092,time_since_previous_projection_seconds,cumulative_projection_time_seconds,automotive02_01
440,2026-09-30T22:16:06Z,dataset_9/uvl/automotive02_01.uvl,440,2074,1,0.010915,4.903579,266.89874,4.903579,266.89874,261.615543,4.903595,266.519138,1.600000000046009e-5,-0.3796019999999771,time_since_previous_projection_seconds,cumulative_projection_time_seconds,automotive02_01
441,2026-09-30T22:16:06Z,dataset_9/uvl/automotive02_01.uvl,441,2074,1,0.010424,4.914003,266.909594,4.914003,266.909594,261.615543,4.914019,266.529562,1.5999999999571912e-5,-0.38003200000002835,time_since_previous_projection_seconds,cumulative_projection_time_seconds,automotive02_01
442,2026-09-30T22:16:06Z,dataset_9/uvl/automotive02_01.uvl,442,2074,1,0.010571,4.924574,266.920589,4.924574,266.920589,261.615543,4.92459,266.540133,1.600000000046009e-5,-0.38045599999998103,time_since_previous_projection_seconds,cumulative_projection_time_seconds,automotive02_01
443,2026-09-30T22:16:06Z,dataset_9/uvl/automotive02_01.uvl,443,2074,1,0.012429,4.937003,266.933479,4.937003,266.933479,261.615543,4.937019,266.552562,1.600000000046009e-5,-0.380916999999954,time_since_previous_projection_seconds,cumulative_projection_time_seconds,automotive02_01
444,2026-09-30T22:16:06Z,dataset_9/uvl/automotive02_01.uvl,444,2074,1,0.010364,4.947367,266.944296,4.947367,266.944296,261.615543,4.947383,266.562926,1.600000000046009e-5,-0.381370000000004,time_since_previous_projection_seconds,cumulative_projection_time_seconds,automotive02_01
445,2026-09-30T22:16:06Z,dataset_9/uvl/automotive02_01.uvl,445,2074,1,0.011055,4.958422,266.955764,4.958422,266.955764,261.615543,4.958438,266.573981,1.600000000046009e-5,-0.38178299999998444,time_since_previous_projection_seconds,cumulative_projection_time_seconds,automotive02_01
446,2026-09-30T22:16:06Z,dataset_9/uvl/automotive02_01.uvl,446,2074,1,0.010782,4.969204,266.966979,4.969204,266.966979,261.615543,4.96922,266.584763,1.5999999999571912e-5,-0.38221599999997125,time_since_previous_projection_seconds,cumulative_projection_time_seconds,automotive02_01
447,2026-09-30T22:16:06Z,dataset_9/uvl/automotive02_01.uvl,447,2074,1,0.010401,4.979605,266.977788,4.979605,266.977788,261.615543,4.979621,266.595164,1.5999999999571912e-5,-0.3826239999999643,time_since_previous_projection_seconds,cumulative_projection_time_seconds,automotive02_01
448,2026-09-30T22:16:06Z,dataset_9/uvl/automotive02_01.uvl,448,2074,1,0.01074,4.990345,266.988896,4.990345,266.988896,261.615543,4.990361,266.605904,1.600000000046009e-5,-0.38299200000000155,time_since_previous_projection_seconds,cumulative_projection_time_seconds,automotive02_01
449,2026-09-30T22:16:06Z,dataset_9/uvl/automotive02_01.uvl,449,2074,1,0.010349,5.000694,266.999687,5.000694,266.999687,261.615543,5.00071,266.61625300000003,1.5999999999571912e-5,-0.38343399999996564,time_since_previous_projection_seconds,cumulative_projection_time_seconds,automotive02_01
450,2026-09-30T22:16:06Z,dataset_9/uvl/automotive02_01.uvl,450,2074,1,0.010656,5.011349,267.010798,5.011349,267.010798,261.615543,5.011366,266.626909,1.699999999971169e-5,-0.3838890000000106,time_since_previous_projection_seconds,cumulative_projection_time_seconds,automotive02_01
451,2026-09-30T22:16:06Z,dataset_9/uvl/automotive02_01.uvl,451,2074,1,0.010478,5.021827,267.021694,5.021827,267.021694,261.615543,5.021844,266.637387,1.699999999971169e-5,-0.38430700000003526,time_since_previous_projection_seconds,cumulative_projection_time_seconds,automotive02_01
452,2026-09-30T22:16:06Z,dataset_9/uvl/automotive02_01.uvl,452,2074,1,0.010452,5.032279,267.032554,5.032279,267.032554,261.615543,5.032296,266.647839,1.699999999971169e-5,-0.38471500000002834,time_since_previous_projection_seconds,cumulative_projection_time_seconds,automotive02_01
453,2026-09-30T22:16:06Z,dataset_9/uvl/automotive02_01.uvl,453,2074,1,0.010509,5.042788,267.04347,5.042788,267.04347,261.615543,5.042805,266.658348,1.700000000059987e-5,-0.38512200000002395,time_since_previous_projection_seconds,cumulative_projection_time_seconds,automotive02_01
454,2026-09-30T22:16:06Z,dataset_9/uvl/automotive02_01.uvl,454,2074,1,0.010189,5.052977,267.054076,5.052977,267.054076,261.615543,5.052994,266.668537,1.699999999971169e-5,-0.3855389999999943,time_since_previous_projection_seconds,cumulative_projection_time_seconds,automotive02_01
455,2026-09-30T22:16:06Z,dataset_9/uvl/automotive02_01.uvl,455,2074,1,0.010468,5.063445,267.064941,5.063445,267.064941,261.615543,5.063462,266.679005,1.700000000059987e-5,-0.3859359999999583,time_since_previous_projection_seconds,cumulative_projection_time_seconds,automotive02_01
456,2026-09-30T22:16:06Z,dataset_9/uvl/automotive02_01.uvl,456,2074,1,0.011081,5.074526,267.076481,5.074526,267.076481,261.615543,5.074543,266.690086,1.700000000059987e-5,-0.38639499999999316,time_since_previous_projection_seconds,cumulative_projection_time_seconds,automotive02_01
457,2026-09-30T22:16:07Z,dataset_9/uvl/automotive02_01.uvl,457,2074,1,0.011202,5.085727,267.088152,5.085727,267.088152,261.615543,5.085745,266.701288,1.7999999999851468e-5,-0.38686400000000276,time_since_previous_projection_seconds,cumulative_projection_time_seconds,automotive02_01
458,2026-09-30T22:16:07Z,dataset_9/uvl/automotive02_01.uvl,458,2074,1,0.011046,5.096773,267.09969,5.096773,267.09969,261.615543,5.096791,266.712334,1.7999999999851468e-5,-0.38735600000001114,time_since_previous_projection_seconds,cumulative_projection_time_seconds,automotive02_01
459,2026-09-30T22:16:07Z,dataset_9/uvl/automotive02_01.uvl,459,2074,1,0.010619,5.107392,267.110718,5.107392,267.110718,261.615543,5.10741,266.722953,1.7999999999851468e-5,-0.3877650000000017,time_since_previous_projection_seconds,cumulative_projection_time_seconds,automotive02_01
460,2026-09-30T22:16:07Z,dataset_9/uvl/automotive02_01.uvl,460,2074,1,0.010743,5.118135,267.121903,5.118135,267.121903,261.615543,5.118153,266.733696,1.8000000000739647e-5,-0.3882069999999658,time_since_previous_projection_seconds,cumulative_projection_time_seconds,automotive02_01
461,2026-09-30T22:16:07Z,dataset_9/uvl/automotive02_01.uvl,461,2074,1,0.010385,5.12852,267.132737,5.12852,267.132737,261.615543,5.128538,266.744081,1.7999999999851468e-5,-0.38865600000002587,time_since_previous_projection_seconds,cumulative_projection_time_seconds,automotive02_01
462,2026-09-30T22:16:07Z,dataset_9/uvl/automotive02_01.uvl,462,2074,1,0.010686,5.139206,267.143826,5.139206,267.143826,261.615543,5.1392240000000005,266.754767,1.8000000000739647e-5,-0.38905899999997473,time_since_previous_projection_seconds,cumulative_projection_time_seconds,automotive02_01
463,2026-09-30T22:16:07Z,dataset_9/uvl/automotive02_01.uvl,463,2074,1,0.010784,5.14999,267.155028,5.14999,267.155028,261.615543,5.150008,266.765551,1.7999999999851468e-5,-0.3894769999999994,time_since_previous_projection_seconds,cumulative_projection_time_seconds,automotive02_01
464,2026-09-30T22:16:07Z,dataset_9/uvl/automotive02_01.uvl,464,2074,1,0.011387,5.161378,267.166827,5.161378,267.166827,261.615543,5.161395,266.77693800000003,1.699999999971169e-5,-0.3898889999999824,time_since_previous_projection_seconds,cumulative_projection_time_seconds,automotive02_01
465,2026-09-30T22:16:07Z,dataset_9/uvl/automotive02_01.uvl,465,2074,1,0.010742,5.17212,267.178141,5.17212,267.178141,261.615543,5.172137,266.78768,1.700000000059987e-5,-0.3904609999999593,time_since_previous_projection_seconds,cumulative_projection_time_seconds,automotive02_01
466,2026-09-30T22:16:07Z,dataset_9/uvl/automotive02_01.uvl,466,2074,1,0.010663,5.182783,267.189226,5.182783,267.189226,261.615543,5.1828,266.798343,1.700000000059987e-5,-0.39088300000003073,time_since_previous_projection_seconds,cumulative_projection_time_seconds,automotive02_01
467,2026-09-30T22:16:07Z,dataset_9/uvl/automotive02_01.uvl,467,2074,1,0.010648,5.193431,267.200305,5.193431,267.200305,261.615543,5.193448,266.808991,1.699999999971169e-5,-0.3913140000000226,time_since_previous_projection_seconds,cumulative_projection_time_seconds,automotive02_01
468,2026-09-30T22:16:07Z,dataset_9/uvl/automotive02_01.uvl,468,2074,1,0.01024,5.203671,267.210962,5.203671,267.210962,261.615543,5.203688,266.819231,1.699999999971169e-5,-0.39173099999999295,time_since_previous_projection_seconds,cumulative_projection_time_seconds,automotive02_01
469,2026-09-30T22:16:07Z,dataset_9/uvl/automotive02_01.uvl,469,2074,1,0.010646,5.214317,267.222051,5.214317,267.222051,261.615543,5.214334,266.829877,1.699999999971169e-5,-0.39217400000001135,time_since_previous_projection_seconds,cumulative_projection_time_seconds,automotive02_01
470,2026-09-30T22:16:07Z,dataset_9/uvl/automotive02_01.uvl,470,2074,1,0.010611,5.224929,267.233128,5.224929,267.233128,261.615543,5.224945,266.840488,1.5999999999571912e-5,-0.3926400000000285,time_since_previous_projection_seconds,cumulative_projection_time_seconds,automotive02_01
471,2026-09-30T22:16:07Z,dataset_9/uvl/automotive02_01.uvl,471,2074,1,0.010574,5.235502,267.244137,5.235502,267.244137,261.615543,5.235519,266.851062,1.699999999971169e-5,-0.3930750000000103,time_since_previous_projection_seconds,cumulative_projection_time_seconds,automotive02_01
472,2026-09-30T22:16:07Z,dataset_9/uvl/automotive02_01.uvl,472,2074,1,0.01039,5.2458920000000004,267.254978,5.2458920000000004,267.254978,261.615543,5.245909,266.861452,1.699999999971169e-5,-0.3935260000000085,time_since_previous_projection_seconds,cumulative_projection_time_seconds,automotive02_01
473,2026-09-30T22:16:07Z,dataset_9/uvl/automotive02_01.uvl,473,2074,1,0.010868,5.25676,267.266245,5.25676,267.266245,261.615543,5.256777,266.87232,1.699999999971169e-5,-0.3939250000000243,time_since_previous_projection_seconds,cumulative_projection_time_seconds,automotive02_01
474,2026-09-30T22:16:07Z,dataset_9/uvl/automotive02_01.uvl,474,2074,1,0.010828,5.267588,267.277505,5.267588,267.277505,261.615543,5.267605,266.883148,1.699999999971169e-5,-0.3943570000000136,time_since_previous_projection_seconds,cumulative_projection_time_seconds,automotive02_01
475,2026-09-30T22:16:07Z,dataset_9/uvl/automotive02_01.uvl,475,2074,1,0.010808,5.278396,267.28876,5.278396,267.28876,261.615543,5.278413,266.893956,1.699999999971169e-5,-0.3948040000000219,time_since_previous_projection_seconds,cumulative_projection_time_seconds,automotive02_01
476,2026-09-30T22:16:07Z,dataset_9/uvl/automotive02_01.uvl,476,2074,1,0.011092,5.289488,267.300301,5.289488,267.300301,261.615543,5.289505,266.905048,1.699999999971169e-5,-0.3952529999999683,time_since_previous_projection_seconds,cumulative_projection_time_seconds,automotive02_01
477,2026-09-30T22:16:07Z,dataset_9/uvl/automotive02_01.uvl,477,2074,1,0.011045,5.300533,267.311784,5.300533,267.311784,261.615543,5.30055,266.916093,1.700000000059987e-5,-0.39569099999999935,time_since_previous_projection_seconds,cumulative_projection_time_seconds,automotive02_01
478,2026-09-30T22:16:07Z,dataset_9/uvl/automotive02_01.uvl,478,2074,1,0.011049,5.311582,267.32328,5.311582,267.32328,261.615543,5.311599,266.927142,1.700000000059987e-5,-0.39613800000000765,time_since_previous_projection_seconds,cumulative_projection_time_seconds,automotive02_01
479,2026-09-30T22:16:07Z,dataset_9/uvl/automotive02_01.uvl,479,2074,1,0.010253,5.321834,267.333985,5.321834,267.333985,261.615543,5.321852,266.937395,1.7999999999851468e-5,-0.39659000000000333,time_since_previous_projection_seconds,cumulative_projection_time_seconds,automotive02_01
480,2026-09-30T22:16:07Z,dataset_9/uvl/automotive02_01.uvl,480,2074,1,0.010394,5.332228,267.344787,5.332228,267.344787,261.615543,5.332246,266.947789,1.7999999999851468e-5,-0.3969979999999964,time_since_previous_projection_seconds,cumulative_projection_time_seconds,automotive02_01
481,2026-09-30T22:16:07Z,dataset_9/uvl/automotive02_01.uvl,481,2074,1,0.010893,5.343121,267.356112,5.343121,267.356112,261.615543,5.343139,266.958682,1.7999999999851468e-5,-0.39742999999998574,time_since_previous_projection_seconds,cumulative_projection_time_seconds,automotive02_01
482,2026-09-30T22:16:07Z,dataset_9/uvl/automotive02_01.uvl,482,2074,1,0.010347,5.353468,267.366874,5.353468,267.366874,261.615543,5.353486,266.969029,1.7999999999851468e-5,-0.397845000000018,time_since_previous_projection_seconds,cumulative_projection_time_seconds,automotive02_01
483,2026-09-30T22:16:07Z,dataset_9/uvl/automotive02_01.uvl,483,2074,1,0.011681,5.365149,267.379117,5.365149,267.379117,261.615543,5.365167,266.98071,1.7999999999851468e-5,-0.39840700000002016,time_since_previous_projection_seconds,cumulative_projection_time_seconds,automotive02_01
484,2026-09-30T22:16:07Z,dataset_9/uvl/automotive02_01.uvl,484,2074,1,0.010599,5.375748,267.390133,5.375748,267.390133,261.615543,5.375766,266.991309,1.7999999999851468e-5,-0.3988239999999905,time_since_previous_projection_seconds,cumulative_projection_time_seconds,automotive02_01
485,2026-09-30T22:16:07Z,dataset_9/uvl/automotive02_01.uvl,485,2074,1,0.010586,5.386334,267.401137,5.386334,267.401137,261.615543,5.386352,267.001895,1.7999999999851468e-5,-0.3992420000000152,time_since_previous_projection_seconds,cumulative_projection_time_seconds,automotive02_01
486,2026-09-30T22:16:07Z,dataset_9/uvl/automotive02_01.uvl,486,2074,1,0.010356,5.39669,267.411899,5.39669,267.411899,261.615543,5.396708,267.012251,1.7999999999851468e-5,-0.3996480000000133,time_since_previous_projection_seconds,cumulative_projection_time_seconds,automotive02_01
487,2026-09-30T22:16:07Z,dataset_9/uvl/automotive02_01.uvl,487,2074,1,0.010877,5.407567,267.423238,5.407567,267.423238,261.615543,5.407585,267.023128,1.7999999999851468e-5,-0.4001100000000406,time_since_previous_projection_seconds,cumulative_projection_time_seconds,automotive02_01
488,2026-09-30T22:16:07Z,dataset_9/uvl/automotive02_01.uvl,488,2074,1,0.010953,5.418521,267.434752,5.418521,267.434752,261.615543,5.418538,267.034081,1.699999999971169e-5,-0.40067099999998845,time_since_previous_projection_seconds,cumulative_projection_time_seconds,automotive02_01
489,2026-09-30T22:16:07Z,dataset_9/uvl/automotive02_01.uvl,489,2074,1,0.010426,5.428946,267.445663,5.428946,267.445663,261.615543,5.428964,267.044507,1.7999999999851468e-5,-0.4011560000000145,time_since_previous_projection_seconds,cumulative_projection_time_seconds,automotive02_01
490,2026-09-30T22:16:07Z,dataset_9/uvl/automotive02_01.uvl,490,2074,1,0.011444,5.44039,267.457704,5.44039,267.457704,261.615543,5.440408,267.055951,1.7999999999851468e-5,-0.40175299999998515,time_since_previous_projection_seconds,cumulative_projection_time_seconds,automotive02_01
491,2026-09-30T22:16:07Z,dataset_9/uvl/automotive02_01.uvl,491,2074,1,0.011413,5.451802,267.469571,5.451802,267.469571,261.615543,5.451821,267.067364,1.8999999999991246e-5,-0.4022069999999758,time_since_previous_projection_seconds,cumulative_projection_time_seconds,automotive02_01
492,2026-09-30T22:16:07Z,dataset_9/uvl/automotive02_01.uvl,492,2074,1,0.010571,5.462374,267.480665,5.462374,267.480665,261.615543,5.462392,267.077935,1.8000000000739647e-5,-0.40272999999996273,time_since_previous_projection_seconds,cumulative_projection_time_seconds,automotive02_01
493,2026-09-30T22:16:07Z,dataset_9/uvl/automotive02_01.uvl,493,2074,1,0.010367,5.47274,267.491461,5.47274,267.491461,261.615543,5.472759,267.088302,1.8999999999991246e-5,-0.4031590000000165,time_since_previous_projection_seconds,cumulative_projection_time_seconds,automotive02_01
494,2026-09-30T22:16:07Z,dataset_9/uvl/automotive02_01.uvl,494,2074,1,0.010473,5.483213,267.502396,5.483213,267.502396,261.615543,5.483232,267.098775,1.8999999999991246e-5,-0.4036209999999869,time_since_previous_projection_seconds,cumulative_projection_time_seconds,automotive02_01
495,2026-09-30T22:16:07Z,dataset_9/uvl/automotive02_01.uvl,495,2074,1,0.010504,5.493717,267.513318,5.493717,267.513318,261.615543,5.493736,267.109279,1.8999999999991246e-5,-0.4040390000000116,time_since_previous_projection_seconds,cumulative_projection_time_seconds,automotive02_01
496,2026-09-30T22:16:07Z,dataset_9/uvl/automotive02_01.uvl,496,2074,1,0.010447,5.504164,267.524176,5.504164,267.524176,261.615543,5.504183,267.119726,1.8999999999991246e-5,-0.4044499999999971,time_since_previous_projection_seconds,cumulative_projection_time_seconds,automotive02_01
497,2026-09-30T22:16:07Z,dataset_9/uvl/automotive02_01.uvl,497,2074,1,0.010692,5.514856,267.535538,5.514856,267.535538,261.615543,5.514875,267.130418,1.8999999999991246e-5,-0.40511999999995396,time_since_previous_projection_seconds,cumulative_projection_time_seconds,automotive02_01
498,2026-09-30T22:16:07Z,dataset_9/uvl/automotive02_01.uvl,498,2074,1,0.010768,5.525624,267.546757,5.525624,267.546757,261.615543,5.525643,267.141186,1.8999999999991246e-5,-0.405571000000009,time_since_previous_projection_seconds,cumulative_projection_time_seconds,automotive02_01
499,2026-09-30T22:16:07Z,dataset_9/uvl/automotive02_01.uvl,499,2074,1,0.011434,5.537058,267.55865,5.537058,267.55865,261.615543,5.537077,267.15262,1.8999999999991246e-5,-0.406029999999987,time_since_previous_projection_seconds,cumulative_projection_time_seconds,automotive02_01
500,2026-09-30T22:16:07Z,dataset_9/uvl/automotive02_01.uvl,500,2074,1,0.01099,5.548047,267.570067,5.548047,267.570067,261.615543,5.548067,267.16361,1.9999999999242846e-5,-0.40645699999998897,time_since_previous_projection_seconds,cumulative_projection_time_seconds,automotive02_01
501,2026-09-30T22:16:07Z,dataset_9/uvl/automotive02_01.uvl,501,2074,1,0.011409,5.559456,267.582028,5.559456,267.582028,261.615543,5.559476,267.175019,2.0000000000131024e-5,-0.40700899999995954,time_since_previous_projection_seconds,cumulative_projection_time_seconds,automotive02_01
502,2026-09-30T22:16:07Z,dataset_9/uvl/automotive02_01.uvl,502,2074,1,0.010903,5.570359,267.593514,5.570359,267.593514,261.615543,5.570379,267.185922,2.0000000000131024e-5,-0.4075920000000224,time_since_previous_projection_seconds,cumulative_projection_time_seconds,automotive02_01
503,2026-09-30T22:16:07Z,dataset_9/uvl/automotive02_01.uvl,503,2074,1,0.010543,5.580902,267.604495,5.580902,267.604495,261.615543,5.580922,267.196465,2.0000000000131024e-5,-0.40802999999999656,time_since_previous_projection_seconds,cumulative_projection_time_seconds,automotive02_01
504,2026-09-30T22:16:07Z,dataset_9/uvl/automotive02_01.uvl,504,2074,1,0.010304,5.591206,267.615241,5.591206,267.615241,261.615543,5.591226,267.206769,2.0000000000131024e-5,-0.4084720000000175,time_since_previous_projection_seconds,cumulative_projection_time_seconds,automotive02_01
505,2026-09-30T22:16:07Z,dataset_9/uvl/automotive02_01.uvl,505,2074,1,0.011051,5.602258,267.626718,5.602258,267.626718,261.615543,5.602277,267.21782,1.8999999999991246e-5,-0.4088979999999651,time_since_previous_projection_seconds,cumulative_projection_time_seconds,automotive02_01
506,2026-09-30T22:16:07Z,dataset_9/uvl/automotive02_01.uvl,506,2074,1,0.011549,5.613807,267.63869,5.613807,267.63869,261.615543,5.613826,267.229369,1.8999999999991246e-5,-0.4093209999999772,time_since_previous_projection_seconds,cumulative_projection_time_seconds,automotive02_01
507,2026-09-30T22:16:07Z,dataset_9/uvl/automotive02_01.uvl,507,2074,1,0.011986,5.625793,267.651114,5.625793,267.651114,261.615543,5.625812,267.241355,1.8999999999991246e-5,-0.4097590000000082,time_since_previous_projection_seconds,cumulative_projection_time_seconds,automotive02_01
508,2026-09-30T22:16:07Z,dataset_9/uvl/automotive02_01.uvl,508,2074,1,0.010265,5.636057,267.6618,5.636057,267.6618,261.615543,5.636077,267.25162,2.0000000000131024e-5,-0.4101800000000253,time_since_previous_projection_seconds,cumulative_projection_time_seconds,automotive02_01
509,2026-09-30T22:16:07Z,dataset_9/uvl/automotive02_01.uvl,509,2074,1,0.010732,5.646789,267.67296,5.646789,267.67296,261.615543,5.646809,267.262352,2.0000000000131024e-5,-0.4106079999999679,time_since_previous_projection_seconds,cumulative_projection_time_seconds,automotive02_01
510,2026-09-30T22:16:07Z,dataset_9/uvl/automotive02_01.uvl,510,2074,1,0.010647,5.657436,267.684051,5.657436,267.684051,261.615543,5.657456,267.272999,2.0000000000131024e-5,-0.41105199999998376,time_since_previous_projection_seconds,cumulative_projection_time_seconds,automotive02_01
511,2026-09-30T22:16:07Z,dataset_9/uvl/automotive02_01.uvl,511,2074,1,0.010366,5.667802,267.69483,5.667802,267.69483,261.615543,5.667822,267.283365,2.0000000000131024e-5,-0.41146500000002106,time_since_previous_projection_seconds,cumulative_projection_time_seconds,automotive02_01
512,2026-09-30T22:16:07Z,dataset_9/uvl/automotive02_01.uvl,512,2074,1,0.010464,5.678266,267.705779,5.678266,267.705779,261.615543,5.678286,267.293829,2.0000000000131024e-5,-0.41194999999999027,time_since_previous_projection_seconds,cumulative_projection_time_seconds,automotive02_01
513,2026-09-30T22:16:07Z,dataset_9/uvl/automotive02_01.uvl,513,2074,1,0.010639,5.688905,267.716822,5.688905,267.716822,261.615543,5.688925,267.304468,2.0000000000131024e-5,-0.41235399999999345,time_since_previous_projection_seconds,cumulative_projection_time_seconds,automotive02_01
514,2026-09-30T22:16:07Z,dataset_9/uvl/automotive02_01.uvl,514,2074,1,0.01041,5.699315,267.727644,5.699315,267.727644,261.615543,5.699335,267.314878,1.9999999999242846e-5,-0.41276599999997643,time_since_previous_projection_seconds,cumulative_projection_time_seconds,automotive02_01
515,2026-09-30T22:16:07Z,dataset_9/uvl/automotive02_01.uvl,515,2074,1,0.010164,5.709479,267.7382,5.709479,267.7382,261.615543,5.709499,267.325042,2.0000000000131024e-5,-0.4131580000000099,time_since_previous_projection_seconds,cumulative_projection_time_seconds,automotive02_01
516,2026-09-30T22:16:07Z,dataset_9/uvl/automotive02_01.uvl,516,2074,1,0.010515,5.719994,267.749098,5.719994,267.749098,261.615543,5.720014,267.335557,2.0000000000131024e-5,-0.41354100000000926,time_since_previous_projection_seconds,cumulative_projection_time_seconds,automotive02_01
517,2026-09-30T22:16:07Z,dataset_9/uvl/automotive02_01.uvl,517,2074,1,0.010505,5.730499,267.760013,5.730499,267.760013,261.615543,5.730519,267.346062,2.0000000000131024e-5,-0.4139509999999973,time_since_previous_projection_seconds,cumulative_projection_time_seconds,automotive02_01
518,2026-09-30T22:16:07Z,dataset_9/uvl/automotive02_01.uvl,518,2074,1,0.010291,5.74079,267.770729,5.74079,267.770729,261.615543,5.74081,267.356353,2.0000000000131024e-5,-0.4143760000000043,time_since_previous_projection_seconds,cumulative_projection_time_seconds,automotive02_01
519,2026-09-30T22:16:07Z,dataset_9/uvl/automotive02_01.uvl,519,2074,1,0.011765,5.752555,267.782902,5.752555,267.782902,261.615543,5.752575,267.368118,2.0000000000131024e-5,-0.4147839999999974,time_since_previous_projection_seconds,cumulative_projection_time_seconds,automotive02_01
520,2026-09-30T22:16:07Z,dataset_9/uvl/automotive02_01.uvl,520,2074,1,0.011002,5.763557,267.794344,5.763557,267.794344,261.615543,5.763577,267.37912,2.0000000000131024e-5,-0.41522400000002335,time_since_previous_projection_seconds,cumulative_projection_time_seconds,automotive02_01
521,2026-09-30T22:16:07Z,dataset_9/uvl/automotive02_01.uvl,521,2074,1,0.010684,5.77424,267.805449,5.77424,267.805449,261.615543,5.774261,267.389804,2.1000000000270802e-5,-0.4156449999999836,time_since_previous_projection_seconds,cumulative_projection_time_seconds,automotive02_01
522,2026-09-30T22:16:07Z,dataset_9/uvl/automotive02_01.uvl,522,2074,1,0.010255,5.784495,267.816193,5.784495,267.816193,261.615543,5.784516,267.400059,2.1000000000270802e-5,-0.41613399999999956,time_since_previous_projection_seconds,cumulative_projection_time_seconds,automotive02_01
523,2026-09-30T22:16:07Z,dataset_9/uvl/automotive02_01.uvl,523,2074,1,0.010685,5.79518,267.827268,5.79518,267.827268,261.615543,5.795201,267.410744,2.0999999999382624e-5,-0.41652399999998124,time_since_previous_projection_seconds,cumulative_projection_time_seconds,automotive02_01
524,2026-09-30T22:16:07Z,dataset_9/uvl/automotive02_01.uvl,524,2074,1,0.010724,5.805904,267.838493,5.805904,267.838493,261.615543,5.805925,267.421468,2.1000000000270802e-5,-0.41702500000002374,time_since_previous_projection_seconds,cumulative_projection_time_seconds,automotive02_01
525,2026-09-30T22:16:07Z,dataset_9/uvl/automotive02_01.uvl,525,2074,1,0.010252,5.816156,267.849159,5.816156,267.849159,261.615543,5.816177,267.43172,2.0999999999382624e-5,-0.41743900000000167,time_since_previous_projection_seconds,cumulative_projection_time_seconds,automotive02_01
526,2026-09-30T22:16:07Z,dataset_9/uvl/automotive02_01.uvl,526,2074,1,0.010852,5.827008,267.860391,5.827008,267.860391,261.615543,5.827029,267.442572,2.0999999999382624e-5,-0.4178190000000086,time_since_previous_projection_seconds,cumulative_projection_time_seconds,automotive02_01
527,2026-09-30T22:16:07Z,dataset_9/uvl/automotive02_01.uvl,527,2074,1,0.010864,5.837872,267.871699,5.837872,267.871699,261.615543,5.837893,267.453436,2.1000000000270802e-5,-0.41826299999996763,time_since_previous_projection_seconds,cumulative_projection_time_seconds,automotive02_01
528,2026-09-30T22:16:07Z,dataset_9/uvl/automotive02_01.uvl,528,2074,1,0.010278,5.84815,267.88241,5.84815,267.88241,261.615543,5.848171,267.463714,2.0999999999382624e-5,-0.4186960000000113,time_since_previous_projection_seconds,cumulative_projection_time_seconds,automotive02_01
529,2026-09-30T22:16:07Z,dataset_9/uvl/automotive02_01.uvl,529,2074,1,0.011006,5.859156,267.893803,5.859156,267.893803,261.615543,5.859177,267.47472,2.1000000000270802e-5,-0.41908300000000054,time_since_previous_projection_seconds,cumulative_projection_time_seconds,automotive02_01
530,2026-09-30T22:16:07Z,dataset_9/uvl/automotive02_01.uvl,530,2074,1,0.010455,5.869611,267.904682,5.869611,267.904682,261.615543,5.869632,267.485175,2.1000000000270802e-5,-0.4195069999999532,time_since_previous_projection_seconds,cumulative_projection_time_seconds,automotive02_01
531,2026-09-30T22:16:07Z,dataset_9/uvl/automotive02_01.uvl,531,2074,1,0.010328,5.879939,267.915415,5.879939,267.915415,261.615543,5.87996,267.495503,2.0999999999382624e-5,-0.4199120000000107,time_since_previous_projection_seconds,cumulative_projection_time_seconds,automotive02_01
532,2026-09-30T22:16:07Z,dataset_9/uvl/automotive02_01.uvl,532,2074,1,0.010293,5.890232,267.926118,5.890232,267.926118,261.615543,5.890253,267.505796,2.1000000000270802e-5,-0.42032199999999875,time_since_previous_projection_seconds,cumulative_projection_time_seconds,automotive02_01
533,2026-09-30T22:16:07Z,dataset_9/uvl/automotive02_01.uvl,533,2074,1,0.010507,5.900739,267.93702,5.900739,267.93702,261.615543,5.90076,267.516303,2.1000000000270802e-5,-0.42071700000002465,time_since_previous_projection_seconds,cumulative_projection_time_seconds,automotive02_01
534,2026-09-30T22:16:07Z,dataset_9/uvl/automotive02_01.uvl,534,2074,1,0.010464,5.911203,267.947893,5.911203,267.947893,261.615543,5.911224,267.526767,2.0999999999382624e-5,-0.4211260000000152,time_since_previous_projection_seconds,cumulative_projection_time_seconds,automotive02_01
535,2026-09-30T22:16:07Z,dataset_9/uvl/automotive02_01.uvl,535,2074,1,0.01017,5.921373,267.958448,5.921373,267.958448,261.615543,5.921394,267.536937,2.1000000000270802e-5,-0.4215109999999527,time_since_previous_projection_seconds,cumulative_projection_time_seconds,automotive02_01
536,2026-09-30T22:16:07Z,dataset_9/uvl/automotive02_01.uvl,536,2074,1,0.010747,5.93212,267.969648,5.93212,267.969648,261.615543,5.932141,267.547684,2.0999999999382624e-5,-0.42196400000000267,time_since_previous_projection_seconds,cumulative_projection_time_seconds,automotive02_01
537,2026-09-30T22:16:07Z,dataset_9/uvl/automotive02_01.uvl,537,2074,1,0.010455,5.942576,267.980562,5.942576,267.980562,261.615543,5.942596,267.558139,2.0000000000131024e-5,-0.4224230000000375,time_since_previous_projection_seconds,cumulative_projection_time_seconds,automotive02_01
538,2026-09-30T22:16:07Z,dataset_9/uvl/automotive02_01.uvl,538,2074,1,0.010264,5.95284,267.991245,5.95284,267.991245,261.615543,5.95286,267.568403,2.0000000000131024e-5,-0.4228420000000028,time_since_previous_projection_seconds,cumulative_projection_time_seconds,automotive02_01
539,2026-09-30T22:16:07Z,dataset_9/uvl/automotive02_01.uvl,539,2074,1,0.010497,5.963337,268.002187,5.963337,268.002187,261.615543,5.963357,267.5789,2.0000000000131024e-5,-0.4232870000000162,time_since_previous_projection_seconds,cumulative_projection_time_seconds,automotive02_01
540,2026-09-30T22:16:07Z,dataset_9/uvl/automotive02_01.uvl,540,2074,1,0.010469,5.973806,268.013074,5.973806,268.013074,261.615543,5.973826,267.589369,2.0000000000131024e-5,-0.42370500000004085,time_since_previous_projection_seconds,cumulative_projection_time_seconds,automotive02_01
541,2026-09-30T22:16:07Z,dataset_9/uvl/automotive02_01.uvl,541,2074,1,0.01035,5.984155,268.023817,5.984155,268.023817,261.615543,5.984176,267.599719,2.0999999999382624e-5,-0.42409800000001496,time_since_previous_projection_seconds,cumulative_projection_time_seconds,automotive02_01
542,2026-09-30T22:16:07Z,dataset_9/uvl/automotive02_01.uvl,542,2074,1,0.010608,5.994763,268.034818,5.994763,268.034818,261.615543,5.994784,267.610327,2.1000000000270802e-5,-0.42449099999998907,time_since_previous_projection_seconds,cumulative_projection_time_seconds,automotive02_01
543,2026-09-30T22:16:07Z,dataset_9/uvl/automotive02_01.uvl,543,2074,1,0.010497,6.00526,268.045779,6.00526,268.045779,261.615543,6.005281,267.620824,2.1000000000270802e-5,-0.42495499999995445,time_since_previous_projection_seconds,cumulative_projection_time_seconds,automotive02_01
544,2026-09-30T22:16:07Z,dataset_9/uvl/automotive02_01.uvl,544,2074,1,0.010563,6.015824,268.056762,6.015824,268.056762,261.615543,6.015844,267.631387,2.0000000000131024e-5,-0.4253749999999741,time_since_previous_projection_seconds,cumulative_projection_time_seconds,automotive02_01
545,2026-09-30T22:16:07Z,dataset_9/uvl/automotive02_01.uvl,545,2074,1,0.010419,6.026243,268.06765,6.026243,268.06765,261.615543,6.026263,267.641806,2.0000000000131024e-5,-0.4258440000000405,time_since_previous_projection_seconds,cumulative_projection_time_seconds,automotive02_01
546,2026-09-30T22:16:07Z,dataset_9/uvl/automotive02_01.uvl,546,2074,1,0.011113,6.037356,268.079154,6.037356,268.079154,261.615543,6.037376,267.652919,2.0000000000131024e-5,-0.4262350000000197,time_since_previous_projection_seconds,cumulative_projection_time_seconds,automotive02_01
547,2026-09-30T22:16:08Z,dataset_9/uvl/automotive02_01.uvl,547,2074,1,0.011619,6.048975,268.09122,6.048975,268.09122,261.615543,6.048995,267.664538,1.9999999999242846e-5,-0.426682000000028,time_since_previous_projection_seconds,cumulative_projection_time_seconds,automotive02_01
548,2026-09-30T22:16:08Z,dataset_9/uvl/automotive02_01.uvl,548,2074,1,0.010742,6.059717,268.102456,6.059717,268.102456,261.615543,6.059737,267.67528,2.0000000000131024e-5,-0.4271760000000313,time_since_previous_projection_seconds,cumulative_projection_time_seconds,automotive02_01
549,2026-09-30T22:16:08Z,dataset_9/uvl/automotive02_01.uvl,549,2074,1,0.010547,6.070263,268.113401,6.070263,268.113401,261.615543,6.070284,267.685827,2.1000000000270802e-5,-0.4275739999999928,time_since_previous_projection_seconds,cumulative_projection_time_seconds,automotive02_01
550,2026-09-30T22:16:08Z,dataset_9/uvl/automotive02_01.uvl,550,2074,1,0.010714,6.080978,268.124536,6.080978,268.124536,261.615543,6.080998,267.696541,2.0000000000131024e-5,-0.42799499999995305,time_since_previous_projection_seconds,cumulative_projection_time_seconds,automotive02_01
551,2026-09-30T22:16:08Z,dataset_9/uvl/automotive02_01.uvl,551,2074,1,0.011126,6.092104,268.136084,6.092104,268.136084,261.615543,6.092124,267.707667,2.0000000000131024e-5,-0.42841699999996763,time_since_previous_projection_seconds,cumulative_projection_time_seconds,automotive02_01
552,2026-09-30T22:16:08Z,dataset_9/uvl/automotive02_01.uvl,552,2074,1,0.010368,6.102472,268.146905,6.102472,268.146905,261.615543,6.102492,267.718035,2.0000000000131024e-5,-0.4288700000000176,time_since_previous_projection_seconds,cumulative_projection_time_seconds,automotive02_01
553,2026-09-30T22:16:08Z,dataset_9/uvl/automotive02_01.uvl,553,2074,1,0.011064,6.113536,268.158361,6.113536,268.158361,261.615543,6.113556,267.729099,2.0000000000131024e-5,-0.42926199999999426,time_since_previous_projection_seconds,cumulative_projection_time_seconds,automotive02_01
554,2026-09-30T22:16:08Z,dataset_9/uvl/automotive02_01.uvl,554,2074,1,0.01151,6.125046,268.170284,6.125046,268.170284,261.615543,6.125066,267.740609,2.0000000000131024e-5,-0.4296749999999747,time_since_previous_projection_seconds,cumulative_projection_time_seconds,automotive02_01
555,2026-09-30T22:16:08Z,dataset_9/uvl/automotive02_01.uvl,555,2074,1,0.01119,6.136236,268.181959,6.136236,268.181959,261.615543,6.136256,267.751799,2.0000000000131024e-5,-0.43016000000000076,time_since_previous_projection_seconds,cumulative_projection_time_seconds,automotive02_01
556,2026-09-30T22:16:08Z,dataset_9/uvl/automotive02_01.uvl,556,2074,1,0.010865,6.147101,268.193239,6.147101,268.193239,261.615543,6.147121,267.76266400000003,2.0000000000131024e-5,-0.43057499999997617,time_since_previous_projection_seconds,cumulative_projection_time_seconds,automotive02_01
557,2026-09-30T22:16:08Z,dataset_9/uvl/automotive02_01.uvl,557,2074,1,0.010552,6.157653,268.204218,6.157653,268.204218,261.615543,6.157673,267.773216,2.0000000000131024e-5,-0.43100200000003497,time_since_previous_projection_seconds,cumulative_projection_time_seconds,automotive02_01
558,2026-09-30T22:16:08Z,dataset_9/uvl/automotive02_01.uvl,558,2074,1,0.010554,6.168208,268.215184,6.168208,268.215184,261.615543,6.168227,267.78377,1.8999999999991246e-5,-0.43141400000001795,time_since_previous_projection_seconds,cumulative_projection_time_seconds,automotive02_01
559,2026-09-30T22:16:08Z,dataset_9/uvl/automotive02_01.uvl,559,2074,1,0.010177,6.178385,268.225775,6.178385,268.225775,261.615543,6.1784040000000005,267.793947,1.9000000000879425e-5,-0.4318279999999959,time_since_previous_projection_seconds,cumulative_projection_time_seconds,automotive02_01
560,2026-09-30T22:16:08Z,dataset_9/uvl/automotive02_01.uvl,560,2074,1,0.010477,6.188862,268.236652,6.188862,268.236652,261.615543,6.188881,267.804424,1.8999999999991246e-5,-0.43222800000000916,time_since_previous_projection_seconds,cumulative_projection_time_seconds,automotive02_01
561,2026-09-30T22:16:08Z,dataset_9/uvl/automotive02_01.uvl,561,2074,1,0.010442,6.199304,268.247495,6.199304,268.247495,261.615543,6.199323,267.814866,1.8999999999991246e-5,-0.4326290000000199,time_since_previous_projection_seconds,cumulative_projection_time_seconds,automotive02_01
562,2026-09-30T22:16:08Z,dataset_9/uvl/automotive02_01.uvl,562,2074,1,0.010142,6.209445,268.258073,6.209445,268.258073,261.615543,6.209465,267.825008,2.0000000000131024e-5,-0.43306499999999915,time_since_previous_projection_seconds,cumulative_projection_time_seconds,automotive02_01
563,2026-09-30T22:16:08Z,dataset_9/uvl/automotive02_01.uvl,563,2074,1,0.010692,6.220137,268.269158,6.220137,268.269158,261.615543,6.220157,267.8357,2.0000000000131024e-5,-0.4334580000000301,time_since_previous_projection_seconds,cumulative_projection_time_seconds,automotive02_01
564,2026-09-30T22:16:08Z,dataset_9/uvl/automotive02_01.uvl,564,2074,1,0.010328,6.230465,268.279891,6.230465,268.279891,261.615543,6.230485,267.846028,2.0000000000131024e-5,-0.43386300000003075,time_since_previous_projection_seconds,cumulative_projection_time_seconds,automotive02_01
565,2026-09-30T22:16:08Z,dataset_9/uvl/automotive02_01.uvl,565,2074,1,0.010368,6.240833,268.290657,6.240833,268.290657,261.615543,6.240853,267.856396,2.0000000000131024e-5,-0.43426099999999224,time_since_previous_projection_seconds,cumulative_projection_time_seconds,automotive02_01
566,2026-09-30T22:16:08Z,dataset_9/uvl/automotive02_01.uvl,566,2074,1,0.010581,6.251414,268.301629,6.251414,268.301629,261.615543,6.251434,267.866977,2.0000000000131024e-5,-0.4346519999999714,time_since_previous_projection_seconds,cumulative_projection_time_seconds,automotive02_01
567,2026-09-30T22:16:08Z,dataset_9/uvl/automotive02_01.uvl,567,2074,1,0.01045,6.261863,268.312506,6.261863,268.312506,261.615543,6.261884,267.877427,2.1000000000270802e-5,-0.43507899999997335,time_since_previous_projection_seconds,cumulative_projection_time_seconds,automotive02_01
568,2026-09-30T22:16:08Z,dataset_9/uvl/automotive02_01.uvl,568,2074,1,0.010264,6.272127,268.323198,6.272127,268.323198,261.615543,6.272148,267.887691,2.0999999999382624e-5,-0.4355069999999728,time_since_previous_projection_seconds,cumulative_projection_time_seconds,automotive02_01
569,2026-09-30T22:16:08Z,dataset_9/uvl/automotive02_01.uvl,569,2074,1,0.010917,6.283044,268.334507,6.283044,268.334507,261.615543,6.283065,267.898608,2.0999999999382624e-5,-0.4358989999999494,time_since_previous_projection_seconds,cumulative_projection_time_seconds,automotive02_01
570,2026-09-30T22:16:08Z,dataset_9/uvl/automotive02_01.uvl,570,2074,1,0.010994,6.294038,268.345921,6.294038,268.345921,261.615543,6.294059,267.909602,2.1000000000270802e-5,-0.43631899999996904,time_since_previous_projection_seconds,cumulative_projection_time_seconds,automotive02_01
571,2026-09-30T22:16:08Z,dataset_9/uvl/automotive02_01.uvl,571,2074,1,0.010477,6.304515,268.356804,6.304515,268.356804,261.615543,6.304536,267.920079,2.0999999999382624e-5,-0.436725000000024,time_since_previous_projection_seconds,cumulative_projection_time_seconds,automotive02_01
572,2026-09-30T22:16:08Z,dataset_9/uvl/automotive02_01.uvl,572,2074,1,0.010355,6.31487,268.367564,6.31487,268.367564,261.615543,6.314891,267.930434,2.1000000000270802e-5,-0.43713000000002467,time_since_previous_projection_seconds,cumulative_projection_time_seconds,automotive02_01
573,2026-09-30T22:16:08Z,dataset_9/uvl/automotive02_01.uvl,573,2074,1,0.010952,6.325822,268.378914,6.325822,268.378914,261.615543,6.325843,267.941386,2.1000000000270802e-5,-0.43752799999998615,time_since_previous_projection_seconds,cumulative_projection_time_seconds,automotive02_01
574,2026-09-30T22:16:08Z,dataset_9/uvl/automotive02_01.uvl,574,2074,1,0.01054,6.336362,268.389881,6.336362,268.389881,261.615543,6.336383,267.951926,2.0999999999382624e-5,-0.4379549999999881,time_since_previous_projection_seconds,cumulative_projection_time_seconds,automotive02_01
575,2026-09-30T22:16:08Z,dataset_9/uvl/automotive02_01.uvl,575,2074,1,0.010348,6.34671,268.400649,6.34671,268.400649,261.615543,6.346731,267.962274,2.1000000000270802e-5,-0.43837500000000773,time_since_previous_projection_seconds,cumulative_projection_time_seconds,automotive02_01
576,2026-09-30T22:16:08Z,dataset_9/uvl/automotive02_01.uvl,576,2074,1,0.010705,6.357415,268.411732,6.357415,268.411732,261.615543,6.357436,267.972979,2.1000000000270802e-5,-0.43875299999996287,time_since_previous_projection_seconds,cumulative_projection_time_seconds,automotive02_01
577,2026-09-30T22:16:08Z,dataset_9/uvl/automotive02_01.uvl,577,2074,1,0.011658,6.369073,268.423826,6.369073,268.423826,261.615543,6.369094,267.984637,2.0999999999382624e-5,-0.43918899999999894,time_since_previous_projection_seconds,cumulative_projection_time_seconds,automotive02_01
578,2026-09-30T22:16:08Z,dataset_9/uvl/automotive02_01.uvl,578,2074,1,0.010028,6.379101,268.434283,6.379101,268.434283,261.615543,6.379122,267.994665,2.0999999999382624e-5,-0.43961799999999585,time_since_previous_projection_seconds,cumulative_projection_time_seconds,automotive02_01
579,2026-09-30T22:16:08Z,dataset_9/uvl/automotive02_01.uvl,579,2074,1,0.010679,6.38978,268.445352,6.38978,268.445352,261.615543,6.389801,268.005344,2.1000000000270802e-5,-0.44000800000003437,time_since_previous_projection_seconds,cumulative_projection_time_seconds,automotive02_01
580,2026-09-30T22:16:08Z,dataset_9/uvl/automotive02_01.uvl,580,2074,1,0.010652,6.400432,268.456448,6.400432,268.456448,261.615543,6.400453,268.01599600000003,2.0999999999382624e-5,-0.4404519999999934,time_since_previous_projection_seconds,cumulative_projection_time_seconds,automotive02_01
581,2026-09-30T22:16:08Z,dataset_9/uvl/automotive02_01.uvl,581,2074,1,0.010376,6.410807,268.467279,6.410807,268.467279,261.615543,6.410829,268.026372,2.19999999995224e-5,-0.44090700000003835,time_since_previous_projection_seconds,cumulative_projection_time_seconds,automotive02_01
582,2026-09-30T22:16:08Z,dataset_9/uvl/automotive02_01.uvl,582,2074,1,0.010519,6.421326,268.478384,6.421326,268.478384,261.615543,6.421348,268.036891,2.200000000041058e-5,-0.44149299999997993,time_since_previous_projection_seconds,cumulative_projection_time_seconds,automotive02_01
583,2026-09-30T22:16:08Z,dataset_9/uvl/automotive02_01.uvl,583,2074,1,0.010607,6.431933,268.489395,6.431933,268.489395,261.615543,6.431955,268.047498,2.200000000041058e-5,-0.4418969999999831,time_since_previous_projection_seconds,cumulative_projection_time_seconds,automotive02_01
584,2026-09-30T22:16:08Z,dataset_9/uvl/automotive02_01.uvl,584,2074,1,0.011768,6.443701,268.501622,6.443701,268.501622,261.615543,6.443723,268.059266,2.200000000041058e-5,-0.44235600000001796,time_since_previous_projection_seconds,cumulative_projection_time_seconds,automotive02_01
585,2026-09-30T22:16:08Z,dataset_9/uvl/automotive02_01.uvl,585,2074,1,0.010351,6.454053,268.512403,6.454053,268.512403,261.615543,6.454074,268.069617,2.1000000000270802e-5,-0.44278600000001234,time_since_previous_projection_seconds,cumulative_projection_time_seconds,automotive02_01
586,2026-09-30T22:16:08Z,dataset_9/uvl/automotive02_01.uvl,586,2074,1,0.010823,6.464876,268.523622,6.464876,268.523622,261.615543,6.464897,268.08044,2.0999999999382624e-5,-0.44318199999997887,time_since_previous_projection_seconds,cumulative_projection_time_seconds,automotive02_01
587,2026-09-30T22:16:08Z,dataset_9/uvl/automotive02_01.uvl,587,2074,1,0.010383999999999999,6.47526,268.534427,6.47526,268.534427,261.615543,6.475281,268.090824,2.1000000000270802e-5,-0.443602999999996,time_since_previous_projection_seconds,cumulative_projection_time_seconds,automotive02_01
588,2026-09-30T22:16:08Z,dataset_9/uvl/automotive02_01.uvl,588,2074,1,0.010382,6.485642,268.5452,6.485642,268.5452,261.615543,6.485663,268.101206,2.0999999999382624e-5,-0.443994000000032,time_since_previous_projection_seconds,cumulative_projection_time_seconds,automotive02_01
589,2026-09-30T22:16:08Z,dataset_9/uvl/automotive02_01.uvl,589,2074,1,0.010323,6.495965,268.555926,6.495965,268.555926,261.615543,6.495986,268.111529,2.1000000000270802e-5,-0.44439699999998084,time_since_previous_projection_seconds,cumulative_projection_time_seconds,automotive02_01
590,2026-09-30T22:16:08Z,dataset_9/uvl/automotive02_01.uvl,590,2074,1,0.010614,6.506579,268.56693,6.506579,268.56693,261.615543,6.5066,268.122143,2.0999999999382624e-5,-0.44478700000001936,time_since_previous_projection_seconds,cumulative_projection_time_seconds,automotive02_01
591,2026-09-30T22:16:08Z,dataset_9/uvl/automotive02_01.uvl,591,2074,1,0.01066,6.517239,268.578118,6.517239,268.578118,261.615543,6.51726,268.132803,2.1000000000270802e-5,-0.4453149999999937,time_since_previous_projection_seconds,cumulative_projection_time_seconds,automotive02_01
592,2026-09-30T22:16:08Z,dataset_9/uvl/automotive02_01.uvl,592,2074,1,0.010267,6.527506,268.588813,6.527506,268.588813,261.615543,6.527527,268.14307,2.1000000000270802e-5,-0.4457429999999931,time_since_previous_projection_seconds,cumulative_projection_time_seconds,automotive02_01
593,2026-09-30T22:16:08Z,dataset_9/uvl/automotive02_01.uvl,593,2074,1,0.010328,6.537834,268.599531,6.537834,268.599531,261.615543,6.537855,268.153398,2.1000000000270802e-5,-0.44613300000003164,time_since_previous_projection_seconds,cumulative_projection_time_seconds,automotive02_01
594,2026-09-30T22:16:08Z,dataset_9/uvl/automotive02_01.uvl,594,2074,1,0.010511,6.548345,268.610454,6.548345,268.610454,261.615543,6.548366,268.163909,2.0999999999382624e-5,-0.4465450000000146,time_since_previous_projection_seconds,cumulative_projection_time_seconds,automotive02_01
595,2026-09-30T22:16:08Z,dataset_9/uvl/automotive02_01.uvl,595,2074,1,0.010241,6.558586,268.621117,6.558586,268.621117,261.615543,6.558607,268.17415,2.1000000000270802e-5,-0.4469670000000292,time_since_previous_projection_seconds,cumulative_projection_time_seconds,automotive02_01
596,2026-09-30T22:16:08Z,dataset_9/uvl/automotive02_01.uvl,596,2074,1,0.010492,6.569078,268.632004,6.569078,268.632004,261.615543,6.569099,268.184642,2.0999999999382624e-5,-0.44736199999999826,time_since_previous_projection_seconds,cumulative_projection_time_seconds,automotive02_01
597,2026-09-30T22:16:08Z,dataset_9/uvl/automotive02_01.uvl,597,2074,1,0.010414,6.579492,268.642822,6.579492,268.642822,261.615543,6.579513,268.195056,2.1000000000270802e-5,-0.44776600000000144,time_since_previous_projection_seconds,cumulative_projection_time_seconds,automotive02_01
598,2026-09-30T22:16:08Z,dataset_9/uvl/automotive02_01.uvl,598,2074,1,0.010925,6.590417,268.654144,6.590417,268.654144,261.615543,6.590438,268.205981,2.0999999999382624e-5,-0.44816299999996545,time_since_previous_projection_seconds,cumulative_projection_time_seconds,automotive02_01
599,2026-09-30T22:16:08Z,dataset_9/uvl/automotive02_01.uvl,599,2074,1,0.010184,6.600601,268.664751,6.600601,268.664751,261.615543,6.600622,268.216165,2.1000000000270802e-5,-0.44858600000003435,time_since_previous_projection_seconds,cumulative_projection_time_seconds,automotive02_01
600,2026-09-30T22:16:08Z,dataset_9/uvl/automotive02_01.uvl,600,2074,1,0.010975,6.611576,268.676158,6.611576,268.676158,261.615543,6.611597,268.22714,2.0999999999382624e-5,-0.44901799999996683,time_since_previous_projection_seconds,cumulative_projection_time_seconds,automotive02_01
601,2026-09-30T22:16:08Z,dataset_9/uvl/automotive02_01.uvl,601,2074,1,0.010608,6.622185,268.687253,6.622185,268.687253,261.615543,6.622205,268.237748,2.0000000000131024e-5,-0.44950499999998783,time_since_previous_projection_seconds,cumulative_projection_time_seconds,automotive02_01
602,2026-09-30T22:16:08Z,dataset_9/uvl/automotive02_01.uvl,602,2074,1,0.010326,6.632511,268.698033,6.632511,268.698033,261.615543,6.632531,268.248074,2.0000000000131024e-5,-0.4499590000000353,time_since_previous_projection_seconds,cumulative_projection_time_seconds,automotive02_01
603,2026-09-30T22:16:08Z,dataset_9/uvl/automotive02_01.uvl,603,2074,1,0.010586,6.643096,268.708997,6.643096,268.708997,261.615543,6.643117,268.25866,2.1000000000270802e-5,-0.45033699999999044,time_since_previous_projection_seconds,cumulative_projection_time_seconds,automotive02_01
604,2026-09-30T22:16:08Z,dataset_9/uvl/automotive02_01.uvl,604,2074,1,0.010643,6.653739,268.72007,6.653739,268.72007,261.615543,6.65376,268.269303,2.1000000000270802e-5,-0.45076700000004166,time_since_previous_projection_seconds,cumulative_projection_time_seconds,automotive02_01
605,2026-09-30T22:16:08Z,dataset_9/uvl/automotive02_01.uvl,605,2074,1,0.010229,6.663968,268.730722,6.663968,268.730722,261.615543,6.663989,268.279532,2.1000000000270802e-5,-0.45118999999999687,time_since_previous_projection_seconds,cumulative_projection_time_seconds,automotive02_01
606,2026-09-30T22:16:08Z,dataset_9/uvl/automotive02_01.uvl,606,2074,1,0.010863,6.674831,268.741962,6.674831,268.741962,261.615543,6.6748520000000005,268.290395,2.1000000000270802e-5,-0.4515670000000114,time_since_previous_projection_seconds,cumulative_projection_time_seconds,automotive02_01
607,2026-09-30T22:16:08Z,dataset_9/uvl/automotive02_01.uvl,607,2074,1,0.010562,6.685393,268.752935,6.685393,268.752935,261.615543,6.685414,268.300957,2.0999999999382624e-5,-0.4519779999999969,time_since_previous_projection_seconds,cumulative_projection_time_seconds,automotive02_01
608,2026-09-30T22:16:08Z,dataset_9/uvl/automotive02_01.uvl,608,2074,1,0.010877,6.696269,268.7643,6.696269,268.7643,261.615543,6.696291,268.311834,2.200000000041058e-5,-0.45246600000001536,time_since_previous_projection_seconds,cumulative_projection_time_seconds,automotive02_01
609,2026-09-30T22:16:08Z,dataset_9/uvl/automotive02_01.uvl,609,2074,1,0.010437,6.706706,268.775237,6.706706,268.775237,261.615543,6.706728,268.322271,2.200000000041058e-5,-0.45296600000000353,time_since_previous_projection_seconds,cumulative_projection_time_seconds,automotive02_01
610,2026-09-30T22:16:08Z,dataset_9/uvl/automotive02_01.uvl,610,2074,1,0.010835,6.717541,268.78649,6.717541,268.78649,261.615543,6.717563,268.333106,2.200000000041058e-5,-0.4533840000000282,time_since_previous_projection_seconds,cumulative_projection_time_seconds,automotive02_01
611,2026-09-30T22:16:08Z,dataset_9/uvl/automotive02_01.uvl,611,2074,1,0.010387,6.727928,268.797294,6.727928,268.797294,261.615543,6.72795,268.343493,2.19999999995224e-5,-0.45380099999999857,time_since_previous_projection_seconds,cumulative_projection_time_seconds,automotive02_01
612,2026-09-30T22:16:08Z,dataset_9/uvl/automotive02_01.uvl,612,2074,1,0.010359,6.738286,268.80803,6.738286,268.80803,261.615543,6.738309,268.353852,2.299999999966218e-5,-0.45417799999995623,time_since_previous_projection_seconds,cumulative_projection_time_seconds,automotive02_01
613,2026-09-30T22:16:08Z,dataset_9/uvl/automotive02_01.uvl,613,2074,1,0.010523,6.748809,268.818952,6.748809,268.818952,261.615543,6.748832,268.364375,2.3000000000550358e-5,-0.4545770000000289,time_since_previous_projection_seconds,cumulative_projection_time_seconds,automotive02_01
614,2026-09-30T22:16:08Z,dataset_9/uvl/automotive02_01.uvl,614,2074,1,0.010755,6.759564,268.830118,6.759564,268.830118,261.615543,6.759587,268.37513,2.299999999966218e-5,-0.4549880000000144,time_since_previous_projection_seconds,cumulative_projection_time_seconds,automotive02_01
615,2026-09-30T22:16:08Z,dataset_9/uvl/automotive02_01.uvl,615,2074,1,0.010376,6.769939,268.840904,6.769939,268.840904,261.615543,6.769963,268.385506,2.3999999999801958e-5,-0.4553980000000024,time_since_previous_projection_seconds,cumulative_projection_time_seconds,automotive02_01
616,2026-09-30T22:16:08Z,dataset_9/uvl/automotive02_01.uvl,616,2074,1,0.01089,6.780829,268.852242,6.780829,268.852242,261.615543,6.780853,268.396396,2.3999999999801958e-5,-0.4558460000000082,time_since_previous_projection_seconds,cumulative_projection_time_seconds,automotive02_01
617,2026-09-30T22:16:08Z,dataset_9/uvl/automotive02_01.uvl,617,2074,1,0.010888,6.791717,268.863592,6.791717,268.863592,261.615543,6.791741,268.407284,2.3999999999801958e-5,-0.4563079999999786,time_since_previous_projection_seconds,cumulative_projection_time_seconds,automotive02_01
618,2026-09-30T22:16:08Z,dataset_9/uvl/automotive02_01.uvl,618,2074,1,0.010834,6.80255,268.874894,6.80255,268.874894,261.615543,6.802575,268.418118,2.4999999999941735e-5,-0.45677599999999074,time_since_previous_projection_seconds,cumulative_projection_time_seconds,automotive02_01
619,2026-09-30T22:16:08Z,dataset_9/uvl/automotive02_01.uvl,619,2074,1,0.011193,6.813743,268.886565,6.813743,268.886565,261.615543,6.813768,268.429311,2.4999999999941735e-5,-0.45725400000003447,time_since_previous_projection_seconds,cumulative_projection_time_seconds,automotive02_01
620,2026-09-30T22:16:08Z,dataset_9/uvl/automotive02_01.uvl,620,2074,1,0.011084,6.824827,268.898077,6.824827,268.898077,261.615543,6.824852,268.440395,2.4999999999941735e-5,-0.45768199999997705,time_since_previous_projection_seconds,cumulative_projection_time_seconds,automotive02_01
621,2026-09-30T22:16:08Z,dataset_9/uvl/automotive02_01.uvl,621,2074,1,0.010572,6.835399,268.909066,6.835399,268.909066,261.615543,6.835424,268.450967,2.4999999999941735e-5,-0.45809900000000425,time_since_previous_projection_seconds,cumulative_projection_time_seconds,automotive02_01
622,2026-09-30T22:16:08Z,dataset_9/uvl/automotive02_01.uvl,622,2074,1,0.010705,6.846105,268.920188,6.846105,268.920188,261.615543,6.846129,268.461672,2.4000000000690136e-5,-0.4585159999999746,time_since_previous_projection_seconds,cumulative_projection_time_seconds,automotive02_01
623,2026-09-30T22:16:08Z,dataset_9/uvl/automotive02_01.uvl,623,2074,1,0.01085,6.856955,268.931448,6.856955,268.931448,261.615543,6.856979,268.472522,2.3999999999801958e-5,-0.45892599999996264,time_since_previous_projection_seconds,cumulative_projection_time_seconds,automotive02_01
624,2026-09-30T22:16:08Z,dataset_9/uvl/automotive02_01.uvl,624,2074,1,0.011195,6.86815,268.943031,6.86815,268.943031,261.615543,6.868174,268.483717,2.3999999999801958e-5,-0.4593140000000062,time_since_previous_projection_seconds,cumulative_projection_time_seconds,automotive02_01
625,2026-09-30T22:16:08Z,dataset_9/uvl/automotive02_01.uvl,625,2074,1,0.011932,6.880082,268.955379,6.880082,268.955379,261.615543,6.880106,268.495649,2.3999999999801958e-5,-0.4597299999999791,time_since_previous_projection_seconds,cumulative_projection_time_seconds,automotive02_01
626,2026-09-30T22:16:08Z,dataset_9/uvl/automotive02_01.uvl,626,2074,1,0.01086,6.890942,268.966673,6.890942,268.966673,261.615543,6.890966,268.506509,2.3999999999801958e-5,-0.4601640000000202,time_since_previous_projection_seconds,cumulative_projection_time_seconds,automotive02_01
627,2026-09-30T22:16:08Z,dataset_9/uvl/automotive02_01.uvl,627,2074,1,0.011213,6.902154,268.978353,6.902154,268.978353,261.615543,6.902179,268.517722,2.4999999999941735e-5,-0.4606310000000349,time_since_previous_projection_seconds,cumulative_projection_time_seconds,automotive02_01
628,2026-09-30T22:16:08Z,dataset_9/uvl/automotive02_01.uvl,628,2074,1,0.010938,6.913092,268.989676,6.913092,268.989676,261.615543,6.913117,268.52866,2.4999999999941735e-5,-0.46101599999997234,time_since_previous_projection_seconds,cumulative_projection_time_seconds,automotive02_01
629,2026-09-30T22:16:08Z,dataset_9/uvl/automotive02_01.uvl,629,2074,1,0.010503,6.923595,269.000587,6.923595,269.000587,261.615543,6.92362,268.53916300000003,2.4999999999941735e-5,-0.4614239999999654,time_since_previous_projection_seconds,cumulative_projection_time_seconds,automotive02_01
630,2026-09-30T22:16:08Z,dataset_9/uvl/automotive02_01.uvl,630,2074,1,0.01228,6.935875,269.013319,6.935875,269.013319,261.615543,6.9359,268.551443,2.4999999999941735e-5,-0.46187600000001794,time_since_previous_projection_seconds,cumulative_projection_time_seconds,automotive02_01
631,2026-09-30T22:16:08Z,dataset_9/uvl/automotive02_01.uvl,631,2074,1,0.010319,6.946194,269.024227,6.946194,269.024227,261.615543,6.946219,268.561762,2.4999999999941735e-5,-0.4624650000000088,time_since_previous_projection_seconds,cumulative_projection_time_seconds,automotive02_01
632,2026-09-30T22:16:08Z,dataset_9/uvl/automotive02_01.uvl,632,2074,1,0.010649,6.956844,269.035358,6.956844,269.035358,261.615543,6.956868,268.572411,2.3999999999801958e-5,-0.46294699999998556,time_since_previous_projection_seconds,cumulative_projection_time_seconds,automotive02_01
633,2026-09-30T22:16:08Z,dataset_9/uvl/automotive02_01.uvl,633,2074,1,0.010482,6.967326,269.04624,6.967326,269.04624,261.615543,6.96735,268.582893,2.3999999999801958e-5,-0.46334699999999884,time_since_previous_projection_seconds,cumulative_projection_time_seconds,automotive02_01
634,2026-09-30T22:16:08Z,dataset_9/uvl/automotive02_01.uvl,634,2074,1,0.010648,6.977974,269.057277,6.977974,269.057277,261.615543,6.977998,268.593541,2.4000000000690136e-5,-0.46373599999998305,time_since_previous_projection_seconds,cumulative_projection_time_seconds,automotive02_01
635,2026-09-30T22:16:08Z,dataset_9/uvl/automotive02_01.uvl,635,2074,1,0.010755,6.988729,269.068423,6.988729,269.068423,261.615543,6.988753,268.604296,2.3999999999801958e-5,-0.46412700000001905,time_since_previous_projection_seconds,cumulative_projection_time_seconds,automotive02_01
636,2026-09-30T22:16:08Z,dataset_9/uvl/automotive02_01.uvl,636,2074,1,0.010406,6.999135,269.07926,6.999135,269.07926,261.615543,6.999159,268.614702,2.3999999999801958e-5,-0.46455799999995406,time_since_previous_projection_seconds,cumulative_projection_time_seconds,automotive02_01
637,2026-09-30T22:16:09Z,dataset_9/uvl/automotive02_01.uvl,637,2074,1,0.010855,7.00999,269.090513,7.00999,269.090513,261.615543,7.010014,268.625557,2.3999999999801958e-5,-0.4649559999999724,time_since_previous_projection_seconds,cumulative_projection_time_seconds,automotive02_01
638,2026-09-30T22:16:09Z,dataset_9/uvl/automotive02_01.uvl,638,2074,1,0.012019,7.022009,269.102894,7.022009,269.102894,261.615543,7.022033,268.637576,2.4000000000690136e-5,-0.4653179999999679,time_since_previous_projection_seconds,cumulative_projection_time_seconds,automotive02_01
639,2026-09-30T22:16:09Z,dataset_9/uvl/automotive02_01.uvl,639,2074,1,0.010348,7.032357,269.113638,7.032357,269.113638,261.615543,7.032381,268.647924,2.3999999999801958e-5,-0.4657139999999913,time_since_previous_projection_seconds,cumulative_projection_time_seconds,automotive02_01
640,2026-09-30T22:16:09Z,dataset_9/uvl/automotive02_01.uvl,640,2074,1,0.010936,7.043293,269.124985,7.043293,269.124985,261.615543,7.043317,268.65886,2.3999999999801958e-5,-0.4661249999999768,time_since_previous_projection_seconds,cumulative_projection_time_seconds,automotive02_01
641,2026-09-30T22:16:09Z,dataset_9/uvl/automotive02_01.uvl,641,2074,1,0.010356,7.053648,269.135723,7.053648,269.135723,261.615543,7.053673,268.669216,2.4999999999941735e-5,-0.4665069999999787,time_since_previous_projection_seconds,cumulative_projection_time_seconds,automotive02_01
642,2026-09-30T22:16:09Z,dataset_9/uvl/automotive02_01.uvl,642,2074,1,0.010761,7.06441,269.146847,7.06441,269.146847,261.615543,7.064434,268.679977,2.4000000000690136e-5,-0.4668699999999717,time_since_previous_projection_seconds,cumulative_projection_time_seconds,automotive02_01
643,2026-09-30T22:16:09Z,dataset_9/uvl/automotive02_01.uvl,643,2074,1,0.01059,7.075,269.15781,7.075,269.15781,261.615543,7.075024,268.690567,2.3999999999801958e-5,-0.4672429999999963,time_since_previous_projection_seconds,cumulative_projection_time_seconds,automotive02_01
644,2026-09-30T22:16:09Z,dataset_9/uvl/automotive02_01.uvl,644,2074,1,0.011308,7.086308,269.169504,7.086308,269.169504,261.615543,7.086332,268.70187500000003,2.3999999999801958e-5,-0.4676289999999881,time_since_previous_projection_seconds,cumulative_projection_time_seconds,automotive02_01
645,2026-09-30T22:16:09Z,dataset_9/uvl/automotive02_01.uvl,645,2074,1,0.010917,7.097225,269.180948,7.097225,269.180948,261.615543,7.097249,268.712792,2.3999999999801958e-5,-0.4681560000000218,time_since_previous_projection_seconds,cumulative_projection_time_seconds,automotive02_01
646,2026-09-30T22:16:09Z,dataset_9/uvl/automotive02_01.uvl,646,2074,1,0.010505,7.10773,269.191854,7.10773,269.191854,261.615543,7.107754,268.723297,2.3999999999801958e-5,-0.4685569999999757,time_since_previous_projection_seconds,cumulative_projection_time_seconds,automotive02_01
647,2026-09-30T22:16:09Z,dataset_9/uvl/automotive02_01.uvl,647,2074,1,0.010418,7.118148,269.20268,7.118148,269.20268,261.615543,7.118172,268.733715,2.4000000000690136e-5,-0.46896499999996877,time_since_previous_projection_seconds,cumulative_projection_time_seconds,automotive02_01
648,2026-09-30T22:16:09Z,dataset_9/uvl/automotive02_01.uvl,648,2074,1,0.010243,7.128391,269.21333,7.128391,269.21333,261.615543,7.128415,268.743958,2.4000000000690136e-5,-0.4693719999999644,time_since_previous_projection_seconds,cumulative_projection_time_seconds,automotive02_01
649,2026-09-30T22:16:09Z,dataset_9/uvl/automotive02_01.uvl,649,2074,1,0.010642,7.139033,269.224323,7.139033,269.224323,261.615543,7.139057,268.7546,2.3999999999801958e-5,-0.4697230000000445,time_since_previous_projection_seconds,cumulative_projection_time_seconds,automotive02_01
650,2026-09-30T22:16:09Z,dataset_9/uvl/automotive02_01.uvl,650,2074,1,0.010575,7.149608,269.235309,7.149608,269.235309,261.615543,7.149632,268.765175,2.4000000000690136e-5,-0.4701339999999732,time_since_previous_projection_seconds,cumulative_projection_time_seconds,automotive02_01
651,2026-09-30T22:16:09Z,dataset_9/uvl/automotive02_01.uvl,651,2074,1,0.010325,7.159933,269.246051,7.159933,269.246051,261.615543,7.159957,268.7755,2.4000000000690136e-5,-0.4705510000000004,time_since_previous_projection_seconds,cumulative_projection_time_seconds,automotive02_01
652,2026-09-30T22:16:09Z,dataset_9/uvl/automotive02_01.uvl,652,2074,1,0.010639,7.170572,269.257052,7.170572,269.257052,261.615543,7.170596,268.786139,2.3999999999801958e-5,-0.4709129999999959,time_since_previous_projection_seconds,cumulative_projection_time_seconds,automotive02_01
653,2026-09-30T22:16:09Z,dataset_9/uvl/automotive02_01.uvl,653,2074,1,0.010739,7.181311,269.268176,7.181311,269.268176,261.615543,7.181335,268.796878,2.3999999999801958e-5,-0.4712979999999902,time_since_previous_projection_seconds,cumulative_projection_time_seconds,automotive02_01
654,2026-09-30T22:16:09Z,dataset_9/uvl/automotive02_01.uvl,654,2074,1,0.010415,7.191725,269.278991,7.191725,269.278991,261.615543,7.19175,268.807293,2.4999999999941735e-5,-0.4716980000000035,time_since_previous_projection_seconds,cumulative_projection_time_seconds,automotive02_01
655,2026-09-30T22:16:09Z,dataset_9/uvl/automotive02_01.uvl,655,2074,1,0.010344,7.202069,269.289847,7.202069,269.289847,261.615543,7.202094,268.817637,2.4999999999941735e-5,-0.4722100000000182,time_since_previous_projection_seconds,cumulative_projection_time_seconds,automotive02_01
656,2026-09-30T22:16:09Z,dataset_9/uvl/automotive02_01.uvl,656,2074,1,0.010533,7.212602,269.300752,7.212602,269.300752,261.615543,7.212627,268.82817,2.4999999999941735e-5,-0.4725819999999885,time_since_previous_projection_seconds,cumulative_projection_time_seconds,automotive02_01
657,2026-09-30T22:16:09Z,dataset_9/uvl/automotive02_01.uvl,657,2074,1,0.010638,7.22324,269.3118,7.22324,269.3118,261.615543,7.223265,268.83880800000003,2.4999999999941735e-5,-0.47299199999997654,time_since_previous_projection_seconds,cumulative_projection_time_seconds,automotive02_01
658,2026-09-30T22:16:09Z,dataset_9/uvl/automotive02_01.uvl,658,2074,1,0.010031,7.233271,269.322246,7.233271,269.322246,261.615543,7.233296,268.848839,2.4999999999941735e-5,-0.4734070000000088,time_since_previous_projection_seconds,cumulative_projection_time_seconds,automotive02_01
659,2026-09-30T22:16:09Z,dataset_9/uvl/automotive02_01.uvl,659,2074,1,0.012384,7.245655,269.334986,7.245655,269.334986,261.615543,7.24568,268.861223,2.4999999999941735e-5,-0.4737630000000195,time_since_previous_projection_seconds,cumulative_projection_time_seconds,automotive02_01
660,2026-09-30T22:16:09Z,dataset_9/uvl/automotive02_01.uvl,660,2074,1,0.012612,7.258267,269.347984,7.258267,269.347984,261.615543,7.258292,268.873835,2.4999999999941735e-5,-0.47414900000001126,time_since_previous_projection_seconds,cumulative_projection_time_seconds,automotive02_01
661,2026-09-30T22:16:09Z,dataset_9/uvl/automotive02_01.uvl,661,2074,1,0.011042,7.26931,269.359492,7.26931,269.359492,261.615543,7.269334,268.884877,2.3999999999801958e-5,-0.4746149999999716,time_since_previous_projection_seconds,cumulative_projection_time_seconds,automotive02_01
662,2026-09-30T22:16:09Z,dataset_9/uvl/automotive02_01.uvl,662,2074,1,0.011081,7.280391,269.370982,7.280391,269.370982,261.615543,7.280415,268.895958,2.3999999999801958e-5,-0.475024000000019,time_since_previous_projection_seconds,cumulative_projection_time_seconds,automotive02_01
663,2026-09-30T22:16:09Z,dataset_9/uvl/automotive02_01.uvl,663,2074,1,0.011058,7.291448,269.382416,7.291448,269.382416,261.615543,7.291473,268.907016,2.4999999999941735e-5,-0.4753999999999792,time_since_previous_projection_seconds,cumulative_projection_time_seconds,automotive02_01
664,2026-09-30T22:16:09Z,dataset_9/uvl/automotive02_01.uvl,664,2074,1,0.011214,7.302662,269.394063,7.302662,269.394063,261.615543,7.302687,268.91823,2.4999999999941735e-5,-0.4758330000000228,time_since_previous_projection_seconds,cumulative_projection_time_seconds,automotive02_01
665,2026-09-30T22:16:09Z,dataset_9/uvl/automotive02_01.uvl,665,2074,1,0.010843,7.313505,269.405303,7.313505,269.405303,261.615543,7.31353,268.929073,2.4999999999941735e-5,-0.47622999999998683,time_since_previous_projection_seconds,cumulative_projection_time_seconds,automotive02_01
666,2026-09-30T22:16:09Z,dataset_9/uvl/automotive02_01.uvl,666,2074,1,0.010347,7.323852,269.416033,7.323852,269.416033,261.615543,7.323877,268.93942,2.5000000000829914e-5,-0.47661300000004303,time_since_previous_projection_seconds,cumulative_projection_time_seconds,automotive02_01
667,2026-09-30T22:16:09Z,dataset_9/uvl/automotive02_01.uvl,667,2074,1,0.01084,7.334691,269.427216,7.334691,269.427216,261.615543,7.334717,268.95026,2.6000000000081513e-5,-0.47695599999997285,time_since_previous_projection_seconds,cumulative_projection_time_seconds,automotive02_01
668,2026-09-30T22:16:09Z,dataset_9/uvl/automotive02_01.uvl,668,2074,1,0.010731,7.345422,269.438353,7.345422,269.438353,261.615543,7.345448,268.960991,2.6000000000081513e-5,-0.4773620000000278,time_since_previous_projection_seconds,cumulative_projection_time_seconds,automotive02_01
669,2026-09-30T22:16:09Z,dataset_9/uvl/automotive02_01.uvl,669,2074,1,0.010315,7.355737,269.449058,7.355737,269.449058,261.615543,7.355763,268.971306,2.5999999999193335e-5,-0.47775199999995266,time_since_previous_projection_seconds,cumulative_projection_time_seconds,automotive02_01
670,2026-09-30T22:16:09Z,dataset_9/uvl/automotive02_01.uvl,670,2074,1,0.010658,7.366395,269.460066,7.366395,269.460066,261.615543,7.366421,268.981964,2.6000000000081513e-5,-0.4781019999999785,time_since_previous_projection_seconds,cumulative_projection_time_seconds,automotive02_01
671,2026-09-30T22:16:09Z,dataset_9/uvl/automotive02_01.uvl,671,2074,1,0.011109,7.377504,269.471562,7.377504,269.471562,261.615543,7.37753,268.993073,2.6000000000081513e-5,-0.4784890000000246,time_since_previous_projection_seconds,cumulative_projection_time_seconds,automotive02_01
672,2026-09-30T22:16:09Z,dataset_9/uvl/automotive02_01.uvl,672,2074,1,0.010423,7.387927,269.482439,7.387927,269.482439,261.615543,7.387953,269.003496,2.6000000000081513e-5,-0.4789430000000152,time_since_previous_projection_seconds,cumulative_projection_time_seconds,automotive02_01
673,2026-09-30T22:16:09Z,dataset_9/uvl/automotive02_01.uvl,673,2074,1,0.010456,7.398383,269.493358,7.398383,269.493358,261.615543,7.398409,269.013952,2.6000000000081513e-5,-0.4794059999999831,time_since_previous_projection_seconds,cumulative_projection_time_seconds,automotive02_01
674,2026-09-30T22:16:09Z,dataset_9/uvl/automotive02_01.uvl,674,2074,1,0.010659,7.409042,269.504417,7.409042,269.504417,261.615543,7.409068,269.024611,2.6000000000081513e-5,-0.4798059999999964,time_since_previous_projection_seconds,cumulative_projection_time_seconds,automotive02_01
675,2026-09-30T22:16:09Z,dataset_9/uvl/automotive02_01.uvl,675,2074,1,0.010661,7.419703,269.515479,7.419703,269.515479,261.615543,7.419729,269.035272,2.6000000000081513e-5,-0.48020700000000716,time_since_previous_projection_seconds,cumulative_projection_time_seconds,automotive02_01
676,2026-09-30T22:16:09Z,dataset_9/uvl/automotive02_01.uvl,676,2074,1,0.010119,7.429821,269.52599,7.429821,269.52599,261.615543,7.429848,269.045391,2.700000000022129e-5,-0.4805989999999838,time_since_previous_projection_seconds,cumulative_projection_time_seconds,automotive02_01
677,2026-09-30T22:16:09Z,dataset_9/uvl/automotive02_01.uvl,677,2074,1,0.010283,7.440104,269.536645,7.440104,269.536645,261.615543,7.440131,269.055674,2.700000000022129e-5,-0.4809710000000109,time_since_previous_projection_seconds,cumulative_projection_time_seconds,automotive02_01
678,2026-09-30T22:16:09Z,dataset_9/uvl/automotive02_01.uvl,678,2074,1,0.010681,7.450785,269.547692,7.450785,269.547692,261.615543,7.450812,269.066355,2.700000000022129e-5,-0.48133699999999635,time_since_previous_projection_seconds,cumulative_projection_time_seconds,automotive02_01
679,2026-09-30T22:16:09Z,dataset_9/uvl/automotive02_01.uvl,679,2074,1,0.010942,7.461726,269.559046,7.461726,269.559046,261.615543,7.461754,269.077297,2.800000000036107e-5,-0.4817490000000362,time_since_previous_projection_seconds,cumulative_projection_time_seconds,automotive02_01
680,2026-09-30T22:16:09Z,dataset_9/uvl/automotive02_01.uvl,680,2074,1,0.010654,7.472381,269.57009,7.472381,269.57009,261.615543,7.472408,269.087951,2.6999999999333113e-5,-0.48213900000001786,time_since_previous_projection_seconds,cumulative_projection_time_seconds,automotive02_01
681,2026-09-30T22:16:09Z,dataset_9/uvl/automotive02_01.uvl,681,2074,1,0.010505,7.482885,269.580977,7.482885,269.580977,261.615543,7.482913,269.098456,2.800000000036107e-5,-0.48252100000001974,time_since_previous_projection_seconds,cumulative_projection_time_seconds,automotive02_01
682,2026-09-30T22:16:09Z,dataset_9/uvl/automotive02_01.uvl,682,2074,1,0.010377,7.493263,269.591741,7.493263,269.591741,261.615543,7.49329,269.108833,2.700000000022129e-5,-0.482908000000009,time_since_previous_projection_seconds,cumulative_projection_time_seconds,automotive02_01
683,2026-09-30T22:16:09Z,dataset_9/uvl/automotive02_01.uvl,683,2074,1,0.010418,7.503681,269.602521,7.503681,269.602521,261.615543,7.503708,269.119251,2.6999999999333113e-5,-0.48327000000000453,time_since_previous_projection_seconds,cumulative_projection_time_seconds,automotive02_01
684,2026-09-30T22:16:09Z,dataset_9/uvl/automotive02_01.uvl,684,2074,1,0.010735,7.514416,269.613629,7.514416,269.613629,261.615543,7.514443,269.12998600000003,2.700000000022129e-5,-0.4836429999999723,time_since_previous_projection_seconds,cumulative_projection_time_seconds,automotive02_01
685,2026-09-30T22:16:09Z,dataset_9/uvl/automotive02_01.uvl,685,2074,1,0.010552,7.524968,269.624579,7.524968,269.624579,261.615543,7.524995,269.140538,2.6999999999333113e-5,-0.4840409999999906,time_since_previous_projection_seconds,cumulative_projection_time_seconds,automotive02_01
686,2026-09-30T22:16:09Z,dataset_9/uvl/automotive02_01.uvl,686,2074,1,0.010973,7.535941,269.635978,7.535941,269.635978,261.615543,7.5359680000000004,269.151511,2.700000000022129e-5,-0.4844669999999951,time_since_previous_projection_seconds,cumulative_projection_time_seconds,automotive02_01
687,2026-09-30T22:16:09Z,dataset_9/uvl/automotive02_01.uvl,687,2074,1,0.011059,7.546999,269.647409,7.546999,269.647409,261.615543,7.547027,269.16257,2.800000000036107e-5,-0.4848389999999654,time_since_previous_projection_seconds,cumulative_projection_time_seconds,automotive02_01
688,2026-09-30T22:16:09Z,dataset_9/uvl/automotive02_01.uvl,688,2074,1,0.011135,7.558135,269.658919,7.558135,269.658919,261.615543,7.558162,269.173705,2.700000000022129e-5,-0.4852140000000418,time_since_previous_projection_seconds,cumulative_projection_time_seconds,automotive02_01
689,2026-09-30T22:16:09Z,dataset_9/uvl/automotive02_01.uvl,689,2074,1,0.010304,7.5684380000000004,269.669624,7.5684380000000004,269.669624,261.615543,7.568466,269.184009,2.799999999947289e-5,-0.4856149999999957,time_since_previous_projection_seconds,cumulative_projection_time_seconds,automotive02_01
690,2026-09-30T22:16:09Z,dataset_9/uvl/automotive02_01.uvl,690,2074,1,0.011587,7.580025,269.681638,7.580025,269.681638,261.615543,7.580053,269.195596,2.800000000036107e-5,-0.48604199999999764,time_since_previous_projection_seconds,cumulative_projection_time_seconds,automotive02_01
691,2026-09-30T22:16:09Z,dataset_9/uvl/automotive02_01.uvl,691,2074,1,0.01115,7.591174,269.6932,7.591174,269.6932,261.615543,7.591203,269.206746,2.9000000000500847e-5,-0.4864539999999806,time_since_previous_projection_seconds,cumulative_projection_time_seconds,automotive02_01
692,2026-09-30T22:16:09Z,dataset_9/uvl/automotive02_01.uvl,692,2074,1,0.010948,7.602123,269.704585,7.602123,269.704585,261.615543,7.602151,269.217694,2.800000000036107e-5,-0.4868910000000142,time_since_previous_projection_seconds,cumulative_projection_time_seconds,automotive02_01
693,2026-09-30T22:16:09Z,dataset_9/uvl/automotive02_01.uvl,693,2074,1,0.010345,7.612467,269.715322,7.612467,269.715322,261.615543,7.612496,269.228039,2.9000000000500847e-5,-0.4872829999999908,time_since_previous_projection_seconds,cumulative_projection_time_seconds,automotive02_01
694,2026-09-30T22:16:09Z,dataset_9/uvl/automotive02_01.uvl,694,2074,1,0.01081,7.623277,269.72648,7.623277,269.72648,261.615543,7.623306,269.238849,2.9000000000500847e-5,-0.48763099999996484,time_since_previous_projection_seconds,cumulative_projection_time_seconds,automotive02_01
695,2026-09-30T22:16:09Z,dataset_9/uvl/automotive02_01.uvl,695,2074,1,0.010624,7.633901,269.737515,7.633901,269.737515,261.615543,7.63393,269.249473,2.9000000000500847e-5,-0.48804199999995035,time_since_previous_projection_seconds,cumulative_projection_time_seconds,automotive02_01
696,2026-09-30T22:16:09Z,dataset_9/uvl/automotive02_01.uvl,696,2074,1,0.010882,7.644783,269.748801,7.644783,269.748801,261.615543,7.644812,269.260355,2.899999999961267e-5,-0.48844600000001037,time_since_previous_projection_seconds,cumulative_projection_time_seconds,automotive02_01
697,2026-09-30T22:16:09Z,dataset_9/uvl/automotive02_01.uvl,697,2074,1,0.011234,7.656017,269.760423,7.656017,269.760423,261.615543,7.656046,269.271589,2.899999999961267e-5,-0.4888339999999971,time_since_previous_projection_seconds,cumulative_projection_time_seconds,automotive02_01
698,2026-09-30T22:16:09Z,dataset_9/uvl/automotive02_01.uvl,698,2074,1,0.011212,7.667229,269.772054,7.667229,269.772054,261.615543,7.667258,269.282801,2.9000000000500847e-5,-0.48925300000001926,time_since_previous_projection_seconds,cumulative_projection_time_seconds,automotive02_01
699,2026-09-30T22:16:09Z,dataset_9/uvl/automotive02_01.uvl,699,2074,1,0.011825,7.679054,269.784291,7.679054,269.784291,261.615543,7.679083,269.294626,2.9000000000500847e-5,-0.48966500000000224,time_since_previous_projection_seconds,cumulative_projection_time_seconds,automotive02_01
700,2026-09-30T22:16:09Z,dataset_9/uvl/automotive02_01.uvl,700,2074,1,0.010443,7.689496,269.795105,7.689496,269.795105,261.615543,7.689526,269.305069,2.9999999999752447e-5,-0.49003599999997505,time_since_previous_projection_seconds,cumulative_projection_time_seconds,automotive02_01
701,2026-09-30T22:16:09Z,dataset_9/uvl/automotive02_01.uvl,701,2074,1,0.010379,7.699875,269.805856,7.699875,269.805856,261.615543,7.699905,269.315448,3.0000000000640625e-5,-0.4904080000000022,time_since_previous_projection_seconds,cumulative_projection_time_seconds,automotive02_01
702,2026-09-30T22:16:09Z,dataset_9/uvl/automotive02_01.uvl,702,2074,1,0.010487,7.710363,269.816749,7.710363,269.816749,261.615543,7.710392,269.325935,2.899999999961267e-5,-0.4908140000000003,time_since_previous_projection_seconds,cumulative_projection_time_seconds,automotive02_01
703,2026-09-30T22:16:09Z,dataset_9/uvl/automotive02_01.uvl,703,2074,1,0.010374,7.720737,269.827489,7.720737,269.827489,261.615543,7.720766,269.33630900000003,2.9000000000500847e-5,-0.49117999999998574,time_since_previous_projection_seconds,cumulative_projection_time_seconds,automotive02_01
704,2026-09-30T22:16:09Z,dataset_9/uvl/automotive02_01.uvl,704,2074,1,0.010613,7.731349,269.838463,7.731349,269.838463,261.615543,7.7313790000000004,269.346922,3.0000000000640625e-5,-0.4915409999999838,time_since_previous_projection_seconds,cumulative_projection_time_seconds,automotive02_01
705,2026-09-30T22:16:09Z,dataset_9/uvl/automotive02_01.uvl,705,2074,1,0.010339,7.741688,269.849187,7.741688,269.849187,261.615543,7.741718,269.357261,2.9999999999752447e-5,-0.4919259999999781,time_since_previous_projection_seconds,cumulative_projection_time_seconds,automotive02_01
706,2026-09-30T22:16:09Z,dataset_9/uvl/automotive02_01.uvl,706,2074,1,0.010377,7.752066,269.859975,7.752066,269.859975,261.615543,7.752095,269.367638,2.899999999961267e-5,-0.49233700000002045,time_since_previous_projection_seconds,cumulative_projection_time_seconds,automotive02_01
707,2026-09-30T22:16:09Z,dataset_9/uvl/automotive02_01.uvl,707,2074,1,0.010649,7.762715,269.871006,7.762715,269.871006,261.615543,7.762744,269.378287,2.899999999961267e-5,-0.49271900000002233,time_since_previous_projection_seconds,cumulative_projection_time_seconds,automotive02_01
708,2026-09-30T22:16:09Z,dataset_9/uvl/automotive02_01.uvl,708,2074,1,0.010406,7.773121,269.881795,7.773121,269.881795,261.615543,7.77315,269.388693,2.9000000000500847e-5,-0.4931020000000217,time_since_previous_projection_seconds,cumulative_projection_time_seconds,automotive02_01
709,2026-09-30T22:16:09Z,dataset_9/uvl/automotive02_01.uvl,709,2074,1,0.010434,7.783555,269.892588,7.783555,269.892588,261.615543,7.783584,269.399127,2.9000000000500847e-5,-0.49346099999996795,time_since_previous_projection_seconds,cumulative_projection_time_seconds,automotive02_01
710,2026-09-30T22:16:09Z,dataset_9/uvl/automotive02_01.uvl,710,2074,1,0.010354,7.793909,269.903341,7.793909,269.903341,261.615543,7.793938,269.409481,2.899999999961267e-5,-0.49385999999998376,time_since_previous_projection_seconds,cumulative_projection_time_seconds,automotive02_01
711,2026-09-30T22:16:09Z,dataset_9/uvl/automotive02_01.uvl,711,2074,1,0.010439,7.804348,269.914208,7.804348,269.914208,261.615543,7.804377,269.41992,2.899999999961267e-5,-0.4942879999999832,time_since_previous_projection_seconds,cumulative_projection_time_seconds,automotive02_01
712,2026-09-30T22:16:09Z,dataset_9/uvl/automotive02_01.uvl,712,2074,1,0.010559,7.814907,269.925165,7.814907,269.925165,261.615543,7.814936,269.430479,2.9000000000500847e-5,-0.4946860000000015,time_since_previous_projection_seconds,cumulative_projection_time_seconds,automotive02_01
713,2026-09-30T22:16:09Z,dataset_9/uvl/automotive02_01.uvl,713,2074,1,0.010085,7.824991,269.935641,7.824991,269.935641,261.615543,7.8250210000000004,269.440564,3.0000000000640625e-5,-0.49507699999998067,time_since_previous_projection_seconds,cumulative_projection_time_seconds,automotive02_01
714,2026-09-30T22:16:09Z,dataset_9/uvl/automotive02_01.uvl,714,2074,1,0.010715,7.835706,269.946731,7.835706,269.946731,261.615543,7.835736,269.451279,2.9999999999752447e-5,-0.4954520000000002,time_since_previous_projection_seconds,cumulative_projection_time_seconds,automotive02_01
715,2026-09-30T22:16:09Z,dataset_9/uvl/automotive02_01.uvl,715,2074,1,0.01103,7.846736,269.958152,7.846736,269.958152,261.615543,7.846766,269.462309,2.9999999999752447e-5,-0.4958429999999794,time_since_previous_projection_seconds,cumulative_projection_time_seconds,automotive02_01
716,2026-09-30T22:16:09Z,dataset_9/uvl/automotive02_01.uvl,716,2074,1,0.010452,7.857188,269.969006,7.857188,269.969006,261.615543,7.857218,269.472761,2.9999999999752447e-5,-0.4962449999999876,time_since_previous_projection_seconds,cumulative_projection_time_seconds,automotive02_01
717,2026-09-30T22:16:09Z,dataset_9/uvl/automotive02_01.uvl,717,2074,1,0.01141,7.868598,269.980899,7.868598,269.980899,261.615543,7.868628,269.484171,2.9999999999752447e-5,-0.4967280000000187,time_since_previous_projection_seconds,cumulative_projection_time_seconds,automotive02_01
718,2026-09-30T22:16:09Z,dataset_9/uvl/automotive02_01.uvl,718,2074,1,0.011638,7.880236,269.992956,7.880236,269.992956,261.615543,7.880266,269.495809,2.9999999999752447e-5,-0.497146999999984,time_since_previous_projection_seconds,cumulative_projection_time_seconds,automotive02_01
719,2026-09-30T22:16:09Z,dataset_9/uvl/automotive02_01.uvl,719,2074,1,0.011454,7.89169,270.004854,7.89169,270.004854,261.615543,7.89172,269.507263,3.0000000000640625e-5,-0.4975909999999999,time_since_previous_projection_seconds,cumulative_projection_time_seconds,automotive02_01
720,2026-09-30T22:16:09Z,dataset_9/uvl/automotive02_01.uvl,720,2074,1,0.011372,7.903061,270.016681,7.903061,270.016681,261.615543,7.903092,269.518635,3.0999999999892225e-5,-0.498045999999988,time_since_previous_projection_seconds,cumulative_projection_time_seconds,automotive02_01
721,2026-09-30T22:16:09Z,dataset_9/uvl/automotive02_01.uvl,721,2074,1,0.010373,7.913434,270.027446,7.913434,270.027446,261.615543,7.913465,269.529008,3.10000000007804e-5,-0.4984380000000215,time_since_previous_projection_seconds,cumulative_projection_time_seconds,automotive02_01
722,2026-09-30T22:16:09Z,dataset_9/uvl/automotive02_01.uvl,722,2074,1,0.010679,7.924113,270.038495,7.924113,270.038495,261.615543,7.924144,269.539687,3.0999999999892225e-5,-0.4988079999999968,time_since_previous_projection_seconds,cumulative_projection_time_seconds,automotive02_01
723,2026-09-30T22:16:09Z,dataset_9/uvl/automotive02_01.uvl,723,2074,1,0.01077,7.934883,270.049642,7.934883,270.049642,261.615543,7.934914,269.550457,3.0999999999892225e-5,-0.4991850000000113,time_since_previous_projection_seconds,cumulative_projection_time_seconds,automotive02_01
724,2026-09-30T22:16:09Z,dataset_9/uvl/automotive02_01.uvl,724,2074,1,0.010358,7.945241,270.060373,7.945241,270.060373,261.615543,7.945272,269.560815,3.0999999999892225e-5,-0.4995580000000359,time_since_previous_projection_seconds,cumulative_projection_time_seconds,automotive02_01
725,2026-09-30T22:16:09Z,dataset_9/uvl/automotive02_01.uvl,725,2074,1,0.01125,7.956492,270.071985,7.956492,270.071985,261.615543,7.956522,269.572065,2.9999999999752447e-5,-0.4999199999999746,time_since_previous_projection_seconds,cumulative_projection_time_seconds,automotive02_01
726,2026-09-30T22:16:09Z,dataset_9/uvl/automotive02_01.uvl,726,2074,1,0.011102,7.967594,270.083476,7.967594,270.083476,261.615543,7.967624,269.583167,2.9999999999752447e-5,-0.5003090000000157,time_since_previous_projection_seconds,cumulative_projection_time_seconds,automotive02_01
727,2026-09-30T22:16:10Z,dataset_9/uvl/automotive02_01.uvl,727,2074,1,0.011906,7.9795,270.095759,7.9795,270.095759,261.615543,7.9795300000000005,269.595073,3.0000000000640625e-5,-0.5006859999999733,time_since_previous_projection_seconds,cumulative_projection_time_seconds,automotive02_01
728,2026-09-30T22:16:10Z,dataset_9/uvl/automotive02_01.uvl,728,2074,1,0.011225,7.990725,270.107441,7.990725,270.107441,261.615543,7.990755,269.606298,2.9999999999752447e-5,-0.5011430000000132,time_since_previous_projection_seconds,cumulative_projection_time_seconds,automotive02_01
729,2026-09-30T22:16:10Z,dataset_9/uvl/automotive02_01.uvl,729,2074,1,0.010922,8.001647,270.118799,8.001647,270.118799,261.615543,8.001677,269.61722,3.0000000000640625e-5,-0.5015790000000493,time_since_previous_projection_seconds,cumulative_projection_time_seconds,automotive02_01
730,2026-09-30T22:16:10Z,dataset_9/uvl/automotive02_01.uvl,730,2074,1,0.010622,8.012268,270.129808,8.012268,270.129808,261.615543,8.012299,269.627842,3.0999999999892225e-5,-0.5019660000000385,time_since_previous_projection_seconds,cumulative_projection_time_seconds,automotive02_01
731,2026-09-30T22:16:10Z,dataset_9/uvl/automotive02_01.uvl,731,2074,1,0.010539,8.022807,270.140746,8.022807,270.140746,261.615543,8.022838,269.638381,3.0999999999892225e-5,-0.5023649999999975,time_since_previous_projection_seconds,cumulative_projection_time_seconds,automotive02_01
732,2026-09-30T22:16:10Z,dataset_9/uvl/automotive02_01.uvl,732,2074,1,0.010313,8.033119,270.151432,8.033119,270.151432,261.615543,8.033151,269.648694,3.200000000092018e-5,-0.5027380000000221,time_since_previous_projection_seconds,cumulative_projection_time_seconds,automotive02_01
733,2026-09-30T22:16:10Z,dataset_9/uvl/automotive02_01.uvl,733,2074,1,0.010925,8.044045,270.162703,8.044045,270.162703,261.615543,8.044076,269.659619,3.0999999999892225e-5,-0.5030840000000012,time_since_previous_projection_seconds,cumulative_projection_time_seconds,automotive02_01
734,2026-09-30T22:16:10Z,dataset_9/uvl/automotive02_01.uvl,734,2074,1,0.01165,8.055695,270.17474,8.055695,270.17474,261.615543,8.055726,269.671269,3.0999999999892225e-5,-0.5034709999999905,time_since_previous_projection_seconds,cumulative_projection_time_seconds,automotive02_01
735,2026-09-30T22:16:10Z,dataset_9/uvl/automotive02_01.uvl,735,2074,1,0.010562,8.066257,270.185701,8.066257,270.185701,261.615543,8.066288,269.681831,3.0999999999892225e-5,-0.5038700000000063,time_since_previous_projection_seconds,cumulative_projection_time_seconds,automotive02_01
736,2026-09-30T22:16:10Z,dataset_9/uvl/automotive02_01.uvl,736,2074,1,0.010402,8.076659,270.196476,8.076659,270.196476,261.615543,8.07669,269.692233,3.0999999999892225e-5,-0.5042430000000309,time_since_previous_projection_seconds,cumulative_projection_time_seconds,automotive02_01
737,2026-09-30T22:16:10Z,dataset_9/uvl/automotive02_01.uvl,737,2074,1,0.010932,8.087591,270.207798,8.087591,270.207798,261.615543,8.087622,269.703165,3.0999999999892225e-5,-0.5046330000000125,time_since_previous_projection_seconds,cumulative_projection_time_seconds,automotive02_01
738,2026-09-30T22:16:10Z,dataset_9/uvl/automotive02_01.uvl,738,2074,1,0.011059,8.09865,270.219242,8.09865,270.219242,261.615543,8.098681,269.714224,3.0999999999892225e-5,-0.5050180000000069,time_since_previous_projection_seconds,cumulative_projection_time_seconds,automotive02_01
739,2026-09-30T22:16:10Z,dataset_9/uvl/automotive02_01.uvl,739,2074,1,0.010389,8.109039,270.230006,8.109039,270.230006,261.615543,8.1090700000000009,269.724613,3.100000000166858e-5,-0.5053930000000264,time_since_previous_projection_seconds,cumulative_projection_time_seconds,automotive02_01
740,2026-09-30T22:16:10Z,dataset_9/uvl/automotive02_01.uvl,740,2074,1,0.010656,8.119695,270.241042,8.119695,270.241042,261.615543,8.119726,269.735269,3.0999999999892225e-5,-0.5057729999999765,time_since_previous_projection_seconds,cumulative_projection_time_seconds,automotive02_01
741,2026-09-30T22:16:10Z,dataset_9/uvl/automotive02_01.uvl,741,2074,1,0.011506,8.131201,270.252935,8.131201,270.252935,261.615543,8.131232,269.746775,3.0999999999892225e-5,-0.5061599999999657,time_since_previous_projection_seconds,cumulative_projection_time_seconds,automotive02_01
742,2026-09-30T22:16:10Z,dataset_9/uvl/automotive02_01.uvl,742,2074,1,0.010311,8.141512,270.263661,8.141512,270.263661,261.615543,8.141543,269.757086,3.0999999999892225e-5,-0.506574999999998,time_since_previous_projection_seconds,cumulative_projection_time_seconds,automotive02_01
743,2026-09-30T22:16:10Z,dataset_9/uvl/automotive02_01.uvl,743,2074,1,0.010504,8.152016,270.275049,8.152016,270.275049,261.615543,8.152047,269.76759,3.0999999999892225e-5,-0.5074590000000399,time_since_previous_projection_seconds,cumulative_projection_time_seconds,automotive02_01
744,2026-09-30T22:16:10Z,dataset_9/uvl/automotive02_01.uvl,744,2074,1,0.010835,8.162851,270.286311,8.162851,270.286311,261.615543,8.162882,269.778425,3.0999999999892225e-5,-0.507885999999985,time_since_previous_projection_seconds,cumulative_projection_time_seconds,automotive02_01
745,2026-09-30T22:16:10Z,dataset_9/uvl/automotive02_01.uvl,745,2074,1,0.010977,8.173828,270.297693,8.173828,270.297693,261.615543,8.173859,269.789402,3.0999999999892225e-5,-0.5082909999999856,time_since_previous_projection_seconds,cumulative_projection_time_seconds,automotive02_01
746,2026-09-30T22:16:10Z,dataset_9/uvl/automotive02_01.uvl,746,2074,1,0.010918,8.184746,270.30898,8.184746,270.30898,261.615543,8.184777,269.80032,3.0999999999892225e-5,-0.5086600000000203,time_since_previous_projection_seconds,cumulative_projection_time_seconds,automotive02_01
747,2026-09-30T22:16:10Z,dataset_9/uvl/automotive02_01.uvl,747,2074,1,0.011096,8.195842,270.320431,8.195842,270.320431,261.615543,8.195873,269.811416,3.0999999999892225e-5,-0.5090149999999767,time_since_previous_projection_seconds,cumulative_projection_time_seconds,automotive02_01
748,2026-09-30T22:16:10Z,dataset_9/uvl/automotive02_01.uvl,748,2074,1,0.010679,8.206521,270.331529,8.206521,270.331529,261.615543,8.206552,269.822095,3.0999999999892225e-5,-0.5094339999999988,time_since_previous_projection_seconds,cumulative_projection_time_seconds,automotive02_01
749,2026-09-30T22:16:10Z,dataset_9/uvl/automotive02_01.uvl,749,2074,1,0.010473,8.216994,270.342402,8.216994,270.342402,261.615543,8.217025,269.832568,3.0999999999892225e-5,-0.5098340000000121,time_since_previous_projection_seconds,cumulative_projection_time_seconds,automotive02_01
750,2026-09-30T22:16:10Z,dataset_9/uvl/automotive02_01.uvl,750,2074,1,0.010365,8.227359,270.353139,8.227359,270.353139,261.615543,8.22739,269.842933,3.0999999999892225e-5,-0.5102059999999824,time_since_previous_projection_seconds,cumulative_projection_time_seconds,automotive02_01
751,2026-09-30T22:16:10Z,dataset_9/uvl/automotive02_01.uvl,751,2074,1,0.01072,8.238079,270.364235,8.238079,270.364235,261.615543,8.23811,269.853653,3.0999999999892225e-5,-0.5105819999999994,time_since_previous_projection_seconds,cumulative_projection_time_seconds,automotive02_01
752,2026-09-30T22:16:10Z,dataset_9/uvl/automotive02_01.uvl,752,2074,1,0.011346,8.249425,270.375955,8.249425,270.375955,261.615543,8.249456,269.864999,3.0999999999892225e-5,-0.5109559999999647,time_since_previous_projection_seconds,cumulative_projection_time_seconds,automotive02_01
753,2026-09-30T22:16:10Z,dataset_9/uvl/automotive02_01.uvl,753,2074,1,0.010899,8.260324,270.387267,8.260324,270.387267,261.615543,8.260355,269.875898,3.0999999999892225e-5,-0.511369000000002,time_since_previous_projection_seconds,cumulative_projection_time_seconds,automotive02_01
754,2026-09-30T22:16:10Z,dataset_9/uvl/automotive02_01.uvl,754,2074,1,0.010294,8.270618,270.397973,8.270618,270.397973,261.615543,8.270649,269.886192,3.0999999999892225e-5,-0.5117809999999849,time_since_previous_projection_seconds,cumulative_projection_time_seconds,automotive02_01
755,2026-09-30T22:16:10Z,dataset_9/uvl/automotive02_01.uvl,755,2074,1,0.010533,8.281151,270.408872,8.281151,270.408872,261.615543,8.281182,269.896725,3.0999999999892225e-5,-0.5121469999999704,time_since_previous_projection_seconds,cumulative_projection_time_seconds,automotive02_01
756,2026-09-30T22:16:10Z,dataset_9/uvl/automotive02_01.uvl,756,2074,1,0.010552,8.291703,270.419794,8.291703,270.419794,261.615543,8.291734,269.907277,3.0999999999892225e-5,-0.5125170000000026,time_since_previous_projection_seconds,cumulative_projection_time_seconds,automotive02_01
757,2026-09-30T22:16:10Z,dataset_9/uvl/automotive02_01.uvl,757,2074,1,0.010223,8.301925,270.430399,8.301925,270.430399,261.615543,8.301957,269.9175,3.1999999999143824e-5,-0.5128990000000044,time_since_previous_projection_seconds,cumulative_projection_time_seconds,automotive02_01
758,2026-09-30T22:16:10Z,dataset_9/uvl/automotive02_01.uvl,758,2074,1,0.010727,8.312653,270.441561,8.312653,270.441561,261.615543,8.312684,269.928227,3.100000000166858e-5,-0.5133339999999862,time_since_previous_projection_seconds,cumulative_projection_time_seconds,automotive02_01
759,2026-09-30T22:16:10Z,dataset_9/uvl/automotive02_01.uvl,759,2074,1,0.010523,8.323176,270.452558,8.323176,270.452558,261.615543,8.323207,269.93875,3.0999999999892225e-5,-0.5138079999999832,time_since_previous_projection_seconds,cumulative_projection_time_seconds,automotive02_01
760,2026-09-30T22:16:10Z,dataset_9/uvl/automotive02_01.uvl,760,2074,1,0.011008,8.334184,270.464002,8.334184,270.464002,261.615543,8.334215,269.949758,3.0999999999892225e-5,-0.5142440000000192,time_since_previous_projection_seconds,cumulative_projection_time_seconds,automotive02_01
761,2026-09-30T22:16:10Z,dataset_9/uvl/automotive02_01.uvl,761,2074,1,0.011048,8.345232,270.475369,8.345232,270.475369,261.615543,8.345263,269.960806,3.0999999999892225e-5,-0.5145630000000097,time_since_previous_projection_seconds,cumulative_projection_time_seconds,automotive02_01
762,2026-09-30T22:16:10Z,dataset_9/uvl/automotive02_01.uvl,762,2074,1,0.010744,8.355976,270.486475,8.355976,270.486475,261.615543,8.356007,269.97155,3.0999999999892225e-5,-0.5149250000000052,time_since_previous_projection_seconds,cumulative_projection_time_seconds,automotive02_01
763,2026-09-30T22:16:10Z,dataset_9/uvl/automotive02_01.uvl,763,2074,1,0.01054,8.366516,270.497423,8.366516,270.497423,261.615543,8.366547,269.98209,3.0999999999892225e-5,-0.5153329999999983,time_since_previous_projection_seconds,cumulative_projection_time_seconds,automotive02_01
764,2026-09-30T22:16:10Z,dataset_9/uvl/automotive02_01.uvl,764,2074,1,0.010382,8.376897,270.50818400000003,8.376897,270.50818400000003,261.615543,8.376929,269.992472,3.200000000092018e-5,-0.5157120000000077,time_since_previous_projection_seconds,cumulative_projection_time_seconds,automotive02_01
765,2026-09-30T22:16:10Z,dataset_9/uvl/automotive02_01.uvl,765,2074,1,0.010601,8.387498,270.519133,8.387498,270.519133,261.615543,8.38753,270.00307300000003,3.1999999999143824e-5,-0.5160599999999818,time_since_previous_projection_seconds,cumulative_projection_time_seconds,automotive02_01
766,2026-09-30T22:16:10Z,dataset_9/uvl/automotive02_01.uvl,766,2074,1,0.010597,8.398096,270.530162,8.398096,270.530162,261.615543,8.398127,270.01367,3.0999999999892225e-5,-0.5164920000000279,time_since_previous_projection_seconds,cumulative_projection_time_seconds,automotive02_01
767,2026-09-30T22:16:10Z,dataset_9/uvl/automotive02_01.uvl,767,2074,1,0.010696,8.408792,270.541231,8.408792,270.541231,261.615543,8.408823,270.024366,3.0999999999892225e-5,-0.5168649999999957,time_since_previous_projection_seconds,cumulative_projection_time_seconds,automotive02_01
768,2026-09-30T22:16:10Z,dataset_9/uvl/automotive02_01.uvl,768,2074,1,0.010497,8.419289,270.552105,8.419289,270.552105,261.615543,8.41932,270.03486300000003,3.100000000166858e-5,-0.5172419999999534,time_since_previous_projection_seconds,cumulative_projection_time_seconds,automotive02_01
769,2026-09-30T22:16:10Z,dataset_9/uvl/automotive02_01.uvl,769,2074,1,0.011268,8.430557,270.563727,8.430557,270.563727,261.615543,8.430588,270.046131,3.0999999999892225e-5,-0.5175959999999691,time_since_previous_projection_seconds,cumulative_projection_time_seconds,automotive02_01
770,2026-09-30T22:16:10Z,dataset_9/uvl/automotive02_01.uvl,770,2074,1,0.01071,8.441267,270.574827,8.441267,270.574827,261.615543,8.441298,270.056841,3.0999999999892225e-5,-0.5179860000000076,time_since_previous_projection_seconds,cumulative_projection_time_seconds,automotive02_01
771,2026-09-30T22:16:10Z,dataset_9/uvl/automotive02_01.uvl,771,2074,1,0.010944,8.452211,270.586161,8.452211,270.586161,261.615543,8.452242,270.067785,3.0999999999892225e-5,-0.5183759999999893,time_since_previous_projection_seconds,cumulative_projection_time_seconds,automotive02_01
772,2026-09-30T22:16:10Z,dataset_9/uvl/automotive02_01.uvl,772,2074,1,0.011088,8.463299,270.597638,8.463299,270.597638,261.615543,8.463330000000001,270.078873,3.100000000166858e-5,-0.5187650000000303,time_since_previous_projection_seconds,cumulative_projection_time_seconds,automotive02_01
773,2026-09-30T22:16:10Z,dataset_9/uvl/automotive02_01.uvl,773,2074,1,0.011998,8.475297,270.610048,8.475297,270.610048,261.615543,8.475328,270.090871,3.0999999999892225e-5,-0.5191770000000133,time_since_previous_projection_seconds,cumulative_projection_time_seconds,automotive02_01
774,2026-09-30T22:16:10Z,dataset_9/uvl/automotive02_01.uvl,774,2074,1,0.011152,8.486449,270.621617,8.486449,270.621617,261.615543,8.48648,270.10202300000003,3.0999999999892225e-5,-0.5195939999999837,time_since_previous_projection_seconds,cumulative_projection_time_seconds,automotive02_01
775,2026-09-30T22:16:10Z,dataset_9/uvl/automotive02_01.uvl,775,2074,1,0.010674,8.497123,270.632724,8.497123,270.632724,261.615543,8.497154,270.112697,3.0999999999892225e-5,-0.5200269999999705,time_since_previous_projection_seconds,cumulative_projection_time_seconds,automotive02_01
776,2026-09-30T22:16:10Z,dataset_9/uvl/automotive02_01.uvl,776,2074,1,0.01092,8.508044,270.644037,8.508044,270.644037,261.615543,8.508074,270.123617,3.0000000000640625e-5,-0.5204200000000014,time_since_previous_projection_seconds,cumulative_projection_time_seconds,automotive02_01
777,2026-09-30T22:16:10Z,dataset_9/uvl/automotive02_01.uvl,777,2074,1,0.010612,8.518656,270.655029,8.518656,270.655029,261.615543,8.518686,270.134229,3.0000000000640625e-5,-0.5208000000000084,time_since_previous_projection_seconds,cumulative_projection_time_seconds,automotive02_01
778,2026-09-30T22:16:10Z,dataset_9/uvl/automotive02_01.uvl,778,2074,1,0.010766,8.529422,270.666194,8.529422,270.666194,261.615543,8.529452,270.144995,2.999999999886427e-5,-0.5211990000000242,time_since_previous_projection_seconds,cumulative_projection_time_seconds,automotive02_01
779,2026-09-30T22:16:10Z,dataset_9/uvl/automotive02_01.uvl,779,2074,1,0.011228,8.54065,270.677746,8.54065,270.677746,261.615543,8.54068,270.156223,3.0000000000640625e-5,-0.521523000000002,time_since_previous_projection_seconds,cumulative_projection_time_seconds,automotive02_01
780,2026-09-30T22:16:10Z,dataset_9/uvl/automotive02_01.uvl,780,2074,1,0.010664,8.551314,270.688805,8.551314,270.688805,261.615543,8.551344,270.166887,3.0000000000640625e-5,-0.5219180000000279,time_since_previous_projection_seconds,cumulative_projection_time_seconds,automotive02_01
781,2026-09-30T22:16:10Z,dataset_9/uvl/automotive02_01.uvl,781,2074,1,0.010581,8.561895,270.699763,8.561895,270.699763,261.615543,8.561925,270.177468,3.0000000000640625e-5,-0.5222950000000424,time_since_previous_projection_seconds,cumulative_projection_time_seconds,automotive02_01
782,2026-09-30T22:16:10Z,dataset_9/uvl/automotive02_01.uvl,782,2074,1,0.010304,8.572199,270.710401,8.572199,270.710401,261.615543,8.572229,270.187772,3.0000000000640625e-5,-0.5226289999999949,time_since_previous_projection_seconds,cumulative_projection_time_seconds,automotive02_01
783,2026-09-30T22:16:10Z,dataset_9/uvl/automotive02_01.uvl,783,2074,1,0.01044,8.582639,270.721179,8.582639,270.721179,261.615543,8.582669,270.198212,2.999999999886427e-5,-0.5229669999999942,time_since_previous_projection_seconds,cumulative_projection_time_seconds,automotive02_01
784,2026-09-30T22:16:10Z,dataset_9/uvl/automotive02_01.uvl,784,2074,1,0.010323,8.592962,270.731864,8.592962,270.731864,261.615543,8.592992,270.208535,3.0000000000640625e-5,-0.5233289999999897,time_since_previous_projection_seconds,cumulative_projection_time_seconds,automotive02_01
785,2026-09-30T22:16:10Z,dataset_9/uvl/automotive02_01.uvl,785,2074,1,0.01026,8.603222,270.742493,8.603222,270.742493,261.615543,8.603252,270.218795,2.999999999886427e-5,-0.5236980000000244,time_since_previous_projection_seconds,cumulative_projection_time_seconds,automotive02_01
786,2026-09-30T22:16:10Z,dataset_9/uvl/automotive02_01.uvl,786,2074,1,0.010318,8.61354,270.753151,8.61354,270.753151,261.615543,8.61357,270.229113,2.999999999886427e-5,-0.5240380000000187,time_since_previous_projection_seconds,cumulative_projection_time_seconds,automotive02_01
787,2026-09-30T22:16:10Z,dataset_9/uvl/automotive02_01.uvl,787,2074,1,0.010584,8.624124,270.764206,8.624124,270.764206,261.615543,8.624154,270.239697,3.0000000000640625e-5,-0.5245090000000232,time_since_previous_projection_seconds,cumulative_projection_time_seconds,automotive02_01
788,2026-09-30T22:16:10Z,dataset_9/uvl/automotive02_01.uvl,788,2074,1,0.010356,8.634481,270.774944,8.634481,270.774944,261.615543,8.63451,270.250053,2.9000000001389026e-5,-0.5248910000000251,time_since_previous_projection_seconds,cumulative_projection_time_seconds,automotive02_01
789,2026-09-30T22:16:10Z,dataset_9/uvl/automotive02_01.uvl,789,2074,1,0.010537,8.645017,270.78584,8.645017,270.78584,261.615543,8.645047,270.26059,3.0000000000640625e-5,-0.5252500000000282,time_since_previous_projection_seconds,cumulative_projection_time_seconds,automotive02_01
790,2026-09-30T22:16:10Z,dataset_9/uvl/automotive02_01.uvl,790,2074,1,0.010447,8.655465,270.796646,8.655465,270.796646,261.615543,8.655494000000001,270.271037,2.9000000001389026e-5,-0.5256090000000313,time_since_previous_projection_seconds,cumulative_projection_time_seconds,automotive02_01
791,2026-09-30T22:16:10Z,dataset_9/uvl/automotive02_01.uvl,791,2074,1,0.010601,8.666066,270.807624,8.666066,270.807624,261.615543,8.666095,270.281638,2.899999999961267e-5,-0.525985999999989,time_since_previous_projection_seconds,cumulative_projection_time_seconds,automotive02_01
792,2026-09-30T22:16:10Z,dataset_9/uvl/automotive02_01.uvl,792,2074,1,0.010236,8.676302,270.818274,8.676302,270.818274,261.615543,8.676331,270.291874,2.899999999961267e-5,-0.5263999999999669,time_since_previous_projection_seconds,cumulative_projection_time_seconds,automotive02_01
793,2026-09-30T22:16:10Z,dataset_9/uvl/automotive02_01.uvl,793,2074,1,0.010522,8.686823,270.829174,8.686823,270.829174,261.615543,8.686853,270.302396,2.999999999886427e-5,-0.5267780000000357,time_since_previous_projection_seconds,cumulative_projection_time_seconds,automotive02_01
794,2026-09-30T22:16:10Z,dataset_9/uvl/automotive02_01.uvl,794,2074,1,0.010538,8.697361,270.840075,8.697361,270.840075,261.615543,8.697391,270.312934,2.999999999886427e-5,-0.5271410000000287,time_since_previous_projection_seconds,cumulative_projection_time_seconds,automotive02_01
795,2026-09-30T22:16:10Z,dataset_9/uvl/automotive02_01.uvl,795,2074,1,0.010291,8.707653,270.850737,8.707653,270.850737,261.615543,8.707682,270.323225,2.899999999961267e-5,-0.5275120000000015,time_since_previous_projection_seconds,cumulative_projection_time_seconds,automotive02_01
796,2026-09-30T22:16:10Z,dataset_9/uvl/automotive02_01.uvl,796,2074,1,0.010502,8.718155,270.861566,8.718155,270.861566,261.615543,8.718184,270.333727,2.9000000001389026e-5,-0.5278389999999717,time_since_previous_projection_seconds,cumulative_projection_time_seconds,automotive02_01
797,2026-09-30T22:16:10Z,dataset_9/uvl/automotive02_01.uvl,797,2074,1,0.011191,8.729346,270.873144,8.729346,270.873144,261.615543,8.729375,270.344918,2.899999999961267e-5,-0.5282260000000178,time_since_previous_projection_seconds,cumulative_projection_time_seconds,automotive02_01
798,2026-09-30T22:16:10Z,dataset_9/uvl/automotive02_01.uvl,798,2074,1,0.010422,8.739768,270.883929,8.739768,270.883929,261.615543,8.739797,270.35534,2.899999999961267e-5,-0.5285890000000109,time_since_previous_projection_seconds,cumulative_projection_time_seconds,automotive02_01
799,2026-09-30T22:16:10Z,dataset_9/uvl/automotive02_01.uvl,799,2074,1,0.010429,8.750197,270.894757,8.750197,270.894757,261.615543,8.750226,270.365769,2.899999999961267e-5,-0.5289880000000267,time_since_previous_projection_seconds,cumulative_projection_time_seconds,automotive02_01
800,2026-09-30T22:16:10Z,dataset_9/uvl/automotive02_01.uvl,800,2074,1,0.010654,8.76085,270.905765,8.76085,270.905765,261.615543,8.76088,270.376423,3.0000000000640625e-5,-0.5293419999999855,time_since_previous_projection_seconds,cumulative_projection_time_seconds,automotive02_01
801,2026-09-30T22:16:10Z,dataset_9/uvl/automotive02_01.uvl,801,2074,1,0.010451,8.771301,270.916585,8.771301,270.916585,261.615543,8.771331,270.386874,3.0000000000640625e-5,-0.5297110000000202,time_since_previous_projection_seconds,cumulative_projection_time_seconds,automotive02_01
802,2026-09-30T22:16:10Z,dataset_9/uvl/automotive02_01.uvl,802,2074,1,0.010362,8.781663,270.927312,8.781663,270.927312,261.615543,8.781693,270.397236,3.0000000000640625e-5,-0.5300759999999514,time_since_previous_projection_seconds,cumulative_projection_time_seconds,automotive02_01
803,2026-09-30T22:16:10Z,dataset_9/uvl/automotive02_01.uvl,803,2074,1,0.010977,8.79264,270.938624,8.79264,270.938624,261.615543,8.79267,270.408213,2.999999999886427e-5,-0.5304110000000151,time_since_previous_projection_seconds,cumulative_projection_time_seconds,automotive02_01
804,2026-09-30T22:16:10Z,dataset_9/uvl/automotive02_01.uvl,804,2074,1,0.011084,8.803724,270.950065,8.803724,270.950065,261.615543,8.803754,270.41929700000003,2.999999999886427e-5,-0.5307679999999664,time_since_previous_projection_seconds,cumulative_projection_time_seconds,automotive02_01
805,2026-09-30T22:16:10Z,dataset_9/uvl/automotive02_01.uvl,805,2074,1,0.010401,8.814125,270.96083,8.814125,270.96083,261.615543,8.814155,270.42969800000003,2.999999999886427e-5,-0.5311319999999569,time_since_previous_projection_seconds,cumulative_projection_time_seconds,automotive02_01
806,2026-09-30T22:16:10Z,dataset_9/uvl/automotive02_01.uvl,806,2074,1,0.010662,8.824788,270.971837,8.824788,270.971837,261.615543,8.824817,270.44036,2.899999999961267e-5,-0.5314769999999953,time_since_previous_projection_seconds,cumulative_projection_time_seconds,automotive02_01
807,2026-09-30T22:16:10Z,dataset_9/uvl/automotive02_01.uvl,807,2074,1,0.010642,8.835429,270.982841,8.835429,270.982841,261.615543,8.835459,270.451002,3.0000000000640625e-5,-0.5318389999999908,time_since_previous_projection_seconds,cumulative_projection_time_seconds,automotive02_01
808,2026-09-30T22:16:10Z,dataset_9/uvl/automotive02_01.uvl,808,2074,1,0.01047,8.8459,270.993692,8.8459,270.993692,261.615543,8.845929,270.461472,2.899999999961267e-5,-0.5322199999999953,time_since_previous_projection_seconds,cumulative_projection_time_seconds,automotive02_01
809,2026-09-30T22:16:10Z,dataset_9/uvl/automotive02_01.uvl,809,2074,1,0.010299,8.856198,271.00434,8.856198,271.00434,261.615543,8.856228,270.471771,3.0000000000640625e-5,-0.5325690000000236,time_since_previous_projection_seconds,cumulative_projection_time_seconds,automotive02_01
810,2026-09-30T22:16:10Z,dataset_9/uvl/automotive02_01.uvl,810,2074,1,0.010558,8.866756,271.015225,8.866756,271.015225,261.615543,8.866786,270.482329,2.999999999886427e-5,-0.5328959999999938,time_since_previous_projection_seconds,cumulative_projection_time_seconds,automotive02_01
811,2026-09-30T22:16:10Z,dataset_9/uvl/automotive02_01.uvl,811,2074,1,0.010581,8.877337,271.026168,8.877337,271.026168,261.615543,8.877367,270.49291,2.999999999886427e-5,-0.5332579999999894,time_since_previous_projection_seconds,cumulative_projection_time_seconds,automotive02_01
812,2026-09-30T22:16:10Z,dataset_9/uvl/automotive02_01.uvl,812,2074,1,0.010216,8.887554,271.036752,8.887554,271.036752,261.615543,8.887583,270.503126,2.899999999961267e-5,-0.5336259999999697,time_since_previous_projection_seconds,cumulative_projection_time_seconds,automotive02_01
813,2026-09-30T22:16:10Z,dataset_9/uvl/automotive02_01.uvl,813,2074,1,0.010523,8.898076,271.047593,8.898076,271.047593,261.615543,8.898106,270.513649,3.0000000000640625e-5,-0.5339440000000195,time_since_previous_projection_seconds,cumulative_projection_time_seconds,automotive02_01
814,2026-09-30T22:16:10Z,dataset_9/uvl/automotive02_01.uvl,814,2074,1,0.010882,8.908958,271.058848,8.908958,271.058848,261.615543,8.908988,270.524531,3.0000000000640625e-5,-0.5343169999999873,time_since_previous_projection_seconds,cumulative_projection_time_seconds,automotive02_01
815,2026-09-30T22:16:10Z,dataset_9/uvl/automotive02_01.uvl,815,2074,1,0.010454,8.919413,271.069776,8.919413,271.069776,261.615543,8.919442,270.534985,2.899999999961267e-5,-0.5347909999999843,time_since_previous_projection_seconds,cumulative_projection_time_seconds,automotive02_01
816,2026-09-30T22:16:10Z,dataset_9/uvl/automotive02_01.uvl,816,2074,1,0.010893,8.930306,271.081057,8.930306,271.081057,261.615543,8.930335,270.545878,2.899999999961267e-5,-0.535178999999971,time_since_previous_projection_seconds,cumulative_projection_time_seconds,automotive02_01
817,2026-09-30T22:16:11Z,dataset_9/uvl/automotive02_01.uvl,817,2074,1,0.011083,8.941389,271.092509,8.941389,271.092509,261.615543,8.941418,270.556961,2.9000000001389026e-5,-0.5355480000000057,time_since_previous_projection_seconds,cumulative_projection_time_seconds,automotive02_01
818,2026-09-30T22:16:11Z,dataset_9/uvl/automotive02_01.uvl,818,2074,1,0.010349,8.951738,271.103229,8.951738,271.103229,261.615543,8.951767,270.56731,2.899999999961267e-5,-0.5359189999999785,time_since_previous_projection_seconds,cumulative_projection_time_seconds,automotive02_01
819,2026-09-30T22:16:11Z,dataset_9/uvl/automotive02_01.uvl,819,2074,1,0.011363,8.963101,271.115028,8.963101,271.115028,261.615543,8.96313,270.578673,2.899999999961267e-5,-0.5363550000000146,time_since_previous_projection_seconds,cumulative_projection_time_seconds,automotive02_01
820,2026-09-30T22:16:11Z,dataset_9/uvl/automotive02_01.uvl,820,2074,1,0.011528,8.974629,271.12691,8.974629,271.12691,261.615543,8.974658,270.590201,2.899999999961267e-5,-0.5367090000000303,time_since_previous_projection_seconds,cumulative_projection_time_seconds,automotive02_01
821,2026-09-30T22:16:11Z,dataset_9/uvl/automotive02_01.uvl,821,2074,1,0.011428,8.986057,271.138707,8.986057,271.138707,261.615543,8.986086,270.601629,2.899999999961267e-5,-0.5370780000000082,time_since_previous_projection_seconds,cumulative_projection_time_seconds,automotive02_01
822,2026-09-30T22:16:11Z,dataset_9/uvl/automotive02_01.uvl,822,2074,1,0.010448,8.996505,271.149525,8.996505,271.149525,261.615543,8.996534,270.612077,2.899999999961267e-5,-0.5374479999999835,time_since_previous_projection_seconds,cumulative_projection_time_seconds,automotive02_01
823,2026-09-30T22:16:11Z,dataset_9/uvl/automotive02_01.uvl,823,2074,1,0.011595,9.0081,271.161547,9.0081,271.161547,261.615543,9.008129,270.623672,2.899999999961267e-5,-0.5378749999999854,time_since_previous_projection_seconds,cumulative_projection_time_seconds,automotive02_01
824,2026-09-30T22:16:11Z,dataset_9/uvl/automotive02_01.uvl,824,2074,1,0.011282,9.019381,271.173252,9.019381,271.173252,261.615543,9.019411,270.634954,3.0000000000640625e-5,-0.5382979999999975,time_since_previous_projection_seconds,cumulative_projection_time_seconds,automotive02_01
825,2026-09-30T22:16:11Z,dataset_9/uvl/automotive02_01.uvl,825,2074,1,0.010655,9.030037,271.184313,9.030037,271.184313,261.615543,9.030066,270.645609,2.899999999961267e-5,-0.5387039999999956,time_since_previous_projection_seconds,cumulative_projection_time_seconds,automotive02_01
826,2026-09-30T22:16:11Z,dataset_9/uvl/automotive02_01.uvl,826,2074,1,0.011175,9.041211,271.195884,9.041211,271.195884,261.615543,9.041241,270.656784,2.999999999886427e-5,-0.5390999999999622,time_since_previous_projection_seconds,cumulative_projection_time_seconds,automotive02_01
827,2026-09-30T22:16:11Z,dataset_9/uvl/automotive02_01.uvl,827,2074,1,0.010872,9.052083,271.207125,9.052083,271.207125,261.615543,9.052113,270.667656,3.0000000000640625e-5,-0.5394689999999969,time_since_previous_projection_seconds,cumulative_projection_time_seconds,automotive02_01
828,2026-09-30T22:16:11Z,dataset_9/uvl/automotive02_01.uvl,828,2074,1,0.010994,9.063077,271.218469,9.063077,271.218469,261.615543,9.063107,270.67865,3.0000000000640625e-5,-0.5398190000000227,time_since_previous_projection_seconds,cumulative_projection_time_seconds,automotive02_01
829,2026-09-30T22:16:11Z,dataset_9/uvl/automotive02_01.uvl,829,2074,1,0.010355,9.073432,271.229195,9.073432,271.229195,261.615543,9.073462,270.689005,2.999999999886427e-5,-0.5401899999999955,time_since_previous_projection_seconds,cumulative_projection_time_seconds,automotive02_01
830,2026-09-30T22:16:11Z,dataset_9/uvl/automotive02_01.uvl,830,2074,1,0.010543,9.083976,271.240103,9.083976,271.240103,261.615543,9.084005,270.699548,2.899999999961267e-5,-0.5405549999999835,time_since_previous_projection_seconds,cumulative_projection_time_seconds,automotive02_01
831,2026-09-30T22:16:11Z,dataset_9/uvl/automotive02_01.uvl,831,2074,1,0.010431,9.094406,271.250905,9.094406,271.250905,261.615543,9.094436,270.709979,3.0000000000640625e-5,-0.5409260000000131,time_since_previous_projection_seconds,cumulative_projection_time_seconds,automotive02_01
832,2026-09-30T22:16:11Z,dataset_9/uvl/automotive02_01.uvl,832,2074,1,0.010929,9.105335,271.262248,9.105335,271.262248,261.615543,9.105365,270.720908,3.0000000000640625e-5,-0.541339999999991,time_since_previous_projection_seconds,cumulative_projection_time_seconds,automotive02_01
833,2026-09-30T22:16:11Z,dataset_9/uvl/automotive02_01.uvl,833,2074,1,0.010375,9.11571,271.273046,9.11571,271.273046,261.615543,9.11574,270.731283,3.0000000000640625e-5,-0.5417630000000031,time_since_previous_projection_seconds,cumulative_projection_time_seconds,automotive02_01
834,2026-09-30T22:16:11Z,dataset_9/uvl/automotive02_01.uvl,834,2074,1,0.010447,9.126157,271.28389,9.126157,271.28389,261.615543,9.126187,270.74173,3.0000000000640625e-5,-0.5421599999999671,time_since_previous_projection_seconds,cumulative_projection_time_seconds,automotive02_01
835,2026-09-30T22:16:11Z,dataset_9/uvl/automotive02_01.uvl,835,2074,1,0.010548,9.136705,271.2948,9.136705,271.2948,261.615543,9.136735,270.752278,3.0000000000640625e-5,-0.5425220000000195,time_since_previous_projection_seconds,cumulative_projection_time_seconds,automotive02_01
836,2026-09-30T22:16:11Z,dataset_9/uvl/automotive02_01.uvl,836,2074,1,0.010338,9.147043,271.305508,9.147043,271.305508,261.615543,9.147073,270.762616,3.0000000000640625e-5,-0.5428919999999948,time_since_previous_projection_seconds,cumulative_projection_time_seconds,automotive02_01
837,2026-09-30T22:16:11Z,dataset_9/uvl/automotive02_01.uvl,837,2074,1,0.010964,9.158007,271.316827,9.158007,271.316827,261.615543,9.158037,270.77358,3.0000000000640625e-5,-0.543247000000008,time_since_previous_projection_seconds,cumulative_projection_time_seconds,automotive02_01
838,2026-09-30T22:16:11Z,dataset_9/uvl/automotive02_01.uvl,838,2074,1,0.010907,9.168914,271.328095,9.168914,271.328095,261.615543,9.168944,270.784487,3.0000000000640625e-5,-0.5436080000000061,time_since_previous_projection_seconds,cumulative_projection_time_seconds,automotive02_01
839,2026-09-30T22:16:11Z,dataset_9/uvl/automotive02_01.uvl,839,2074,1,0.010419,9.179333,271.33889,9.179333,271.33889,261.615543,9.179363,270.794906,3.0000000000640625e-5,-0.5439839999999663,time_since_previous_projection_seconds,cumulative_projection_time_seconds,automotive02_01
840,2026-09-30T22:16:11Z,dataset_9/uvl/automotive02_01.uvl,840,2074,1,0.010323,9.189656,271.34959,9.189656,271.34959,261.615543,9.189686,270.805229,3.0000000000640625e-5,-0.5443609999999808,time_since_previous_projection_seconds,cumulative_projection_time_seconds,automotive02_01
841,2026-09-30T22:16:11Z,dataset_9/uvl/automotive02_01.uvl,841,2074,1,0.010619,9.200275,271.360569,9.200275,271.360569,261.615543,9.200305,270.815848,3.0000000000640625e-5,-0.5447209999999814,time_since_previous_projection_seconds,cumulative_projection_time_seconds,automotive02_01
842,2026-09-30T22:16:11Z,dataset_9/uvl/automotive02_01.uvl,842,2074,1,0.011476,9.211751,271.372424,9.211751,271.372424,261.615543,9.211781,270.827324,3.0000000000640625e-5,-0.5451000000000477,time_since_previous_projection_seconds,cumulative_projection_time_seconds,automotive02_01
843,2026-09-30T22:16:11Z,dataset_9/uvl/automotive02_01.uvl,843,2074,1,0.010298,9.222049,271.383177,9.222049,271.383177,261.615543,9.222079,270.837622,3.0000000000640625e-5,-0.5455549999999789,time_since_previous_projection_seconds,cumulative_projection_time_seconds,automotive02_01
844,2026-09-30T22:16:11Z,dataset_9/uvl/automotive02_01.uvl,844,2074,1,0.010529,9.232578,271.394198,9.232578,271.394198,261.615543,9.232608,270.84815100000003,3.0000000000640625e-5,-0.5460469999999873,time_since_previous_projection_seconds,cumulative_projection_time_seconds,automotive02_01
845,2026-09-30T22:16:11Z,dataset_9/uvl/automotive02_01.uvl,845,2074,1,0.010652,9.24323,271.405241,9.24323,271.405241,261.615543,9.24326,270.858803,2.999999999886427e-5,-0.5464379999999665,time_since_previous_projection_seconds,cumulative_projection_time_seconds,automotive02_01
846,2026-09-30T22:16:11Z,dataset_9/uvl/automotive02_01.uvl,846,2074,1,0.010683,9.253913,271.416308,9.253913,271.416308,261.615543,9.253943,270.869486,2.999999999886427e-5,-0.5468220000000201,time_since_previous_projection_seconds,cumulative_projection_time_seconds,automotive02_01
847,2026-09-30T22:16:11Z,dataset_9/uvl/automotive02_01.uvl,847,2074,1,0.0103,9.264213,271.426988,9.264213,271.426988,261.615543,9.264243,270.879786,3.0000000000640625e-5,-0.5472019999999702,time_since_previous_projection_seconds,cumulative_projection_time_seconds,automotive02_01
848,2026-09-30T22:16:11Z,dataset_9/uvl/automotive02_01.uvl,848,2074,1,0.010741,9.274954,271.438088,9.274954,271.438088,261.615543,9.274984,270.890527,3.0000000000640625e-5,-0.5475609999999733,time_since_previous_projection_seconds,cumulative_projection_time_seconds,automotive02_01
849,2026-09-30T22:16:11Z,dataset_9/uvl/automotive02_01.uvl,849,2074,1,0.010518,9.285472,271.44899,9.285472,271.44899,261.615543,9.285502,270.901045,2.999999999886427e-5,-0.5479449999999702,time_since_previous_projection_seconds,cumulative_projection_time_seconds,automotive02_01
850,2026-09-30T22:16:11Z,dataset_9/uvl/automotive02_01.uvl,850,2074,1,0.010413,9.295884,271.459773,9.295884,271.459773,261.615543,9.295915,270.911458,3.100000000166858e-5,-0.5483150000000023,time_since_previous_projection_seconds,cumulative_projection_time_seconds,automotive02_01
851,2026-09-30T22:16:11Z,dataset_9/uvl/automotive02_01.uvl,851,2074,1,0.01076,9.306645,271.470847,9.306645,271.470847,261.615543,9.306675,270.922218,3.0000000000640625e-5,-0.5486290000000054,time_since_previous_projection_seconds,cumulative_projection_time_seconds,automotive02_01
852,2026-09-30T22:16:11Z,dataset_9/uvl/automotive02_01.uvl,852,2074,1,0.011005,9.31765,271.482243,9.31765,271.482243,261.615543,9.31768,270.933223,2.999999999886427e-5,-0.5490199999999845,time_since_previous_projection_seconds,cumulative_projection_time_seconds,automotive02_01
853,2026-09-30T22:16:11Z,dataset_9/uvl/automotive02_01.uvl,853,2074,1,0.010418,9.328068,271.493071,9.328068,271.493071,261.615543,9.328098,270.943641,3.0000000000640625e-5,-0.5494299999999726,time_since_previous_projection_seconds,cumulative_projection_time_seconds,automotive02_01
854,2026-09-30T22:16:11Z,dataset_9/uvl/automotive02_01.uvl,854,2074,1,0.01027,9.338338,271.503719,9.338338,271.503719,261.615543,9.338368000000001,270.953911,3.0000000000640625e-5,-0.5498079999999845,time_since_previous_projection_seconds,cumulative_projection_time_seconds,automotive02_01
855,2026-09-30T22:16:11Z,dataset_9/uvl/automotive02_01.uvl,855,2074,1,0.010585,9.348923,271.514652,9.348923,271.514652,261.615543,9.348953,270.964496,3.0000000000640625e-5,-0.5501560000000154,time_since_previous_projection_seconds,cumulative_projection_time_seconds,automotive02_01
856,2026-09-30T22:16:11Z,dataset_9/uvl/automotive02_01.uvl,856,2074,1,0.010569,9.359492,271.525636,9.359492,271.525636,261.615543,9.359522,270.97506500000003,3.0000000000640625e-5,-0.5505709999999908,time_since_previous_projection_seconds,cumulative_projection_time_seconds,automotive02_01
857,2026-09-30T22:16:11Z,dataset_9/uvl/automotive02_01.uvl,857,2074,1,0.010324,9.369816,271.536347,9.369816,271.536347,261.615543,9.369846,270.985389,3.0000000000640625e-5,-0.5509579999999801,time_since_previous_projection_seconds,cumulative_projection_time_seconds,automotive02_01
858,2026-09-30T22:16:11Z,dataset_9/uvl/automotive02_01.uvl,858,2074,1,0.011049,9.380865,271.547776,9.380865,271.547776,261.615543,9.380895,270.996438,3.0000000000640625e-5,-0.551337999999987,time_since_previous_projection_seconds,cumulative_projection_time_seconds,automotive02_01
859,2026-09-30T22:16:11Z,dataset_9/uvl/automotive02_01.uvl,859,2074,1,0.010598,9.391463,271.55881,9.391463,271.55881,261.615543,9.391493,271.007036,3.0000000000640625e-5,-0.5517739999999662,time_since_previous_projection_seconds,cumulative_projection_time_seconds,automotive02_01
860,2026-09-30T22:16:11Z,dataset_9/uvl/automotive02_01.uvl,860,2074,1,0.010352,9.401815,271.569616,9.401815,271.569616,261.615543,9.401845,271.017388,3.0000000000640625e-5,-0.5522280000000137,time_since_previous_projection_seconds,cumulative_projection_time_seconds,automotive02_01
861,2026-09-30T22:16:11Z,dataset_9/uvl/automotive02_01.uvl,861,2074,1,0.010997,9.412812,271.581019,9.412812,271.581019,261.615543,9.412842,271.028385,2.999999999886427e-5,-0.5526340000000118,time_since_previous_projection_seconds,cumulative_projection_time_seconds,automotive02_01
862,2026-09-30T22:16:11Z,dataset_9/uvl/automotive02_01.uvl,862,2074,1,0.010794,9.423606,271.592217,9.423606,271.592217,261.615543,9.423636,271.039179,3.0000000000640625e-5,-0.553038000000015,time_since_previous_projection_seconds,cumulative_projection_time_seconds,automotive02_01
863,2026-09-30T22:16:11Z,dataset_9/uvl/automotive02_01.uvl,863,2074,1,0.010473,9.434079,271.603122,9.434079,271.603122,261.615543,9.434109,271.049652,2.999999999886427e-5,-0.5534700000000043,time_since_previous_projection_seconds,cumulative_projection_time_seconds,automotive02_01
864,2026-09-30T22:16:11Z,dataset_9/uvl/automotive02_01.uvl,864,2074,1,0.010618,9.444696,271.61412,9.444696,271.61412,261.615543,9.444727,271.06027,3.0999999999892225e-5,-0.5538500000000113,time_since_previous_projection_seconds,cumulative_projection_time_seconds,automotive02_01
865,2026-09-30T22:16:11Z,dataset_9/uvl/automotive02_01.uvl,865,2074,1,0.010633,9.455329,271.625143,9.455329,271.625143,261.615543,9.45536,271.070903,3.0999999999892225e-5,-0.554239999999993,time_since_previous_projection_seconds,cumulative_projection_time_seconds,automotive02_01
866,2026-09-30T22:16:11Z,dataset_9/uvl/automotive02_01.uvl,866,2074,1,0.010494,9.465823,271.636015,9.465823,271.636015,261.615543,9.465854,271.081397,3.0999999999892225e-5,-0.5546180000000049,time_since_previous_projection_seconds,cumulative_projection_time_seconds,automotive02_01
867,2026-09-30T22:16:11Z,dataset_9/uvl/automotive02_01.uvl,867,2074,1,0.010252,9.476075,271.646653,9.476075,271.646653,261.615543,9.476106,271.091649,3.0999999999892225e-5,-0.5550039999999967,time_since_previous_projection_seconds,cumulative_projection_time_seconds,automotive02_01
868,2026-09-30T22:16:11Z,dataset_9/uvl/automotive02_01.uvl,868,2074,1,0.010558,9.486632,271.657556,9.486632,271.657556,261.615543,9.486664,271.102207,3.1999999999143824e-5,-0.5553489999999783,time_since_previous_projection_seconds,cumulative_projection_time_seconds,automotive02_01
869,2026-09-30T22:16:11Z,dataset_9/uvl/automotive02_01.uvl,869,2074,1,0.010625,9.497257,271.668544,9.497257,271.668544,261.615543,9.497289,271.112832,3.200000000092018e-5,-0.5557119999999713,time_since_previous_projection_seconds,cumulative_projection_time_seconds,automotive02_01
870,2026-09-30T22:16:11Z,dataset_9/uvl/automotive02_01.uvl,870,2074,1,0.010283,9.507541,271.679188,9.507541,271.679188,261.615543,9.507572,271.123115,3.0999999999892225e-5,-0.5560730000000262,time_since_previous_projection_seconds,cumulative_projection_time_seconds,automotive02_01
871,2026-09-30T22:16:11Z,dataset_9/uvl/automotive02_01.uvl,871,2074,1,0.010592,9.518132,271.69013,9.518132,271.69013,261.615543,9.518164,271.133707,3.200000000092018e-5,-0.5564229999999952,time_since_previous_projection_seconds,cumulative_projection_time_seconds,automotive02_01
872,2026-09-30T22:16:11Z,dataset_9/uvl/automotive02_01.uvl,872,2074,1,0.010466,9.528598,271.700995,9.528598,271.700995,261.615543,9.52863,271.144173,3.1999999999143824e-5,-0.5568219999999542,time_since_previous_projection_seconds,cumulative_projection_time_seconds,automotive02_01
873,2026-09-30T22:16:11Z,dataset_9/uvl/automotive02_01.uvl,873,2074,1,0.010295,9.538894,271.711651,9.538894,271.711651,261.615543,9.538925,271.154468,3.0999999999892225e-5,-0.5571830000000091,time_since_previous_projection_seconds,cumulative_projection_time_seconds,automotive02_01
874,2026-09-30T22:16:11Z,dataset_9/uvl/automotive02_01.uvl,874,2074,1,0.010954,9.549848,271.722958,9.549848,271.722958,261.615543,9.549879,271.165422,3.0999999999892225e-5,-0.5575360000000273,time_since_previous_projection_seconds,cumulative_projection_time_seconds,automotive02_01
875,2026-09-30T22:16:11Z,dataset_9/uvl/automotive02_01.uvl,875,2074,1,0.010909,9.560757,271.734268,9.560757,271.734268,261.615543,9.560788,271.176331,3.0999999999892225e-5,-0.5579369999999813,time_since_previous_projection_seconds,cumulative_projection_time_seconds,automotive02_01
876,2026-09-30T22:16:11Z,dataset_9/uvl/automotive02_01.uvl,876,2074,1,0.010486,9.571242,271.745158,9.571242,271.745158,261.615543,9.571274,271.186817,3.200000000092018e-5,-0.5583409999999844,time_since_previous_projection_seconds,cumulative_projection_time_seconds,automotive02_01
877,2026-09-30T22:16:11Z,dataset_9/uvl/automotive02_01.uvl,877,2074,1,0.010098,9.58134,271.755636,9.58134,271.755636,261.615543,9.581372,271.196915,3.1999999999143824e-5,-0.5587209999999914,time_since_previous_projection_seconds,cumulative_projection_time_seconds,automotive02_01
878,2026-09-30T22:16:11Z,dataset_9/uvl/automotive02_01.uvl,878,2074,1,0.010876,9.592216,271.76686,9.592216,271.76686,261.615543,9.592248,271.207791,3.1999999999143824e-5,-0.5590690000000222,time_since_previous_projection_seconds,cumulative_projection_time_seconds,automotive02_01
879,2026-09-30T22:16:11Z,dataset_9/uvl/automotive02_01.uvl,879,2074,1,0.010645,9.602861,271.777896,9.602861,271.777896,261.615543,9.602893,271.218436,3.1999999999143824e-5,-0.5594600000000014,time_since_previous_projection_seconds,cumulative_projection_time_seconds,automotive02_01
880,2026-09-30T22:16:11Z,dataset_9/uvl/automotive02_01.uvl,880,2074,1,0.010447,9.613308,271.788725,9.613308,271.788725,261.615543,9.6133400000000009,271.228883,3.200000000092018e-5,-0.5598420000000033,time_since_previous_projection_seconds,cumulative_projection_time_seconds,automotive02_01
881,2026-09-30T22:16:11Z,dataset_9/uvl/automotive02_01.uvl,881,2074,1,0.010553,9.623861,271.79963,9.623861,271.79963,261.615543,9.623893,271.239436,3.200000000092018e-5,-0.5601939999999672,time_since_previous_projection_seconds,cumulative_projection_time_seconds,automotive02_01
882,2026-09-30T22:16:11Z,dataset_9/uvl/automotive02_01.uvl,882,2074,1,0.010447,9.634308,271.810455,9.634308,271.810455,261.615543,9.63434,271.249883,3.1999999999143824e-5,-0.5605719999999792,time_since_previous_projection_seconds,cumulative_projection_time_seconds,automotive02_01
883,2026-09-30T22:16:11Z,dataset_9/uvl/automotive02_01.uvl,883,2074,1,0.010231,9.644539,271.821037,9.644539,271.821037,261.615543,9.644571000000001,271.260114,3.200000000092018e-5,-0.5609230000000025,time_since_previous_projection_seconds,cumulative_projection_time_seconds,automotive02_01
884,2026-09-30T22:16:11Z,dataset_9/uvl/automotive02_01.uvl,884,2074,1,0.0104,9.654939,271.831774,9.654939,271.831774,261.615543,9.654971,271.270514,3.1999999999143824e-5,-0.5612600000000043,time_since_previous_projection_seconds,cumulative_projection_time_seconds,automotive02_01
885,2026-09-30T22:16:11Z,dataset_9/uvl/automotive02_01.uvl,885,2074,1,0.010668,9.665607,271.842848,9.665607,271.842848,261.615543,9.665639,271.281182,3.200000000092018e-5,-0.5616660000000024,time_since_previous_projection_seconds,cumulative_projection_time_seconds,automotive02_01
886,2026-09-30T22:16:11Z,dataset_9/uvl/automotive02_01.uvl,886,2074,1,0.010348,9.675954,271.853602,9.675954,271.853602,261.615543,9.675987,271.29153,3.2999999998395424e-5,-0.5620720000000006,time_since_previous_projection_seconds,cumulative_projection_time_seconds,automotive02_01
887,2026-09-30T22:16:11Z,dataset_9/uvl/automotive02_01.uvl,887,2074,1,0.010343,9.686297,271.864381,9.686297,271.864381,261.615543,9.68633,271.301873,3.300000000017178e-5,-0.5625079999999798,time_since_previous_projection_seconds,cumulative_projection_time_seconds,automotive02_01
888,2026-09-30T22:16:11Z,dataset_9/uvl/automotive02_01.uvl,888,2074,1,0.011117,9.697415,271.875867,9.697415,271.875867,261.615543,9.697447,271.31299,3.200000000092018e-5,-0.5628770000000145,time_since_previous_projection_seconds,cumulative_projection_time_seconds,automotive02_01
889,2026-09-30T22:16:11Z,dataset_9/uvl/automotive02_01.uvl,889,2074,1,0.0119,9.709315,271.888191,9.709315,271.888191,261.615543,9.709347,271.32489,3.1999999999143824e-5,-0.563301000000024,time_since_previous_projection_seconds,cumulative_projection_time_seconds,automotive02_01
890,2026-09-30T22:16:11Z,dataset_9/uvl/automotive02_01.uvl,890,2074,1,0.010355,9.71967,271.898963,9.71967,271.898963,261.615543,9.719702,271.335245,3.1999999999143824e-5,-0.5637179999999944,time_since_previous_projection_seconds,cumulative_projection_time_seconds,automotive02_01
891,2026-09-30T22:16:11Z,dataset_9/uvl/automotive02_01.uvl,891,2074,1,0.010681,9.730352,271.909988,9.730352,271.909988,261.615543,9.730383,271.345926,3.0999999999892225e-5,-0.5640619999999785,time_since_previous_projection_seconds,cumulative_projection_time_seconds,automotive02_01
892,2026-09-30T22:16:11Z,dataset_9/uvl/automotive02_01.uvl,892,2074,1,0.010571,9.740923,271.920946,9.740923,271.920946,261.615543,9.740954,271.356497,3.0999999999892225e-5,-0.5644490000000246,time_since_previous_projection_seconds,cumulative_projection_time_seconds,automotive02_01
893,2026-09-30T22:16:11Z,dataset_9/uvl/automotive02_01.uvl,893,2074,1,0.010309,9.751232,271.93163,9.751232,271.93163,261.615543,9.751263,271.366806,3.0999999999892225e-5,-0.5648239999999873,time_since_previous_projection_seconds,cumulative_projection_time_seconds,automotive02_01
894,2026-09-30T22:16:11Z,dataset_9/uvl/automotive02_01.uvl,894,2074,1,0.010489,9.761721,271.942464,9.761721,271.942464,261.615543,9.761752,271.377295,3.0999999999892225e-5,-0.565168999999969,time_since_previous_projection_seconds,cumulative_projection_time_seconds,automotive02_01
895,2026-09-30T22:16:11Z,dataset_9/uvl/automotive02_01.uvl,895,2074,1,0.010512,9.772233,271.95336,9.772233,271.95336,261.615543,9.772264,271.387807,3.0999999999892225e-5,-0.5655529999999658,time_since_previous_projection_seconds,cumulative_projection_time_seconds,automotive02_01
896,2026-09-30T22:16:11Z,dataset_9/uvl/automotive02_01.uvl,896,2074,1,0.010416,9.782649,271.964143,9.782649,271.964143,261.615543,9.78268,271.39822300000003,3.0999999999892225e-5,-0.5659199999999487,time_since_previous_projection_seconds,cumulative_projection_time_seconds,automotive02_01
897,2026-09-30T22:16:11Z,dataset_9/uvl/automotive02_01.uvl,897,2074,1,0.010452,9.793101,271.975101,9.793101,271.975101,261.615543,9.793132,271.408675,3.0999999999892225e-5,-0.5664259999999786,time_since_previous_projection_seconds,cumulative_projection_time_seconds,automotive02_01
898,2026-09-30T22:16:11Z,dataset_9/uvl/automotive02_01.uvl,898,2074,1,0.011387,9.804488,271.986858,9.804488,271.986858,261.615543,9.804519,271.42006200000003,3.100000000166858e-5,-0.5667959999999539,time_since_previous_projection_seconds,cumulative_projection_time_seconds,automotive02_01
899,2026-09-30T22:16:11Z,dataset_9/uvl/automotive02_01.uvl,899,2074,1,0.010931,9.815418,271.998154,9.815418,271.998154,261.615543,9.81545,271.430993,3.200000000092018e-5,-0.5671609999999987,time_since_previous_projection_seconds,cumulative_projection_time_seconds,automotive02_01
900,2026-09-30T22:16:11Z,dataset_9/uvl/automotive02_01.uvl,900,2074,1,0.010424,9.825843,272.008963,9.825843,272.008963,261.615543,9.825874,271.441417,3.0999999999892225e-5,-0.567545999999993,time_since_previous_projection_seconds,cumulative_projection_time_seconds,automotive02_01
901,2026-09-30T22:16:11Z,dataset_9/uvl/automotive02_01.uvl,901,2074,1,0.011085,9.836928,272.020403,9.836928,272.020403,261.615543,9.836959,271.452502,3.0999999999892225e-5,-0.5679010000000062,time_since_previous_projection_seconds,cumulative_projection_time_seconds,automotive02_01
902,2026-09-30T22:16:11Z,dataset_9/uvl/automotive02_01.uvl,902,2074,1,0.010492,9.84742,272.031267,9.84742,272.031267,261.615543,9.847451,271.462994,3.0999999999892225e-5,-0.5682730000000333,time_since_previous_projection_seconds,cumulative_projection_time_seconds,automotive02_01
903,2026-09-30T22:16:11Z,dataset_9/uvl/automotive02_01.uvl,903,2074,1,0.010545,9.857965,272.042199,9.857965,272.042199,261.615543,9.857996,271.473539,3.0999999999892225e-5,-0.5686599999999657,time_since_previous_projection_seconds,cumulative_projection_time_seconds,automotive02_01
904,2026-09-30T22:16:11Z,dataset_9/uvl/automotive02_01.uvl,904,2074,1,0.01033,9.868294,272.052943,9.868294,272.052943,261.615543,9.868326,271.483869,3.1999999999143824e-5,-0.5690740000000005,time_since_previous_projection_seconds,cumulative_projection_time_seconds,automotive02_01
905,2026-09-30T22:16:11Z,dataset_9/uvl/automotive02_01.uvl,905,2074,1,0.010523,9.878817,272.063825,9.878817,272.063825,261.615543,9.878849,271.494392,3.200000000092018e-5,-0.5694330000000036,time_since_previous_projection_seconds,cumulative_projection_time_seconds,automotive02_01
906,2026-09-30T22:16:11Z,dataset_9/uvl/automotive02_01.uvl,906,2074,1,0.010516,9.889333,272.074723,9.889333,272.074723,261.615543,9.889365,271.504908,3.1999999999143824e-5,-0.5698150000000055,time_since_previous_projection_seconds,cumulative_projection_time_seconds,automotive02_01
907,2026-09-30T22:16:12Z,dataset_9/uvl/automotive02_01.uvl,907,2074,1,0.011103,9.900436,272.087096,9.900436,272.087096,261.615543,9.900468,271.516011,3.200000000092018e-5,-0.5710849999999823,time_since_previous_projection_seconds,cumulative_projection_time_seconds,automotive02_01
908,2026-09-30T22:16:12Z,dataset_9/uvl/automotive02_01.uvl,908,2074,1,0.012404,9.91284,272.099865,9.91284,272.099865,261.615543,9.912872,271.528415,3.200000000092018e-5,-0.5714500000000271,time_since_previous_projection_seconds,cumulative_projection_time_seconds,automotive02_01
909,2026-09-30T22:16:12Z,dataset_9/uvl/automotive02_01.uvl,909,2074,1,0.011644,9.924483,272.111889,9.924483,272.111889,261.615543,9.924516,271.540059,3.300000000017178e-5,-0.571830000000034,time_since_previous_projection_seconds,cumulative_projection_time_seconds,automotive02_01
910,2026-09-30T22:16:12Z,dataset_9/uvl/automotive02_01.uvl,910,2074,1,0.011186,9.935669,272.123454,9.935669,272.123454,261.615543,9.935702,271.551245,3.2999999998395424e-5,-0.5722089999999866,time_since_previous_projection_seconds,cumulative_projection_time_seconds,automotive02_01
911,2026-09-30T22:16:12Z,dataset_9/uvl/automotive02_01.uvl,911,2074,1,0.010709,9.946378,272.134521,9.946378,272.134521,261.615543,9.946411,271.561954,3.300000000017178e-5,-0.5725669999999923,time_since_previous_projection_seconds,cumulative_projection_time_seconds,automotive02_01
912,2026-09-30T22:16:12Z,dataset_9/uvl/automotive02_01.uvl,912,2074,1,0.010677,9.957055,272.145551,9.957055,272.145551,261.615543,9.957088,271.572631,3.300000000017178e-5,-0.5729200000000105,time_since_previous_projection_seconds,cumulative_projection_time_seconds,automotive02_01
913,2026-09-30T22:16:12Z,dataset_9/uvl/automotive02_01.uvl,913,2074,1,0.010547,9.967601,272.156443,9.967601,272.156443,261.615543,9.967635,271.583178,3.399999999942338e-5,-0.573265000000049,time_since_previous_projection_seconds,cumulative_projection_time_seconds,automotive02_01
914,2026-09-30T22:16:12Z,dataset_9/uvl/automotive02_01.uvl,914,2074,1,0.010127,9.977728,272.166916,9.977728,272.166916,261.615543,9.977762,271.593305,3.399999999942338e-5,-0.5736110000000281,time_since_previous_projection_seconds,cumulative_projection_time_seconds,automotive02_01
915,2026-09-30T22:16:12Z,dataset_9/uvl/automotive02_01.uvl,915,2074,1,0.010815,9.988543,272.178065,9.988543,272.178065,261.615543,9.988577,271.60412,3.399999999942338e-5,-0.5739449999999806,time_since_previous_projection_seconds,cumulative_projection_time_seconds,automotive02_01
916,2026-09-30T22:16:12Z,dataset_9/uvl/automotive02_01.uvl,916,2074,1,0.010521,9.999064,272.18894,9.999064,272.18894,261.615543,9.999098,271.614641,3.399999999942338e-5,-0.5742989999999963,time_since_previous_projection_seconds,cumulative_projection_time_seconds,automotive02_01
917,2026-09-30T22:16:12Z,dataset_9/uvl/automotive02_01.uvl,917,2074,1,0.010543,10.009607,272.199831,10.009607,272.199831,261.615543,10.009641,271.625184,3.399999999942338e-5,-0.5746470000000272,time_since_previous_projection_seconds,cumulative_projection_time_seconds,automotive02_01
918,2026-09-30T22:16:12Z,dataset_9/uvl/automotive02_01.uvl,918,2074,1,0.010709,10.020316,272.210929,10.020316,272.210929,261.615543,10.02035,271.635893,3.400000000119974e-5,-0.5750360000000114,time_since_previous_projection_seconds,cumulative_projection_time_seconds,automotive02_01
919,2026-09-30T22:16:12Z,dataset_9/uvl/automotive02_01.uvl,919,2074,1,0.010687,10.031003,272.221966,10.031003,272.221966,261.615543,10.031037,271.64658000000003,3.399999999942338e-5,-0.5753859999999804,time_since_previous_projection_seconds,cumulative_projection_time_seconds,automotive02_01
920,2026-09-30T22:16:12Z,dataset_9/uvl/automotive02_01.uvl,920,2074,1,0.010582,10.041585,272.232943,10.041585,272.232943,261.615543,10.041619,271.657162,3.400000000119974e-5,-0.5757809999999495,time_since_previous_projection_seconds,cumulative_projection_time_seconds,automotive02_01
921,2026-09-30T22:16:12Z,dataset_9/uvl/automotive02_01.uvl,921,2074,1,0.010298,10.051883,272.243593,10.051883,272.243593,261.615543,10.051917,271.66746,3.399999999942338e-5,-0.5761329999999703,time_since_previous_projection_seconds,cumulative_projection_time_seconds,automotive02_01
922,2026-09-30T22:16:12Z,dataset_9/uvl/automotive02_01.uvl,922,2074,1,0.010619,10.062501,272.254546,10.062501,272.254546,261.615543,10.062536,271.678079,3.500000000045134e-5,-0.5764669999999796,time_since_previous_projection_seconds,cumulative_projection_time_seconds,automotive02_01
923,2026-09-30T22:16:12Z,dataset_9/uvl/automotive02_01.uvl,923,2074,1,0.010556,10.073057,272.265487,10.073057,272.265487,261.615543,10.073092,271.688635,3.500000000045134e-5,-0.5768520000000308,time_since_previous_projection_seconds,cumulative_projection_time_seconds,automotive02_01
924,2026-09-30T22:16:12Z,dataset_9/uvl/automotive02_01.uvl,924,2074,1,0.010269,10.083326,272.276124,10.083326,272.276124,261.615543,10.083361,271.698904,3.500000000045134e-5,-0.5772199999999543,time_since_previous_projection_seconds,cumulative_projection_time_seconds,automotive02_01
925,2026-09-30T22:16:12Z,dataset_9/uvl/automotive02_01.uvl,925,2074,1,0.010496,10.093822,272.286956,10.093822,272.286956,261.615543,10.093857,271.7094,3.500000000045134e-5,-0.5775559999999587,time_since_previous_projection_seconds,cumulative_projection_time_seconds,automotive02_01
926,2026-09-30T22:16:12Z,dataset_9/uvl/automotive02_01.uvl,926,2074,1,0.010666,10.104488,272.297973,10.104488,272.297973,261.615543,10.104523,271.720066,3.500000000045134e-5,-0.5779070000000388,time_since_previous_projection_seconds,cumulative_projection_time_seconds,automotive02_01
927,2026-09-30T22:16:12Z,dataset_9/uvl/automotive02_01.uvl,927,2074,1,0.010343,10.114831,272.308694,10.114831,272.308694,261.615543,10.114866,271.730409,3.499999999867498e-5,-0.5782849999999939,time_since_previous_projection_seconds,cumulative_projection_time_seconds,automotive02_01
928,2026-09-30T22:16:12Z,dataset_9/uvl/automotive02_01.uvl,928,2074,1,0.01027,10.125101,272.319472,10.125101,272.319472,261.615543,10.125136,271.740679,3.499999999867498e-5,-0.5787930000000188,time_since_previous_projection_seconds,cumulative_projection_time_seconds,automotive02_01
929,2026-09-30T22:16:12Z,dataset_9/uvl/automotive02_01.uvl,929,2074,1,0.010702,10.135803,272.330544,10.135803,272.330544,261.615543,10.135838,271.751381,3.500000000045134e-5,-0.5791629999999941,time_since_previous_projection_seconds,cumulative_projection_time_seconds,automotive02_01
930,2026-09-30T22:16:12Z,dataset_9/uvl/automotive02_01.uvl,930,2074,1,0.010568,10.146371,272.341483,10.146371,272.341483,261.615543,10.146406,271.761949,3.500000000045134e-5,-0.5795339999999669,time_since_previous_projection_seconds,cumulative_projection_time_seconds,automotive02_01
931,2026-09-30T22:16:12Z,dataset_9/uvl/automotive02_01.uvl,931,2074,1,0.010329,10.1567,272.352181,10.1567,272.352181,261.615543,10.156735,271.77227800000003,3.499999999867498e-5,-0.5799029999999448,time_since_previous_projection_seconds,cumulative_projection_time_seconds,automotive02_01
932,2026-09-30T22:16:12Z,dataset_9/uvl/automotive02_01.uvl,932,2074,1,0.010843,10.167543,272.363382,10.167543,272.363382,261.615543,10.167578,271.783121,3.500000000045134e-5,-0.5802610000000072,time_since_previous_projection_seconds,cumulative_projection_time_seconds,automotive02_01
933,2026-09-30T22:16:12Z,dataset_9/uvl/automotive02_01.uvl,933,2074,1,0.010668,10.178211,272.374437,10.178211,272.374437,261.615543,10.178246,271.793789,3.500000000045134e-5,-0.5806479999999965,time_since_previous_projection_seconds,cumulative_projection_time_seconds,automotive02_01
934,2026-09-30T22:16:12Z,dataset_9/uvl/automotive02_01.uvl,934,2074,1,0.010359,10.18857,272.385181,10.18857,272.385181,261.615543,10.188605,271.804148,3.500000000045134e-5,-0.5810329999999908,time_since_previous_projection_seconds,cumulative_projection_time_seconds,automotive02_01
935,2026-09-30T22:16:12Z,dataset_9/uvl/automotive02_01.uvl,935,2074,1,0.01058,10.19915,272.396129,10.19915,272.396129,261.615543,10.199185,271.814728,3.500000000045134e-5,-0.5814009999999712,time_since_previous_projection_seconds,cumulative_projection_time_seconds,automotive02_01
936,2026-09-30T22:16:12Z,dataset_9/uvl/automotive02_01.uvl,936,2074,1,0.010492,10.209642,272.406994,10.209642,272.406994,261.615543,10.209677,271.82522,3.499999999867498e-5,-0.5817739999999958,time_since_previous_projection_seconds,cumulative_projection_time_seconds,automotive02_01
937,2026-09-30T22:16:12Z,dataset_9/uvl/automotive02_01.uvl,937,2074,1,0.010376,10.220018,272.417745,10.220018,272.417745,261.615543,10.220053,271.835596,3.500000000045134e-5,-0.5821490000000153,time_since_previous_projection_seconds,cumulative_projection_time_seconds,automotive02_01
938,2026-09-30T22:16:12Z,dataset_9/uvl/automotive02_01.uvl,938,2074,1,0.010449,10.230467,272.42872,10.230467,272.42872,261.615543,10.230502,271.846045,3.499999999867498e-5,-0.5826749999999947,time_since_previous_projection_seconds,cumulative_projection_time_seconds,automotive02_01
939,2026-09-30T22:16:12Z,dataset_9/uvl/automotive02_01.uvl,939,2074,1,0.010845,10.241312,272.439919,10.241312,272.439919,261.615543,10.241347,271.85689,3.499999999867498e-5,-0.5830289999999536,time_since_previous_projection_seconds,cumulative_projection_time_seconds,automotive02_01
940,2026-09-30T22:16:12Z,dataset_9/uvl/automotive02_01.uvl,940,2074,1,0.010762,10.252075,272.451067,10.252075,272.451067,261.615543,10.252109,271.867652,3.400000000119974e-5,-0.5834150000000022,time_since_previous_projection_seconds,cumulative_projection_time_seconds,automotive02_01
941,2026-09-30T22:16:12Z,dataset_9/uvl/automotive02_01.uvl,941,2074,1,0.010419,10.262493,272.461852,10.262493,272.461852,261.615543,10.262528,271.878071,3.500000000045134e-5,-0.5837810000000445,time_since_previous_projection_seconds,cumulative_projection_time_seconds,automotive02_01
942,2026-09-30T22:16:12Z,dataset_9/uvl/automotive02_01.uvl,942,2074,1,0.010815,10.273308,272.472976,10.273308,272.472976,261.615543,10.273343,271.888886,3.500000000045134e-5,-0.5840900000000033,time_since_previous_projection_seconds,cumulative_projection_time_seconds,automotive02_01
943,2026-09-30T22:16:12Z,dataset_9/uvl/automotive02_01.uvl,943,2074,1,0.010689,10.283997,272.484044,10.283997,272.484044,261.615543,10.284032,271.899575,3.500000000045134e-5,-0.5844689999999559,time_since_previous_projection_seconds,cumulative_projection_time_seconds,automotive02_01
944,2026-09-30T22:16:12Z,dataset_9/uvl/automotive02_01.uvl,944,2074,1,0.01035,10.294347,272.494751,10.294347,272.494751,261.615543,10.294382,271.909925,3.500000000045134e-5,-0.5848260000000209,time_since_previous_projection_seconds,cumulative_projection_time_seconds,automotive02_01
945,2026-09-30T22:16:12Z,dataset_9/uvl/automotive02_01.uvl,945,2074,1,0.010507,10.304853,272.505605,10.304853,272.505605,261.615543,10.304889,271.920432,3.5999999999702936e-5,-0.5851729999999975,time_since_previous_projection_seconds,cumulative_projection_time_seconds,automotive02_01
946,2026-09-30T22:16:12Z,dataset_9/uvl/automotive02_01.uvl,946,2074,1,0.010514,10.315367,272.516483,10.315367,272.516483,261.615543,10.315403,271.930946,3.5999999999702936e-5,-0.585536999999988,time_since_previous_projection_seconds,cumulative_projection_time_seconds,automotive02_01
947,2026-09-30T22:16:12Z,dataset_9/uvl/automotive02_01.uvl,947,2074,1,0.010356,10.325723,272.527207,10.325723,272.527207,261.615543,10.325759,271.941302,3.5999999999702936e-5,-0.5859049999999684,time_since_previous_projection_seconds,cumulative_projection_time_seconds,automotive02_01
948,2026-09-30T22:16:12Z,dataset_9/uvl/automotive02_01.uvl,948,2074,1,0.010445,10.336168,272.537991,10.336168,272.537991,261.615543,10.336204,271.951747,3.5999999999702936e-5,-0.5862439999999651,time_since_previous_projection_seconds,cumulative_projection_time_seconds,automotive02_01
949,2026-09-30T22:16:12Z,dataset_9/uvl/automotive02_01.uvl,949,2074,1,0.010486,10.346655,272.548819,10.346655,272.548819,261.615543,10.34669,271.962233,3.500000000045134e-5,-0.5865859999999543,time_since_previous_projection_seconds,cumulative_projection_time_seconds,automotive02_01
950,2026-09-30T22:16:12Z,dataset_9/uvl/automotive02_01.uvl,950,2074,1,0.010442,10.357097,272.559622,10.357097,272.559622,261.615543,10.357132,271.972675,3.500000000045134e-5,-0.5869470000000092,time_since_previous_projection_seconds,cumulative_projection_time_seconds,automotive02_01
951,2026-09-30T22:16:12Z,dataset_9/uvl/automotive02_01.uvl,951,2074,1,0.01042,10.367517,272.570419,10.367517,272.570419,261.615543,10.367552,271.983095,3.500000000045134e-5,-0.5873240000000237,time_since_previous_projection_seconds,cumulative_projection_time_seconds,automotive02_01
952,2026-09-30T22:16:12Z,dataset_9/uvl/automotive02_01.uvl,952,2074,1,0.010985,10.378502,272.581777,10.378502,272.581777,261.615543,10.378537,271.99408,3.500000000045134e-5,-0.5876969999999915,time_since_previous_projection_seconds,cumulative_projection_time_seconds,automotive02_01
953,2026-09-30T22:16:12Z,dataset_9/uvl/automotive02_01.uvl,953,2074,1,0.010561,10.389063,272.592721,10.389063,272.592721,261.615543,10.389098,272.004641,3.500000000045134e-5,-0.5880799999999908,time_since_previous_projection_seconds,cumulative_projection_time_seconds,automotive02_01
954,2026-09-30T22:16:12Z,dataset_9/uvl/automotive02_01.uvl,954,2074,1,0.010442,10.399505,272.603577,10.399505,272.603577,261.615543,10.39954,272.015083,3.500000000045134e-5,-0.5884939999999688,time_since_previous_projection_seconds,cumulative_projection_time_seconds,automotive02_01
955,2026-09-30T22:16:12Z,dataset_9/uvl/automotive02_01.uvl,955,2074,1,0.011343,10.410848,272.615321,10.410848,272.615321,261.615543,10.410883,272.026426,3.500000000045134e-5,-0.5888949999999795,time_since_previous_projection_seconds,cumulative_projection_time_seconds,automotive02_01
956,2026-09-30T22:16:12Z,dataset_9/uvl/automotive02_01.uvl,956,2074,1,0.011333,10.422181,272.627027,10.422181,272.627027,261.615543,10.422216,272.037759,3.500000000045134e-5,-0.5892680000000041,time_since_previous_projection_seconds,cumulative_projection_time_seconds,automotive02_01
957,2026-09-30T22:16:12Z,dataset_9/uvl/automotive02_01.uvl,957,2074,1,0.011883,10.434064,272.639279,10.434064,272.639279,261.615543,10.434099,272.049642,3.500000000045134e-5,-0.589636999999982,time_since_previous_projection_seconds,cumulative_projection_time_seconds,automotive02_01
958,2026-09-30T22:16:12Z,dataset_9/uvl/automotive02_01.uvl,958,2074,1,0.011314,10.445378,272.650988,10.445378,272.650988,261.615543,10.445413,272.060956,3.500000000045134e-5,-0.5900320000000079,time_since_previous_projection_seconds,cumulative_projection_time_seconds,automotive02_01
959,2026-09-30T22:16:12Z,dataset_9/uvl/automotive02_01.uvl,959,2074,1,0.011488,10.456866,272.662856,10.456866,272.662856,261.615543,10.456901,272.072444,3.500000000045134e-5,-0.590411999999958,time_since_previous_projection_seconds,cumulative_projection_time_seconds,automotive02_01
960,2026-09-30T22:16:12Z,dataset_9/uvl/automotive02_01.uvl,960,2074,1,0.011532,10.468397,272.67476,10.468397,272.67476,261.615543,10.468433,272.083976,3.5999999999702936e-5,-0.5907839999999851,time_since_previous_projection_seconds,cumulative_projection_time_seconds,automotive02_01
961,2026-09-30T22:16:12Z,dataset_9/uvl/automotive02_01.uvl,961,2074,1,0.011128,10.479525,272.686245,10.479525,272.686245,261.615543,10.479561,272.095104,3.5999999999702936e-5,-0.5911409999999933,time_since_previous_projection_seconds,cumulative_projection_time_seconds,automotive02_01
962,2026-09-30T22:16:12Z,dataset_9/uvl/automotive02_01.uvl,962,2074,1,0.011013,10.490538,272.697645,10.490538,272.697645,261.615543,10.490574,272.106117,3.5999999999702936e-5,-0.5915280000000394,time_since_previous_projection_seconds,cumulative_projection_time_seconds,automotive02_01
963,2026-09-30T22:16:12Z,dataset_9/uvl/automotive02_01.uvl,963,2074,1,0.010984,10.501521,272.708971,10.501521,272.708971,261.615543,10.501558,272.117101,3.6999999998954536e-5,-0.5918700000000285,time_since_previous_projection_seconds,cumulative_projection_time_seconds,automotive02_01
964,2026-09-30T22:16:12Z,dataset_9/uvl/automotive02_01.uvl,964,2074,1,0.011113,10.512635,272.720416,10.512635,272.720416,261.615543,10.512671,272.128214,3.5999999999702936e-5,-0.5922019999999861,time_since_previous_projection_seconds,cumulative_projection_time_seconds,automotive02_01
965,2026-09-30T22:16:12Z,dataset_9/uvl/automotive02_01.uvl,965,2074,1,0.010268,10.522903,272.731062,10.522903,272.731062,261.615543,10.522939,272.138482,3.5999999999702936e-5,-0.5925799999999981,time_since_previous_projection_seconds,cumulative_projection_time_seconds,automotive02_01
966,2026-09-30T22:16:12Z,dataset_9/uvl/automotive02_01.uvl,966,2074,1,0.010298,10.533201,272.741698,10.533201,272.741698,261.615543,10.533237,272.14878,3.5999999999702936e-5,-0.5929179999999974,time_since_previous_projection_seconds,cumulative_projection_time_seconds,automotive02_01
967,2026-09-30T22:16:12Z,dataset_9/uvl/automotive02_01.uvl,967,2074,1,0.010361,10.543561,272.752411,10.543561,272.752411,261.615543,10.543598,272.159141,3.6999999998954536e-5,-0.5932700000000182,time_since_previous_projection_seconds,cumulative_projection_time_seconds,automotive02_01
968,2026-09-30T22:16:12Z,dataset_9/uvl/automotive02_01.uvl,968,2074,1,0.010265,10.553827,272.763027,10.553827,272.763027,261.615543,10.553863,272.169406,3.5999999999702936e-5,-0.5936210000000415,time_since_previous_projection_seconds,cumulative_projection_time_seconds,automotive02_01
969,2026-09-30T22:16:12Z,dataset_9/uvl/automotive02_01.uvl,969,2074,1,0.010512,10.564338,272.773859,10.564338,272.773859,261.615543,10.564375,272.179918,3.700000000073089e-5,-0.5939410000000294,time_since_previous_projection_seconds,cumulative_projection_time_seconds,automotive02_01
970,2026-09-30T22:16:12Z,dataset_9/uvl/automotive02_01.uvl,970,2074,1,0.010849,10.575187,272.78509,10.575187,272.78509,261.615543,10.575224,272.190767,3.700000000073089e-5,-0.5943230000000312,time_since_previous_projection_seconds,cumulative_projection_time_seconds,automotive02_01
971,2026-09-30T22:16:12Z,dataset_9/uvl/automotive02_01.uvl,971,2074,1,0.010271,10.585458,272.795709,10.585458,272.795709,261.615543,10.585495,272.201038,3.700000000073089e-5,-0.5946710000000053,time_since_previous_projection_seconds,cumulative_projection_time_seconds,automotive02_01
972,2026-09-30T22:16:12Z,dataset_9/uvl/automotive02_01.uvl,972,2074,1,0.010607,10.596065,272.806824,10.596065,272.806824,261.615543,10.596102,272.211645,3.700000000073089e-5,-0.5951790000000301,time_since_previous_projection_seconds,cumulative_projection_time_seconds,automotive02_01
973,2026-09-30T22:16:12Z,dataset_9/uvl/automotive02_01.uvl,973,2074,1,0.011481,10.607546,272.818652,10.607546,272.818652,261.615543,10.607583,272.223126,3.700000000073089e-5,-0.5955260000000067,time_since_previous_projection_seconds,cumulative_projection_time_seconds,automotive02_01
974,2026-09-30T22:16:12Z,dataset_9/uvl/automotive02_01.uvl,974,2074,1,0.012899,10.620445,272.831899,10.620445,272.831899,261.615543,10.620482,272.236025,3.700000000073089e-5,-0.5958740000000375,time_since_previous_projection_seconds,cumulative_projection_time_seconds,automotive02_01
975,2026-09-30T22:16:12Z,dataset_9/uvl/automotive02_01.uvl,975,2074,1,0.010993,10.631438,272.843309,10.631438,272.843309,261.615543,10.631475,272.247018,3.700000000073089e-5,-0.596290999999951,time_since_previous_projection_seconds,cumulative_projection_time_seconds,automotive02_01
976,2026-09-30T22:16:12Z,dataset_9/uvl/automotive02_01.uvl,976,2074,1,0.01036,10.641797,272.854032,10.641797,272.854032,261.615543,10.641835,272.257378,3.799999999998249e-5,-0.5966540000000009,time_since_previous_projection_seconds,cumulative_projection_time_seconds,automotive02_01
977,2026-09-30T22:16:12Z,dataset_9/uvl/automotive02_01.uvl,977,2074,1,0.010635,10.652432,272.864995,10.652432,272.864995,261.615543,10.65247,272.268013,3.799999999998249e-5,-0.5969820000000254,time_since_previous_projection_seconds,cumulative_projection_time_seconds,automotive02_01
978,2026-09-30T22:16:12Z,dataset_9/uvl/automotive02_01.uvl,978,2074,1,0.011504,10.663937,272.876882,10.663937,272.876882,261.615543,10.663974,272.279517,3.6999999998954536e-5,-0.5973650000000248,time_since_previous_projection_seconds,cumulative_projection_time_seconds,automotive02_01
979,2026-09-30T22:16:12Z,dataset_9/uvl/automotive02_01.uvl,979,2074,1,0.01041,10.674347,272.887718,10.674347,272.887718,261.615543,10.674384,272.289927,3.700000000073089e-5,-0.5977910000000293,time_since_previous_projection_seconds,cumulative_projection_time_seconds,automotive02_01
980,2026-09-30T22:16:12Z,dataset_9/uvl/automotive02_01.uvl,980,2074,1,0.010671,10.685018,272.898745,10.685018,272.898745,261.615543,10.685055,272.300598,3.700000000073089e-5,-0.59814700000004,time_since_previous_projection_seconds,cumulative_projection_time_seconds,automotive02_01
981,2026-09-30T22:16:12Z,dataset_9/uvl/automotive02_01.uvl,981,2074,1,0.010507,10.695525,272.909614,10.695525,272.909614,261.615543,10.695562,272.311105,3.700000000073089e-5,-0.5985089999999786,time_since_previous_projection_seconds,cumulative_projection_time_seconds,automotive02_01
982,2026-09-30T22:16:12Z,dataset_9/uvl/automotive02_01.uvl,982,2074,1,0.010316,10.705841,272.920304,10.705841,272.920304,261.615543,10.705878,272.321421,3.700000000073089e-5,-0.5988830000000007,time_since_previous_projection_seconds,cumulative_projection_time_seconds,automotive02_01
983,2026-09-30T22:16:12Z,dataset_9/uvl/automotive02_01.uvl,983,2074,1,0.010642,10.716483,272.931287,10.716483,272.931287,261.615543,10.71652,272.332063,3.6999999998954536e-5,-0.5992239999999924,time_since_previous_projection_seconds,cumulative_projection_time_seconds,automotive02_01
984,2026-09-30T22:16:12Z,dataset_9/uvl/automotive02_01.uvl,984,2074,1,0.010498,10.726981,272.94216,10.726981,272.94216,261.615543,10.727018,272.342561,3.6999999998954536e-5,-0.599599000000012,time_since_previous_projection_seconds,cumulative_projection_time_seconds,automotive02_01
985,2026-09-30T22:16:12Z,dataset_9/uvl/automotive02_01.uvl,985,2074,1,0.010301,10.737282,272.952825,10.737282,272.952825,261.615543,10.737319,272.352862,3.6999999998954536e-5,-0.5999630000000025,time_since_previous_projection_seconds,cumulative_projection_time_seconds,automotive02_01
986,2026-09-30T22:16:12Z,dataset_9/uvl/automotive02_01.uvl,986,2074,1,0.010754,10.748036,272.964109,10.748036,272.964109,261.615543,10.748073,272.363616,3.6999999998954536e-5,-0.6004930000000286,time_since_previous_projection_seconds,cumulative_projection_time_seconds,automotive02_01
987,2026-09-30T22:16:12Z,dataset_9/uvl/automotive02_01.uvl,987,2074,1,0.010716,10.758751,272.975193,10.758751,272.975193,261.615543,10.758789,272.374332,3.799999999998249e-5,-0.600861000000009,time_since_previous_projection_seconds,cumulative_projection_time_seconds,automotive02_01
988,2026-09-30T22:16:12Z,dataset_9/uvl/automotive02_01.uvl,988,2074,1,0.011,10.769751,272.986569,10.769751,272.986569,261.615543,10.769789,272.385332,3.799999999998249e-5,-0.6012369999999692,time_since_previous_projection_seconds,cumulative_projection_time_seconds,automotive02_01
989,2026-09-30T22:16:12Z,dataset_9/uvl/automotive02_01.uvl,989,2074,1,0.010271,10.780022,272.997219,10.780022,272.997219,261.615543,10.78006,272.395603,3.799999999998249e-5,-0.6016159999999786,time_since_previous_projection_seconds,cumulative_projection_time_seconds,automotive02_01
990,2026-09-30T22:16:12Z,dataset_9/uvl/automotive02_01.uvl,990,2074,1,0.010735,10.790757,273.008287,10.790757,273.008287,261.615543,10.790795,272.406338,3.799999999998249e-5,-0.6019489999999905,time_since_previous_projection_seconds,cumulative_projection_time_seconds,automotive02_01
991,2026-09-30T22:16:12Z,dataset_9/uvl/automotive02_01.uvl,991,2074,1,0.010672,10.801429,273.019322,10.801429,273.019322,261.615543,10.801467,272.41701,3.799999999998249e-5,-0.6023119999999835,time_since_previous_projection_seconds,cumulative_projection_time_seconds,automotive02_01
992,2026-09-30T22:16:12Z,dataset_9/uvl/automotive02_01.uvl,992,2074,1,0.010383999999999999,10.811813,273.030072,10.811813,273.030072,261.615543,10.811851,272.427394,3.799999999998249e-5,-0.6026780000000258,time_since_previous_projection_seconds,cumulative_projection_time_seconds,automotive02_01
993,2026-09-30T22:16:12Z,dataset_9/uvl/automotive02_01.uvl,993,2074,1,0.010354,10.822167,273.040851,10.822167,273.040851,261.615543,10.822205,272.437748,3.799999999998249e-5,-0.603102999999976,time_since_previous_projection_seconds,cumulative_projection_time_seconds,automotive02_01
994,2026-09-30T22:16:12Z,dataset_9/uvl/automotive02_01.uvl,994,2074,1,0.010984,10.833151,273.052178,10.833151,273.052178,261.615543,10.833189,272.448732,3.799999999998249e-5,-0.6034460000000195,time_since_previous_projection_seconds,cumulative_projection_time_seconds,automotive02_01
995,2026-09-30T22:16:12Z,dataset_9/uvl/automotive02_01.uvl,995,2074,1,0.011289,10.84444,273.063863,10.84444,273.063863,261.615543,10.844478,272.460021,3.799999999998249e-5,-0.6038420000000428,time_since_previous_projection_seconds,cumulative_projection_time_seconds,automotive02_01
996,2026-09-30T22:16:12Z,dataset_9/uvl/automotive02_01.uvl,996,2074,1,0.010344,10.854784,273.074595,10.854784,273.074595,261.615543,10.854822,272.470365,3.799999999998249e-5,-0.6042299999999727,time_since_previous_projection_seconds,cumulative_projection_time_seconds,automotive02_01
997,2026-09-30T22:16:12Z,dataset_9/uvl/automotive02_01.uvl,997,2074,1,0.010442,10.865226,273.085378,10.865226,273.085378,261.615543,10.865264,272.480807,3.799999999998249e-5,-0.6045709999999644,time_since_previous_projection_seconds,cumulative_projection_time_seconds,automotive02_01
998,2026-09-30T22:16:13Z,dataset_9/uvl/automotive02_01.uvl,998,2074,1,0.011006,10.876233,273.096726,10.876233,273.096726,261.615543,10.87627,272.491813,3.700000000073089e-5,-0.6049130000000105,time_since_previous_projection_seconds,cumulative_projection_time_seconds,automotive02_01
999,2026-09-30T22:16:13Z,dataset_9/uvl/automotive02_01.uvl,999,2074,1,0.010346,10.886578,273.107408,10.886578,273.107408,261.615543,10.886616,272.502159,3.799999999998249e-5,-0.6052490000000148,time_since_previous_projection_seconds,cumulative_projection_time_seconds,automotive02_01
1000,2026-09-30T22:16:13Z,dataset_9/uvl/automotive02_01.uvl,1000,2074,1,0.012093,10.898671,273.119848,10.898671,273.119848,261.615543,10.898709,272.514252,3.799999999998249e-5,-0.6055959999999914,time_since_previous_projection_seconds,cumulative_projection_time_seconds,automotive02_01
1001,2026-09-30T22:16:13Z,dataset_9/uvl/automotive02_01.uvl,1001,2074,1,0.011607,10.910278,273.131858,10.910278,273.131858,261.615543,10.910316,272.525859,3.799999999998249e-5,-0.6059989999999971,time_since_previous_projection_seconds,cumulative_projection_time_seconds,automotive02_01
1002,2026-09-30T22:16:13Z,dataset_9/uvl/automotive02_01.uvl,1002,2074,1,0.015188,10.925466,273.147402,10.925466,273.147402,261.615543,10.925504,272.541047,3.799999999998249e-5,-0.6063550000000077,time_since_previous_projection_seconds,cumulative_projection_time_seconds,automotive02_01
1003,2026-09-30T22:16:13Z,dataset_9/uvl/automotive02_01.uvl,1003,2074,1,0.024322,10.949788,273.172109,10.949788,273.172109,261.615543,10.949826,272.565369,3.799999999998249e-5,-0.60674000000000206,time_since_previous_projection_seconds,cumulative_projection_time_seconds,automotive02_01
1004,2026-09-30T22:16:13Z,dataset_9/uvl/automotive02_01.uvl,1004,2074,1,0.023221,10.973009,273.208557,10.973009,273.208557,261.615543,10.973047,272.58859,3.799999999998249e-5,-0.6199669999999742,time_since_previous_projection_seconds,cumulative_projection_time_seconds,automotive02_01
1005,2026-09-30T22:16:13Z,dataset_9/uvl/automotive02_01.uvl,1005,2074,1,0.026005,10.999014,273.235242,10.999014,273.235242,261.615543,10.999052,272.614595,3.799999999998249e-5,-0.6206470000000195,time_since_previous_projection_seconds,cumulative_projection_time_seconds,automotive02_01
1006,2026-09-30T22:16:13Z,dataset_9/uvl/automotive02_01.uvl,1006,2074,1,0.05542,11.054434,273.350236,11.054434,273.350236,261.615543,11.054472,272.670015,3.799999999998249e-5,-0.6802210000000173,time_since_previous_projection_seconds,cumulative_projection_time_seconds,automotive02_01
1007,2026-09-30T22:16:13Z,dataset_9/uvl/automotive02_01.uvl,1007,2074,1,0.045039,11.099473,273.396403,11.099473,273.396403,261.615543,11.099511,272.715054,3.799999999998249e-5,-0.6813490000000115,time_since_previous_projection_seconds,cumulative_projection_time_seconds,automotive02_01
1008,2026-09-30T22:16:13Z,dataset_9/uvl/automotive02_01.uvl,1008,2074,1,0.032611,11.132084,273.430398,11.132084,273.430398,261.615543,11.132122,272.747665,3.799999999998249e-5,-0.6827330000000416,time_since_previous_projection_seconds,cumulative_projection_time_seconds,automotive02_01
1009,2026-09-30T22:16:13Z,dataset_9/uvl/automotive02_01.uvl,1009,2074,1,0.024478,11.156562,273.455584,11.156562,273.455584,261.615543,11.1566,272.772143,3.799999999998249e-5,-0.6834409999999593,time_since_previous_projection_seconds,cumulative_projection_time_seconds,automotive02_01
1010,2026-09-30T22:16:13Z,dataset_9/uvl/automotive02_01.uvl,1010,2074,1,0.017557,11.174119,273.536611,11.174119,273.536611,261.615543,11.174157,272.7897,3.799999999998249e-5,-0.7469110000000114,time_since_previous_projection_seconds,cumulative_projection_time_seconds,automotive02_01
1011,2026-09-30T22:16:13Z,dataset_9/uvl/automotive02_01.uvl,1011,2074,1,0.027861,11.201979,273.830733,11.201979,273.830733,261.615543,11.202018,272.817561,3.900000000101045e-5,-1.0131719999999973,time_since_previous_projection_seconds,cumulative_projection_time_seconds,automotive02_01
1012,2026-09-30T22:16:13Z,dataset_9/uvl/automotive02_01.uvl,1012,2074,1,0.01979,11.22177,273.851449,11.22177,273.851449,261.615543,11.221808,272.837351,3.799999999998249e-5,-1.01409799999999,time_since_previous_projection_seconds,cumulative_projection_time_seconds,automotive02_01
1013,2026-09-30T22:16:13Z,dataset_9/uvl/automotive02_01.uvl,1013,2074,1,0.015698,11.237468,273.867701,11.237468,273.867701,261.615543,11.237506,272.853049,3.799999999998249e-5,-1.0146520000000123,time_since_previous_projection_seconds,cumulative_projection_time_seconds,automotive02_01
1014,2026-09-30T22:16:13Z,dataset_9/uvl/automotive02_01.uvl,1014,2074,1,0.021785,11.259253,273.889912,11.259253,273.889912,261.615543,11.259291,272.874834,3.799999999998249e-5,-1.01507799999996,time_since_previous_projection_seconds,cumulative_projection_time_seconds,automotive02_01
1015,2026-09-30T22:16:13Z,dataset_9/uvl/automotive02_01.uvl,1015,2074,1,0.012262,11.271515,273.902604,11.271515,273.902604,261.615543,11.271553,272.887096,3.799999999998249e-5,-1.0155080000000112,time_since_previous_projection_seconds,cumulative_projection_time_seconds,automotive02_01
1016,2026-09-30T22:16:13Z,dataset_9/uvl/automotive02_01.uvl,1016,2074,1,0.015711,11.287226,273.918708,11.287226,273.918708,261.615543,11.287264,272.902807,3.799999999998249e-5,-1.0159009999999853,time_since_previous_projection_seconds,cumulative_projection_time_seconds,automotive02_01
1017,2026-09-30T22:16:13Z,dataset_9/uvl/automotive02_01.uvl,1017,2074,1,0.01298,11.300206,273.932182,11.300206,273.932182,261.615543,11.300244,272.915787,3.799999999998249e-5,-1.0163949999999886,time_since_previous_projection_seconds,cumulative_projection_time_seconds,automotive02_01
1018,2026-09-30T22:16:13Z,dataset_9/uvl/automotive02_01.uvl,1018,2074,1,0.012863,11.313069,273.945474,11.313069,273.945474,261.615543,11.313107,272.92865,3.799999999998249e-5,-1.0168239999999855,time_since_previous_projection_seconds,cumulative_projection_time_seconds,automotive02_01
1019,2026-09-30T22:16:13Z,dataset_9/uvl/automotive02_01.uvl,1019,2074,1,0.011958,11.325027,273.958026,11.325027,273.958026,261.615543,11.325065,272.940608,3.799999999998249e-5,-1.0174180000000206,time_since_previous_projection_seconds,cumulative_projection_time_seconds,automotive02_01
1020,2026-09-30T22:16:13Z,dataset_9/uvl/automotive02_01.uvl,1020,2074,1,0.012395,11.337421,273.970813,11.337421,273.970813,261.615543,11.33746,272.953003,3.899999999923409e-5,-1.0178099999999972,time_since_previous_projection_seconds,cumulative_projection_time_seconds,automotive02_01
1021,2026-09-30T22:16:13Z,dataset_9/uvl/automotive02_01.uvl,1021,2074,1,0.011703,11.349124,273.982941,11.349124,273.982941,261.615543,11.349163,272.964706,3.900000000101045e-5,-1.0182350000000042,time_since_previous_projection_seconds,cumulative_projection_time_seconds,automotive02_01
1022,2026-09-30T22:16:13Z,dataset_9/uvl/automotive02_01.uvl,1022,2074,1,0.01211,11.361234,273.995441,11.361234,273.995441,261.615543,11.361273,272.976816,3.900000000101045e-5,-1.0186250000000427,time_since_previous_projection_seconds,cumulative_projection_time_seconds,automotive02_01
1023,2026-09-30T22:16:13Z,dataset_9/uvl/automotive02_01.uvl,1023,2074,1,0.013169,11.374403,274.009041,11.374403,274.009041,261.615543,11.374442,272.989985,3.900000000101045e-5,-1.0190560000000346,time_since_previous_projection_seconds,cumulative_projection_time_seconds,automotive02_01
1024,2026-09-30T22:16:13Z,dataset_9/uvl/automotive02_01.uvl,1024,2074,1,0.011544,11.385947,274.021015,11.385947,274.021015,261.615543,11.385986,273.001529,3.900000000101045e-5,-1.0194859999999721,time_since_previous_projection_seconds,cumulative_projection_time_seconds,automotive02_01
1025,2026-09-30T22:16:13Z,dataset_9/uvl/automotive02_01.uvl,1025,2074,1,0.012838,11.398785,274.034234,11.398785,274.034234,261.615543,11.398824,273.014367,3.899999999923409e-5,-1.0198670000000334,time_since_previous_projection_seconds,cumulative_projection_time_seconds,automotive02_01
1026,2026-09-30T22:16:13Z,dataset_9/uvl/automotive02_01.uvl,1026,2074,1,0.01144,11.410225,274.046051,11.410225,274.046051,261.615543,11.410264,273.025807,3.899999999923409e-5,-1.020243999999991,time_since_previous_projection_seconds,cumulative_projection_time_seconds,automotive02_01
1027,2026-09-30T22:16:13Z,dataset_9/uvl/automotive02_01.uvl,1027,2074,1,0.011382,11.421606,274.057855,11.421606,274.057855,261.615543,11.421646,273.037189,4.000000000026205e-5,-1.0206660000000056,time_since_previous_projection_seconds,cumulative_projection_time_seconds,automotive02_01
1028,2026-09-30T22:16:13Z,dataset_9/uvl/automotive02_01.uvl,1028,2074,1,0.011399,11.433006,274.069642,11.433006,274.069642,261.615543,11.433045,273.048588,3.899999999923409e-5,-1.0210539999999924,time_since_previous_projection_seconds,cumulative_projection_time_seconds,automotive02_01
1029,2026-09-30T22:16:13Z,dataset_9/uvl/automotive02_01.uvl,1029,2074,1,0.010371,11.443376,274.080406,11.443376,274.080406,261.615543,11.443416,273.058959,3.999999999848569e-5,-1.0214469999999665,time_since_previous_projection_seconds,cumulative_projection_time_seconds,automotive02_01
1030,2026-09-30T22:16:14Z,dataset_9/uvl/automotive02_01.uvl,1030,2074,1,0.01083,11.454207,274.09158,11.454207,274.09158,261.615543,11.454246,273.069789,3.899999999923409e-5,-1.0217910000000074,time_since_previous_projection_seconds,cumulative_projection_time_seconds,automotive02_01
1031,2026-09-30T22:16:14Z,dataset_9/uvl/automotive02_01.uvl,1031,2074,1,0.011627,11.465833,274.103572,11.465833,274.103572,261.615543,11.465873,273.081416,4.000000000026205e-5,-1.0221559999999954,time_since_previous_projection_seconds,cumulative_projection_time_seconds,automotive02_01
1032,2026-09-30T22:16:14Z,dataset_9/uvl/automotive02_01.uvl,1032,2074,1,0.010332,11.476165,274.114289,11.476165,274.114289,261.615543,11.476205,273.091748,4.000000000026205e-5,-1.0225409999999897,time_since_previous_projection_seconds,cumulative_projection_time_seconds,automotive02_01
1033,2026-09-30T22:16:14Z,dataset_9/uvl/automotive02_01.uvl,1033,2074,1,0.011757,11.487923,274.12637,11.487923,274.12637,261.615543,11.487962,273.103505,3.899999999923409e-5,-1.0228650000000243,time_since_previous_projection_seconds,cumulative_projection_time_seconds,automotive02_01
1034,2026-09-30T22:16:14Z,dataset_9/uvl/automotive02_01.uvl,1034,2074,1,0.010732,11.498655,274.137464,11.498655,274.137464,261.615543,11.498694,273.114237,3.900000000101045e-5,-1.0232270000000199,time_since_previous_projection_seconds,cumulative_projection_time_seconds,automotive02_01
1035,2026-09-30T22:16:14Z,dataset_9/uvl/automotive02_01.uvl,1035,2074,1,0.011043,11.509698,274.148896,11.509698,274.148896,261.615543,11.509737,273.12528,3.899999999923409e-5,-1.023616000000004,time_since_previous_projection_seconds,cumulative_projection_time_seconds,automotive02_01
1036,2026-09-30T22:16:14Z,dataset_9/uvl/automotive02_01.uvl,1036,2074,1,0.01029,11.519987,274.159556,11.519987,274.159556,261.615543,11.520027,273.13557000000003,4.000000000026205e-5,-1.0239859999999794,time_since_previous_projection_seconds,cumulative_projection_time_seconds,automotive02_01
1037,2026-09-30T22:16:14Z,dataset_9/uvl/automotive02_01.uvl,1037,2074,1,0.010666,11.530653,274.170562,11.530653,274.170562,261.615543,11.530693,273.146236,4.000000000026205e-5,-1.0243260000000305,time_since_previous_projection_seconds,cumulative_projection_time_seconds,automotive02_01
1038,2026-09-30T22:16:14Z,dataset_9/uvl/automotive02_01.uvl,1038,2074,1,0.010529,11.541182,274.181447,11.541182,274.181447,261.615543,11.541222,273.156765,4.000000000026205e-5,-1.0246819999999843,time_since_previous_projection_seconds,cumulative_projection_time_seconds,automotive02_01
1039,2026-09-30T22:16:14Z,dataset_9/uvl/automotive02_01.uvl,1039,2074,1,0.010362,11.551544,274.192149,11.551544,274.192149,261.615543,11.551584,273.167127,4.000000000026205e-5,-1.0250219999999786,time_since_previous_projection_seconds,cumulative_projection_time_seconds,automotive02_01
1040,2026-09-30T22:16:14Z,dataset_9/uvl/automotive02_01.uvl,1040,2074,1,0.010616,11.56216,274.203082,11.56216,274.203082,261.615543,11.5622,273.177743,4.000000000026205e-5,-1.025338999999974,time_since_previous_projection_seconds,cumulative_projection_time_seconds,automotive02_01
1041,2026-09-30T22:16:14Z,dataset_9/uvl/automotive02_01.uvl,1041,2074,1,0.011177,11.573337,274.214611,11.573337,274.214611,261.615543,11.573377,273.18892,4.000000000026205e-5,-1.0256909999999948,time_since_previous_projection_seconds,cumulative_projection_time_seconds,automotive02_01
1042,2026-09-30T22:16:14Z,dataset_9/uvl/automotive02_01.uvl,1042,2074,1,0.010449,11.583786,274.225402,11.583786,274.225402,261.615543,11.583826,273.199369,4.000000000026205e-5,-1.026032999999984,time_since_previous_projection_seconds,cumulative_projection_time_seconds,automotive02_01
1043,2026-09-30T22:16:14Z,dataset_9/uvl/automotive02_01.uvl,1043,2074,1,0.01026,11.594046,274.235997,11.594046,274.235997,261.615543,11.594086,273.209629,4.000000000026205e-5,-1.0263679999999908,time_since_previous_projection_seconds,cumulative_projection_time_seconds,automotive02_01
1044,2026-09-30T22:16:14Z,dataset_9/uvl/automotive02_01.uvl,1044,2074,1,0.01139,11.605436,274.247722,11.605436,274.247722,261.615543,11.605476,273.221019,4.000000000026205e-5,-1.0267029999999977,time_since_previous_projection_seconds,cumulative_projection_time_seconds,automotive02_01
1045,2026-09-30T22:16:14Z,dataset_9/uvl/automotive02_01.uvl,1045,2074,1,0.012523,11.617959,274.260654,11.617959,274.260654,261.615543,11.617999,273.233542,3.999999999848569e-5,-1.0271119999999883,time_since_previous_projection_seconds,cumulative_projection_time_seconds,automotive02_01
1046,2026-09-30T22:16:14Z,dataset_9/uvl/automotive02_01.uvl,1046,2074,1,0.01434,11.632299,274.275379,11.632299,274.275379,261.615543,11.632339,273.247882,4.000000000026205e-5,-1.0274969999999826,time_since_previous_projection_seconds,cumulative_projection_time_seconds,automotive02_01
1047,2026-09-30T22:16:14Z,dataset_9/uvl/automotive02_01.uvl,1047,2074,1,0.011223,11.643523,274.287048,11.643523,274.287048,261.615543,11.643562,273.259105,3.899999999923409e-5,-1.0279430000000502,time_since_previous_projection_seconds,cumulative_projection_time_seconds,automotive02_01
1048,2026-09-30T22:16:14Z,dataset_9/uvl/automotive02_01.uvl,1048,2074,1,0.011254,11.654776,274.29880000000003,11.654776,274.29880000000003,261.615543,11.654816,273.270359,4.000000000026205e-5,-1.0284410000000435,time_since_previous_projection_seconds,cumulative_projection_time_seconds,automotive02_01
1049,2026-09-30T22:16:14Z,dataset_9/uvl/automotive02_01.uvl,1049,2074,1,0.011443,11.666219,274.310611,11.666219,274.310611,261.615543,11.666259,273.281802,4.000000000026205e-5,-1.028808999999967,time_since_previous_projection_seconds,cumulative_projection_time_seconds,automotive02_01
1050,2026-09-30T22:16:14Z,dataset_9/uvl/automotive02_01.uvl,1050,2074,1,0.010998,11.677218,274.321978,11.677218,274.321978,261.615543,11.677257000000001,273.2928,3.900000000101045e-5,-1.0291780000000017,time_since_previous_projection_seconds,cumulative_projection_time_seconds,automotive02_01
1051,2026-09-30T22:16:14Z,dataset_9/uvl/automotive02_01.uvl,1051,2074,1,0.010638,11.687856,274.332981,11.687856,274.332981,261.615543,11.687895,273.30343800000003,3.899999999923409e-5,-1.0295429999999897,time_since_previous_projection_seconds,cumulative_projection_time_seconds,automotive02_01
1052,2026-09-30T22:16:14Z,dataset_9/uvl/automotive02_01.uvl,1052,2074,1,0.010759,11.698615,274.344395,11.698615,274.344395,261.615543,11.698654,273.314197,3.899999999923409e-5,-1.0301980000000412,time_since_previous_projection_seconds,cumulative_projection_time_seconds,automotive02_01
1053,2026-09-30T22:16:14Z,dataset_9/uvl/automotive02_01.uvl,1053,2074,1,0.011372,11.709987,274.356125,11.709987,274.356125,261.615543,11.710026,273.325569,3.899999999923409e-5,-1.0305560000000469,time_since_previous_projection_seconds,cumulative_projection_time_seconds,automotive02_01
1054,2026-09-30T22:16:14Z,dataset_9/uvl/automotive02_01.uvl,1054,2074,1,0.011474,11.721461,274.367975,11.721461,274.367975,261.615543,11.7215,273.337043,3.900000000101045e-5,-1.030932000000007,time_since_previous_projection_seconds,cumulative_projection_time_seconds,automotive02_01
1055,2026-09-30T22:16:14Z,dataset_9/uvl/automotive02_01.uvl,1055,2074,1,0.012378,11.733839,274.380748,11.733839,274.380748,261.615543,11.733878,273.349421,3.900000000101045e-5,-1.0313269999999761,time_since_previous_projection_seconds,cumulative_projection_time_seconds,automotive02_01
1056,2026-09-30T22:16:14Z,dataset_9/uvl/automotive02_01.uvl,1056,2074,1,0.012159,11.745998,274.393411,11.745998,274.393411,261.615543,11.746037,273.36158,3.899999999923409e-5,-1.031831000000011,time_since_previous_projection_seconds,cumulative_projection_time_seconds,automotive02_01
1057,2026-09-30T22:16:14Z,dataset_9/uvl/automotive02_01.uvl,1057,2074,1,0.010698,11.756696,274.404478,11.756696,274.404478,261.615543,11.756735,273.372278,3.900000000101045e-5,-1.032199999999989,time_since_previous_projection_seconds,cumulative_projection_time_seconds,automotive02_01
1058,2026-09-30T22:16:14Z,dataset_9/uvl/automotive02_01.uvl,1058,2074,1,0.011371,11.768067,274.416198,11.768067,274.416198,261.615543,11.768106,273.383649,3.899999999923409e-5,-1.0325490000000173,time_since_previous_projection_seconds,cumulative_projection_time_seconds,automotive02_01
1059,2026-09-30T22:16:14Z,dataset_9/uvl/automotive02_01.uvl,1059,2074,1,0.011136,11.779203,274.427732,11.779203,274.427732,261.615543,11.779242,273.394785,3.899999999923409e-5,-1.0329469999999787,time_since_previous_projection_seconds,cumulative_projection_time_seconds,automotive02_01
1060,2026-09-30T22:16:14Z,dataset_9/uvl/automotive02_01.uvl,1060,2074,1,0.010261,11.789463,274.438336,11.789463,274.438336,261.615543,11.789503,273.405046,4.000000000026205e-5,-1.0332899999999654,time_since_previous_projection_seconds,cumulative_projection_time_seconds,automotive02_01
1061,2026-09-30T22:16:14Z,dataset_9/uvl/automotive02_01.uvl,1061,2074,1,0.010784,11.800247,274.44944,11.800247,274.44944,261.615543,11.800287,273.41583,4.000000000026205e-5,-1.0336099999999533,time_since_previous_projection_seconds,cumulative_projection_time_seconds,automotive02_01
1062,2026-09-30T22:16:14Z,dataset_9/uvl/automotive02_01.uvl,1062,2074,1,0.01087,11.811117,274.460637,11.811117,274.460637,261.615543,11.811157,273.4267,4.000000000026205e-5,-1.0339370000000372,time_since_previous_projection_seconds,cumulative_projection_time_seconds,automotive02_01
1063,2026-09-30T22:16:14Z,dataset_9/uvl/automotive02_01.uvl,1063,2074,1,0.010542,11.821659,274.471489,11.821659,274.471489,261.615543,11.821699,273.437242,4.000000000026205e-5,-1.0342469999999935,time_since_previous_projection_seconds,cumulative_projection_time_seconds,automotive02_01
1064,2026-09-30T22:16:14Z,dataset_9/uvl/automotive02_01.uvl,1064,2074,1,0.010958,11.832617,274.482792,11.832617,274.482792,261.615543,11.832657,273.4482,3.999999999848569e-5,-1.034592000000032,time_since_previous_projection_seconds,cumulative_projection_time_seconds,automotive02_01
1065,2026-09-30T22:16:14Z,dataset_9/uvl/automotive02_01.uvl,1065,2074,1,0.010596,11.843213,274.493742,11.843213,274.493742,261.615543,11.843253,273.458796,4.000000000026205e-5,-1.0349459999999908,time_since_previous_projection_seconds,cumulative_projection_time_seconds,automotive02_01
1066,2026-09-30T22:16:14Z,dataset_9/uvl/automotive02_01.uvl,1066,2074,1,0.012574,11.855787,274.506701,11.855787,274.506701,261.615543,11.855827,273.47137,4.000000000026205e-5,-1.035331000000042,time_since_previous_projection_seconds,cumulative_projection_time_seconds,automotive02_01
1067,2026-09-30T22:16:14Z,dataset_9/uvl/automotive02_01.uvl,1067,2074,1,0.010594,11.866381,274.517654,11.866381,274.517654,261.615543,11.866421,273.481964,4.000000000026205e-5,-1.0356899999999882,time_since_previous_projection_seconds,cumulative_projection_time_seconds,automotive02_01
1068,2026-09-30T22:16:14Z,dataset_9/uvl/automotive02_01.uvl,1068,2074,1,0.010593,11.876974,274.52858,11.876974,274.52858,261.615543,11.877014,273.492557,4.000000000026205e-5,-1.0360230000000001,time_since_previous_projection_seconds,cumulative_projection_time_seconds,automotive02_01
1069,2026-09-30T22:16:14Z,dataset_9/uvl/automotive02_01.uvl,1069,2074,1,0.01091,11.887884,274.539832,11.887884,274.539832,261.615543,11.887924,273.503467,4.000000000026205e-5,-1.0363649999999893,time_since_previous_projection_seconds,cumulative_projection_time_seconds,automotive02_01
1070,2026-09-30T22:16:14Z,dataset_9/uvl/automotive02_01.uvl,1070,2074,1,0.010115,11.897999,274.550324,11.897999,274.550324,261.615543,11.898039,273.513582,4.000000000026205e-5,-1.0367420000000038,time_since_previous_projection_seconds,cumulative_projection_time_seconds,automotive02_01
1071,2026-09-30T22:16:14Z,dataset_9/uvl/automotive02_01.uvl,1071,2074,1,0.010708,11.908707,274.56137,11.908707,274.56137,261.615543,11.908747,273.52429,4.000000000026205e-5,-1.037080000000003,time_since_previous_projection_seconds,cumulative_projection_time_seconds,automotive02_01
1072,2026-09-30T22:16:14Z,dataset_9/uvl/automotive02_01.uvl,1072,2074,1,0.010729,11.919436,274.572453,11.919436,274.572453,261.615543,11.919476,273.535019,4.000000000026205e-5,-1.0374340000000188,time_since_previous_projection_seconds,cumulative_projection_time_seconds,automotive02_01
1073,2026-09-30T22:16:14Z,dataset_9/uvl/automotive02_01.uvl,1073,2074,1,0.010555,11.929991,274.583356,11.929991,274.583356,261.615543,11.930031,273.545574,4.000000000026205e-5,-1.0377819999999929,time_since_previous_projection_seconds,cumulative_projection_time_seconds,automotive02_01
1074,2026-09-30T22:16:14Z,dataset_9/uvl/automotive02_01.uvl,1074,2074,1,0.010333,11.940324,274.594044,11.940324,274.594044,261.615543,11.940364,273.555907,4.000000000026205e-5,-1.038137000000006,time_since_previous_projection_seconds,cumulative_projection_time_seconds,automotive02_01
1075,2026-09-30T22:16:14Z,dataset_9/uvl/automotive02_01.uvl,1075,2074,1,0.010542,11.950866,274.604934,11.950866,274.604934,261.615543,11.950906,273.566449,4.000000000026205e-5,-1.038485000000037,time_since_previous_projection_seconds,cumulative_projection_time_seconds,automotive02_01
1076,2026-09-30T22:16:14Z,dataset_9/uvl/automotive02_01.uvl,1076,2074,1,0.01055,11.961415,274.615852,11.961415,274.615852,261.615543,11.961456,273.576999,4.099999999951365e-5,-1.0388530000000173,time_since_previous_projection_seconds,cumulative_projection_time_seconds,automotive02_01
1077,2026-09-30T22:16:14Z,dataset_9/uvl/automotive02_01.uvl,1077,2074,1,0.01035,11.971765,274.62654,11.971765,274.62654,261.615543,11.971806,273.587349,4.1000000001290005e-5,-1.0391909999999598,time_since_previous_projection_seconds,cumulative_projection_time_seconds,automotive02_01
1078,2026-09-30T22:16:14Z,dataset_9/uvl/automotive02_01.uvl,1078,2074,1,0.010935,11.9827,274.637803,11.9827,274.637803,261.615543,11.982741,273.598284,4.1000000001290005e-5,-1.0395190000000412,time_since_previous_projection_seconds,cumulative_projection_time_seconds,automotive02_01
1079,2026-09-30T22:16:14Z,dataset_9/uvl/automotive02_01.uvl,1079,2074,1,0.010568,11.993268,274.648726,11.993268,274.648726,261.615543,11.993309,273.608852,4.099999999951365e-5,-1.0398739999999975,time_since_previous_projection_seconds,cumulative_projection_time_seconds,automotive02_01
1080,2026-09-30T22:16:14Z,dataset_9/uvl/automotive02_01.uvl,1080,2074,1,0.010298,12.003566,274.659402,12.003566,274.659402,261.615543,12.003607,273.61915,4.1000000001290005e-5,-1.0402520000000095,time_since_previous_projection_seconds,cumulative_projection_time_seconds,automotive02_01
1081,2026-09-30T22:16:14Z,dataset_9/uvl/automotive02_01.uvl,1081,2074,1,0.010826,12.014392,274.670593,12.014392,274.670593,261.615543,12.014433,273.629976,4.099999999951365e-5,-1.0406169999999975,time_since_previous_projection_seconds,cumulative_projection_time_seconds,automotive02_01
1082,2026-09-30T22:16:14Z,dataset_9/uvl/automotive02_01.uvl,1082,2074,1,0.010387,12.02478,274.681333,12.02478,274.681333,261.615543,12.02482,273.640363,4.000000000026205e-5,-1.0409700000000157,time_since_previous_projection_seconds,cumulative_projection_time_seconds,automotive02_01
1083,2026-09-30T22:16:14Z,dataset_9/uvl/automotive02_01.uvl,1083,2074,1,0.01034,12.03512,274.692001,12.03512,274.692001,261.615543,12.03516,273.650703,4.000000000026205e-5,-1.0412979999999834,time_since_previous_projection_seconds,cumulative_projection_time_seconds,automotive02_01
1084,2026-09-30T22:16:14Z,dataset_9/uvl/automotive02_01.uvl,1084,2074,1,0.010291,12.045411,274.702633,12.045411,274.702633,261.615543,12.045451,273.660994,4.000000000026205e-5,-1.0416389999999751,time_since_previous_projection_seconds,cumulative_projection_time_seconds,automotive02_01
1085,2026-09-30T22:16:14Z,dataset_9/uvl/automotive02_01.uvl,1085,2074,1,0.010529,12.055939,274.713478,12.055939,274.713478,261.615543,12.05598,273.671523,4.099999999951365e-5,-1.04195500000003,time_since_previous_projection_seconds,cumulative_projection_time_seconds,automotive02_01
1086,2026-09-30T22:16:14Z,dataset_9/uvl/automotive02_01.uvl,1086,2074,1,0.010563,12.066502,274.724391,12.066502,274.724391,261.615543,12.066543,273.682086,4.099999999951365e-5,-1.042304999999999,time_since_previous_projection_seconds,cumulative_projection_time_seconds,automotive02_01
1087,2026-09-30T22:16:14Z,dataset_9/uvl/automotive02_01.uvl,1087,2074,1,0.010311,12.076812,274.73505,12.076812,274.73505,261.615543,12.076854,273.692397,4.2000000000541604e-5,-1.042652999999973,time_since_previous_projection_seconds,cumulative_projection_time_seconds,automotive02_01
1088,2026-09-30T22:16:14Z,dataset_9/uvl/automotive02_01.uvl,1088,2074,1,0.010291,12.087103,274.745661,12.087103,274.745661,261.615543,12.087145,273.702688,4.199999999876525e-5,-1.0429729999999608,time_since_previous_projection_seconds,cumulative_projection_time_seconds,automotive02_01
1089,2026-09-30T22:16:14Z,dataset_9/uvl/automotive02_01.uvl,1089,2074,1,0.011764,12.098867,274.757747,12.098867,274.757747,261.615543,12.098909,273.714452,4.2000000000541604e-5,-1.0432950000000005,time_since_previous_projection_seconds,cumulative_projection_time_seconds,automotive02_01
1090,2026-09-30T22:16:14Z,dataset_9/uvl/automotive02_01.uvl,1090,2074,1,0.010489,12.109356,274.768594,12.109356,274.768594,261.615543,12.109398,273.724941,4.2000000000541604e-5,-1.0436530000000062,time_since_previous_projection_seconds,cumulative_projection_time_seconds,automotive02_01
1091,2026-09-30T22:16:14Z,dataset_9/uvl/automotive02_01.uvl,1091,2074,1,0.011816,12.121172,274.780781,12.121172,274.780781,261.615543,12.121214,273.736757,4.2000000000541604e-5,-1.044023999999979,time_since_previous_projection_seconds,cumulative_projection_time_seconds,automotive02_01
1092,2026-09-30T22:16:14Z,dataset_9/uvl/automotive02_01.uvl,1092,2074,1,0.013348,12.13452,274.794576,12.13452,274.794576,261.615543,12.134562,273.750105,4.2000000000541604e-5,-1.0444709999999873,time_since_previous_projection_seconds,cumulative_projection_time_seconds,automotive02_01
1093,2026-09-30T22:16:14Z,dataset_9/uvl/automotive02_01.uvl,1093,2074,1,0.01193,12.14645,274.806958,12.14645,274.806958,261.615543,12.146492,273.762035,4.2000000000541604e-5,-1.044922999999983,time_since_previous_projection_seconds,cumulative_projection_time_seconds,automotive02_01
1094,2026-09-30T22:16:14Z,dataset_9/uvl/automotive02_01.uvl,1094,2074,1,0.014107,12.160557,274.821537,12.160557,274.821537,261.615543,12.160599,273.776142,4.199999999876525e-5,-1.045394999999985,time_since_previous_projection_seconds,cumulative_projection_time_seconds,automotive02_01
1095,2026-09-30T22:16:14Z,dataset_9/uvl/automotive02_01.uvl,1095,2074,1,0.011553,12.17211,274.833497,12.17211,274.833497,261.615543,12.172152,273.787695,4.2000000000541604e-5,-1.0458020000000374,time_since_previous_projection_seconds,cumulative_projection_time_seconds,automotive02_01
1096,2026-09-30T22:16:14Z,dataset_9/uvl/automotive02_01.uvl,1096,2074,1,0.011152,12.183262,274.845058,12.183262,274.845058,261.615543,12.183304,273.798847,4.2000000000541604e-5,-1.0462109999999711,time_since_previous_projection_seconds,cumulative_projection_time_seconds,automotive02_01
1097,2026-09-30T22:16:14Z,dataset_9/uvl/automotive02_01.uvl,1097,2074,1,0.012079,12.195341,274.857529,12.195341,274.857529,261.615543,12.195383,273.810926,4.199999999876525e-5,-1.0466030000000046,time_since_previous_projection_seconds,cumulative_projection_time_seconds,automotive02_01
1098,2026-09-30T22:16:14Z,dataset_9/uvl/automotive02_01.uvl,1098,2074,1,0.012096,12.207437,274.870031,12.207437,274.870031,261.615543,12.207479,273.823022,4.199999999876525e-5,-1.0470090000000027,time_since_previous_projection_seconds,cumulative_projection_time_seconds,automotive02_01
1099,2026-09-30T22:16:14Z,dataset_9/uvl/automotive02_01.uvl,1099,2074,1,0.011844,12.219281,274.88228,12.219281,274.88228,261.615543,12.219323,273.834866,4.199999999876525e-5,-1.0474140000000034,time_since_previous_projection_seconds,cumulative_projection_time_seconds,automotive02_01
1100,2026-09-30T22:16:14Z,dataset_9/uvl/automotive02_01.uvl,1100,2074,1,0.012262,12.231543,274.894926,12.231543,274.894926,261.615543,12.231585,273.847128,4.2000000000541604e-5,-1.0477980000000002,time_since_previous_projection_seconds,cumulative_projection_time_seconds,automotive02_01
1101,2026-09-30T22:16:14Z,dataset_9/uvl/automotive02_01.uvl,1101,2074,1,0.011718,12.243261,274.907033,12.243261,274.907033,261.615543,12.243303,273.858846,4.199999999876525e-5,-1.0481869999999844,time_since_previous_projection_seconds,cumulative_projection_time_seconds,automotive02_01
1102,2026-09-30T22:16:14Z,dataset_9/uvl/automotive02_01.uvl,1102,2074,1,0.011815,12.255076,274.91923,12.255076,274.91923,261.615543,12.255118,273.870661,4.199999999876525e-5,-1.0485690000000432,time_since_previous_projection_seconds,cumulative_projection_time_seconds,automotive02_01
1103,2026-09-30T22:16:14Z,dataset_9/uvl/automotive02_01.uvl,1103,2074,1,0.011789000000000001,12.266864,274.931395,12.266864,274.931395,261.615543,12.266907,273.88245,4.2999999999793204e-5,-1.0489450000000033,time_since_previous_projection_seconds,cumulative_projection_time_seconds,automotive02_01
1104,2026-09-30T22:16:14Z,dataset_9/uvl/automotive02_01.uvl,1104,2074,1,0.012505,12.27937,274.944293,12.27937,274.944293,261.615543,12.279412,273.894955,4.2000000000541604e-5,-1.0493380000000343,time_since_previous_projection_seconds,cumulative_projection_time_seconds,automotive02_01
1105,2026-09-30T22:16:14Z,dataset_9/uvl/automotive02_01.uvl,1105,2074,1,0.012559,12.291928,274.957233,12.291928,274.957233,261.615543,12.291971,273.907514,4.2999999999793204e-5,-1.0497189999999819,time_since_previous_projection_seconds,cumulative_projection_time_seconds,automotive02_01
1106,2026-09-30T22:16:14Z,dataset_9/uvl/automotive02_01.uvl,1106,2074,1,0.011505,12.303433,274.969127,12.303433,274.969127,261.615543,12.303476,273.919019,4.2999999999793204e-5,-1.050108000000023,time_since_previous_projection_seconds,cumulative_projection_time_seconds,automotive02_01
1107,2026-09-30T22:16:14Z,dataset_9/uvl/automotive02_01.uvl,1107,2074,1,0.013378,12.316811,274.982883,12.316811,274.982883,261.615543,12.316854,273.932397,4.2999999999793204e-5,-1.050486000000035,time_since_previous_projection_seconds,cumulative_projection_time_seconds,automotive02_01
1108,2026-09-30T22:16:14Z,dataset_9/uvl/automotive02_01.uvl,1108,2074,1,0.012368,12.32918,274.995628,12.32918,274.995628,261.615543,12.329222,273.944765,4.2000000000541604e-5,-1.0508629999999926,time_since_previous_projection_seconds,cumulative_projection_time_seconds,automotive02_01
1109,2026-09-30T22:16:14Z,dataset_9/uvl/automotive02_01.uvl,1109,2074,1,0.013189,12.342368,275.009205,12.342368,275.009205,261.615543,12.342411,273.95795400000003,4.2999999999793204e-5,-1.0512509999999793,time_since_previous_projection_seconds,cumulative_projection_time_seconds,automotive02_01
1110,2026-09-30T22:16:14Z,dataset_9/uvl/automotive02_01.uvl,1110,2074,1,0.011993,12.354361,275.02166,12.354361,275.02166,261.615543,12.354404,273.969947,4.2999999999793204e-5,-1.0517130000000066,time_since_previous_projection_seconds,cumulative_projection_time_seconds,automotive02_01
1111,2026-09-30T22:16:14Z,dataset_9/uvl/automotive02_01.uvl,1111,2074,1,0.012384,12.366746,275.034419,12.366746,275.034419,261.615543,12.366788,273.982331,4.2000000000541604e-5,-1.0520880000000261,time_since_previous_projection_seconds,cumulative_projection_time_seconds,automotive02_01
1112,2026-09-30T22:16:14Z,dataset_9/uvl/automotive02_01.uvl,1112,2074,1,0.011853,12.378598,275.046733,12.378598,275.046733,261.615543,12.378641,273.994184,4.2999999999793204e-5,-1.052548999999999,time_since_previous_projection_seconds,cumulative_projection_time_seconds,automotive02_01
1113,2026-09-30T22:16:14Z,dataset_9/uvl/automotive02_01.uvl,1113,2074,1,0.01432,12.392919,275.061436,12.392919,275.061436,261.615543,12.392961,274.008504,4.2000000000541604e-5,-1.0529319999999984,time_since_previous_projection_seconds,cumulative_projection_time_seconds,automotive02_01
1114,2026-09-30T22:16:14Z,dataset_9/uvl/automotive02_01.uvl,1114,2074,1,0.012272,12.405191,275.074109,12.405191,275.074109,261.615543,12.405233,274.020776,4.2000000000541604e-5,-1.0533330000000092,time_since_previous_projection_seconds,cumulative_projection_time_seconds,automotive02_01
1115,2026-09-30T22:16:15Z,dataset_9/uvl/automotive02_01.uvl,1115,2074,1,0.012486,12.417676,275.086975,12.417676,275.086975,261.615543,12.417719,274.033262,4.2999999999793204e-5,-1.053713000000016,time_since_previous_projection_seconds,cumulative_projection_time_seconds,automotive02_01
1116,2026-09-30T22:16:15Z,dataset_9/uvl/automotive02_01.uvl,1116,2074,1,0.0127,12.430377,275.100069,12.430377,275.100069,261.615543,12.430419,274.04596200000003,4.2000000000541604e-5,-1.0541069999999877,time_since_previous_projection_seconds,cumulative_projection_time_seconds,automotive02_01
1117,2026-09-30T22:16:15Z,dataset_9/uvl/automotive02_01.uvl,1117,2074,1,0.012289,12.442666,275.112748,12.442666,275.112748,261.615543,12.442708,274.058251,4.2000000000541604e-5,-1.0544970000000262,time_since_previous_projection_seconds,cumulative_projection_time_seconds,automotive02_01
1118,2026-09-30T22:16:15Z,dataset_9/uvl/automotive02_01.uvl,1118,2074,1,0.01189,12.454556,275.125077,12.454556,275.125077,261.615543,12.454598,274.070141,4.2000000000541604e-5,-1.0549359999999979,time_since_previous_projection_seconds,cumulative_projection_time_seconds,automotive02_01
1119,2026-09-30T22:16:15Z,dataset_9/uvl/automotive02_01.uvl,1119,2074,1,0.013536,12.468092,275.139005,12.468092,275.139005,261.615543,12.468134,274.083677,4.199999999876525e-5,-1.0553279999999745,time_since_previous_projection_seconds,cumulative_projection_time_seconds,automotive02_01
1120,2026-09-30T22:16:15Z,dataset_9/uvl/automotive02_01.uvl,1120,2074,1,0.012407,12.480498,275.15182,12.480498,275.15182,261.615543,12.480541,274.096084,4.2999999999793204e-5,-1.0557359999999676,time_since_previous_projection_seconds,cumulative_projection_time_seconds,automotive02_01
1121,2026-09-30T22:16:15Z,dataset_9/uvl/automotive02_01.uvl,1121,2074,1,0.012526,12.493025,275.164731,12.493025,275.164731,261.615543,12.493067,274.10861,4.2000000000541604e-5,-1.0561210000000187,time_since_previous_projection_seconds,cumulative_projection_time_seconds,automotive02_01
1122,2026-09-30T22:16:15Z,dataset_9/uvl/automotive02_01.uvl,1122,2074,1,0.012412,12.505437,275.17754,12.505437,275.17754,261.615543,12.505479,274.121022,4.199999999876525e-5,-1.0565180000000396,time_since_previous_projection_seconds,cumulative_projection_time_seconds,automotive02_01
1123,2026-09-30T22:16:15Z,dataset_9/uvl/automotive02_01.uvl,1123,2074,1,0.012635,12.518072,275.190582,12.518072,275.190582,261.615543,12.518114,274.133657,4.2000000000541604e-5,-1.0569249999999784,time_since_previous_projection_seconds,cumulative_projection_time_seconds,automotive02_01
1124,2026-09-30T22:16:15Z,dataset_9/uvl/automotive02_01.uvl,1124,2074,1,0.01226,12.530332,275.203231,12.530332,275.203231,261.615543,12.530374,274.145917,4.2000000000541604e-5,-1.0573140000000194,time_since_previous_projection_seconds,cumulative_projection_time_seconds,automotive02_01
1125,2026-09-30T22:16:15Z,dataset_9/uvl/automotive02_01.uvl,1125,2074,1,0.012482,12.542814,275.216104,12.542814,275.216104,261.615543,12.542856,274.15839900000003,4.2000000000541604e-5,-1.0577049999999417,time_since_previous_projection_seconds,cumulative_projection_time_seconds,automotive02_01
1126,2026-09-30T22:16:15Z,dataset_9/uvl/automotive02_01.uvl,1126,2074,1,0.013009,12.555824,275.229507,12.555824,275.229507,261.615543,12.555865,274.171408,4.1000000001290005e-5,-1.058099000000027,time_since_previous_projection_seconds,cumulative_projection_time_seconds,automotive02_01
1127,2026-09-30T22:16:15Z,dataset_9/uvl/automotive02_01.uvl,1127,2074,1,0.012546,12.568369,275.242483,12.568369,275.242483,261.615543,12.568411,274.18395400000003,4.199999999876525e-5,-1.0585289999999645,time_since_previous_projection_seconds,cumulative_projection_time_seconds,automotive02_01
1128,2026-09-30T22:16:15Z,dataset_9/uvl/automotive02_01.uvl,1128,2074,1,0.012464,12.580833,275.255363,12.580833,275.255363,261.615543,12.580875,274.196418,4.2000000000541604e-5,-1.0589449999999943,time_since_previous_projection_seconds,cumulative_projection_time_seconds,automotive02_01
1129,2026-09-30T22:16:15Z,dataset_9/uvl/automotive02_01.uvl,1129,2074,1,0.012442,12.593275,275.268249,12.593275,275.268249,261.615543,12.593317,274.20886,4.2000000000541604e-5,-1.0593890000000101,time_since_previous_projection_seconds,cumulative_projection_time_seconds,automotive02_01
1130,2026-09-30T22:16:15Z,dataset_9/uvl/automotive02_01.uvl,1130,2074,1,0.013228,12.606503,275.281865,12.606503,275.281865,261.615543,12.606545,274.222088,4.2000000000541604e-5,-1.0597769999999969,time_since_previous_projection_seconds,cumulative_projection_time_seconds,automotive02_01
1131,2026-09-30T22:16:15Z,dataset_9/uvl/automotive02_01.uvl,1131,2074,1,0.014606,12.621109,275.296984,12.621109,275.296984,261.615543,12.621151,274.236694,4.199999999876525e-5,-1.060290000000009,time_since_previous_projection_seconds,cumulative_projection_time_seconds,automotive02_01
1132,2026-09-30T22:16:15Z,dataset_9/uvl/automotive02_01.uvl,1132,2074,1,0.012672,12.633781,275.310085,12.633781,275.310085,261.615543,12.633823,274.249366,4.199999999876525e-5,-1.060719000000006,time_since_previous_projection_seconds,cumulative_projection_time_seconds,automotive02_01
1133,2026-09-30T22:16:15Z,dataset_9/uvl/automotive02_01.uvl,1133,2074,1,0.013642,12.647423,275.324134,12.647423,275.324134,261.615543,12.647465,274.263008,4.2000000000541604e-5,-1.0611260000000016,time_since_previous_projection_seconds,cumulative_projection_time_seconds,automotive02_01
1134,2026-09-30T22:16:15Z,dataset_9/uvl/automotive02_01.uvl,1134,2074,1,0.012051,12.659474,275.33659,12.659474,275.33659,261.615543,12.659516,274.275059,4.2000000000541604e-5,-1.0615310000000022,time_since_previous_projection_seconds,cumulative_projection_time_seconds,automotive02_01
1135,2026-09-30T22:16:15Z,dataset_9/uvl/automotive02_01.uvl,1135,2074,1,0.012467,12.67194,275.349459,12.67194,275.349459,261.615543,12.671983000000001,274.287526,4.300000000156956e-5,-1.0619330000000105,time_since_previous_projection_seconds,cumulative_projection_time_seconds,automotive02_01
1136,2026-09-30T22:16:15Z,dataset_9/uvl/automotive02_01.uvl,1136,2074,1,0.013158,12.685099,275.363105,12.685099,275.363105,261.615543,12.685141,274.300684,4.2000000000541604e-5,-1.062421000000029,time_since_previous_projection_seconds,cumulative_projection_time_seconds,automotive02_01
1137,2026-09-30T22:16:15Z,dataset_9/uvl/automotive02_01.uvl,1137,2074,1,0.012718,12.697817,275.376234,12.697817,275.376234,261.615543,12.697859,274.313402,4.199999999876525e-5,-1.0628320000000144,time_since_previous_projection_seconds,cumulative_projection_time_seconds,automotive02_01
1138,2026-09-30T22:16:15Z,dataset_9/uvl/automotive02_01.uvl,1138,2074,1,0.012484,12.710301,275.389213,12.710301,275.389213,261.615543,12.710343,274.325886,4.2000000000541604e-5,-1.0633269999999584,time_since_previous_projection_seconds,cumulative_projection_time_seconds,automotive02_01
1139,2026-09-30T22:16:15Z,dataset_9/uvl/automotive02_01.uvl,1139,2074,1,0.012414,12.722715000000001,275.402035,12.722715000000001,275.402035,261.615543,12.722757,274.3383,4.199999999876525e-5,-1.0637350000000083,time_since_previous_projection_seconds,cumulative_projection_time_seconds,automotive02_01
1140,2026-09-30T22:16:15Z,dataset_9/uvl/automotive02_01.uvl,1140,2074,1,0.012533,12.735248,275.414965,12.735248,275.414965,261.615543,12.735290000000001,274.350833,4.2000000000541604e-5,-1.0641319999999723,time_since_previous_projection_seconds,cumulative_projection_time_seconds,automotive02_01
1141,2026-09-30T22:16:15Z,dataset_9/uvl/automotive02_01.uvl,1141,2074,1,0.012515,12.747763,275.427896,12.747763,275.427896,261.615543,12.747805,274.363348,4.199999999876525e-5,-1.064548000000002,time_since_previous_projection_seconds,cumulative_projection_time_seconds,automotive02_01
1142,2026-09-30T22:16:15Z,dataset_9/uvl/automotive02_01.uvl,1142,2074,1,0.01241,12.760174,275.440709,12.760174,275.440709,261.615543,12.760215,274.375758,4.1000000001290005e-5,-1.0649510000000078,time_since_previous_projection_seconds,cumulative_projection_time_seconds,automotive02_01
1143,2026-09-30T22:16:15Z,dataset_9/uvl/automotive02_01.uvl,1143,2074,1,0.012426,12.772599,275.453518,12.772599,275.453518,261.615543,12.772641,274.388184,4.2000000000541604e-5,-1.0653339999999503,time_since_previous_projection_seconds,cumulative_projection_time_seconds,automotive02_01
1144,2026-09-30T22:16:15Z,dataset_9/uvl/automotive02_01.uvl,1144,2074,1,0.012538,12.785138,275.466456,12.785138,275.466456,261.615543,12.785179,274.400722,4.099999999951365e-5,-1.0657340000000204,time_since_previous_projection_seconds,cumulative_projection_time_seconds,automotive02_01
1145,2026-09-30T22:16:15Z,dataset_9/uvl/automotive02_01.uvl,1145,2074,1,0.012538,12.797675,275.479376,12.797675,275.479376,261.615543,12.797717,274.41326,4.2000000000541604e-5,-1.0661160000000223,time_since_previous_projection_seconds,cumulative_projection_time_seconds,automotive02_01
1146,2026-09-30T22:16:15Z,dataset_9/uvl/automotive02_01.uvl,1146,2074,1,0.012627,12.810303,275.492416,12.810303,275.492416,261.615543,12.810344,274.425887,4.1000000001290005e-5,-1.0665290000000027,time_since_previous_projection_seconds,cumulative_projection_time_seconds,automotive02_01
1147,2026-09-30T22:16:15Z,dataset_9/uvl/automotive02_01.uvl,1147,2074,1,0.012548,12.822851,275.505378,12.822851,275.505378,261.615543,12.822892,274.438435,4.099999999951365e-5,-1.0669429999999807,time_since_previous_projection_seconds,cumulative_projection_time_seconds,automotive02_01
1148,2026-09-30T22:16:15Z,dataset_9/uvl/automotive02_01.uvl,1148,2074,1,0.012963,12.835814,275.518731,12.835814,275.518731,261.615543,12.835855,274.451398,4.1000000001290005e-5,-1.0673330000000192,time_since_previous_projection_seconds,cumulative_projection_time_seconds,automotive02_01
1149,2026-09-30T22:16:15Z,dataset_9/uvl/automotive02_01.uvl,1149,2074,1,0.012539,12.848353,275.531671,12.848353,275.531671,261.615543,12.848394,274.463937,4.1000000001290005e-5,-1.06773400000003,time_since_previous_projection_seconds,cumulative_projection_time_seconds,automotive02_01
1150,2026-09-30T22:16:15Z,dataset_9/uvl/automotive02_01.uvl,1150,2074,1,0.01254,12.860893,275.544623,12.860893,275.544623,261.615543,12.860934,274.476477,4.099999999951365e-5,-1.068146000000013,time_since_previous_projection_seconds,cumulative_projection_time_seconds,automotive02_01
1151,2026-09-30T22:16:15Z,dataset_9/uvl/automotive02_01.uvl,1151,2074,1,0.012486,12.873379,275.557485,12.873379,275.557485,261.615543,12.87342,274.488963,4.099999999951365e-5,-1.068521999999973,time_since_previous_projection_seconds,cumulative_projection_time_seconds,automotive02_01
1152,2026-09-30T22:16:15Z,dataset_9/uvl/automotive02_01.uvl,1152,2074,1,0.013143,12.886522,275.571036,12.886522,275.571036,261.615543,12.886563,274.502106,4.1000000001290005e-5,-1.0689299999999662,time_since_previous_projection_seconds,cumulative_projection_time_seconds,automotive02_01
1153,2026-09-30T22:16:15Z,dataset_9/uvl/automotive02_01.uvl,1153,2074,1,0.013214,12.899736,275.584752,12.899736,275.584752,261.615543,12.899777,274.51532,4.099999999951365e-5,-1.0694320000000062,time_since_previous_projection_seconds,cumulative_projection_time_seconds,automotive02_01
1154,2026-09-30T22:16:15Z,dataset_9/uvl/automotive02_01.uvl,1154,2074,1,0.013128,12.912864,275.598407,12.912864,275.598407,261.615543,12.912905,274.528448,4.099999999951365e-5,-1.069958999999983,time_since_previous_projection_seconds,cumulative_projection_time_seconds,automotive02_01
1155,2026-09-30T22:16:15Z,dataset_9/uvl/automotive02_01.uvl,1155,2074,1,0.012842,12.925706,275.611652,12.925706,275.611652,261.615543,12.925747,274.54129,4.099999999951365e-5,-1.0703619999999887,time_since_previous_projection_seconds,cumulative_projection_time_seconds,automotive02_01
1156,2026-09-30T22:16:15Z,dataset_9/uvl/automotive02_01.uvl,1156,2074,1,0.012153,12.937859,275.624213,12.937859,275.624213,261.615543,12.9379,274.553443,4.1000000001290005e-5,-1.0707699999999818,time_since_previous_projection_seconds,cumulative_projection_time_seconds,automotive02_01
1157,2026-09-30T22:16:15Z,dataset_9/uvl/automotive02_01.uvl,1157,2074,1,0.012952,12.950811,275.63757,12.950811,275.63757,261.615543,12.950852,274.566395,4.099999999951365e-5,-1.0711749999999824,time_since_previous_projection_seconds,cumulative_projection_time_seconds,automotive02_01
1158,2026-09-30T22:16:15Z,dataset_9/uvl/automotive02_01.uvl,1158,2074,1,0.012707,12.963517,275.650702,12.963517,275.650702,261.615543,12.963559,274.579102,4.2000000000541604e-5,-1.0716000000000463,time_since_previous_projection_seconds,cumulative_projection_time_seconds,automotive02_01
1159,2026-09-30T22:16:15Z,dataset_9/uvl/automotive02_01.uvl,1159,2074,1,0.013235,12.976753,275.664329,12.976753,275.664329,261.615543,12.976794,274.592337,4.099999999951365e-5,-1.071992000000023,time_since_previous_projection_seconds,cumulative_projection_time_seconds,automotive02_01
1160,2026-09-30T22:16:15Z,dataset_9/uvl/automotive02_01.uvl,1160,2074,1,0.012948,12.9897,275.677717,12.9897,275.677717,261.615543,12.989742,274.605285,4.2000000000541604e-5,-1.072431999999992,time_since_previous_projection_seconds,cumulative_projection_time_seconds,automotive02_01
1161,2026-09-30T22:16:15Z,dataset_9/uvl/automotive02_01.uvl,1161,2074,1,0.011989,13.001689,275.690114,13.001689,275.690114,261.615543,13.001731,274.617274,4.199999999876525e-5,-1.0728399999999851,time_since_previous_projection_seconds,cumulative_projection_time_seconds,automotive02_01
1162,2026-09-30T22:16:15Z,dataset_9/uvl/automotive02_01.uvl,1162,2074,1,0.01199,13.01368,275.702504,13.01368,275.702504,261.615543,13.013721,274.629264,4.099999999951365e-5,-1.0732399999999984,time_since_previous_projection_seconds,cumulative_projection_time_seconds,automotive02_01
1163,2026-09-30T22:16:15Z,dataset_9/uvl/automotive02_01.uvl,1163,2074,1,0.012026,13.025706,275.714908,13.025706,275.714908,261.615543,13.025747,274.64129,4.1000000001290005e-5,-1.0736179999999536,time_since_previous_projection_seconds,cumulative_projection_time_seconds,automotive02_01
1164,2026-09-30T22:16:15Z,dataset_9/uvl/automotive02_01.uvl,1164,2074,1,0.011959,13.037665,275.72738,13.037665,275.72738,261.615543,13.037706,274.653249,4.099999999951365e-5,-1.0741309999999658,time_since_previous_projection_seconds,cumulative_projection_time_seconds,automotive02_01
1165,2026-09-30T22:16:15Z,dataset_9/uvl/automotive02_01.uvl,1165,2074,1,0.012199,13.049864,275.740076,13.049864,275.740076,261.615543,13.049905,274.665448,4.1000000001290005e-5,-1.0746279999999615,time_since_previous_projection_seconds,cumulative_projection_time_seconds,automotive02_01
1166,2026-09-30T22:16:15Z,dataset_9/uvl/automotive02_01.uvl,1166,2074,1,0.012823,13.062688,275.753409,13.062688,275.753409,261.615543,13.062728,274.678271,4.000000000026205e-5,-1.0751379999999813,time_since_previous_projection_seconds,cumulative_projection_time_seconds,automotive02_01
1167,2026-09-30T22:16:15Z,dataset_9/uvl/automotive02_01.uvl,1167,2074,1,0.012628,13.075316,275.766387,13.075316,275.766387,261.615543,13.075356,274.690899,3.999999999848569e-5,-1.075488000000007,time_since_previous_projection_seconds,cumulative_projection_time_seconds,automotive02_01
1168,2026-09-30T22:16:15Z,dataset_9/uvl/automotive02_01.uvl,1168,2074,1,0.012917,13.088233,275.779716,13.088233,275.779716,261.615543,13.088273,274.703816,3.999999999848569e-5,-1.07589999999999,time_since_previous_projection_seconds,cumulative_projection_time_seconds,automotive02_01
1169,2026-09-30T22:16:15Z,dataset_9/uvl/automotive02_01.uvl,1169,2074,1,0.013333,13.101566,275.793476,13.101566,275.793476,261.615543,13.101606,274.717149,4.000000000026205e-5,-1.076326999999992,time_since_previous_projection_seconds,cumulative_projection_time_seconds,automotive02_01
1170,2026-09-30T22:16:15Z,dataset_9/uvl/automotive02_01.uvl,1170,2074,1,0.012369,13.113935,275.806227,13.113935,275.806227,261.615543,13.113975,274.729518,4.000000000026205e-5,-1.076708999999994,time_since_previous_projection_seconds,cumulative_projection_time_seconds,automotive02_01
1171,2026-09-30T22:16:15Z,dataset_9/uvl/automotive02_01.uvl,1171,2074,1,0.012606,13.12654,275.819285,13.12654,275.819285,261.615543,13.126581,274.742124,4.099999999951365e-5,-1.0771609999999896,time_since_previous_projection_seconds,cumulative_projection_time_seconds,automotive02_01
1172,2026-09-30T22:16:15Z,dataset_9/uvl/automotive02_01.uvl,1172,2074,1,0.012841,13.139381,275.832619,13.139381,275.832619,261.615543,13.139422,274.754965,4.099999999951365e-5,-1.0776539999999954,time_since_previous_projection_seconds,cumulative_projection_time_seconds,automotive02_01
1173,2026-09-30T22:16:15Z,dataset_9/uvl/automotive02_01.uvl,1173,2074,1,0.013129,13.15251,275.846163,13.15251,275.846163,261.615543,13.152551,274.768094,4.1000000001290005e-5,-1.0780689999999709,time_since_previous_projection_seconds,cumulative_projection_time_seconds,automotive02_01
1174,2026-09-30T22:16:15Z,dataset_9/uvl/automotive02_01.uvl,1174,2074,1,0.011996,13.164506,275.85859,13.164506,275.85859,261.615543,13.164547,274.78009000000003,4.1000000001290005e-5,-1.0784999999999627,time_since_previous_projection_seconds,cumulative_projection_time_seconds,automotive02_01
1175,2026-09-30T22:16:15Z,dataset_9/uvl/automotive02_01.uvl,1175,2074,1,0.013674,13.17818,275.872646,13.17818,275.872646,261.615543,13.178221,274.793764,4.1000000001290005e-5,-1.0788819999999646,time_since_previous_projection_seconds,cumulative_projection_time_seconds,automotive02_01
1176,2026-09-30T22:16:15Z,dataset_9/uvl/automotive02_01.uvl,1176,2074,1,0.012901,13.191081,275.885994,13.191081,275.885994,261.615543,13.191122,274.806665,4.099999999951365e-5,-1.079328999999973,time_since_previous_projection_seconds,cumulative_projection_time_seconds,automotive02_01
1177,2026-09-30T22:16:15Z,dataset_9/uvl/automotive02_01.uvl,1177,2074,1,0.013168,13.204249,275.899586,13.204249,275.899586,261.615543,13.20429,274.819833,4.099999999951365e-5,-1.0797529999999824,time_since_previous_projection_seconds,cumulative_projection_time_seconds,automotive02_01
1178,2026-09-30T22:16:15Z,dataset_9/uvl/automotive02_01.uvl,1178,2074,1,0.013542,13.217791,275.913547,13.217791,275.913547,261.615543,13.217832,274.833375,4.099999999951365e-5,-1.0801720000000046,time_since_previous_projection_seconds,cumulative_projection_time_seconds,automotive02_01
1179,2026-09-30T22:16:15Z,dataset_9/uvl/automotive02_01.uvl,1179,2074,1,0.012346,13.230137,275.926298,13.230137,275.926298,261.615543,13.230178,274.845721,4.1000000001290005e-5,-1.0805769999999484,time_since_previous_projection_seconds,cumulative_projection_time_seconds,automotive02_01
1180,2026-09-30T22:16:15Z,dataset_9/uvl/automotive02_01.uvl,1180,2074,1,0.011883,13.24202,275.938562,13.24202,275.938562,261.615543,13.242061,274.857604,4.099999999951365e-5,-1.0809580000000096,time_since_previous_projection_seconds,cumulative_projection_time_seconds,automotive02_01
1181,2026-09-30T22:16:15Z,dataset_9/uvl/automotive02_01.uvl,1181,2074,1,0.012429,13.254449,275.951373,13.254449,275.951373,261.615543,13.25449,274.870033,4.1000000001290005e-5,-1.0813400000000115,time_since_previous_projection_seconds,cumulative_projection_time_seconds,automotive02_01
1182,2026-09-30T22:16:15Z,dataset_9/uvl/automotive02_01.uvl,1182,2074,1,0.013038,13.267487,275.964871,13.267487,275.964871,261.615543,13.267528,274.88307100000003,4.1000000001290005e-5,-1.081799999999987,time_since_previous_projection_seconds,cumulative_projection_time_seconds,automotive02_01
1183,2026-09-30T22:16:15Z,dataset_9/uvl/automotive02_01.uvl,1183,2074,1,0.013011,13.280497,275.978287,13.280497,275.978287,261.615543,13.280539,274.896082,4.199999999876525e-5,-1.0822050000000445,time_since_previous_projection_seconds,cumulative_projection_time_seconds,automotive02_01
1184,2026-09-30T22:16:15Z,dataset_9/uvl/automotive02_01.uvl,1184,2074,1,0.013752,13.294249,275.992445,13.294249,275.992445,261.615543,13.294291,274.909834,4.199999999876525e-5,-1.0826109999999858,time_since_previous_projection_seconds,cumulative_projection_time_seconds,automotive02_01
1185,2026-09-30T22:16:15Z,dataset_9/uvl/automotive02_01.uvl,1185,2074,1,0.013064,13.307314,276.005906,13.307314,276.005906,261.615543,13.307355,274.922898,4.099999999951365e-5,-1.0830080000000066,time_since_previous_projection_seconds,cumulative_projection_time_seconds,automotive02_01
1186,2026-09-30T22:16:15Z,dataset_9/uvl/automotive02_01.uvl,1186,2074,1,0.013174,13.320488,276.019481,13.320488,276.019481,261.615543,13.320529,274.936072,4.1000000001290005e-5,-1.0834089999999605,time_since_previous_projection_seconds,cumulative_projection_time_seconds,automotive02_01
1187,2026-09-30T22:16:15Z,dataset_9/uvl/automotive02_01.uvl,1187,2074,1,0.012043,13.332531,276.031958,13.332531,276.031958,261.615543,13.332572,274.94811500000003,4.1000000001290005e-5,-1.0838429999999448,time_since_previous_projection_seconds,cumulative_projection_time_seconds,automotive02_01
1188,2026-09-30T22:16:15Z,dataset_9/uvl/automotive02_01.uvl,1188,2074,1,0.012301,13.344831,276.04467,13.344831,276.04467,261.615543,13.344873,274.960416,4.2000000000541604e-5,-1.0842539999999872,time_since_previous_projection_seconds,cumulative_projection_time_seconds,automotive02_01
1189,2026-09-30T22:16:15Z,dataset_9/uvl/automotive02_01.uvl,1189,2074,1,0.012263,13.357094,276.057374,13.357094,276.057374,261.615543,13.357136,274.972679,4.2000000000541604e-5,-1.0846949999999538,time_since_previous_projection_seconds,cumulative_projection_time_seconds,automotive02_01
1190,2026-09-30T22:16:15Z,dataset_9/uvl/automotive02_01.uvl,1190,2074,1,0.012333,13.369427,276.07015,13.369427,276.07015,261.615543,13.369469,274.985012,4.2000000000541604e-5,-1.085138000000029,time_since_previous_projection_seconds,cumulative_projection_time_seconds,automotive02_01
1191,2026-09-30T22:16:15Z,dataset_9/uvl/automotive02_01.uvl,1191,2074,1,0.012474,13.381901,276.083016,13.381901,276.083016,261.615543,13.381943,274.997486,4.2000000000541604e-5,-1.0855300000000057,time_since_previous_projection_seconds,cumulative_projection_time_seconds,automotive02_01
1192,2026-09-30T22:16:16Z,dataset_9/uvl/automotive02_01.uvl,1192,2074,1,0.012201,13.394102,276.095639,13.394102,276.095639,261.615543,13.394144,275.009687,4.2000000000541604e-5,-1.0859520000000202,time_since_previous_projection_seconds,cumulative_projection_time_seconds,automotive02_01
1193,2026-09-30T22:16:16Z,dataset_9/uvl/automotive02_01.uvl,1193,2074,1,0.012197,13.406299,276.10823,13.406299,276.10823,261.615543,13.406341,275.021884,4.199999999876525e-5,-1.0863459999999918,time_since_previous_projection_seconds,cumulative_projection_time_seconds,automotive02_01
1194,2026-09-30T22:16:16Z,dataset_9/uvl/automotive02_01.uvl,1194,2074,1,0.01355,13.419849,276.122178,13.419849,276.122178,261.615543,13.419891,275.035434,4.2000000000541604e-5,-1.0867440000000101,time_since_previous_projection_seconds,cumulative_projection_time_seconds,automotive02_01
1195,2026-09-30T22:16:16Z,dataset_9/uvl/automotive02_01.uvl,1195,2074,1,0.013195,13.433044,276.135766,13.433044,276.135766,261.615543,13.433086,275.048629,4.199999999876525e-5,-1.0871369999999843,time_since_previous_projection_seconds,cumulative_projection_time_seconds,automotive02_01
1196,2026-09-30T22:16:16Z,dataset_9/uvl/automotive02_01.uvl,1196,2074,1,0.014045,13.447089,276.150215,13.447089,276.150215,261.615543,13.447131,275.062674,4.2000000000541604e-5,-1.0875409999999874,time_since_previous_projection_seconds,cumulative_projection_time_seconds,automotive02_01
1197,2026-09-30T22:16:16Z,dataset_9/uvl/automotive02_01.uvl,1197,2074,1,0.012965,13.460054,276.163735,13.460054,276.163735,261.615543,13.460096,275.075639,4.2000000000541604e-5,-1.0880959999999504,time_since_previous_projection_seconds,cumulative_projection_time_seconds,automotive02_01
1198,2026-09-30T22:16:16Z,dataset_9/uvl/automotive02_01.uvl,1198,2074,1,0.012554,13.472608,276.176712,13.472608,276.176712,261.615543,13.47265,275.088193,4.2000000000541604e-5,-1.0885190000000193,time_since_previous_projection_seconds,cumulative_projection_time_seconds,automotive02_01
1199,2026-09-30T22:16:16Z,dataset_9/uvl/automotive02_01.uvl,1199,2074,1,0.012395,13.485003,276.189536,13.485003,276.189536,261.615543,13.485045,275.100588,4.199999999876525e-5,-1.0889479999999594,time_since_previous_projection_seconds,cumulative_projection_time_seconds,automotive02_01
1200,2026-09-30T22:16:16Z,dataset_9/uvl/automotive02_01.uvl,1200,2074,1,0.012516,13.49752,276.202437,13.49752,276.202437,261.615543,13.497561,275.113104,4.099999999951365e-5,-1.0893329999999537,time_since_previous_projection_seconds,cumulative_projection_time_seconds,automotive02_01
1201,2026-09-30T22:16:16Z,dataset_9/uvl/automotive02_01.uvl,1201,2074,1,0.012527,13.510047,276.215531,13.510047,276.215531,261.615543,13.510088,275.125631,4.099999999951365e-5,-1.0899,time_since_previous_projection_seconds,cumulative_projection_time_seconds,automotive02_01
1202,2026-09-30T22:16:16Z,dataset_9/uvl/automotive02_01.uvl,1202,2074,1,0.01241,13.522457,276.228331,13.522457,276.228331,261.615543,13.522498,275.138041,4.1000000001290005e-5,-1.0902900000000386,time_since_previous_projection_seconds,cumulative_projection_time_seconds,automotive02_01
1203,2026-09-30T22:16:16Z,dataset_9/uvl/automotive02_01.uvl,1203,2074,1,0.013367,13.535823,276.242094,13.535823,276.242094,261.615543,13.535865,275.151408,4.199999999876525e-5,-1.0906860000000052,time_since_previous_projection_seconds,cumulative_projection_time_seconds,automotive02_01
1204,2026-09-30T22:16:16Z,dataset_9/uvl/automotive02_01.uvl,1204,2074,1,0.012146,13.54797,276.254643,13.54797,276.254643,261.615543,13.548011,275.163554,4.1000000001290005e-5,-1.0910890000000109,time_since_previous_projection_seconds,cumulative_projection_time_seconds,automotive02_01
1205,2026-09-30T22:16:16Z,dataset_9/uvl/automotive02_01.uvl,1205,2074,1,0.012162,13.560132,276.267213,13.560132,276.267213,261.615543,13.560173,275.175716,4.1000000001290005e-5,-1.091497000000004,time_since_previous_projection_seconds,cumulative_projection_time_seconds,automotive02_01
1206,2026-09-30T22:16:16Z,dataset_9/uvl/automotive02_01.uvl,1206,2074,1,0.012607,13.572739,276.280263,13.572739,276.280263,261.615543,13.57278,275.188323,4.099999999951365e-5,-1.0919399999999655,time_since_previous_projection_seconds,cumulative_projection_time_seconds,automotive02_01
1207,2026-09-30T22:16:16Z,dataset_9/uvl/automotive02_01.uvl,1207,2074,1,0.012772,13.58551,276.293414,13.58551,276.293414,261.615543,13.585552,275.201095,4.2000000000541604e-5,-1.092318999999975,time_since_previous_projection_seconds,cumulative_projection_time_seconds,automotive02_01
1208,2026-09-30T22:16:16Z,dataset_9/uvl/automotive02_01.uvl,1208,2074,1,0.013315,13.598826,276.307168,13.598826,276.307168,261.615543,13.598867,275.21441,4.099999999951365e-5,-1.0927580000000034,time_since_previous_projection_seconds,cumulative_projection_time_seconds,automotive02_01
1209,2026-09-30T22:16:16Z,dataset_9/uvl/automotive02_01.uvl,1209,2074,1,0.012344,13.61117,276.319916,13.61117,276.319916,261.615543,13.611211,275.226754,4.1000000001290005e-5,-1.0931619999999498,time_since_previous_projection_seconds,cumulative_projection_time_seconds,automotive02_01
1210,2026-09-30T22:16:16Z,dataset_9/uvl/automotive02_01.uvl,1210,2074,1,0.012572,13.623742,276.332969,13.623742,276.332969,261.615543,13.623783,275.239326,4.099999999951365e-5,-1.093642999999986,time_since_previous_projection_seconds,cumulative_projection_time_seconds,automotive02_01
1211,2026-09-30T22:16:16Z,dataset_9/uvl/automotive02_01.uvl,1211,2074,1,0.010543,13.634285,276.343876,13.634285,276.343876,261.615543,13.634326,275.249869,4.099999999951365e-5,-1.0940070000000333,time_since_previous_projection_seconds,cumulative_projection_time_seconds,automotive02_01
1212,2026-09-30T22:16:16Z,dataset_9/uvl/automotive02_01.uvl,1212,2074,1,0.01041,13.644696,276.35463,13.644696,276.35463,261.615543,13.644736,275.260279,4.000000000026205e-5,-1.0943509999999605,time_since_previous_projection_seconds,cumulative_projection_time_seconds,automotive02_01
1213,2026-09-30T22:16:16Z,dataset_9/uvl/automotive02_01.uvl,1213,2074,1,0.010661,13.655356,276.365626,13.655356,276.365626,261.615543,13.655397,275.27094,4.1000000001290005e-5,-1.0946860000000243,time_since_previous_projection_seconds,cumulative_projection_time_seconds,automotive02_01
1214,2026-09-30T22:16:16Z,dataset_9/uvl/automotive02_01.uvl,1214,2074,1,0.01106,13.666417,276.37704,13.666417,276.37704,261.615543,13.666457,275.282,4.000000000026205e-5,-1.09504000000004,time_since_previous_projection_seconds,cumulative_projection_time_seconds,automotive02_01
1215,2026-09-30T22:16:16Z,dataset_9/uvl/automotive02_01.uvl,1215,2074,1,0.010406,13.676823,276.387782,13.676823,276.387782,261.615543,13.676863,275.292406,4.000000000026205e-5,-1.0953759999999875,time_since_previous_projection_seconds,cumulative_projection_time_seconds,automotive02_01
1216,2026-09-30T22:16:16Z,dataset_9/uvl/automotive02_01.uvl,1216,2074,1,0.01056,13.687383,276.398683,13.687383,276.398683,261.615543,13.687423,275.302966,4.000000000026205e-5,-1.0957169999999792,time_since_previous_projection_seconds,cumulative_projection_time_seconds,automotive02_01
1217,2026-09-30T22:16:16Z,dataset_9/uvl/automotive02_01.uvl,1217,2074,1,0.011012,13.698396,276.410052,13.698396,276.410052,261.615543,13.698435,275.313978,3.899999999923409e-5,-1.0960739999999873,time_since_previous_projection_seconds,cumulative_projection_time_seconds,automotive02_01
1218,2026-09-30T22:16:16Z,dataset_9/uvl/automotive02_01.uvl,1218,2074,1,0.010377,13.708773,276.420778,13.708773,276.420778,261.615543,13.708812,275.324355,3.899999999923409e-5,-1.0964229999999588,time_since_previous_projection_seconds,cumulative_projection_time_seconds,automotive02_01
1219,2026-09-30T22:16:16Z,dataset_9/uvl/automotive02_01.uvl,1219,2074,1,0.010311,13.719084,276.4316,13.719084,276.4316,261.615543,13.719123,275.334666,3.899999999923409e-5,-1.096933999999976,time_since_previous_projection_seconds,cumulative_projection_time_seconds,automotive02_01
1220,2026-09-30T22:16:16Z,dataset_9/uvl/automotive02_01.uvl,1220,2074,1,0.010474,13.729558,276.442413,13.729558,276.442413,261.615543,13.729597,275.34514,3.899999999923409e-5,-1.0972729999999729,time_since_previous_projection_seconds,cumulative_projection_time_seconds,automotive02_01
1221,2026-09-30T22:16:16Z,dataset_9/uvl/automotive02_01.uvl,1221,2074,1,0.010375,13.739933,276.453151,13.739933,276.453151,261.615543,13.739972,275.355515,3.899999999923409e-5,-1.0976359999999659,time_since_previous_projection_seconds,cumulative_projection_time_seconds,automotive02_01
1222,2026-09-30T22:16:16Z,dataset_9/uvl/automotive02_01.uvl,1222,2074,1,0.010472,13.750405,276.463987,13.750405,276.463987,261.615543,13.750444,275.365987,3.899999999923409e-5,-1.0979999999999563,time_since_previous_projection_seconds,cumulative_projection_time_seconds,automotive02_01
1223,2026-09-30T22:16:16Z,dataset_9/uvl/automotive02_01.uvl,1223,2074,1,0.012772,13.763177,276.47706,13.763177,276.47706,261.615543,13.763216,275.378759,3.899999999923409e-5,-1.0983009999999922,time_since_previous_projection_seconds,cumulative_projection_time_seconds,automotive02_01
1224,2026-09-30T22:16:16Z,dataset_9/uvl/automotive02_01.uvl,1224,2074,1,0.01062,13.773796,276.488068,13.773796,276.488068,261.615543,13.773836,275.389379,3.999999999848569e-5,-1.098688999999979,time_since_previous_projection_seconds,cumulative_projection_time_seconds,automotive02_01
1225,2026-09-30T22:16:16Z,dataset_9/uvl/automotive02_01.uvl,1225,2074,1,0.010347,13.784143,276.498761,13.784143,276.498761,261.615543,13.784183,275.399726,4.000000000026205e-5,-1.0990350000000149,time_since_previous_projection_seconds,cumulative_projection_time_seconds,automotive02_01
1226,2026-09-30T22:16:16Z,dataset_9/uvl/automotive02_01.uvl,1226,2074,1,0.010424,13.794567,276.509839,13.794567,276.509839,261.615543,13.794607,275.41015,3.999999999848569e-5,-1.0996890000000121,time_since_previous_projection_seconds,cumulative_projection_time_seconds,automotive02_01
1227,2026-09-30T22:16:16Z,dataset_9/uvl/automotive02_01.uvl,1227,2074,1,0.010706,13.805273,276.520931,13.805273,276.520931,261.615543,13.805313,275.420856,4.000000000026205e-5,-1.100075000000004,time_since_previous_projection_seconds,cumulative_projection_time_seconds,automotive02_01
1228,2026-09-30T22:16:16Z,dataset_9/uvl/automotive02_01.uvl,1228,2074,1,0.010561,13.815834,276.531855,13.815834,276.531855,261.615543,13.815874,275.431417,4.000000000026205e-5,-1.100437999999997,time_since_previous_projection_seconds,cumulative_projection_time_seconds,automotive02_01
1229,2026-09-30T22:16:16Z,dataset_9/uvl/automotive02_01.uvl,1229,2074,1,0.010371,13.826205,276.542564,13.826205,276.542564,261.615543,13.826245,275.441788,4.000000000026205e-5,-1.100776000000053,time_since_previous_projection_seconds,cumulative_projection_time_seconds,automotive02_01
1230,2026-09-30T22:16:16Z,dataset_9/uvl/automotive02_01.uvl,1230,2074,1,0.010879,13.837084,276.553786,13.837084,276.553786,261.615543,13.837124,275.452667,3.999999999848569e-5,-1.1011189999999829,time_since_previous_projection_seconds,cumulative_projection_time_seconds,automotive02_01
1231,2026-09-30T22:16:16Z,dataset_9/uvl/automotive02_01.uvl,1231,2074,1,0.010816,13.8479,276.564971,13.8479,276.564971,261.615543,13.84794,275.463483,4.000000000026205e-5,-1.1014880000000176,time_since_previous_projection_seconds,cumulative_projection_time_seconds,automotive02_01
1232,2026-09-30T22:16:16Z,dataset_9/uvl/automotive02_01.uvl,1232,2074,1,0.010388,13.858288,276.575732,13.858288,276.575732,261.615543,13.858328,275.47387100000003,4.000000000026205e-5,-1.1018609999999853,time_since_previous_projection_seconds,cumulative_projection_time_seconds,automotive02_01
1233,2026-09-30T22:16:16Z,dataset_9/uvl/automotive02_01.uvl,1233,2074,1,0.010611,13.868899,276.586711,13.868899,276.586711,261.615543,13.868939,275.484482,3.999999999848569e-5,-1.1022289999999657,time_since_previous_projection_seconds,cumulative_projection_time_seconds,automotive02_01
1234,2026-09-30T22:16:16Z,dataset_9/uvl/automotive02_01.uvl,1234,2074,1,0.010554,13.879453,276.597651,13.879453,276.597651,261.615543,13.879493,275.495036,4.000000000026205e-5,-1.1026149999999575,time_since_previous_projection_seconds,cumulative_projection_time_seconds,automotive02_01
1235,2026-09-30T22:16:16Z,dataset_9/uvl/automotive02_01.uvl,1235,2074,1,0.010375,13.889828,276.608368,13.889828,276.608368,261.615543,13.889868,275.505411,4.000000000026205e-5,-1.1029570000000035,time_since_previous_projection_seconds,cumulative_projection_time_seconds,automotive02_01
1236,2026-09-30T22:16:16Z,dataset_9/uvl/automotive02_01.uvl,1236,2074,1,0.010366,13.900193,276.619372,13.900193,276.619372,261.615543,13.900234,275.515777,4.099999999951365e-5,-1.1035949999999843,time_since_previous_projection_seconds,cumulative_projection_time_seconds,automotive02_01
1237,2026-09-30T22:16:16Z,dataset_9/uvl/automotive02_01.uvl,1237,2074,1,0.010513,13.910707,276.630237,13.910707,276.630237,261.615543,13.910747,275.52629,4.000000000026205e-5,-1.1039470000000051,time_since_previous_projection_seconds,cumulative_projection_time_seconds,automotive02_01
1238,2026-09-30T22:16:16Z,dataset_9/uvl/automotive02_01.uvl,1238,2074,1,0.010523,13.92123,276.641115,13.92123,276.641115,261.615543,13.92127,275.536813,4.000000000026205e-5,-1.1043020000000183,time_since_previous_projection_seconds,cumulative_projection_time_seconds,automotive02_01
1239,2026-09-30T22:16:16Z,dataset_9/uvl/automotive02_01.uvl,1239,2074,1,0.010331,13.931561,276.651822,13.931561,276.651822,261.615543,13.931601,275.547144,4.000000000026205e-5,-1.1046779999999785,time_since_previous_projection_seconds,cumulative_projection_time_seconds,automotive02_01
1240,2026-09-30T22:16:16Z,dataset_9/uvl/automotive02_01.uvl,1240,2074,1,0.01059,13.942151,276.662781,13.942151,276.662781,261.615543,13.942191,275.557734,3.999999999848569e-5,-1.1050470000000132,time_since_previous_projection_seconds,cumulative_projection_time_seconds,automotive02_01
1241,2026-09-30T22:16:16Z,dataset_9/uvl/automotive02_01.uvl,1241,2074,1,0.010908,13.953059,276.674019,13.953059,276.674019,261.615543,13.953099,275.568642,4.000000000026205e-5,-1.1053769999999759,time_since_previous_projection_seconds,cumulative_projection_time_seconds,automotive02_01
1242,2026-09-30T22:16:16Z,dataset_9/uvl/automotive02_01.uvl,1242,2074,1,0.010357,13.963416,276.684736,13.963416,276.684736,261.615543,13.963456,275.578999,4.000000000026205e-5,-1.1057369999999764,time_since_previous_projection_seconds,cumulative_projection_time_seconds,automotive02_01
1243,2026-09-30T22:16:16Z,dataset_9/uvl/automotive02_01.uvl,1243,2074,1,0.010528,13.973944,276.695772,13.973944,276.695772,261.615543,13.973984,275.589527,4.000000000026205e-5,-1.1062450000000013,time_since_previous_projection_seconds,cumulative_projection_time_seconds,automotive02_01
1244,2026-09-30T22:16:16Z,dataset_9/uvl/automotive02_01.uvl,1244,2074,1,0.010839,13.984782,276.706972,13.984782,276.706972,261.615543,13.984823,275.600366,4.1000000001290005e-5,-1.1066059999999993,time_since_previous_projection_seconds,cumulative_projection_time_seconds,automotive02_01
1245,2026-09-30T22:16:16Z,dataset_9/uvl/automotive02_01.uvl,1245,2074,1,0.010745,13.995527,276.718105,13.995527,276.718105,261.615543,13.995568,275.611111,4.1000000001290005e-5,-1.106993999999986,time_since_previous_projection_seconds,cumulative_projection_time_seconds,automotive02_01
1246,2026-09-30T22:16:16Z,dataset_9/uvl/automotive02_01.uvl,1246,2074,1,0.010398,14.005925,276.72888,14.005925,276.72888,261.615543,14.005966,275.621509,4.1000000001290005e-5,-1.1073710000000005,time_since_previous_projection_seconds,cumulative_projection_time_seconds,automotive02_01
1247,2026-09-30T22:16:16Z,dataset_9/uvl/automotive02_01.uvl,1247,2074,1,0.010708,14.016633,276.739939,14.016633,276.739939,261.615543,14.016674,275.632217,4.099999999951365e-5,-1.107721999999967,time_since_previous_projection_seconds,cumulative_projection_time_seconds,automotive02_01
1248,2026-09-30T22:16:16Z,dataset_9/uvl/automotive02_01.uvl,1248,2074,1,0.010598,14.02723,276.750891,14.02723,276.750891,261.615543,14.027272,275.642815,4.2000000000541604e-5,-1.1080760000000396,time_since_previous_projection_seconds,cumulative_projection_time_seconds,automotive02_01
1249,2026-09-30T22:16:16Z,dataset_9/uvl/automotive02_01.uvl,1249,2074,1,0.01036,14.037591,276.761603,14.037591,276.761603,261.615543,14.037632,275.653175,4.099999999951365e-5,-1.1084280000000035,time_since_previous_projection_seconds,cumulative_projection_time_seconds,automotive02_01
1250,2026-09-30T22:22:10Z,dataset_9/uvl/automotive02_01.uvl,1250,2074,1,367.482081,367.482081,630.206429,367.482081,630.206429,261.615543,381.51971299999997,643.135256,14.037631999999974,12.92882700000007,time_since_previous_projection_seconds,cumulative_projection_time_seconds,automotive02_01
1251,2026-09-30T22:22:10Z,dataset_9/uvl/automotive02_01.uvl,1251,2074,1,0.011289,367.49337,630.218233,367.49337,630.218233,261.615543,381.531002,643.1465450000001,14.037631999999974,12.928312000000005,time_since_previous_projection_seconds,cumulative_projection_time_seconds,automotive02_01
1252,2026-09-30T22:22:10Z,dataset_9/uvl/automotive02_01.uvl,1252,2074,1,0.011535,367.504905,630.230154,367.504905,630.230154,261.615543,381.542537,643.1580799999999,14.037631999999974,12.927925999999957,time_since_previous_projection_seconds,cumulative_projection_time_seconds,automotive02_01
1253,2026-09-30T22:22:10Z,dataset_9/uvl/automotive02_01.uvl,1253,2074,1,0.011579,367.516484,630.242126,367.516484,630.242126,261.615543,381.554116,643.169659,14.03763200000003,12.92753300000004,time_since_previous_projection_seconds,cumulative_projection_time_seconds,automotive02_01
1254,2026-09-30T22:22:10Z,dataset_9/uvl/automotive02_01.uvl,1254,2074,1,0.012462,367.528946,630.254958,367.528946,630.254958,261.615543,381.566578,643.182121,14.037631999999974,12.927163000000064,time_since_previous_projection_seconds,cumulative_projection_time_seconds,automotive02_01
1255,2026-09-30T22:22:10Z,dataset_9/uvl/automotive02_01.uvl,1255,2074,1,0.011496,367.540441,630.266849,367.540441,630.266849,261.615543,381.578074,643.193617,14.037633000000028,12.926768000000038,time_since_previous_projection_seconds,cumulative_projection_time_seconds,automotive02_01
1256,2026-09-30T22:22:10Z,dataset_9/uvl/automotive02_01.uvl,1256,2074,1,0.011924,367.552365,630.279181,367.552365,630.279181,261.615543,381.589998,643.205541,14.037632999999971,12.926360000000045,time_since_previous_projection_seconds,cumulative_projection_time_seconds,automotive02_01
1257,2026-09-30T22:22:10Z,dataset_9/uvl/automotive02_01.uvl,1257,2074,1,0.011249,367.563614,630.290829,367.563614,630.290829,261.615543,381.601247,643.21679,14.037633000000028,12.925960999999916,time_since_previous_projection_seconds,cumulative_projection_time_seconds,automotive02_01
1258,2026-09-30T22:22:10Z,dataset_9/uvl/automotive02_01.uvl,1258,2074,1,0.011175,367.574789,630.302397,367.574789,630.302397,261.615543,381.612422,643.227965,14.037632999999971,12.925567999999998,time_since_previous_projection_seconds,cumulative_projection_time_seconds,automotive02_01
1259,2026-09-30T22:22:10Z,dataset_9/uvl/automotive02_01.uvl,1259,2074,1,0.011055,367.585844,630.313821,367.585844,630.313821,261.615543,381.623477,643.23902,14.037632999999971,12.92519900000002,time_since_previous_projection_seconds,cumulative_projection_time_seconds,automotive02_01
1260,2026-09-30T22:22:10Z,dataset_9/uvl/automotive02_01.uvl,1260,2074,1,0.011112,367.596956,630.325313,367.596956,630.325313,261.615543,381.634589,643.250132,14.037633000000028,12.924818999999957,time_since_previous_projection_seconds,cumulative_projection_time_seconds,automotive02_01
1261,2026-09-30T22:22:10Z,dataset_9/uvl/automotive02_01.uvl,1261,2074,1,0.011955,367.60891,630.337658,367.60891,630.337658,261.615543,381.646544,643.2620870000001,14.037634000000025,12.924429000000032,time_since_previous_projection_seconds,cumulative_projection_time_seconds,automotive02_01
1262,2026-09-30T22:22:10Z,dataset_9/uvl/automotive02_01.uvl,1262,2074,1,0.012004,367.620915,630.350039,367.620915,630.350039,261.615543,381.658548,643.274091,14.037632999999971,12.92405199999996,time_since_previous_projection_seconds,cumulative_projection_time_seconds,automotive02_01
1263,2026-09-30T22:22:10Z,dataset_9/uvl/automotive02_01.uvl,1263,2074,1,0.01176,367.632674,630.362209,367.632674,630.362209,261.615543,381.670308,643.285851,14.037633999999969,12.923641999999973,time_since_previous_projection_seconds,cumulative_projection_time_seconds,automotive02_01
1264,2026-09-30T22:22:10Z,dataset_9/uvl/automotive02_01.uvl,1264,2074,1,0.011622,367.644296,630.374202,367.644296,630.374202,261.615543,381.68192999999997,643.297473,14.037633999999969,12.923271,time_since_previous_projection_seconds,cumulative_projection_time_seconds,automotive02_01
1265,2026-09-30T22:22:10Z,dataset_9/uvl/automotive02_01.uvl,1265,2074,1,0.011236,367.655533,630.385815,367.655533,630.385815,261.615543,381.693166,643.308709,14.037633000000028,12.922894000000042,time_since_previous_projection_seconds,cumulative_projection_time_seconds,automotive02_01
1266,2026-09-30T22:22:10Z,dataset_9/uvl/automotive02_01.uvl,1266,2074,1,0.01118,367.666713,630.397376,367.666713,630.397376,261.615543,381.704346,643.319889,14.037632999999971,12.92251299999998,time_since_previous_projection_seconds,cumulative_projection_time_seconds,automotive02_01
1267,2026-09-30T22:22:10Z,dataset_9/uvl/automotive02_01.uvl,1267,2074,1,0.010917,367.67763,630.40868,367.67763,630.40868,261.615543,381.715263,643.3308059999999,14.037632999999971,12.922125999999935,time_since_previous_projection_seconds,cumulative_projection_time_seconds,automotive02_01
1268,2026-09-30T22:22:10Z,dataset_9/uvl/automotive02_01.uvl,1268,2074,1,0.012724,367.690353,630.421778,367.690353,630.421778,261.615543,381.727987,643.34353,14.037633999999969,12.92175199999997,time_since_previous_projection_seconds,cumulative_projection_time_seconds,automotive02_01
1269,2026-09-30T22:22:10Z,dataset_9/uvl/automotive02_01.uvl,1269,2074,1,0.011278,367.701631,630.433432,367.701631,630.433432,261.615543,381.739265,643.354808,14.037633999999969,12.92137600000001,time_since_previous_projection_seconds,cumulative_projection_time_seconds,automotive02_01
1270,2026-09-30T22:22:10Z,dataset_9/uvl/automotive02_01.uvl,1270,2074,1,0.011273,367.712904,630.445114,367.712904,630.445114,261.615543,381.750538,643.366081,14.037634000000025,12.920967000000019,time_since_previous_projection_seconds,cumulative_projection_time_seconds,automotive02_01
1271,2026-09-30T22:22:10Z,dataset_9/uvl/automotive02_01.uvl,1271,2074,1,0.010855,367.723759,630.456362,367.723759,630.456362,261.615543,381.761393,643.376936,14.037634000000025,12.920573999999988,time_since_previous_projection_seconds,cumulative_projection_time_seconds,automotive02_01
1272,2026-09-30T22:22:10Z,dataset_9/uvl/automotive02_01.uvl,1272,2074,1,0.011368,367.735128,630.468178,367.735128,630.468178,261.615543,381.772761,643.3883040000001,14.037633000000028,12.920126000000096,time_since_previous_projection_seconds,cumulative_projection_time_seconds,automotive02_01
1273,2026-09-30T22:22:10Z,dataset_9/uvl/automotive02_01.uvl,1273,2074,1,0.013037,367.748165,630.48158,367.748165,630.48158,261.615543,381.785798,643.401341,14.037633000000028,12.919760999999994,time_since_previous_projection_seconds,cumulative_projection_time_seconds,automotive02_01
1274,2026-09-30T22:22:10Z,dataset_9/uvl/automotive02_01.uvl,1274,2074,1,0.011583,367.759748,630.493551,367.759748,630.493551,261.615543,381.797381,643.412924,14.037632999999971,12.91937299999995,time_since_previous_projection_seconds,cumulative_projection_time_seconds,automotive02_01
1275,2026-09-30T22:22:10Z,dataset_9/uvl/automotive02_01.uvl,1275,2074,1,0.011114,367.770862,630.505058,367.770862,630.505058,261.615543,381.808495,643.424038,14.037632999999971,12.918980000000033,time_since_previous_projection_seconds,cumulative_projection_time_seconds,automotive02_01
1276,2026-09-30T22:22:10Z,dataset_9/uvl/automotive02_01.uvl,1276,2074,1,0.011048,367.78191,630.516503,367.78191,630.516503,261.615543,381.819543,643.435086,14.037633000000028,12.918583000000012,time_since_previous_projection_seconds,cumulative_projection_time_seconds,automotive02_01
1277,2026-09-30T22:22:10Z,dataset_9/uvl/automotive02_01.uvl,1277,2074,1,0.011136,367.793046,630.528011,367.793046,630.528011,261.615543,381.830679,643.446222,14.037632999999971,12.918211000000042,time_since_previous_projection_seconds,cumulative_projection_time_seconds,automotive02_01
1278,2026-09-30T22:22:10Z,dataset_9/uvl/automotive02_01.uvl,1278,2074,1,0.074521,367.867567,630.602914,367.867567,630.602914,261.615543,381.9052,643.520743,14.037632999999971,12.917828999999983,time_since_previous_projection_seconds,cumulative_projection_time_seconds,automotive02_01
1279,2026-09-30T22:22:10Z,dataset_9/uvl/automotive02_01.uvl,1279,2074,1,0.054534,367.9221,630.65781,367.9221,630.65781,261.615543,381.95973399999997,643.5752769999999,14.037633999999969,12.917466999999874,time_since_previous_projection_seconds,cumulative_projection_time_seconds,automotive02_01
1280,2026-09-30T22:22:10Z,dataset_9/uvl/automotive02_01.uvl,1280,2074,1,0.063052,367.985152,630.721239,367.985152,630.721239,261.615543,382.022786,643.638329,14.037633999999969,12.91709000000003,time_since_previous_projection_seconds,cumulative_projection_time_seconds,automotive02_01
1281,2026-09-30T22:22:10Z,dataset_9/uvl/automotive02_01.uvl,1281,2074,1,0.059095,368.044247,630.780696,368.044247,630.780696,261.615543,382.081881,643.697424,14.037634000000025,12.916727999999921,time_since_previous_projection_seconds,cumulative_projection_time_seconds,automotive02_01
1282,2026-09-30T22:22:10Z,dataset_9/uvl/automotive02_01.uvl,1282,2074,1,0.049825,368.094072,630.830909,368.094072,630.830909,261.615543,382.131706,643.747249,14.037634000000025,12.916339999999991,time_since_previous_projection_seconds,cumulative_projection_time_seconds,automotive02_01
1283,2026-09-30T22:22:10Z,dataset_9/uvl/automotive02_01.uvl,1283,2074,1,0.054191,368.148263,630.885502,368.148263,630.885502,261.615543,382.185897,643.80144,14.037634000000025,12.915937999999983,time_since_previous_projection_seconds,cumulative_projection_time_seconds,automotive02_01
1284,2026-09-30T22:22:10Z,dataset_9/uvl/automotive02_01.uvl,1284,2074,1,0.062387,368.21065,630.94829,368.21065,630.94829,261.615543,382.248284,643.863827,14.037634000000025,12.915536999999972,time_since_previous_projection_seconds,cumulative_projection_time_seconds,automotive02_01
1285,2026-09-30T22:22:10Z,dataset_9/uvl/automotive02_01.uvl,1285,2074,1,0.054306,368.264956,631.00306,368.264956,631.00306,261.615543,382.30259,643.918133,14.037634000000025,12.915073000000007,time_since_previous_projection_seconds,cumulative_projection_time_seconds,automotive02_01
1286,2026-09-30T22:22:11Z,dataset_9/uvl/automotive02_01.uvl,1286,2074,1,0.149046,368.414002,631.152486,368.414002,631.152486,261.615543,382.451636,644.067179,14.037634000000025,12.914693000000057,time_since_previous_projection_seconds,cumulative_projection_time_seconds,automotive02_01
1287,2026-09-30T22:22:11Z,dataset_9/uvl/automotive02_01.uvl,1287,2074,1,0.060031,368.474033,631.212877,368.474033,631.212877,261.615543,382.511667,644.12721,14.037633999999969,12.914332999999942,time_since_previous_projection_seconds,cumulative_projection_time_seconds,automotive02_01
1288,2026-09-30T22:22:11Z,dataset_9/uvl/automotive02_01.uvl,1288,2074,1,0.0612,368.535232,631.27453,368.535232,631.27453,261.615543,382.572867,644.18841,14.037634999999966,12.91387999999995,time_since_previous_projection_seconds,cumulative_projection_time_seconds,automotive02_01
1289,2026-09-30T22:22:11Z,dataset_9/uvl/automotive02_01.uvl,1289,2074,1,0.061586,368.596819,631.336491,368.596819,631.336491,261.615543,382.634453,644.249996,14.037634000000025,12.913504999999986,time_since_previous_projection_seconds,cumulative_projection_time_seconds,automotive02_01
1290,2026-09-30T22:22:11Z,dataset_9/uvl/automotive02_01.uvl,1290,2074,1,0.058027,368.654846,631.394899,368.654846,631.394899,261.615543,382.69248,644.308023,14.037633999999969,12.913124000000039,time_since_previous_projection_seconds,cumulative_projection_time_seconds,automotive02_01
1291,2026-09-30T22:22:11Z,dataset_9/uvl/automotive02_01.uvl,1291,2074,1,0.011994,368.66684,631.407296,368.66684,631.407296,261.615543,382.704474,644.320017,14.037634000000025,12.912721000000033,time_since_previous_projection_seconds,cumulative_projection_time_seconds,automotive02_01
1292,2026-09-30T22:22:11Z,dataset_9/uvl/automotive02_01.uvl,1292,2074,1,0.057464,368.724303,631.465255,368.724303,631.465255,261.615543,382.761938,644.377481,14.037634999999966,12.912226000000032,time_since_previous_projection_seconds,cumulative_projection_time_seconds,automotive02_01
1293,2026-09-30T22:22:11Z,dataset_9/uvl/automotive02_01.uvl,1293,2074,1,0.057585,368.781888,631.523221,368.781888,631.523221,261.615543,382.819523,644.435066,14.037635000000023,12.911844999999971,time_since_previous_projection_seconds,cumulative_projection_time_seconds,automotive02_01
1294,2026-09-30T22:22:11Z,dataset_9/uvl/automotive02_01.uvl,1294,2074,1,0.012334,368.794222,631.535929,368.794222,631.535929,261.615543,382.831857,644.4474,14.037635000000023,12.911471000000006,time_since_previous_projection_seconds,cumulative_projection_time_seconds,automotive02_01
1295,2026-09-30T22:22:11Z,dataset_9/uvl/automotive02_01.uvl,1295,2074,1,0.060612,368.854834,631.596945,368.854834,631.596945,261.615543,382.892469,644.508012,14.037635000000023,12.911067000000003,time_since_previous_projection_seconds,cumulative_projection_time_seconds,automotive02_01
1296,2026-09-30T22:22:11Z,dataset_9/uvl/automotive02_01.uvl,1296,2074,1,0.05807,368.912904,631.6554,368.912904,631.6554,261.615543,382.950539,644.566082,14.037634999999966,12.910682000000065,time_since_previous_projection_seconds,cumulative_projection_time_seconds,automotive02_01
1297,2026-09-30T22:22:11Z,dataset_9/uvl/automotive02_01.uvl,1297,2074,1,0.058262,368.971166,631.71403,368.971166,631.71403,261.615543,383.008801,644.6243440000001,14.037635000000023,12.910314000000085,time_since_previous_projection_seconds,cumulative_projection_time_seconds,automotive02_01
1298,2026-09-30T22:22:11Z,dataset_9/uvl/automotive02_01.uvl,1298,2074,1,0.247829,369.218995,631.962268,369.218995,631.962268,261.615543,383.25663,644.872173,14.037634999999966,12.90990499999998,time_since_previous_projection_seconds,cumulative_projection_time_seconds,automotive02_01
1299,2026-09-30T22:22:12Z,dataset_9/uvl/automotive02_01.uvl,1299,2074,1,0.067679,369.286674,632.36286,369.286674,632.36286,261.615543,383.32430899999997,644.939852,14.037634999999966,12.576992000000018,time_since_previous_projection_seconds,cumulative_projection_time_seconds,automotive02_01
1300,2026-09-30T22:22:12Z,dataset_9/uvl/automotive02_01.uvl,1300,2074,1,0.058676,369.345349,632.421996,369.345349,632.421996,261.615543,383.382985,644.9985280000001,14.03763600000002,12.576532000000043,time_since_previous_projection_seconds,cumulative_projection_time_seconds,automotive02_01
1301,2026-09-30T22:22:12Z,dataset_9/uvl/automotive02_01.uvl,1301,2074,1,0.058486,369.403835,632.480823,369.403835,632.480823,261.615543,383.441471,645.057014,14.037635999999964,12.576190999999994,time_since_previous_projection_seconds,cumulative_projection_time_seconds,automotive02_01
1302,2026-09-30T22:22:12Z,dataset_9/uvl/automotive02_01.uvl,1302,2074,1,0.059524,369.463359,632.540686,369.463359,632.540686,261.615543,383.500995,645.116538,14.037635999999964,12.57585199999994,time_since_previous_projection_seconds,cumulative_projection_time_seconds,automotive02_01
1303,2026-09-30T22:22:12Z,dataset_9/uvl/automotive02_01.uvl,1303,2074,1,0.05779,369.521149,632.59887,369.521149,632.59887,261.615543,383.558785,645.1743280000001,14.03763600000002,12.575458000000026,time_since_previous_projection_seconds,cumulative_projection_time_seconds,automotive02_01
1304,2026-09-30T22:22:12Z,dataset_9/uvl/automotive02_01.uvl,1304,2074,1,0.117431,369.63858,632.716692,369.63858,632.716692,261.615543,383.676216,645.291759,14.03763600000002,12.57506699999999,time_since_previous_projection_seconds,cumulative_projection_time_seconds,automotive02_01
1305,2026-09-30T22:22:12Z,dataset_9/uvl/automotive02_01.uvl,1305,2074,1,0.057957,369.696537,632.775003,369.696537,632.775003,261.615543,383.734173,645.349716,14.03763600000002,12.574712999999974,time_since_previous_projection_seconds,cumulative_projection_time_seconds,automotive02_01
1306,2026-09-30T22:22:12Z,dataset_9/uvl/automotive02_01.uvl,1306,2074,1,0.059314,369.755851,632.834683,369.755851,632.834683,261.615543,383.79348699999997,645.40903,14.037635999999964,12.574346999999989,time_since_previous_projection_seconds,cumulative_projection_time_seconds,automotive02_01
1307,2026-09-30T22:22:12Z,dataset_9/uvl/automotive02_01.uvl,1307,2074,1,0.057609,369.81346,632.892653,369.81346,632.892653,261.615543,383.851096,645.466639,14.037635999999964,12.57398599999999,time_since_previous_projection_seconds,cumulative_projection_time_seconds,automotive02_01
1308,2026-09-30T22:22:12Z,dataset_9/uvl/automotive02_01.uvl,1308,2074,1,0.05823,369.87169,632.951226,369.87169,632.951226,261.615543,383.909326,645.5248690000001,14.03763600000002,12.573643000000061,time_since_previous_projection_seconds,cumulative_projection_time_seconds,automotive02_01
1309,2026-09-30T22:22:12Z,dataset_9/uvl/automotive02_01.uvl,1309,2074,1,0.058184,369.929873,633.009782,369.929873,633.009782,261.615543,383.96751,645.5830530000001,14.037637000000018,12.57327100000009,time_since_previous_projection_seconds,cumulative_projection_time_seconds,automotive02_01
1310,2026-09-30T22:22:12Z,dataset_9/uvl/automotive02_01.uvl,1310,2074,1,0.059146,369.989019,633.069285,369.989019,633.069285,261.615543,384.026656,645.642199,14.037637000000018,12.572913999999969,time_since_previous_projection_seconds,cumulative_projection_time_seconds,automotive02_01
1311,2026-09-30T22:22:13Z,dataset_9/uvl/automotive02_01.uvl,1311,2074,1,0.155115,370.144134,633.224822,370.144134,633.224822,261.615543,384.18177099999997,645.7973139999999,14.037636999999961,12.572491999999897,time_since_previous_projection_seconds,cumulative_projection_time_seconds,automotive02_01
1312,2026-09-30T22:22:13Z,dataset_9/uvl/automotive02_01.uvl,1312,2074,1,0.059246,370.20338,633.285174,370.20338,633.285174,261.615543,384.241017,645.85656,14.037637000000018,12.571385999999961,time_since_previous_projection_seconds,cumulative_projection_time_seconds,automotive02_01
1313,2026-09-30T22:22:13Z,dataset_9/uvl/automotive02_01.uvl,1313,2074,1,0.058728,370.262109,633.344294,370.262109,633.344294,261.615543,384.299745,645.9152879999999,14.037635999999964,12.570993999999928,time_since_previous_projection_seconds,cumulative_projection_time_seconds,automotive02_01
1314,2026-09-30T22:22:13Z,dataset_9/uvl/automotive02_01.uvl,1314,2074,1,0.058799,370.320908,633.403476,370.320908,633.403476,261.615543,384.358544,645.974087,14.03763600000002,12.570611000000099,time_since_previous_projection_seconds,cumulative_projection_time_seconds,automotive02_01
1315,2026-09-30T22:22:13Z,dataset_9/uvl/automotive02_01.uvl,1315,2074,1,0.058216,370.379124,633.462131,370.379124,633.462131,261.615543,384.41676,646.032303,14.03763600000002,12.570171999999957,time_since_previous_projection_seconds,cumulative_projection_time_seconds,automotive02_01
1316,2026-09-30T22:22:13Z,dataset_9/uvl/automotive02_01.uvl,1316,2074,1,0.058418,370.437541,633.520931,370.437541,633.520931,261.615543,384.47517799999997,646.090721,14.037636999999961,12.569790000000012,time_since_previous_projection_seconds,cumulative_projection_time_seconds,automotive02_01
1317,2026-09-30T22:22:13Z,dataset_9/uvl/automotive02_01.uvl,1317,2074,1,0.172924,370.610466,633.694219,370.610466,633.694219,261.615543,384.648102,646.263645,14.03763600000002,12.569426000000021,time_since_previous_projection_seconds,cumulative_projection_time_seconds,automotive02_01
1318,2026-09-30T22:22:13Z,dataset_9/uvl/automotive02_01.uvl,1318,2074,1,0.063818,370.674284,633.75885,370.674284,633.75885,261.615543,384.71192,646.3274630000001,14.03763600000002,12.568613000000028,time_since_previous_projection_seconds,cumulative_projection_time_seconds,automotive02_01
1319,2026-09-30T22:22:13Z,dataset_9/uvl/automotive02_01.uvl,1319,2074,1,0.062152,370.736436,633.821386,370.736436,633.821386,261.615543,384.774072,646.389615,14.037635999999964,12.568229000000088,time_since_previous_projection_seconds,cumulative_projection_time_seconds,automotive02_01
1320,2026-09-30T22:22:13Z,dataset_9/uvl/automotive02_01.uvl,1320,2074,1,0.071517,370.807953,633.893362,370.807953,633.893362,261.615543,384.845589,646.461132,14.03763600000002,12.567769999999996,time_since_previous_projection_seconds,cumulative_projection_time_seconds,automotive02_01
1321,2026-09-30T22:22:13Z,dataset_9/uvl/automotive02_01.uvl,1321,2074,1,0.070202,370.878155,633.964209,370.878155,633.964209,261.615543,384.915791,646.531334,14.03763600000002,12.567125000000033,time_since_previous_projection_seconds,cumulative_projection_time_seconds,automotive02_01
1322,2026-09-30T22:22:13Z,dataset_9/uvl/automotive02_01.uvl,1322,2074,1,0.068372,370.946526,634.032969,370.946526,634.032969,261.615543,384.98416299999997,646.599706,14.037636999999961,12.56673699999999,time_since_previous_projection_seconds,cumulative_projection_time_seconds,automotive02_01
1323,2026-09-30T22:22:13Z,dataset_9/uvl/automotive02_01.uvl,1323,2074,1,0.015652,370.962178,634.049004,370.962178,634.049004,261.615543,384.999815,646.615358,14.037637000000018,12.566354000000047,time_since_previous_projection_seconds,cumulative_projection_time_seconds,automotive02_01
1324,2026-09-30T22:22:14Z,dataset_9/uvl/automotive02_01.uvl,1324,2074,1,0.066672,371.02885,634.116079,371.02885,634.116079,261.615543,385.066487,646.6820299999999,14.037637000000018,12.565950999999927,time_since_previous_projection_seconds,cumulative_projection_time_seconds,automotive02_01
1325,2026-09-30T22:22:14Z,dataset_9/uvl/automotive02_01.uvl,1325,2074,1,0.06654,371.09539,634.183003,371.09539,634.183003,261.615543,385.13302699999997,646.74857,14.037636999999961,12.565566999999987,time_since_previous_projection_seconds,cumulative_projection_time_seconds,automotive02_01
1326,2026-09-30T22:22:14Z,dataset_9/uvl/automotive02_01.uvl,1326,2074,1,0.012943,371.108332,634.196322,371.108332,634.196322,261.615543,385.14597,646.7615129999999,14.037637999999959,12.565190999999913,time_since_previous_projection_seconds,cumulative_projection_time_seconds,automotive02_01
1327,2026-09-30T22:22:14Z,dataset_9/uvl/automotive02_01.uvl,1327,2074,1,0.064697,371.17303,634.261404,371.17303,634.261404,261.615543,385.210667,646.82621,14.037637000000018,12.564805999999976,time_since_previous_projection_seconds,cumulative_projection_time_seconds,automotive02_01
1328,2026-09-30T22:22:14Z,dataset_9/uvl/automotive02_01.uvl,1328,2074,1,0.065735,371.238765,634.327521,371.238765,634.327521,261.615543,385.276402,646.8919450000001,14.037637000000018,12.564424000000031,time_since_previous_projection_seconds,cumulative_projection_time_seconds,automotive02_01
1329,2026-09-30T22:22:14Z,dataset_9/uvl/automotive02_01.uvl,1329,2074,1,0.145832,371.384597,634.473727,371.384597,634.473727,261.615543,385.422234,647.037777,14.037637000000018,12.564049999999952,time_since_previous_projection_seconds,cumulative_projection_time_seconds,automotive02_01
1330,2026-09-30T22:22:14Z,dataset_9/uvl/automotive02_01.uvl,1330,2074,1,0.060753,371.44535,634.534867,371.44535,634.534867,261.615543,385.482987,647.09853,14.037636999999961,12.56366300000002,time_since_previous_projection_seconds,cumulative_projection_time_seconds,automotive02_01
1331,2026-09-30T22:22:14Z,dataset_9/uvl/automotive02_01.uvl,1331,2074,1,0.058567,371.503917,634.593801,371.503917,634.593801,261.615543,385.541554,647.157097,14.037637000000018,12.563296000000037,time_since_previous_projection_seconds,cumulative_projection_time_seconds,automotive02_01
1332,2026-09-30T22:22:14Z,dataset_9/uvl/automotive02_01.uvl,1332,2074,1,0.058418,371.562335,634.652569,371.562335,634.652569,261.615543,385.599972,647.215515,14.037636999999961,12.56294600000001,time_since_previous_projection_seconds,cumulative_projection_time_seconds,automotive02_01
1333,2026-09-30T22:22:14Z,dataset_9/uvl/automotive02_01.uvl,1333,2074,1,0.011668,371.574002,634.664592,371.574002,634.664592,261.615543,385.61163999999997,647.227183,14.037637999999959,12.562590999999998,time_since_previous_projection_seconds,cumulative_projection_time_seconds,automotive02_01
1334,2026-09-30T22:22:14Z,dataset_9/uvl/automotive02_01.uvl,1334,2074,1,0.057607,371.631609,634.722556,371.631609,634.722556,261.615543,385.669247,647.2847899999999,14.037637999999959,12.562233999999876,time_since_previous_projection_seconds,cumulative_projection_time_seconds,automotive02_01
1335,2026-09-30T22:22:14Z,dataset_9/uvl/automotive02_01.uvl,1335,2074,1,0.057902,371.689511,634.780899,371.689511,634.780899,261.615543,385.727149,647.3426919999999,14.037638000000015,12.561792999999966,time_since_previous_projection_seconds,cumulative_projection_time_seconds,automotive02_01
1336,2026-09-30T22:22:14Z,dataset_9/uvl/automotive02_01.uvl,1336,2074,1,0.049954,371.739465,634.831233,371.739465,634.831233,261.615543,385.777103,647.392646,14.037638000000015,12.561413000000016,time_since_previous_projection_seconds,cumulative_projection_time_seconds,automotive02_01
1337,2026-09-30T22:22:14Z,dataset_9/uvl/automotive02_01.uvl,1337,2074,1,0.011448,371.750913,634.84306,371.750913,634.84306,261.615543,385.788551,647.404094,14.037637999999959,12.56103399999995,time_since_previous_projection_seconds,cumulative_projection_time_seconds,automotive02_01
1338,2026-09-30T22:22:14Z,dataset_9/uvl/automotive02_01.uvl,1338,2074,1,0.011452,371.762364,634.854879,371.762364,634.854879,261.615543,385.800003,647.415546,14.037639000000013,12.560666999999967,time_since_previous_projection_seconds,cumulative_projection_time_seconds,automotive02_01
1339,2026-09-30T22:22:14Z,dataset_9/uvl/automotive02_01.uvl,1339,2074,1,0.202983,371.965347,635.058246,371.965347,635.058246,261.615543,386.002986,647.6185290000001,14.037639000000013,12.560283000000027,time_since_previous_projection_seconds,cumulative_projection_time_seconds,automotive02_01
1340,2026-09-30T22:22:15Z,dataset_9/uvl/automotive02_01.uvl,1340,2074,1,0.068088,372.033436,635.127014,372.033436,635.127014,261.615543,386.071074,647.6866170000001,14.037638000000015,12.559603000000038,time_since_previous_projection_seconds,cumulative_projection_time_seconds,automotive02_01
1341,2026-09-30T22:22:15Z,dataset_9/uvl/automotive02_01.uvl,1341,2074,1,0.012138,372.045573,635.139645,372.045573,635.139645,261.615543,386.083212,647.698755,14.037639000000013,12.559110000000032,time_since_previous_projection_seconds,cumulative_projection_time_seconds,automotive02_01
1342,2026-09-30T22:22:15Z,dataset_9/uvl/automotive02_01.uvl,1342,2074,1,0.054074,372.099647,635.194128,372.099647,635.194128,261.615543,386.137286,647.752829,14.037639000000013,12.558701000000042,time_since_previous_projection_seconds,cumulative_projection_time_seconds,automotive02_01
1343,2026-09-30T22:22:15Z,dataset_9/uvl/automotive02_01.uvl,1343,2074,1,0.012893,372.11254,635.207445,372.11254,635.207445,261.615543,386.150179,647.765722,14.037638999999956,12.558276999999975,time_since_previous_projection_seconds,cumulative_projection_time_seconds,automotive02_01
1344,2026-09-30T22:22:15Z,dataset_9/uvl/automotive02_01.uvl,1344,2074,1,0.011431,372.123971,635.219248,372.123971,635.219248,261.615543,386.16161,647.777153,14.037639000000013,12.557905000000005,time_since_previous_projection_seconds,cumulative_projection_time_seconds,automotive02_01
1345,2026-09-30T22:22:15Z,dataset_9/uvl/automotive02_01.uvl,1345,2074,1,0.064762,372.188733,635.285778,372.188733,635.285778,261.615543,386.22637199999997,647.841915,14.037638999999956,12.556136999999921,time_since_previous_projection_seconds,cumulative_projection_time_seconds,automotive02_01
1346,2026-09-30T22:22:15Z,dataset_9/uvl/automotive02_01.uvl,1346,2074,1,0.060298,372.249031,635.346512,372.249031,635.346512,261.615543,386.28667,647.9022130000001,14.037639000000013,12.555701000000113,time_since_previous_projection_seconds,cumulative_projection_time_seconds,automotive02_01
1347,2026-09-30T22:22:15Z,dataset_9/uvl/automotive02_01.uvl,1347,2074,1,0.058456,372.307487,635.405326,372.307487,635.405326,261.615543,386.345126,647.960669,14.037639000000013,12.555343000000107,time_since_previous_projection_seconds,cumulative_projection_time_seconds,automotive02_01
1348,2026-09-30T22:22:15Z,dataset_9/uvl/automotive02_01.uvl,1348,2074,1,0.109244,372.416731,635.514956,372.416731,635.514956,261.615543,386.45437,648.069913,14.037638999999956,12.554957000000059,time_since_previous_projection_seconds,cumulative_projection_time_seconds,automotive02_01
1349,2026-09-30T22:22:15Z,dataset_9/uvl/automotive02_01.uvl,1349,2074,1,0.059629,372.47636,635.575008,372.47636,635.575008,261.615543,386.513999,648.129542,14.037639000000013,12.55453399999999,time_since_previous_projection_seconds,cumulative_projection_time_seconds,automotive02_01
1350,2026-09-30T22:22:15Z,dataset_9/uvl/automotive02_01.uvl,1350,2074,1,0.060954,372.537314,635.63635,372.537314,635.63635,261.615543,386.574953,648.1904959999999,14.037639000000013,12.554145999999946,time_since_previous_projection_seconds,cumulative_projection_time_seconds,automotive02_01
1351,2026-09-30T22:22:15Z,dataset_9/uvl/automotive02_01.uvl,1351,2074,1,0.060144,372.597458,635.696861,372.597458,635.696861,261.615543,386.635097,648.25064,14.037638999999956,12.553778999999963,time_since_previous_projection_seconds,cumulative_projection_time_seconds,automotive02_01
1352,2026-09-30T22:22:15Z,dataset_9/uvl/automotive02_01.uvl,1352,2074,1,0.058729,372.656187,635.756209,372.656187,635.756209,261.615543,386.693826,648.3093690000001,14.037639000000013,12.553160000000048,time_since_previous_projection_seconds,cumulative_projection_time_seconds,automotive02_01
1353,2026-09-30T22:22:15Z,dataset_9/uvl/automotive02_01.uvl,1353,2074,1,0.059267,372.715454,635.815886,372.715454,635.815886,261.615543,386.753093,648.3686359999999,14.037638999999956,12.552749999999946,time_since_previous_projection_seconds,cumulative_projection_time_seconds,automotive02_01
1354,2026-09-30T22:22:15Z,dataset_9/uvl/automotive02_01.uvl,1354,2074,1,0.097172,372.812626,635.913431,372.812626,635.913431,261.615543,386.850265,648.4658079999999,14.037638999999956,12.552376999999979,time_since_previous_projection_seconds,cumulative_projection_time_seconds,automotive02_01
1355,2026-09-30T22:22:16Z,dataset_9/uvl/automotive02_01.uvl,1355,2074,1,0.180598,372.993224,636.094965,372.993224,636.094965,261.615543,387.030863,648.6464060000001,14.037639000000013,12.551441000000068,time_since_previous_projection_seconds,cumulative_projection_time_seconds,automotive02_01
1356,2026-09-30T22:22:16Z,dataset_9/uvl/automotive02_01.uvl,1356,2074,1,0.103335,373.096559,636.198759,373.096559,636.198759,261.615543,387.13419799999997,648.749741,14.037638999999956,12.550981999999976,time_since_previous_projection_seconds,cumulative_projection_time_seconds,automotive02_01
1357,2026-09-30T22:22:16Z,dataset_9/uvl/automotive02_01.uvl,1357,2074,1,0.013926,373.110485,636.21335,373.110485,636.21335,261.615543,387.148124,648.7636669999999,14.037639000000013,12.55031699999995,time_since_previous_projection_seconds,cumulative_projection_time_seconds,automotive02_01
1358,2026-09-30T22:22:16Z,dataset_9/uvl/automotive02_01.uvl,1358,2074,1,0.069905,373.18039,636.283657,373.18039,636.283657,261.615543,387.218029,648.833572,14.037639000000013,12.549915000000055,time_since_previous_projection_seconds,cumulative_projection_time_seconds,automotive02_01
1359,2026-09-30T22:22:16Z,dataset_9/uvl/automotive02_01.uvl,1359,2074,1,0.067356,373.247746,636.351375,373.247746,636.351375,261.615543,387.285385,648.900928,14.037639000000013,12.54955300000006,time_since_previous_projection_seconds,cumulative_projection_time_seconds,automotive02_01
1360,2026-09-30T22:22:16Z,dataset_9/uvl/automotive02_01.uvl,1360,2074,1,0.071265,373.319011,636.423066,373.319011,636.423066,261.615543,387.35665,648.9721930000001,14.037639000000013,12.549127000000112,time_since_previous_projection_seconds,cumulative_projection_time_seconds,automotive02_01
1361,2026-09-30T22:22:16Z,dataset_9/uvl/automotive02_01.uvl,1361,2074,1,0.066718,373.385729,636.4907,373.385729,636.4907,261.615543,387.423368,649.038911,14.037638999999956,12.548211000000038,time_since_previous_projection_seconds,cumulative_projection_time_seconds,automotive02_01
1362,2026-09-30T22:22:16Z,dataset_9/uvl/automotive02_01.uvl,1362,2074,1,0.062907,373.448636,636.553984,373.448636,636.553984,261.615543,387.486275,649.101818,14.037638999999956,12.547833999999966,time_since_previous_projection_seconds,cumulative_projection_time_seconds,automotive02_01
1363,2026-09-30T22:22:16Z,dataset_9/uvl/automotive02_01.uvl,1363,2074,1,0.059052,373.507688,636.613393,373.507688,636.613393,261.615543,387.545327,649.1608699999999,14.037639000000013,12.547476999999958,time_since_previous_projection_seconds,cumulative_projection_time_seconds,automotive02_01
1364,2026-09-30T22:22:16Z,dataset_9/uvl/automotive02_01.uvl,1364,2074,1,0.059907,373.567594,636.673666,373.567594,636.673666,261.615543,387.605234,649.220777,14.03764000000001,12.547110999999973,time_since_previous_projection_seconds,cumulative_projection_time_seconds,automotive02_01
1365,2026-09-30T22:22:16Z,dataset_9/uvl/automotive02_01.uvl,1365,2074,1,0.06067,373.628264,636.73469,373.628264,636.73469,261.615543,387.665904,649.2814470000001,14.03764000000001,12.54675700000007,time_since_previous_projection_seconds,cumulative_projection_time_seconds,automotive02_01
1366,2026-09-30T22:22:16Z,dataset_9/uvl/automotive02_01.uvl,1366,2074,1,0.011079,373.639343,636.746146,373.639343,636.746146,261.615543,387.676983,649.292526,14.03764000000001,12.54638,time_since_previous_projection_seconds,cumulative_projection_time_seconds,automotive02_01
1367,2026-09-30T22:22:16Z,dataset_9/uvl/automotive02_01.uvl,1367,2074,1,0.063648,373.702991,636.810478,373.702991,636.810478,261.615543,387.740631,649.356174,14.03764000000001,12.54569600000002,time_since_previous_projection_seconds,cumulative_projection_time_seconds,automotive02_01
1368,2026-09-30T22:22:16Z,dataset_9/uvl/automotive02_01.uvl,1368,2074,1,0.152682,373.855673,636.963537,373.855673,636.963537,261.615543,387.893313,649.5088559999999,14.037639999999953,12.54531899999995,time_since_previous_projection_seconds,cumulative_projection_time_seconds,automotive02_01
1369,2026-09-30T22:22:16Z,dataset_9/uvl/automotive02_01.uvl,1369,2074,1,0.063771,373.919444,637.02773,373.919444,637.02773,261.615543,387.957084,649.572627,14.03764000000001,12.544896999999992,time_since_previous_projection_seconds,cumulative_projection_time_seconds,automotive02_01
1370,2026-09-30T22:22:16Z,dataset_9/uvl/automotive02_01.uvl,1370,2074,1,0.058135,373.977578,637.086226,373.977578,637.086226,261.615543,388.015219,649.630762,14.037641000000008,12.544535999999994,time_since_previous_projection_seconds,cumulative_projection_time_seconds,automotive02_01
1371,2026-09-30T22:22:17Z,dataset_9/uvl/automotive02_01.uvl,1371,2074,1,0.05997,374.037548,637.14659,374.037548,637.14659,261.615543,388.07518899999997,649.690732,14.037640999999951,12.544142000000079,time_since_previous_projection_seconds,cumulative_projection_time_seconds,automotive02_01
1372,2026-09-30T22:22:17Z,dataset_9/uvl/automotive02_01.uvl,1372,2074,1,0.064122,374.10167,637.211086,374.10167,637.211086,261.615543,388.139311,649.754854,14.037641000000008,12.543768,time_since_previous_projection_seconds,cumulative_projection_time_seconds,automotive02_01
1373,2026-09-30T22:22:17Z,dataset_9/uvl/automotive02_01.uvl,1373,2074,1,0.064687,374.166356,637.27614,374.166356,637.27614,261.615543,388.203998,649.8195410000001,14.037642000000005,12.543401000000017,time_since_previous_projection_seconds,cumulative_projection_time_seconds,automotive02_01
1374,2026-09-30T22:22:17Z,dataset_9/uvl/automotive02_01.uvl,1374,2074,1,0.066615,374.232972,637.343102,374.232972,637.343102,261.615543,388.27061299999997,649.886156,14.037640999999951,12.543053999999984,time_since_previous_projection_seconds,cumulative_projection_time_seconds,automotive02_01
1375,2026-09-30T22:22:17Z,dataset_9/uvl/automotive02_01.uvl,1375,2074,1,0.192599,374.425571,637.536108,374.425571,637.536108,261.615543,388.463212,650.078755,14.037641000000008,12.542646999999988,time_since_previous_projection_seconds,cumulative_projection_time_seconds,automotive02_01
1376,2026-09-30T22:22:17Z,dataset_9/uvl/automotive02_01.uvl,1376,2074,1,0.077203,374.502774,637.613957,374.502774,637.613957,261.615543,388.540415,650.155958,14.037641000000008,12.542001000000027,time_since_previous_projection_seconds,cumulative_projection_time_seconds,automotive02_01
1377,2026-09-30T22:22:17Z,dataset_9/uvl/automotive02_01.uvl,1377,2074,1,0.066958,374.569731,637.681321,374.569731,637.681321,261.615543,388.607373,650.2229159999999,14.037642000000005,12.541594999999916,time_since_previous_projection_seconds,cumulative_projection_time_seconds,automotive02_01
1378,2026-09-30T22:22:17Z,dataset_9/uvl/automotive02_01.uvl,1378,2074,1,0.014444,374.584176,637.696203,374.584176,637.696203,261.615543,388.621817,650.2373600000001,14.037641000000008,12.541157000000112,time_since_previous_projection_seconds,cumulative_projection_time_seconds,automotive02_01
1379,2026-09-30T22:22:17Z,dataset_9/uvl/automotive02_01.uvl,1379,2074,1,0.071513,374.655689,637.768382,374.655689,637.768382,261.615543,388.69333,650.308873,14.037641000000008,12.540490999999975,time_since_previous_projection_seconds,cumulative_projection_time_seconds,automotive02_01
1380,2026-09-30T22:22:17Z,dataset_9/uvl/automotive02_01.uvl,1380,2074,1,0.066651,374.72234,637.835417,374.72234,637.835417,261.615543,388.759981,650.375524,14.037641000000008,12.540107000000035,time_since_previous_projection_seconds,cumulative_projection_time_seconds,automotive02_01
1381,2026-09-30T22:22:17Z,dataset_9/uvl/automotive02_01.uvl,1381,2074,1,0.06388,374.78622,637.899673,374.78622,637.899673,261.615543,388.82386099999997,650.439404,14.037640999999951,12.53973099999996,time_since_previous_projection_seconds,cumulative_projection_time_seconds,automotive02_01
1382,2026-09-30T22:22:17Z,dataset_9/uvl/automotive02_01.uvl,1382,2074,1,0.138055,374.924275,638.038112,374.924275,638.038112,261.615543,388.961916,650.577459,14.037640999999951,12.53934700000002,time_since_previous_projection_seconds,cumulative_projection_time_seconds,automotive02_01
1383,2026-09-30T22:22:18Z,dataset_9/uvl/automotive02_01.uvl,1383,2074,1,0.066312,374.990587,638.104787,374.990587,638.104787,261.615543,389.028228,650.643771,14.037641000000008,12.538984000000028,time_since_previous_projection_seconds,cumulative_projection_time_seconds,automotive02_01
1384,2026-09-30T22:22:18Z,dataset_9/uvl/automotive02_01.uvl,1384,2074,1,0.064113,375.0547,638.169322,375.0547,638.169322,261.615543,389.092341,650.7078839999999,14.037640999999951,12.538561999999956,time_since_previous_projection_seconds,cumulative_projection_time_seconds,automotive02_01
1385,2026-09-30T22:22:18Z,dataset_9/uvl/automotive02_01.uvl,1385,2074,1,0.067068,375.121768,638.236758,375.121768,638.236758,261.615543,389.159409,650.774952,14.037641000000008,12.538193999999976,time_since_previous_projection_seconds,cumulative_projection_time_seconds,automotive02_01
1386,2026-09-30T22:22:18Z,dataset_9/uvl/automotive02_01.uvl,1386,2074,1,0.065412,375.18718,638.302626,375.18718,638.302626,261.615543,389.224821,650.840364,14.037641000000008,12.53773799999999,time_since_previous_projection_seconds,cumulative_projection_time_seconds,automotive02_01
1387,2026-09-30T22:22:18Z,dataset_9/uvl/automotive02_01.uvl,1387,2074,1,0.069784,375.256964,638.372915,375.256964,638.372915,261.615543,389.294605,650.9101479999999,14.037641000000008,12.537232999999901,time_since_previous_projection_seconds,cumulative_projection_time_seconds,automotive02_01
1388,2026-09-30T22:22:18Z,dataset_9/uvl/automotive02_01.uvl,1388,2074,1,0.070624,375.327589,638.443965,375.327589,638.443965,261.615543,389.365229,650.980772,14.03764000000001,12.536806999999953,time_since_previous_projection_seconds,cumulative_projection_time_seconds,automotive02_01
1389,2026-09-30T22:22:18Z,dataset_9/uvl/automotive02_01.uvl,1389,2074,1,0.066591,375.394179,638.510918,375.394179,638.510918,261.615543,389.43182,651.047363,14.037641000000008,12.536445000000072,time_since_previous_projection_seconds,cumulative_projection_time_seconds,automotive02_01
1390,2026-09-30T22:22:18Z,dataset_9/uvl/automotive02_01.uvl,1390,2074,1,0.204812,375.598991,638.716101,375.598991,638.716101,261.615543,389.636632,651.2521750000001,14.037641000000008,12.536074000000099,time_since_previous_projection_seconds,cumulative_projection_time_seconds,automotive02_01
1391,2026-09-30T22:22:18Z,dataset_9/uvl/automotive02_01.uvl,1391,2074,1,0.073275,375.672267,638.790073,375.672267,638.790073,261.615543,389.709907,651.32545,14.03764000000001,12.53537700000004,time_since_previous_projection_seconds,cumulative_projection_time_seconds,automotive02_01
1392,2026-09-30T22:22:18Z,dataset_9/uvl/automotive02_01.uvl,1392,2074,1,0.075371,375.747637,638.865851,375.747637,638.865851,261.615543,389.785278,651.400821,14.037641000000008,12.53496999999993,time_since_previous_projection_seconds,cumulative_projection_time_seconds,automotive02_01
1393,2026-09-30T22:22:18Z,dataset_9/uvl/automotive02_01.uvl,1393,2074,1,0.077361,375.824998,638.943603,375.824998,638.943603,261.615543,389.862639,651.4781820000001,14.037641000000008,12.534579000000008,time_since_previous_projection_seconds,cumulative_projection_time_seconds,automotive02_01
1394,2026-09-30T22:22:18Z,dataset_9/uvl/automotive02_01.uvl,1394,2074,1,0.071021,375.896019,639.015481,375.896019,639.015481,261.615543,389.93366,651.549203,14.037640999999951,12.533722000000012,time_since_previous_projection_seconds,cumulative_projection_time_seconds,automotive02_01
1395,2026-09-30T22:22:18Z,dataset_9/uvl/automotive02_01.uvl,1395,2074,1,0.063468,375.959488,639.079337,375.959488,639.079337,261.615543,389.997128,651.612671,14.037639999999953,12.533333999999968,time_since_previous_projection_seconds,cumulative_projection_time_seconds,automotive02_01
1396,2026-09-30T22:22:19Z,dataset_9/uvl/automotive02_01.uvl,1396,2074,1,0.063907,376.023395,639.143592,376.023395,639.143592,261.615543,390.061035,651.6765780000001,14.03764000000001,12.53298600000005,time_since_previous_projection_seconds,cumulative_projection_time_seconds,automotive02_01
1397,2026-09-30T22:22:19Z,dataset_9/uvl/automotive02_01.uvl,1397,2074,1,0.063061,376.086455,639.20706,376.086455,639.20706,261.615543,390.124096,651.739639,14.037641000000008,12.532579000000055,time_since_previous_projection_seconds,cumulative_projection_time_seconds,automotive02_01
1398,2026-09-30T22:22:19Z,dataset_9/uvl/automotive02_01.uvl,1398,2074,1,0.063184,376.14964,639.27062,376.14964,639.27062,261.615543,390.18728,651.802823,14.03764000000001,12.532202999999981,time_since_previous_projection_seconds,cumulative_projection_time_seconds,automotive02_01
1399,2026-09-30T22:22:19Z,dataset_9/uvl/automotive02_01.uvl,1399,2074,1,0.063727,376.213367,639.334708,376.213367,639.334708,261.615543,390.251007,651.86655,14.03764000000001,12.531841999999983,time_since_previous_projection_seconds,cumulative_projection_time_seconds,automotive02_01
1400,2026-09-30T22:22:19Z,dataset_9/uvl/automotive02_01.uvl,1400,2074,1,0.063941,376.277308,639.399039,376.277308,639.399039,261.615543,390.314948,651.9304910000001,14.03764000000001,12.531452000000058,time_since_previous_projection_seconds,cumulative_projection_time_seconds,automotive02_01
1401,2026-09-30T22:22:19Z,dataset_9/uvl/automotive02_01.uvl,1401,2074,1,0.062143,376.339451,639.461564,376.339451,639.461564,261.615543,390.377091,651.992634,14.03764000000001,12.53107,time_since_previous_projection_seconds,cumulative_projection_time_seconds,automotive02_01
1402,2026-09-30T22:22:19Z,dataset_9/uvl/automotive02_01.uvl,1402,2074,1,0.16532,376.504771,639.62725,376.504771,639.62725,261.615543,390.542411,652.157954,14.03764000000001,12.530704000000014,time_since_previous_projection_seconds,cumulative_projection_time_seconds,automotive02_01
1403,2026-09-30T22:22:19Z,dataset_9/uvl/automotive02_01.uvl,1403,2074,1,0.063501,376.568272,639.691104,376.568272,639.691104,261.615543,390.605912,652.221455,14.03764000000001,12.530350999999996,time_since_previous_projection_seconds,cumulative_projection_time_seconds,automotive02_01
1404,2026-09-30T22:22:19Z,dataset_9/uvl/automotive02_01.uvl,1404,2074,1,0.062251,376.630523,639.753702,376.630523,639.753702,261.615543,390.668163,652.2837059999999,14.03764000000001,12.530003999999963,time_since_previous_projection_seconds,cumulative_projection_time_seconds,automotive02_01
1405,2026-09-30T22:22:19Z,dataset_9/uvl/automotive02_01.uvl,1405,2074,1,0.062722,376.693245,639.816778,376.693245,639.816778,261.615543,390.730885,652.3464280000001,14.03764000000001,12.52965000000006,time_since_previous_projection_seconds,cumulative_projection_time_seconds,automotive02_01
1406,2026-09-30T22:22:19Z,dataset_9/uvl/automotive02_01.uvl,1406,2074,1,0.062189,376.755434,639.879316,376.755434,639.879316,261.615543,390.793074,652.408617,14.03764000000001,12.529301000000032,time_since_previous_projection_seconds,cumulative_projection_time_seconds,automotive02_01
1407,2026-09-30T22:22:19Z,dataset_9/uvl/automotive02_01.uvl,1407,2074,1,0.062308,376.817742,639.942013,376.817742,639.942013,261.615543,390.855382,652.4709250000001,14.03764000000001,12.528912000000105,time_since_previous_projection_seconds,cumulative_projection_time_seconds,automotive02_01
1408,2026-09-30T22:22:19Z,dataset_9/uvl/automotive02_01.uvl,1408,2074,1,0.063841,376.881583,640.006208,376.881583,640.006208,261.615543,390.919223,652.534766,14.03764000000001,12.528557999999975,time_since_previous_projection_seconds,cumulative_projection_time_seconds,automotive02_01
1409,2026-09-30T22:22:20Z,dataset_9/uvl/automotive02_01.uvl,1409,2074,1,0.188536,377.070119,640.195149,377.070119,640.195149,261.615543,391.107759,652.723302,14.03764000000001,12.528152999999975,time_since_previous_projection_seconds,cumulative_projection_time_seconds,automotive02_01
1410,2026-09-30T22:22:20Z,dataset_9/uvl/automotive02_01.uvl,1410,2074,1,0.069285,377.139403,640.265153,377.139403,640.265153,261.615543,391.17704399999997,652.7925869999999,14.037640999999951,12.527433999999857,time_since_previous_projection_seconds,cumulative_projection_time_seconds,automotive02_01
1411,2026-09-30T22:22:20Z,dataset_9/uvl/automotive02_01.uvl,1411,2074,1,0.067471,377.206874,640.333002,377.206874,640.333002,261.615543,391.244515,652.860058,14.037640999999951,12.527056000000016,time_since_previous_projection_seconds,cumulative_projection_time_seconds,automotive02_01
1412,2026-09-30T22:22:20Z,dataset_9/uvl/automotive02_01.uvl,1412,2074,1,0.067952,377.274826,640.401315,377.274826,640.401315,261.615543,391.31246699999997,652.92801,14.037640999999951,12.526695000000018,time_since_previous_projection_seconds,cumulative_projection_time_seconds,automotive02_01
1413,2026-09-30T22:22:20Z,dataset_9/uvl/automotive02_01.uvl,1413,2074,1,0.058596,377.333422,640.460561,377.333422,640.460561,261.615543,391.371063,652.9866059999999,14.037641000000008,12.526044999999954,time_since_previous_projection_seconds,cumulative_projection_time_seconds,automotive02_01
1414,2026-09-30T22:22:20Z,dataset_9/uvl/automotive02_01.uvl,1414,2074,1,0.061374,377.394796,640.522543,377.394796,640.522543,261.615543,391.432437,653.04798,14.037641000000008,12.52543700000001,time_since_previous_projection_seconds,cumulative_projection_time_seconds,automotive02_01
1415,2026-09-30T22:22:20Z,dataset_9/uvl/automotive02_01.uvl,1415,2074,1,0.05874,377.453535,640.581631,377.453535,640.581631,261.615543,391.491177,653.10672,14.037642000000005,12.52508899999998,time_since_previous_projection_seconds,cumulative_projection_time_seconds,automotive02_01
1416,2026-09-30T22:22:20Z,dataset_9/uvl/automotive02_01.uvl,1416,2074,1,0.14058,377.594115,640.722578,377.594115,640.722578,261.615543,391.631757,653.2473,14.037642000000005,12.524721999999997,time_since_previous_projection_seconds,cumulative_projection_time_seconds,automotive02_01
1417,2026-09-30T22:22:20Z,dataset_9/uvl/automotive02_01.uvl,1417,2074,1,0.059883,377.653998,640.782821,377.653998,640.782821,261.615543,391.69164,653.307183,14.037642000000005,12.524361999999996,time_since_previous_projection_seconds,cumulative_projection_time_seconds,automotive02_01
1418,2026-09-30T22:22:20Z,dataset_9/uvl/automotive02_01.uvl,1418,2074,1,0.059431,377.713429,640.842661,377.713429,640.842661,261.615543,391.75107099999997,653.366614,14.037641999999948,12.523953000000006,time_since_previous_projection_seconds,cumulative_projection_time_seconds,automotive02_01
1419,2026-09-30T22:22:20Z,dataset_9/uvl/automotive02_01.uvl,1419,2074,1,0.059279,377.772708,640.902322,377.772708,640.902322,261.615543,391.81034999999997,653.425893,14.037641999999948,12.523570999999947,time_since_previous_projection_seconds,cumulative_projection_time_seconds,automotive02_01
1420,2026-09-30T22:22:20Z,dataset_9/uvl/automotive02_01.uvl,1420,2074,1,0.056233,377.828941,640.958933,377.828941,640.958933,261.615543,391.866583,653.482126,14.037642000000005,12.523192999999992,time_since_previous_projection_seconds,cumulative_projection_time_seconds,automotive02_01
1421,2026-09-30T22:22:20Z,dataset_9/uvl/automotive02_01.uvl,1421,2074,1,0.056184,377.885126,641.015491,377.885126,641.015491,261.615543,391.922767,653.53831,14.037641000000008,12.522819000000027,time_since_previous_projection_seconds,cumulative_projection_time_seconds,automotive02_01
1422,2026-09-30T22:22:20Z,dataset_9/uvl/automotive02_01.uvl,1422,2074,1,0.062359,377.947484,641.078208,377.947484,641.078208,261.615543,391.985126,653.6006689999999,14.037642000000005,12.522460999999907,time_since_previous_projection_seconds,cumulative_projection_time_seconds,automotive02_01
1423,2026-09-30T22:22:21Z,dataset_9/uvl/automotive02_01.uvl,1423,2074,1,0.057003,378.004487,641.135576,378.004487,641.135576,261.615543,392.042129,653.657672,14.037642000000005,12.522096000000033,time_since_previous_projection_seconds,cumulative_projection_time_seconds,automotive02_01
1424,2026-09-30T22:22:21Z,dataset_9/uvl/automotive02_01.uvl,1424,2074,1,0.189956,378.194443,641.325926,378.194443,641.325926,261.615543,392.232085,653.847628,14.037642000000005,12.521702000000005,time_since_previous_projection_seconds,cumulative_projection_time_seconds,automotive02_01
1425,2026-09-30T22:22:21Z,dataset_9/uvl/automotive02_01.uvl,1425,2074,1,0.075207,378.26965,641.401925,378.26965,641.401925,261.615543,392.307292,653.9228350000001,14.037642000000005,12.520910000000072,time_since_previous_projection_seconds,cumulative_projection_time_seconds,automotive02_01
1426,2026-09-30T22:22:21Z,dataset_9/uvl/automotive02_01.uvl,1426,2074,1,0.081613,378.351264,641.483931,378.351264,641.483931,261.615543,392.38890499999997,654.0044479999999,14.037640999999951,12.520516999999927,time_since_previous_projection_seconds,cumulative_projection_time_seconds,automotive02_01
1427,2026-09-30T22:22:21Z,dataset_9/uvl/automotive02_01.uvl,1427,2074,1,0.071316,378.42258,641.555877,378.42258,641.555877,261.615543,392.460221,654.0757639999999,14.037641000000008,12.519886999999926,time_since_previous_projection_seconds,cumulative_projection_time_seconds,automotive02_01
1428,2026-09-30T22:22:21Z,dataset_9/uvl/automotive02_01.uvl,1428,2074,1,0.062794,378.485374,641.619046,378.485374,641.619046,261.615543,392.523015,654.138558,14.037641000000008,12.519511999999963,time_since_previous_projection_seconds,cumulative_projection_time_seconds,automotive02_01
1429,2026-09-30T22:22:21Z,dataset_9/uvl/automotive02_01.uvl,1429,2074,1,0.057127,378.5425,641.67654,378.5425,641.67654,261.615543,392.58014199999997,654.1956849999999,14.037641999999948,12.519144999999867,time_since_previous_projection_seconds,cumulative_projection_time_seconds,automotive02_01
1430,2026-09-30T22:22:21Z,dataset_9/uvl/automotive02_01.uvl,1430,2074,1,0.05891,378.601411,641.735827,378.601411,641.735827,261.615543,392.639052,654.254595,14.037641000000008,12.518768000000023,time_since_previous_projection_seconds,cumulative_projection_time_seconds,automotive02_01
1431,2026-09-30T22:22:21Z,dataset_9/uvl/automotive02_01.uvl,1431,2074,1,0.056796,378.658207,641.793014,378.658207,641.793014,261.615543,392.695848,654.311391,14.037641000000008,12.518376999999987,time_since_previous_projection_seconds,cumulative_projection_time_seconds,automotive02_01
1432,2026-09-30T22:22:21Z,dataset_9/uvl/automotive02_01.uvl,1432,2074,1,0.011061,378.669268,641.804461,378.669268,641.804461,261.615543,392.706909,654.322452,14.037641000000008,12.517991000000052,time_since_previous_projection_seconds,cumulative_projection_time_seconds,automotive02_01
1433,2026-09-30T22:22:21Z,dataset_9/uvl/automotive02_01.uvl,1433,2074,1,0.011828,378.681096,641.816648,378.681096,641.816648,261.615543,392.718737,654.33428,14.037640999999951,12.517632000000049,time_since_previous_projection_seconds,cumulative_projection_time_seconds,automotive02_01
1434,2026-09-30T22:22:21Z,dataset_9/uvl/automotive02_01.uvl,1434,2074,1,0.057942,378.739038,641.874961,378.739038,641.874961,261.615543,392.776679,654.392222,14.037641000000008,12.517260999999962,time_since_previous_projection_seconds,cumulative_projection_time_seconds,automotive02_01
1435,2026-09-30T22:22:21Z,dataset_9/uvl/automotive02_01.uvl,1435,2074,1,0.05922,378.798258,641.934565,378.798258,641.934565,261.615543,392.835899,654.451442,14.037641000000008,12.516877000000022,time_since_previous_projection_seconds,cumulative_projection_time_seconds,automotive02_01
1436,2026-09-30T22:22:21Z,dataset_9/uvl/automotive02_01.uvl,1436,2074,1,0.056822,378.85508,641.991753,378.85508,641.991753,261.615543,392.892721,654.508264,14.037641000000008,12.516511000000037,time_since_previous_projection_seconds,cumulative_projection_time_seconds,automotive02_01
1437,2026-09-30T22:22:22Z,dataset_9/uvl/automotive02_01.uvl,1437,2074,1,0.15757,379.01265,642.149742,379.01265,642.149742,261.615543,393.050291,654.665834,14.037641000000008,12.516092000000071,time_since_previous_projection_seconds,cumulative_projection_time_seconds,automotive02_01
1438,2026-09-30T22:22:22Z,dataset_9/uvl/automotive02_01.uvl,1438,2074,1,0.06146,379.07411,642.21158,379.07411,642.21158,261.615543,393.11175099999997,654.727294,14.037640999999951,12.515714000000003,time_since_previous_projection_seconds,cumulative_projection_time_seconds,automotive02_01
1439,2026-09-30T22:22:22Z,dataset_9/uvl/automotive02_01.uvl,1439,2074,1,0.057643,379.131753,642.269583,379.131753,642.269583,261.615543,393.169394,654.784937,14.037641000000008,12.515354000000002,time_since_previous_projection_seconds,cumulative_projection_time_seconds,automotive02_01
1440,2026-09-30T22:22:22Z,dataset_9/uvl/automotive02_01.uvl,1440,2074,1,0.057433,379.189186,642.327383,379.189186,642.327383,261.615543,393.226827,654.8423700000001,14.037641000000008,12.51498700000002,time_since_previous_projection_seconds,cumulative_projection_time_seconds,automotive02_01
1441,2026-09-30T22:22:22Z,dataset_9/uvl/automotive02_01.uvl,1441,2074,1,0.069271,379.258456,642.39704,379.258456,642.39704,261.615543,393.296098,654.9116409999999,14.037641999999948,12.51460099999997,time_since_previous_projection_seconds,cumulative_projection_time_seconds,automotive02_01
1442,2026-09-30T22:22:22Z,dataset_9/uvl/automotive02_01.uvl,1442,2074,1,0.015179,379.273635,642.412755,379.273635,642.412755,261.615543,393.311277,654.92682,14.037642000000005,12.514065000000073,time_since_previous_projection_seconds,cumulative_projection_time_seconds,automotive02_01
1443,2026-09-30T22:22:22Z,dataset_9/uvl/automotive02_01.uvl,1443,2074,1,0.152919,379.426554,642.566112,379.426554,642.566112,261.615543,393.464196,655.079739,14.037642000000005,12.513627000000042,time_since_previous_projection_seconds,cumulative_projection_time_seconds,automotive02_01
1444,2026-09-30T22:22:22Z,dataset_9/uvl/automotive02_01.uvl,1444,2074,1,0.114177,379.540731,642.680679,379.540731,642.680679,261.615543,393.578373,655.193916,14.037642000000005,12.51323699999989,time_since_previous_projection_seconds,cumulative_projection_time_seconds,automotive02_01
1445,2026-09-30T22:22:22Z,dataset_9/uvl/automotive02_01.uvl,1445,2074,1,0.17224,379.712971,642.853751,379.712971,642.853751,261.615543,393.750613,655.366156,14.037642000000005,12.512405000000058,time_since_previous_projection_seconds,cumulative_projection_time_seconds,automotive02_01
1446,2026-09-30T22:22:22Z,dataset_9/uvl/automotive02_01.uvl,1446,2074,1,0.081108,379.794079,642.935256,379.794079,642.935256,261.615543,393.831721,655.447264,14.037642000000005,12.512008000000037,time_since_previous_projection_seconds,cumulative_projection_time_seconds,automotive02_01
1447,2026-09-30T22:22:22Z,dataset_9/uvl/automotive02_01.uvl,1447,2074,1,0.090758,379.884837,643.026835,379.884837,643.026835,261.615543,393.922479,655.538022,14.037642000000005,12.51118699999995,time_since_previous_projection_seconds,cumulative_projection_time_seconds,automotive02_01
1448,2026-09-30T22:22:23Z,dataset_9/uvl/automotive02_01.uvl,1448,2074,1,0.118172,380.003008,643.145422,380.003008,643.145422,261.615543,394.04065099999997,655.6561939999999,14.037642999999946,12.51077199999986,time_since_previous_projection_seconds,cumulative_projection_time_seconds,automotive02_01
1449,2026-09-30T22:22:23Z,dataset_9/uvl/automotive02_01.uvl,1449,2074,1,0.069774,380.072783,643.215749,380.072783,643.215749,261.615543,394.110425,655.725968,14.037642000000005,12.510219000000006,time_since_previous_projection_seconds,cumulative_projection_time_seconds,automotive02_01
1450,2026-09-30T22:22:23Z,dataset_9/uvl/automotive02_01.uvl,1450,2074,1,0.065298,380.13808,643.281415,380.13808,643.281415,261.615543,394.175723,655.791266,14.037643000000003,12.509850999999912,time_since_previous_projection_seconds,cumulative_projection_time_seconds,automotive02_01
1451,2026-09-30T22:22:23Z,dataset_9/uvl/automotive02_01.uvl,1451,2074,1,0.060754,380.198834,643.342549,380.198834,643.342549,261.615543,394.236477,655.85202,14.037643000000003,12.509471000000076,time_since_previous_projection_seconds,cumulative_projection_time_seconds,automotive02_01
1452,2026-09-30T22:22:23Z,dataset_9/uvl/automotive02_01.uvl,1452,2074,1,0.060755,380.259589,643.403747,380.259589,643.403747,261.615543,394.297232,655.912775,14.037643000000003,12.509028000000058,time_since_previous_projection_seconds,cumulative_projection_time_seconds,automotive02_01
1453,2026-09-30T22:22:23Z,dataset_9/uvl/automotive02_01.uvl,1453,2074,1,0.075378,380.334966,643.479503,380.334966,643.479503,261.615543,394.37261,655.988153,14.037644,12.508649999999989,time_since_previous_projection_seconds,cumulative_projection_time_seconds,automotive02_01
1454,2026-09-30T22:22:23Z,dataset_9/uvl/automotive02_01.uvl,1454,2074,1,0.221394,380.55636,643.701262,380.55636,643.701262,261.615543,394.594004,656.2095469999999,14.037644,12.508284999999887,time_since_previous_projection_seconds,cumulative_projection_time_seconds,automotive02_01
1455,2026-09-30T22:22:23Z,dataset_9/uvl/automotive02_01.uvl,1455,2074,1,0.088129,380.644489,643.791645,380.644489,643.791645,261.615543,394.682133,656.297676,14.037644,12.506031000000007,time_since_previous_projection_seconds,cumulative_projection_time_seconds,automotive02_01
1456,2026-09-30T22:22:23Z,dataset_9/uvl/automotive02_01.uvl,1456,2074,1,0.068618,380.713106,643.860647,380.713106,643.860647,261.615543,394.750751,656.3662939999999,14.037644999999998,12.505646999999954,time_since_previous_projection_seconds,cumulative_projection_time_seconds,automotive02_01
1457,2026-09-30T22:22:23Z,dataset_9/uvl/automotive02_01.uvl,1457,2074,1,0.106698,380.819804,643.967988,380.819804,643.967988,261.615543,394.857449,656.472992,14.037644999999998,12.505003999999985,time_since_previous_projection_seconds,cumulative_projection_time_seconds,automotive02_01
1458,2026-09-30T22:22:23Z,dataset_9/uvl/automotive02_01.uvl,1458,2074,1,0.07356,380.893365,644.041928,380.893365,644.041928,261.615543,394.931009,656.546552,14.037644,12.504624000000035,time_since_previous_projection_seconds,cumulative_projection_time_seconds,automotive02_01
1459,2026-09-30T22:22:24Z,dataset_9/uvl/automotive02_01.uvl,1459,2074,1,0.072537,380.965902,644.114806,380.965902,644.114806,261.615543,395.003546,656.619089,14.037643999999943,12.504282999999987,time_since_previous_projection_seconds,cumulative_projection_time_seconds,automotive02_01
1460,2026-09-30T22:22:24Z,dataset_9/uvl/automotive02_01.uvl,1460,2074,1,0.064895,381.030797,644.180062,381.030797,644.180062,261.615543,395.068441,656.683984,14.037644,12.503921999999989,time_since_previous_projection_seconds,cumulative_projection_time_seconds,automotive02_01
1461,2026-09-30T22:22:24Z,dataset_9/uvl/automotive02_01.uvl,1461,2074,1,0.063779,381.094576,644.244196,381.094576,644.244196,261.615543,395.13222,656.7477630000001,14.037644,12.50356700000009,time_since_previous_projection_seconds,cumulative_projection_time_seconds,automotive02_01
1462,2026-09-30T22:22:24Z,dataset_9/uvl/automotive02_01.uvl,1462,2074,1,0.062495,381.15707,644.307088,381.15707,644.307088,261.615543,395.194715,656.810258,14.037644999999998,12.503169999999955,time_since_previous_projection_seconds,cumulative_projection_time_seconds,automotive02_01
1463,2026-09-30T22:22:24Z,dataset_9/uvl/automotive02_01.uvl,1463,2074,1,0.06379,381.220861,644.371257,381.220861,644.371257,261.615543,395.258505,656.874048,14.037644,12.502791000000002,time_since_previous_projection_seconds,cumulative_projection_time_seconds,automotive02_01
1464,2026-09-30T22:22:24Z,dataset_9/uvl/automotive02_01.uvl,1464,2074,1,0.062064,381.282924,644.433715,381.282924,644.433715,261.615543,395.320569,656.936112,14.037644999999998,12.502396999999974,time_since_previous_projection_seconds,cumulative_projection_time_seconds,automotive02_01
1465,2026-09-30T22:22:24Z,dataset_9/uvl/automotive02_01.uvl,1465,2074,1,0.178876,381.4618,644.612984,381.4618,644.612984,261.615543,395.499445,657.114988,14.037644999999998,12.502004000000056,time_since_previous_projection_seconds,cumulative_projection_time_seconds,automotive02_01
1466,2026-09-30T22:22:24Z,dataset_9/uvl/automotive02_01.uvl,1466,2074,1,0.066916,381.528716,644.680334,381.528716,644.680334,261.615543,395.566361,657.181904,14.037644999999998,12.501570000000015,time_since_previous_projection_seconds,cumulative_projection_time_seconds,automotive02_01
1467,2026-09-30T22:22:24Z,dataset_9/uvl/automotive02_01.uvl,1467,2074,1,0.074859,381.603575,644.755689,381.603575,644.755689,261.615543,395.64122,657.256763,14.037644999999998,12.501074000000017,time_since_previous_projection_seconds,cumulative_projection_time_seconds,automotive02_01
1468,2026-09-30T22:22:24Z,dataset_9/uvl/automotive02_01.uvl,1468,2074,1,0.072469,381.676044,644.828567,381.676044,644.828567,261.615543,395.713689,657.329232,14.037644999999998,12.500665000000026,time_since_previous_projection_seconds,cumulative_projection_time_seconds,automotive02_01
1469,2026-09-30T22:22:24Z,dataset_9/uvl/automotive02_01.uvl,1469,2074,1,0.071554,381.747598,644.900504,381.747598,644.900504,261.615543,395.785243,657.4007859999999,14.037644999999998,12.50028199999997,time_since_previous_projection_seconds,cumulative_projection_time_seconds,automotive02_01
1470,2026-09-30T22:22:24Z,dataset_9/uvl/automotive02_01.uvl,1470,2074,1,0.073473,381.821071,644.974321,381.821071,644.974321,261.615543,395.858716,657.4742590000001,14.037644999999998,12.499938000000043,time_since_previous_projection_seconds,cumulative_projection_time_seconds,automotive02_01
1471,2026-09-30T22:22:25Z,dataset_9/uvl/automotive02_01.uvl,1471,2074,1,0.206586,382.027657,645.181312,382.027657,645.181312,261.615543,396.065302,657.680845,14.037644999999998,12.499532999999929,time_since_previous_projection_seconds,cumulative_projection_time_seconds,automotive02_01
1472,2026-09-30T22:22:25Z,dataset_9/uvl/automotive02_01.uvl,1472,2074,1,0.072146,382.099802,645.254345,382.099802,645.254345,261.615543,396.137448,657.7529910000001,14.037645999999995,12.498646000000122,time_since_previous_projection_seconds,cumulative_projection_time_seconds,automotive02_01
1473,2026-09-30T22:22:25Z,dataset_9/uvl/automotive02_01.uvl,1473,2074,1,0.084957,382.18476,645.339642,382.18476,645.339642,261.615543,396.222405,657.837948,14.037644999999998,12.498305999999957,time_since_previous_projection_seconds,cumulative_projection_time_seconds,automotive02_01
1474,2026-09-30T22:22:25Z,dataset_9/uvl/automotive02_01.uvl,1474,2074,1,0.073511,382.25827,645.4138,382.25827,645.4138,261.615543,396.295916,657.9114589999999,14.037645999999995,12.497658999999885,time_since_previous_projection_seconds,cumulative_projection_time_seconds,automotive02_01
1475,2026-09-30T22:22:25Z,dataset_9/uvl/automotive02_01.uvl,1475,2074,1,0.063356,382.321626,645.477549,382.321626,645.477549,261.615543,396.359272,657.974815,14.037645999999995,12.497266000000081,time_since_previous_projection_seconds,cumulative_projection_time_seconds,automotive02_01
1476,2026-09-30T22:22:25Z,dataset_9/uvl/automotive02_01.uvl,1476,2074,1,0.113217,382.434843,645.591158,382.434843,645.591158,261.615543,396.472489,658.088032,14.037645999999995,12.496874000000048,time_since_previous_projection_seconds,cumulative_projection_time_seconds,automotive02_01
1477,2026-09-30T22:22:25Z,dataset_9/uvl/automotive02_01.uvl,1477,2074,1,0.062546,382.497388,645.654076,382.497388,645.654076,261.615543,396.535035,658.150578,14.037646999999993,12.496501999999964,time_since_previous_projection_seconds,cumulative_projection_time_seconds,automotive02_01
1478,2026-09-30T22:22:25Z,dataset_9/uvl/automotive02_01.uvl,1478,2074,1,0.063884,382.56127300000003,645.718322,382.56127300000003,645.718322,261.615543,396.59891899999997,658.2144619999999,14.037645999999938,12.496139999999968,time_since_previous_projection_seconds,cumulative_projection_time_seconds,automotive02_01
1479,2026-09-30T22:22:25Z,dataset_9/uvl/automotive02_01.uvl,1479,2074,1,0.063283,382.624555,645.781994,382.624555,645.781994,261.615543,396.662202,658.277745,14.037646999999993,12.495750999999927,time_since_previous_projection_seconds,cumulative_projection_time_seconds,automotive02_01
1480,2026-09-30T22:22:25Z,dataset_9/uvl/automotive02_01.uvl,1480,2074,1,0.061233,382.685788,645.843651,382.685788,645.843651,261.615543,396.723435,658.338978,14.037646999999993,12.495326999999975,time_since_previous_projection_seconds,cumulative_projection_time_seconds,automotive02_01
1481,2026-09-30T22:22:25Z,dataset_9/uvl/automotive02_01.uvl,1481,2074,1,0.062981,382.748769,645.906992,382.748769,645.906992,261.615543,396.786416,658.401959,14.037646999999993,12.494967000000088,time_since_previous_projection_seconds,cumulative_projection_time_seconds,automotive02_01
1482,2026-09-30T22:22:25Z,dataset_9/uvl/automotive02_01.uvl,1482,2074,1,0.060118,382.808886,645.967469,382.808886,645.967469,261.615543,396.846534,658.462077,14.037648000000047,12.494607999999971,time_since_previous_projection_seconds,cumulative_projection_time_seconds,automotive02_01
1483,2026-09-30T22:22:25Z,dataset_9/uvl/automotive02_01.uvl,1483,2074,1,0.062024,382.87091,646.029848,382.87091,646.029848,261.615543,396.90855799999997,658.524101,14.03764799999999,12.494252999999958,time_since_previous_projection_seconds,cumulative_projection_time_seconds,automotive02_01
1484,2026-09-30T22:22:26Z,dataset_9/uvl/automotive02_01.uvl,1484,2074,1,0.194642,383.065552,646.224871,383.065552,646.224871,261.615543,397.1032,658.718743,14.03764799999999,12.49387200000001,time_since_previous_projection_seconds,cumulative_projection_time_seconds,automotive02_01
1485,2026-09-30T22:22:26Z,dataset_9/uvl/automotive02_01.uvl,1485,2074,1,0.067664,383.133216,646.29318,383.133216,646.29318,261.615543,397.170864,658.786407,14.03764799999999,12.493227000000047,time_since_previous_projection_seconds,cumulative_projection_time_seconds,automotive02_01
1486,2026-09-30T22:22:26Z,dataset_9/uvl/automotive02_01.uvl,1486,2074,1,0.066807,383.200022,646.360371,383.200022,646.360371,261.615543,397.237671,658.853214,14.037648999999988,12.492842999999993,time_since_previous_projection_seconds,cumulative_projection_time_seconds,automotive02_01
1487,2026-09-30T22:22:26Z,dataset_9/uvl/automotive02_01.uvl,1487,2074,1,0.073241,383.273263,646.43403,383.273263,646.43403,261.615543,397.310912,658.926455,14.037648999999988,12.492425000000026,time_since_previous_projection_seconds,cumulative_projection_time_seconds,automotive02_01
1488,2026-09-30T22:22:26Z,dataset_9/uvl/automotive02_01.uvl,1488,2074,1,0.09894,383.372203,646.533645,383.372203,646.533645,261.615543,397.409852,659.025395,14.037648999999988,12.491750000000025,time_since_previous_projection_seconds,cumulative_projection_time_seconds,automotive02_01
1489,2026-09-30T22:22:26Z,dataset_9/uvl/automotive02_01.uvl,1489,2074,1,0.079028,383.451231,646.613037,383.451231,646.613037,261.615543,397.48888,659.104423,14.037648999999988,12.491386000000034,time_since_previous_projection_seconds,cumulative_projection_time_seconds,automotive02_01
1490,2026-09-30T22:22:26Z,dataset_9/uvl/automotive02_01.uvl,1490,2074,1,0.066217,383.517448,646.679624,383.517448,646.679624,261.615543,397.555097,659.17064,14.037648999999988,12.491016000000059,time_since_previous_projection_seconds,cumulative_projection_time_seconds,automotive02_01
1491,2026-09-30T22:22:26Z,dataset_9/uvl/automotive02_01.uvl,1491,2074,1,0.065113,383.58256,646.745115,383.58256,646.745115,261.615543,397.62021,659.2357529999999,14.037649999999985,12.490637999999876,time_since_previous_projection_seconds,cumulative_projection_time_seconds,automotive02_01
1492,2026-09-30T22:22:26Z,dataset_9/uvl/automotive02_01.uvl,1492,2074,1,0.065777,383.648338,646.811266,383.648338,646.811266,261.615543,397.685987,659.30153,14.037648999999988,12.490263999999911,time_since_previous_projection_seconds,cumulative_projection_time_seconds,automotive02_01
1493,2026-09-30T22:22:26Z,dataset_9/uvl/automotive02_01.uvl,1493,2074,1,0.066144,383.714481,646.877807,383.714481,646.877807,261.615543,397.752131,659.3676740000001,14.037650000000042,12.489867000000118,time_since_previous_projection_seconds,cumulative_projection_time_seconds,automotive02_01
1494,2026-09-30T22:22:26Z,dataset_9/uvl/automotive02_01.uvl,1494,2074,1,0.154697,383.869178,647.032984,383.869178,647.032984,261.615543,397.906828,659.522371,14.037650000000042,12.489386999999965,time_since_previous_projection_seconds,cumulative_projection_time_seconds,automotive02_01
1495,2026-09-30T22:22:27Z,dataset_9/uvl/automotive02_01.uvl,1495,2074,1,0.059885,383.929064,647.09324,383.929064,647.09324,261.615543,397.96671299999997,659.5822559999999,14.037648999999988,12.489015999999879,time_since_previous_projection_seconds,cumulative_projection_time_seconds,automotive02_01
1496,2026-09-30T22:22:27Z,dataset_9/uvl/automotive02_01.uvl,1496,2074,1,0.057623,383.986687,647.151257,383.986687,647.151257,261.615543,398.024336,659.6398790000001,14.037648999999988,12.488622000000078,time_since_previous_projection_seconds,cumulative_projection_time_seconds,automotive02_01
1497,2026-09-30T22:22:27Z,dataset_9/uvl/automotive02_01.uvl,1497,2074,1,0.058192,384.044879,647.209806,384.044879,647.209806,261.615543,398.08252799999997,659.698071,14.037648999999988,12.48826500000007,time_since_previous_projection_seconds,cumulative_projection_time_seconds,automotive02_01
1498,2026-09-30T22:22:27Z,dataset_9/uvl/automotive02_01.uvl,1498,2074,1,0.058413,384.103292,647.268635,384.103292,647.268635,261.615543,398.140941,659.756484,14.037648999999988,12.487848999999983,time_since_previous_projection_seconds,cumulative_projection_time_seconds,automotive02_01
1499,2026-09-30T22:22:27Z,dataset_9/uvl/automotive02_01.uvl,1499,2074,1,0.056787,384.160079,647.325791,384.160079,647.325791,261.615543,398.197728,659.813271,14.037648999999988,12.487480000000005,time_since_previous_projection_seconds,cumulative_projection_time_seconds,automotive02_01
1500,2026-09-30T22:22:27Z,dataset_9/uvl/automotive02_01.uvl,1500,2074,1,0.057803,384.217881,647.383991,384.217881,647.383991,261.615543,398.255531,659.871074,14.037650000000042,12.487082999999984,time_since_previous_projection_seconds,cumulative_projection_time_seconds,automotive02_01
1501,2026-09-30T22:22:27Z,dataset_9/uvl/automotive02_01.uvl,1501,2074,1,0.057412,384.275293,647.441806,384.275293,647.441806,261.615543,398.312943,659.928486,14.037650000000042,12.486679999999978,time_since_previous_projection_seconds,cumulative_projection_time_seconds,automotive02_01
1502,2026-09-30T22:22:27Z,dataset_9/uvl/automotive02_01.uvl,1502,2074,1,0.05722,384.332513,647.499428,384.332513,647.499428,261.615543,398.370163,659.9857059999999,14.037649999999985,12.48627799999997,time_since_previous_projection_seconds,cumulative_projection_time_seconds,automotive02_01
1503,2026-09-30T22:22:27Z,dataset_9/uvl/automotive02_01.uvl,1503,2074,1,0.201265,384.533779,647.701064,384.533779,647.701064,261.615543,398.57142799999997,660.186971,14.037648999999988,12.485906999999997,time_since_previous_projection_seconds,cumulative_projection_time_seconds,automotive02_01
1504,2026-09-30T22:22:27Z,dataset_9/uvl/automotive02_01.uvl,1504,2074,1,0.063434,384.597213,647.765161,384.597213,647.765161,261.615543,398.634862,660.250405,14.037648999999988,12.485243999999966,time_since_previous_projection_seconds,cumulative_projection_time_seconds,automotive02_01
1505,2026-09-30T22:22:27Z,dataset_9/uvl/automotive02_01.uvl,1505,2074,1,0.065253,384.662465,647.830785,384.662465,647.830785,261.615543,398.700115,660.315658,14.037649999999985,12.484872999999993,time_since_previous_projection_seconds,cumulative_projection_time_seconds,automotive02_01
1506,2026-09-30T22:22:27Z,dataset_9/uvl/automotive02_01.uvl,1506,2074,1,0.063229,384.725694,647.894409,384.725694,647.894409,261.615543,398.763344,660.3788870000001,14.037650000000042,12.484478000000081,time_since_previous_projection_seconds,cumulative_projection_time_seconds,automotive02_01
1507,2026-09-30T22:22:27Z,dataset_9/uvl/automotive02_01.uvl,1507,2074,1,0.070608,384.796302,647.965785,384.796302,647.965785,261.615543,398.833952,660.4494950000001,14.037649999999985,12.483710000000087,time_since_previous_projection_seconds,cumulative_projection_time_seconds,automotive02_01
1508,2026-09-30T22:22:27Z,dataset_9/uvl/automotive02_01.uvl,1508,2074,1,0.065826,384.862129,648.031977,384.862129,648.031977,261.615543,398.89977799999997,660.515321,14.037648999999988,12.483343999999988,time_since_previous_projection_seconds,cumulative_projection_time_seconds,automotive02_01
1509,2026-09-30T22:22:28Z,dataset_9/uvl/automotive02_01.uvl,1509,2074,1,0.062194,384.924323,648.094556,384.924323,648.094556,261.615543,398.961972,660.577515,14.037648999999988,12.482958999999937,time_since_previous_projection_seconds,cumulative_projection_time_seconds,automotive02_01
1510,2026-09-30T22:22:28Z,dataset_9/uvl/automotive02_01.uvl,1510,2074,1,0.130075,385.054398,648.225055,385.054398,648.225055,261.615543,399.092047,660.70759,14.037648999999988,12.482534999999984,time_since_previous_projection_seconds,cumulative_projection_time_seconds,automotive02_01
1511,2026-09-30T22:22:28Z,dataset_9/uvl/automotive02_01.uvl,1511,2074,1,0.063905,385.118303,648.289334,385.118303,648.289334,261.615543,399.155952,660.771495,14.037648999999988,12.482160999999905,time_since_previous_projection_seconds,cumulative_projection_time_seconds,automotive02_01
1512,2026-09-30T22:22:28Z,dataset_9/uvl/automotive02_01.uvl,1512,2074,1,0.063209,385.181512,648.352977,385.181512,648.352977,261.615543,399.219161,660.834704,14.037648999999988,12.481726999999978,time_since_previous_projection_seconds,cumulative_projection_time_seconds,automotive02_01
1513,2026-09-30T22:22:28Z,dataset_9/uvl/automotive02_01.uvl,1513,2074,1,0.06226,385.243772,648.415605,385.243772,648.415605,261.615543,399.28142099999997,660.896964,14.037648999999988,12.481358999999998,time_since_previous_projection_seconds,cumulative_projection_time_seconds,automotive02_01
1514,2026-09-30T22:22:28Z,dataset_9/uvl/automotive02_01.uvl,1514,2074,1,0.062567,385.306339,648.478556,385.306339,648.478556,261.615543,399.34398799999997,660.959531,14.037648999999988,12.480974999999944,time_since_previous_projection_seconds,cumulative_projection_time_seconds,automotive02_01
1515,2026-09-30T22:22:28Z,dataset_9/uvl/automotive02_01.uvl,1515,2074,1,0.061584,385.367923,648.540539,385.367923,648.540539,261.615543,399.405572,661.021115,14.037648999999988,12.480576000000042,time_since_previous_projection_seconds,cumulative_projection_time_seconds,automotive02_01
1516,2026-09-30T22:22:28Z,dataset_9/uvl/automotive02_01.uvl,1516,2074,1,0.062234,385.430156,648.603149,385.430156,648.603149,261.615543,399.467806,661.083349,14.037649999999985,12.480199999999968,time_since_previous_projection_seconds,cumulative_projection_time_seconds,automotive02_01
1517,2026-09-30T22:22:28Z,dataset_9/uvl/automotive02_01.uvl,1517,2074,1,0.062438,385.492594,648.665943,385.492594,648.665943,261.615543,399.530244,661.1457869999999,14.037649999999985,12.479843999999957,time_since_previous_projection_seconds,cumulative_projection_time_seconds,automotive02_01
1518,2026-09-30T22:22:28Z,dataset_9/uvl/automotive02_01.uvl,1518,2074,1,0.063178,385.555772,648.729486,385.555772,648.729486,261.615543,399.593422,661.208965,14.037649999999985,12.479479000000083,time_since_previous_projection_seconds,cumulative_projection_time_seconds,automotive02_01
1519,2026-09-30T22:22:28Z,dataset_9/uvl/automotive02_01.uvl,1519,2074,1,0.202128,385.7579,648.931994,385.7579,648.931994,261.615543,399.79555,661.4110929999999,14.037649999999985,12.479098999999906,time_since_previous_projection_seconds,cumulative_projection_time_seconds,automotive02_01
1520,2026-09-30T22:22:28Z,dataset_9/uvl/automotive02_01.uvl,1520,2074,1,0.068502,385.826403,649.001143,385.826403,649.001143,261.615543,399.864052,661.479595,14.037648999999988,12.478452000000061,time_since_previous_projection_seconds,cumulative_projection_time_seconds,automotive02_01
1521,2026-09-30T22:22:28Z,dataset_9/uvl/automotive02_01.uvl,1521,2074,1,0.067664,385.894067,649.069196,385.894067,649.069196,261.615543,399.931716,661.5472589999999,14.037648999999988,12.478062999999906,time_since_previous_projection_seconds,cumulative_projection_time_seconds,automotive02_01
1522,2026-09-30T22:22:29Z,dataset_9/uvl/automotive02_01.uvl,1522,2074,1,0.067811,385.961878,649.137385,385.961878,649.137385,261.615543,399.999527,661.6150700000001,14.037648999999988,12.477685000000065,time_since_previous_projection_seconds,cumulative_projection_time_seconds,automotive02_01
1523,2026-09-30T22:22:29Z,dataset_9/uvl/automotive02_01.uvl,1523,2074,1,0.064611,386.026489,649.202626,386.026489,649.202626,261.615543,400.064138,661.6796810000001,14.037648999999988,12.477055000000064,time_since_previous_projection_seconds,cumulative_projection_time_seconds,automotive02_01
1524,2026-09-30T22:22:29Z,dataset_9/uvl/automotive02_01.uvl,1524,2074,1,0.065378,386.091867,649.268367,386.091867,649.268367,261.615543,400.12951599999997,661.745059,14.037648999999988,12.476691999999957,time_since_previous_projection_seconds,cumulative_projection_time_seconds,automotive02_01
1525,2026-09-30T22:22:29Z,dataset_9/uvl/automotive02_01.uvl,1525,2074,1,0.062535,386.154402,649.331267,386.154402,649.331267,261.615543,400.192051,661.807594,14.037648999999988,12.47632699999997,time_since_previous_projection_seconds,cumulative_projection_time_seconds,automotive02_01
1526,2026-09-30T22:22:29Z,dataset_9/uvl/automotive02_01.uvl,1526,2074,1,0.064065,386.218467,649.395714,386.218467,649.395714,261.615543,400.256116,661.871659,14.037649000000044,12.475945000000024,time_since_previous_projection_seconds,cumulative_projection_time_seconds,automotive02_01
1527,2026-09-30T22:22:29Z,dataset_9/uvl/automotive02_01.uvl,1527,2074,1,0.064162,386.282629,649.460377,386.282629,649.460377,261.615543,400.320278,661.935821,14.037648999999988,12.475444000000039,time_since_previous_projection_seconds,cumulative_projection_time_seconds,automotive02_01
1528,2026-09-30T22:22:29Z,dataset_9/uvl/automotive02_01.uvl,1528,2074,1,0.061698,386.344328,649.522522,386.344328,649.522522,261.615543,400.381976,661.997519,14.03764799999999,12.47499700000003,time_since_previous_projection_seconds,cumulative_projection_time_seconds,automotive02_01
1529,2026-09-30T22:22:29Z,dataset_9/uvl/automotive02_01.uvl,1529,2074,1,0.061546,386.405874,649.584426,386.405874,649.584426,261.615543,400.443522,662.0590649999999,14.03764799999999,12.474638999999911,time_since_previous_projection_seconds,cumulative_projection_time_seconds,automotive02_01
1530,2026-09-30T22:22:29Z,dataset_9/uvl/automotive02_01.uvl,1530,2074,1,0.064541,386.470414,649.64933,386.470414,649.64933,261.615543,400.508063,662.123606,14.037648999999988,12.474276000000032,time_since_previous_projection_seconds,cumulative_projection_time_seconds,automotive02_01
1531,2026-09-30T22:22:29Z,dataset_9/uvl/automotive02_01.uvl,1531,2074,1,0.171652,386.642067,649.821373,386.642067,649.821373,261.615543,400.679715,662.295258,14.03764799999999,12.473884999999996,time_since_previous_projection_seconds,cumulative_projection_time_seconds,automotive02_01
1532,2026-09-30T22:22:29Z,dataset_9/uvl/automotive02_01.uvl,1532,2074,1,0.067658,386.709725,649.889536,386.709725,649.889536,261.615543,400.747373,662.362916,14.03764799999999,12.47338000000002,time_since_previous_projection_seconds,cumulative_projection_time_seconds,automotive02_01
1533,2026-09-30T22:22:29Z,dataset_9/uvl/automotive02_01.uvl,1533,2074,1,0.067478,386.777203,649.957379,386.777203,649.957379,261.615543,400.814851,662.430394,14.03764799999999,12.473015000000032,time_since_previous_projection_seconds,cumulative_projection_time_seconds,automotive02_01
1534,2026-09-30T22:22:29Z,dataset_9/uvl/automotive02_01.uvl,1534,2074,1,0.061513,386.838716,650.019247,386.838716,650.019247,261.615543,400.87636399999997,662.491907,14.03764799999999,12.472660000000019,time_since_previous_projection_seconds,cumulative_projection_time_seconds,automotive02_01
1535,2026-09-30T22:22:29Z,dataset_9/uvl/automotive02_01.uvl,1535,2074,1,0.063031,386.901747,650.082674,386.901747,650.082674,261.615543,400.939395,662.554938,14.03764799999999,12.472263999999996,time_since_previous_projection_seconds,cumulative_projection_time_seconds,automotive02_01
1536,2026-09-30T22:22:30Z,dataset_9/uvl/automotive02_01.uvl,1536,2074,1,0.062301,386.964048,650.145332,386.964048,650.145332,261.615543,401.001696,662.6172389999999,14.03764799999999,12.471906999999874,time_since_previous_projection_seconds,cumulative_projection_time_seconds,automotive02_01
1537,2026-09-30T22:22:30Z,dataset_9/uvl/automotive02_01.uvl,1537,2074,1,0.061869,387.025917,650.207579,387.025917,650.207579,261.615543,401.063565,662.679108,14.03764799999999,12.471529000000032,time_since_previous_projection_seconds,cumulative_projection_time_seconds,automotive02_01
1538,2026-09-30T22:22:30Z,dataset_9/uvl/automotive02_01.uvl,1538,2074,1,0.058984,387.084901,650.266909,387.084901,650.266909,261.615543,401.122549,662.738092,14.03764799999999,12.471182999999996,time_since_previous_projection_seconds,cumulative_projection_time_seconds,automotive02_01
1539,2026-09-30T22:22:30Z,dataset_9/uvl/automotive02_01.uvl,1539,2074,1,0.213499,387.298399,650.480889,387.298399,650.480889,261.615543,401.336048,662.951591,14.037648999999988,12.47070199999996,time_since_previous_projection_seconds,cumulative_projection_time_seconds,automotive02_01
1540,2026-09-30T22:22:30Z,dataset_9/uvl/automotive02_01.uvl,1540,2074,1,0.06855,387.366949,650.550114,387.366949,650.550114,261.615543,401.404598,663.020141,14.037649000000044,12.47002699999996,time_since_previous_projection_seconds,cumulative_projection_time_seconds,automotive02_01
1541,2026-09-30T22:22:30Z,dataset_9/uvl/automotive02_01.uvl,1541,2074,1,0.069427,387.436376,650.619908,387.436376,650.619908,261.615543,401.474025,663.089568,14.037648999999988,12.469659999999976,time_since_previous_projection_seconds,cumulative_projection_time_seconds,automotive02_01
1542,2026-09-30T22:22:30Z,dataset_9/uvl/automotive02_01.uvl,1542,2074,1,0.07913,387.515506,650.699425,387.515506,650.699425,261.615543,401.553155,663.168698,14.037648999999988,12.46927299999993,time_since_previous_projection_seconds,cumulative_projection_time_seconds,automotive02_01
1543,2026-09-30T22:22:30Z,dataset_9/uvl/automotive02_01.uvl,1543,2074,1,0.06693,387.582436,650.766981,387.582436,650.766981,261.615543,401.620085,663.235628,14.037649000000044,12.468647000000033,time_since_previous_projection_seconds,cumulative_projection_time_seconds,automotive02_01
1544,2026-09-30T22:22:30Z,dataset_9/uvl/automotive02_01.uvl,1544,2074,1,0.064657,387.647093,650.831977,387.647093,650.831977,261.615543,401.68474199999997,663.300285,14.037648999999988,12.468307999999979,time_since_previous_projection_seconds,cumulative_projection_time_seconds,automotive02_01
1545,2026-09-30T22:22:30Z,dataset_9/uvl/automotive02_01.uvl,1545,2074,1,0.111827,387.75892,650.944144,387.75892,650.944144,261.615543,401.796569,663.412112,14.037648999999988,12.467967999999928,time_since_previous_projection_seconds,cumulative_projection_time_seconds,automotive02_01
1546,2026-09-30T22:22:30Z,dataset_9/uvl/automotive02_01.uvl,1546,2074,1,0.064977,387.823897,651.00949,387.823897,651.00949,261.615543,401.861546,663.477089,14.037648999999988,12.46759899999995,time_since_previous_projection_seconds,cumulative_projection_time_seconds,automotive02_01
1547,2026-09-30T22:22:30Z,dataset_9/uvl/automotive02_01.uvl,1547,2074,1,0.06218,387.886077,651.072021,387.886077,651.072021,261.615543,401.923726,663.539269,14.037648999999988,12.46724800000004,time_since_previous_projection_seconds,cumulative_projection_time_seconds,automotive02_01
1548,2026-09-30T22:22:31Z,dataset_9/uvl/automotive02_01.uvl,1548,2074,1,0.085572,387.971648,651.157938,387.971648,651.157938,261.615543,402.009298,663.6248410000001,14.037649999999985,12.466903000000116,time_since_previous_projection_seconds,cumulative_projection_time_seconds,automotive02_01
1549,2026-09-30T22:22:31Z,dataset_9/uvl/automotive02_01.uvl,1549,2074,1,0.087307,388.058955,651.245663,388.058955,651.245663,261.615543,402.096605,663.7121480000001,14.037649999999985,12.466485000000034,time_since_previous_projection_seconds,cumulative_projection_time_seconds,automotive02_01
1550,2026-09-30T22:22:31Z,dataset_9/uvl/automotive02_01.uvl,1550,2074,1,0.084129,388.143084,651.33030900000006,388.143084,651.33030900000006,261.615543,402.180734,663.7962769999999,14.037649999999985,12.465967999999862,time_since_previous_projection_seconds,cumulative_projection_time_seconds,automotive02_01
1551,2026-09-30T22:22:31Z,dataset_9/uvl/automotive02_01.uvl,1551,2074,1,0.065331,388.208415,651.396023,388.208415,651.396023,261.615543,402.246065,663.8616079999999,14.037649999999985,12.465584999999919,time_since_previous_projection_seconds,cumulative_projection_time_seconds,automotive02_01
1552,2026-09-30T22:22:31Z,dataset_9/uvl/automotive02_01.uvl,1552,2074,1,0.059521,388.267936,651.455941,388.267936,651.455941,261.615543,402.305586,663.9211290000001,14.037649999999985,12.465188000000012,time_since_previous_projection_seconds,cumulative_projection_time_seconds,automotive02_01
1553,2026-09-30T22:22:31Z,dataset_9/uvl/automotive02_01.uvl,1553,2074,1,0.185953,388.453889,651.642263,388.453889,651.642263,261.615543,402.491539,664.107082,14.037649999999985,12.464819000000034,time_since_previous_projection_seconds,cumulative_projection_time_seconds,automotive02_01
1554,2026-09-30T22:22:31Z,dataset_9/uvl/automotive02_01.uvl,1554,2074,1,0.082337,388.536226,651.725273,388.536226,651.725273,261.615543,402.573876,664.189419,14.037649999999985,12.464146000000028,time_since_previous_projection_seconds,cumulative_projection_time_seconds,automotive02_01
1555,2026-09-30T22:22:31Z,dataset_9/uvl/automotive02_01.uvl,1555,2074,1,0.070095,388.606321,651.795768,388.606321,651.795768,261.615543,402.643971,664.2595140000001,14.037650000000042,12.463746000000128,time_since_previous_projection_seconds,cumulative_projection_time_seconds,automotive02_01
1556,2026-09-30T22:22:31Z,dataset_9/uvl/automotive02_01.uvl,1556,2074,1,0.078324,388.684645,651.87478,388.684645,651.87478,261.615543,402.722295,664.3378379999999,14.037649999999985,12.463057999999933,time_since_previous_projection_seconds,cumulative_projection_time_seconds,automotive02_01
1557,2026-09-30T22:22:31Z,dataset_9/uvl/automotive02_01.uvl,1557,2074,1,0.069701,388.754346,651.944887,388.754346,651.944887,261.615543,402.791996,664.407539,14.037649999999985,12.462652000000048,time_since_previous_projection_seconds,cumulative_projection_time_seconds,automotive02_01
1558,2026-09-30T22:22:31Z,dataset_9/uvl/automotive02_01.uvl,1558,2074,1,0.070203,388.824549,652.015486,388.824549,652.015486,261.615543,402.862199,664.477742,14.037649999999985,12.462256000000025,time_since_previous_projection_seconds,cumulative_projection_time_seconds,automotive02_01
1559,2026-09-30T22:22:31Z,dataset_9/uvl/automotive02_01.uvl,1559,2074,1,0.066033,388.890582,652.08189,388.890582,652.08189,261.615543,402.928232,664.543775,14.037649999999985,12.461884999999938,time_since_previous_projection_seconds,cumulative_projection_time_seconds,automotive02_01
1560,2026-09-30T22:22:32Z,dataset_9/uvl/automotive02_01.uvl,1560,2074,1,0.065366,388.955948,652.147683,388.955948,652.147683,261.615543,402.993598,664.609141,14.037650000000042,12.461457999999993,time_since_previous_projection_seconds,cumulative_projection_time_seconds,automotive02_01
1561,2026-09-30T22:22:32Z,dataset_9/uvl/automotive02_01.uvl,1561,2074,1,0.069727,389.025675,652.217793,389.025675,652.217793,261.615543,403.063325,664.678868,14.037650000000042,12.461074999999937,time_since_previous_projection_seconds,cumulative_projection_time_seconds,automotive02_01
1562,2026-09-30T22:22:32Z,dataset_9/uvl/automotive02_01.uvl,1562,2074,1,0.068353,389.094028,652.286511,389.094028,652.286511,261.615543,403.131678,664.7472210000001,14.037650000000042,12.460710000000063,time_since_previous_projection_seconds,cumulative_projection_time_seconds,automotive02_01
1563,2026-09-30T22:22:32Z,dataset_9/uvl/automotive02_01.uvl,1563,2074,1,0.062324,389.156352,652.349194,389.156352,652.349194,261.615543,403.194002,664.8095450000001,14.037649999999985,12.46035100000006,time_since_previous_projection_seconds,cumulative_projection_time_seconds,automotive02_01
1564,2026-09-30T22:22:32Z,dataset_9/uvl/automotive02_01.uvl,1564,2074,1,0.171818,389.32817,652.521371,389.32817,652.521371,261.615543,403.36582,664.981363,14.037649999999985,12.459991999999943,time_since_previous_projection_seconds,cumulative_projection_time_seconds,automotive02_01
1565,2026-09-30T22:22:32Z,dataset_9/uvl/automotive02_01.uvl,1565,2074,1,0.063714,389.391884,652.585454,389.391884,652.585454,261.615543,403.429534,665.045077,14.037649999999985,12.459622999999965,time_since_previous_projection_seconds,cumulative_projection_time_seconds,automotive02_01
1566,2026-09-30T22:22:32Z,dataset_9/uvl/automotive02_01.uvl,1566,2074,1,0.062437,389.454322,652.648257,389.454322,652.648257,261.615543,403.491971,665.107514,14.037648999999988,12.459257000000093,time_since_previous_projection_seconds,cumulative_projection_time_seconds,automotive02_01
1567,2026-09-30T22:22:32Z,dataset_9/uvl/automotive02_01.uvl,1567,2074,1,0.061882,389.516204,652.710527,389.516204,652.710527,261.615543,403.553853,665.169396,14.037648999999988,12.45886900000005,time_since_previous_projection_seconds,cumulative_projection_time_seconds,automotive02_01
1568,2026-09-30T22:22:32Z,dataset_9/uvl/automotive02_01.uvl,1568,2074,1,0.062606,389.578809,652.773489,389.578809,652.773489,261.615543,403.616459,665.232002,14.037650000000042,12.458512999999925,time_since_previous_projection_seconds,cumulative_projection_time_seconds,automotive02_01
1569,2026-09-30T22:22:32Z,dataset_9/uvl/automotive02_01.uvl,1569,2074,1,0.06559,389.644399,652.839422,389.644399,652.839422,261.615543,403.682049,665.297592,14.037649999999985,12.458169999999996,time_since_previous_projection_seconds,cumulative_projection_time_seconds,automotive02_01
1570,2026-09-30T22:22:32Z,dataset_9/uvl/automotive02_01.uvl,1570,2074,1,0.062706,389.707104,652.902474,389.707104,652.902474,261.615543,403.744755,665.3602980000001,14.037650999999983,12.457824000000073,time_since_previous_projection_seconds,cumulative_projection_time_seconds,automotive02_01
1571,2026-09-30T22:22:33Z,dataset_9/uvl/automotive02_01.uvl,1571,2074,1,0.182914,389.890018,653.08575,389.890018,653.08575,261.615543,403.927669,665.543212,14.037650999999983,12.457462000000078,time_since_previous_projection_seconds,cumulative_projection_time_seconds,automotive02_01
1572,2026-09-30T22:22:33Z,dataset_9/uvl/automotive02_01.uvl,1572,2074,1,0.068272,389.958291,653.154699,389.958291,653.154699,261.615543,403.995941,665.611484,14.037650000000042,12.456784999999968,time_since_previous_projection_seconds,cumulative_projection_time_seconds,automotive02_01
1573,2026-09-30T22:22:33Z,dataset_9/uvl/automotive02_01.uvl,1573,2074,1,0.066027,390.024318,653.221104,390.024318,653.221104,261.615543,404.061968,665.677511,14.037649999999985,12.456407000000013,time_since_previous_projection_seconds,cumulative_projection_time_seconds,automotive02_01
1574,2026-09-30T22:22:33Z,dataset_9/uvl/automotive02_01.uvl,1574,2074,1,0.072149,390.096467,653.293625,390.096467,653.293625,261.615543,404.134117,665.74966,14.037649999999985,12.456034999999929,time_since_previous_projection_seconds,cumulative_projection_time_seconds,automotive02_01
1575,2026-09-30T22:22:33Z,dataset_9/uvl/automotive02_01.uvl,1575,2074,1,0.065832,390.162298,653.360333,390.162298,653.360333,261.615543,404.199949,665.815492,14.037650999999983,12.45515899999998,time_since_previous_projection_seconds,cumulative_projection_time_seconds,automotive02_01
1576,2026-09-30T22:22:33Z,dataset_9/uvl/automotive02_01.uvl,1576,2074,1,0.123972,390.286271,653.484674,390.286271,653.484674,261.615543,404.323921,665.939464,14.037649999999985,12.454790000000003,time_since_previous_projection_seconds,cumulative_projection_time_seconds,automotive02_01
1577,2026-09-30T22:22:33Z,dataset_9/uvl/automotive02_01.uvl,1577,2074,1,0.06425,390.350521,653.549235,390.350521,653.549235,261.615543,404.388171,666.003714,14.037649999999985,12.454478999999992,time_since_previous_projection_seconds,cumulative_projection_time_seconds,automotive02_01
1578,2026-09-30T22:22:33Z,dataset_9/uvl/automotive02_01.uvl,1578,2074,1,0.062541,390.413062,653.612135,390.413062,653.612135,261.615543,404.450712,666.066255,14.037649999999985,12.454119999999989,time_since_previous_projection_seconds,cumulative_projection_time_seconds,automotive02_01
1579,2026-09-30T22:22:33Z,dataset_9/uvl/automotive02_01.uvl,1579,2074,1,0.059443,390.472505,653.671953,390.472505,653.671953,261.615543,404.510155,666.12569800000006,14.037649999999985,12.453745000000026,time_since_previous_projection_seconds,cumulative_projection_time_seconds,automotive02_01
1580,2026-09-30T22:22:33Z,dataset_9/uvl/automotive02_01.uvl,1580,2074,1,0.059718,390.532223,653.732038,390.532223,653.732038,261.615543,404.569873,666.185416,14.037649999999985,12.453378000000043,time_since_previous_projection_seconds,cumulative_projection_time_seconds,automotive02_01
1581,2026-09-30T22:22:33Z,dataset_9/uvl/automotive02_01.uvl,1581,2074,1,0.078919,390.611141,653.811395,390.611141,653.811395,261.615543,404.648792,666.2643350000001,14.03765100000004,12.452940000000126,time_since_previous_projection_seconds,cumulative_projection_time_seconds,automotive02_01
1582,2026-09-30T22:22:33Z,dataset_9/uvl/automotive02_01.uvl,1582,2074,1,0.069877,390.681018,653.881718,390.681018,653.881718,261.615543,404.718669,666.334212,14.037650999999983,12.452494000000002,time_since_previous_projection_seconds,cumulative_projection_time_seconds,automotive02_01
1583,2026-09-30T22:22:33Z,dataset_9/uvl/automotive02_01.uvl,1583,2074,1,0.160103,390.841121,654.042213,390.841121,654.042213,261.615543,404.87877199999997,666.4943149999999,14.037650999999983,12.452101999999968,time_since_previous_projection_seconds,cumulative_projection_time_seconds,automotive02_01
1584,2026-09-30T22:22:34Z,dataset_9/uvl/automotive02_01.uvl,1584,2074,1,0.099643,390.940764,654.142353,390.940764,654.142353,261.615543,404.978415,666.5939579999999,14.037650999999983,12.451604999999972,time_since_previous_projection_seconds,cumulative_projection_time_seconds,automotive02_01
1585,2026-09-30T22:22:34Z,dataset_9/uvl/automotive02_01.uvl,1585,2074,1,0.068706,391.009469,654.211717,391.009469,654.211717,261.615543,405.047121,666.662664,14.03765199999998,12.450946999999928,time_since_previous_projection_seconds,cumulative_projection_time_seconds,automotive02_01
1586,2026-09-30T22:22:34Z,dataset_9/uvl/automotive02_01.uvl,1586,2074,1,0.072158,391.081628,654.284251,391.081628,654.284251,261.615543,405.119279,666.734822,14.037650999999983,12.450570999999968,time_since_previous_projection_seconds,cumulative_projection_time_seconds,automotive02_01
1587,2026-09-30T22:22:34Z,dataset_9/uvl/automotive02_01.uvl,1587,2074,1,0.07772,391.159347,654.362374,391.159347,654.362374,261.615543,405.196999,666.812542,14.03765199999998,12.450167999999962,time_since_previous_projection_seconds,cumulative_projection_time_seconds,automotive02_01
1588,2026-09-30T22:22:34Z,dataset_9/uvl/automotive02_01.uvl,1588,2074,1,0.075853,391.2352,654.438865,391.2352,654.438865,261.615543,405.272852,666.888395,14.03765199999998,12.449529999999982,time_since_previous_projection_seconds,cumulative_projection_time_seconds,automotive02_01
1589,2026-09-30T22:22:34Z,dataset_9/uvl/automotive02_01.uvl,1589,2074,1,0.074296,391.309496,654.513521,391.309496,654.513521,261.615543,405.347148,666.962691,14.03765199999998,12.449169999999981,time_since_previous_projection_seconds,cumulative_projection_time_seconds,automotive02_01
1590,2026-09-30T22:22:34Z,dataset_9/uvl/automotive02_01.uvl,1590,2074,1,0.064367,391.373863,654.578272,391.373863,654.578272,261.615543,405.411515,667.027058,14.037652000000037,12.448786000000041,time_since_previous_projection_seconds,cumulative_projection_time_seconds,automotive02_01
1591,2026-09-30T22:22:34Z,dataset_9/uvl/automotive02_01.uvl,1591,2074,1,0.064567,391.43843,654.643216,391.43843,654.643216,261.615543,405.476082,667.091625,14.037652000000037,12.44840899999997,time_since_previous_projection_seconds,cumulative_projection_time_seconds,automotive02_01
1592,2026-09-30T22:22:34Z,dataset_9/uvl/automotive02_01.uvl,1592,2074,1,0.062958,391.501387,654.706578,391.501387,654.706578,261.615543,405.53904,667.154583,14.037652999999978,12.448004999999966,time_since_previous_projection_seconds,cumulative_projection_time_seconds,automotive02_01
1593,2026-09-30T22:22:34Z,dataset_9/uvl/automotive02_01.uvl,1593,2074,1,0.064265,391.565652,654.771206,391.565652,654.771206,261.615543,405.603305,667.218848,14.037652999999978,12.447641999999973,time_since_previous_projection_seconds,cumulative_projection_time_seconds,automotive02_01
1594,2026-09-30T22:22:34Z,dataset_9/uvl/automotive02_01.uvl,1594,2074,1,0.072924,391.638576,654.844518,391.638576,654.844518,261.615543,405.676229,667.291772,14.037652999999978,12.447254000000044,time_since_previous_projection_seconds,cumulative_projection_time_seconds,automotive02_01
1595,2026-09-30T22:22:34Z,dataset_9/uvl/automotive02_01.uvl,1595,2074,1,0.069634,391.708211,654.91453,391.708211,654.91453,261.615543,405.745863,667.361406,14.03765199999998,12.446875999999975,time_since_previous_projection_seconds,cumulative_projection_time_seconds,automotive02_01
1596,2026-09-30T22:22:34Z,dataset_9/uvl/automotive02_01.uvl,1596,2074,1,0.071838,391.780048,654.986753,391.780048,654.986753,261.615543,405.817701,667.4332440000001,14.037652999999978,12.446491000000037,time_since_previous_projection_seconds,cumulative_projection_time_seconds,automotive02_01
1597,2026-09-30T22:22:35Z,dataset_9/uvl/automotive02_01.uvl,1597,2074,1,0.185978,391.966026,655.173099,391.966026,655.173099,261.615543,406.003679,667.619222,14.037652999999978,12.446123000000057,time_since_previous_projection_seconds,cumulative_projection_time_seconds,automotive02_01
1598,2026-09-30T22:22:35Z,dataset_9/uvl/automotive02_01.uvl,1598,2074,1,0.062485,392.028511,655.235951,392.028511,655.235951,261.615543,406.066164,667.681707,14.037653000000034,12.44575599999996,time_since_previous_projection_seconds,cumulative_projection_time_seconds,automotive02_01
1599,2026-09-30T22:22:35Z,dataset_9/uvl/automotive02_01.uvl,1599,2074,1,0.064276,392.092788,655.300585,392.092788,655.300585,261.615543,406.13044,667.745983,14.037652000000037,12.445398000000068,time_since_previous_projection_seconds,cumulative_projection_time_seconds,automotive02_01
1600,2026-09-30T22:22:35Z,dataset_9/uvl/automotive02_01.uvl,1600,2074,1,0.061307,392.154095,655.362262,392.154095,655.362262,261.615543,406.191747,667.80729,14.037652000000037,12.44502799999998,time_since_previous_projection_seconds,cumulative_projection_time_seconds,automotive02_01
1601,2026-09-30T22:22:35Z,dataset_9/uvl/automotive02_01.uvl,1601,2074,1,0.071094,392.225189,655.433725,392.225189,655.433725,261.615543,406.262841,667.878384,14.03765199999998,12.444659000000001,time_since_previous_projection_seconds,cumulative_projection_time_seconds,automotive02_01
1602,2026-09-30T22:22:35Z,dataset_9/uvl/automotive02_01.uvl,1602,2074,1,0.068447,392.293636,655.502522,392.293636,655.502522,261.615543,406.331288,667.946831,14.03765199999998,12.444308999999976,time_since_previous_projection_seconds,cumulative_projection_time_seconds,automotive02_01
1603,2026-09-30T22:22:35Z,dataset_9/uvl/automotive02_01.uvl,1603,2074,1,0.074108,392.367744,655.576968,392.367744,655.576968,261.615543,406.405396,668.020939,14.03765199999998,12.443971000000033,time_since_previous_projection_seconds,cumulative_projection_time_seconds,automotive02_01
1604,2026-09-30T22:22:35Z,dataset_9/uvl/automotive02_01.uvl,1604,2074,1,0.069434,392.437177,655.646783,392.437177,655.646783,261.615543,406.47483,668.090373,14.037652999999978,12.443589999999972,time_since_previous_projection_seconds,cumulative_projection_time_seconds,automotive02_01
1605,2026-09-30T22:22:35Z,dataset_9/uvl/automotive02_01.uvl,1605,2074,1,0.204544,392.641721,655.851684,392.641721,655.851684,261.615543,406.679374,668.2949169999999,14.037652999999978,12.443232999999964,time_since_previous_projection_seconds,cumulative_projection_time_seconds,automotive02_01
1606,2026-09-30T22:22:35Z,dataset_9/uvl/automotive02_01.uvl,1606,2074,1,0.075226,392.716947,655.927576,392.716947,655.927576,261.615543,406.7546,668.370143,14.037652999999978,12.44256699999994,time_since_previous_projection_seconds,cumulative_projection_time_seconds,automotive02_01
1607,2026-09-30T22:22:35Z,dataset_9/uvl/automotive02_01.uvl,1607,2074,1,0.074954,392.7919,656.0029,392.7919,656.0029,261.615543,406.829554,668.445097,14.037653999999975,12.442197000000078,time_since_previous_projection_seconds,cumulative_projection_time_seconds,automotive02_01
1608,2026-09-30T22:22:35Z,dataset_9/uvl/automotive02_01.uvl,1608,2074,1,0.071158,392.863059,656.074714,392.863059,656.074714,261.615543,406.900712,668.516255,14.037652999999978,12.44154100000003,time_since_previous_projection_seconds,cumulative_projection_time_seconds,automotive02_01
1609,2026-09-30T22:22:36Z,dataset_9/uvl/automotive02_01.uvl,1609,2074,1,0.066932,392.929991,656.142004,392.929991,656.142004,261.615543,406.967644,668.583187,14.037653000000034,12.44118299999991,time_since_previous_projection_seconds,cumulative_projection_time_seconds,automotive02_01
1610,2026-09-30T22:22:36Z,dataset_9/uvl/automotive02_01.uvl,1610,2074,1,0.062628,392.992619,656.204983,392.992619,656.204983,261.615543,407.03027199999997,668.645815,14.037652999999978,12.440832,time_since_previous_projection_seconds,cumulative_projection_time_seconds,automotive02_01
1611,2026-09-30T22:22:36Z,dataset_9/uvl/automotive02_01.uvl,1611,2074,1,0.118849,393.111468,656.324194,393.111468,656.324194,261.615543,407.149121,668.764664,14.037652999999978,12.440470000000005,time_since_previous_projection_seconds,cumulative_projection_time_seconds,automotive02_01
1612,2026-09-30T22:22:36Z,dataset_9/uvl/automotive02_01.uvl,1612,2074,1,0.063522,393.174989,656.388068,393.174989,656.388068,261.615543,407.212643,668.828186,14.037654000000032,12.440117999999984,time_since_previous_projection_seconds,cumulative_projection_time_seconds,automotive02_01
1613,2026-09-30T22:22:36Z,dataset_9/uvl/automotive02_01.uvl,1613,2074,1,0.063164,393.238153,656.451572,393.238153,656.451572,261.615543,407.275807,668.89135,14.037653999999975,12.439777999999933,time_since_previous_projection_seconds,cumulative_projection_time_seconds,automotive02_01
1614,2026-09-30T22:22:36Z,dataset_9/uvl/automotive02_01.uvl,1614,2074,1,0.063354,393.301506,656.515286,393.301506,656.515286,261.615543,407.339161,668.954704,14.037654999999972,12.439418000000046,time_since_previous_projection_seconds,cumulative_projection_time_seconds,automotive02_01
1615,2026-09-30T22:22:36Z,dataset_9/uvl/automotive02_01.uvl,1615,2074,1,0.065151,393.366658,656.580805,393.366658,656.580805,261.615543,407.404312,669.019855,14.037654000000032,12.439049999999952,time_since_previous_projection_seconds,cumulative_projection_time_seconds,automotive02_01
1616,2026-09-30T22:22:36Z,dataset_9/uvl/automotive02_01.uvl,1616,2074,1,0.064919,393.431577,656.646106,393.431577,656.646106,261.615543,407.469231,669.0847739999999,14.037653999999975,12.438667999999893,time_since_previous_projection_seconds,cumulative_projection_time_seconds,automotive02_01
1617,2026-09-30T22:22:36Z,dataset_9/uvl/automotive02_01.uvl,1617,2074,1,0.063953,393.495529,656.710445,393.495529,656.710445,261.615543,407.533184,669.148727,14.03765500000003,12.438281999999958,time_since_previous_projection_seconds,cumulative_projection_time_seconds,automotive02_01
1618,2026-09-30T22:22:36Z,dataset_9/uvl/automotive02_01.uvl,1618,2074,1,0.063313,393.558842,656.774126,393.558842,656.774126,261.615543,407.596497,669.21204,14.037654999999972,12.437913999999978,time_since_previous_projection_seconds,cumulative_projection_time_seconds,automotive02_01
1619,2026-09-30T22:22:36Z,dataset_9/uvl/automotive02_01.uvl,1619,2074,1,0.197369,393.756211,656.971856,393.756211,656.971856,261.615543,407.793866,669.409409,14.037654999999972,12.43755299999998,time_since_previous_projection_seconds,cumulative_projection_time_seconds,automotive02_01
1620,2026-09-30T22:22:36Z,dataset_9/uvl/automotive02_01.uvl,1620,2074,1,0.069685,393.825896,657.042199,393.825896,657.042199,261.615543,407.863551,669.479094,14.037654999999972,12.43689500000005,time_since_previous_projection_seconds,cumulative_projection_time_seconds,automotive02_01
1621,2026-09-30T22:22:37Z,dataset_9/uvl/automotive02_01.uvl,1621,2074,1,0.074564,393.90046,657.117136,393.90046,657.117136,261.615543,407.938115,669.553658,14.037654999999972,12.436522000000082,time_since_previous_projection_seconds,cumulative_projection_time_seconds,automotive02_01
1622,2026-09-30T22:22:37Z,dataset_9/uvl/automotive02_01.uvl,1622,2074,1,0.071188,393.971648,657.189083,393.971648,657.189083,261.615543,408.009303,669.6248459999999,14.037654999999972,12.435762999999952,time_since_previous_projection_seconds,cumulative_projection_time_seconds,automotive02_01
1623,2026-09-30T22:22:37Z,dataset_9/uvl/automotive02_01.uvl,1623,2074,1,0.065642,394.03729,657.255112,394.03729,657.255112,261.615543,408.074945,669.690488,14.03765500000003,12.435375999999906,time_since_previous_projection_seconds,cumulative_projection_time_seconds,automotive02_01
1624,2026-09-30T22:22:37Z,dataset_9/uvl/automotive02_01.uvl,1624,2074,1,0.064184,394.101473,657.319685,394.101473,657.319685,261.615543,408.13912899999997,669.754672,14.03765599999997,12.434986999999978,time_since_previous_projection_seconds,cumulative_projection_time_seconds,automotive02_01
1625,2026-09-30T22:22:37Z,dataset_9/uvl/automotive02_01.uvl,1625,2074,1,0.06451,394.165984,657.384586,394.165984,657.384586,261.615543,408.203639,669.819182,14.03765500000003,12.434595999999942,time_since_previous_projection_seconds,cumulative_projection_time_seconds,automotive02_01
1626,2026-09-30T22:22:37Z,dataset_9/uvl/automotive02_01.uvl,1626,2074,1,0.06351,394.229493,657.448453,394.229493,657.448453,261.615543,408.267149,669.882692,14.037656000000027,12.434239000000048,time_since_previous_projection_seconds,cumulative_projection_time_seconds,automotive02_01
1627,2026-09-30T22:22:37Z,dataset_9/uvl/automotive02_01.uvl,1627,2074,1,0.063361,394.292855,657.512189,394.292855,657.512189,261.615543,408.33051,669.946053,14.03765500000003,12.433863999999971,time_since_previous_projection_seconds,cumulative_projection_time_seconds,automotive02_01
1628,2026-09-30T22:22:37Z,dataset_9/uvl/automotive02_01.uvl,1628,2074,1,0.064041,394.356896,657.576619,394.356896,657.576619,261.615543,408.394551,670.010094,14.037654999999972,12.43347499999993,time_since_previous_projection_seconds,cumulative_projection_time_seconds,automotive02_01
1629,2026-09-30T22:22:37Z,dataset_9/uvl/automotive02_01.uvl,1629,2074,1,0.062495,394.419391,657.639649,394.419391,657.639649,261.615543,408.457046,670.072589,14.037654999999972,12.43294000000003,time_since_previous_projection_seconds,cumulative_projection_time_seconds,automotive02_01
1630,2026-09-30T22:22:37Z,dataset_9/uvl/automotive02_01.uvl,1630,2074,1,0.158341,394.577732,657.7985,394.577732,657.7985,261.615543,408.615387,670.23093,14.037654999999972,12.432429999999954,time_since_previous_projection_seconds,cumulative_projection_time_seconds,automotive02_01
1631,2026-09-30T22:22:37Z,dataset_9/uvl/automotive02_01.uvl,1631,2074,1,0.064541,394.642273,657.863418,394.642273,657.863418,261.615543,408.679928,670.295471,14.03765500000003,12.432052999999996,time_since_previous_projection_seconds,cumulative_projection_time_seconds,automotive02_01
1632,2026-09-30T22:22:37Z,dataset_9/uvl/automotive02_01.uvl,1632,2074,1,0.062879,394.705152,657.926675,394.705152,657.926675,261.615543,408.74280699999997,670.35835,14.037654999999972,12.431674999999927,time_since_previous_projection_seconds,cumulative_projection_time_seconds,automotive02_01
1633,2026-09-30T22:22:37Z,dataset_9/uvl/automotive02_01.uvl,1633,2074,1,0.062377,394.76753,657.989415,394.76753,657.989415,261.615543,408.805184,670.4207269999999,14.037653999999975,12.431311999999934,time_since_previous_projection_seconds,cumulative_projection_time_seconds,automotive02_01
1634,2026-09-30T22:22:37Z,dataset_9/uvl/automotive02_01.uvl,1634,2074,1,0.064045,394.831575,658.053808,394.831575,658.053808,261.615543,408.869229,670.484772,14.037654000000032,12.430964000000017,time_since_previous_projection_seconds,cumulative_projection_time_seconds,automotive02_01
1635,2026-09-30T22:22:38Z,dataset_9/uvl/automotive02_01.uvl,1635,2074,1,0.063509,394.895083,658.117678,394.895083,658.117678,261.615543,408.932738,670.548281,14.037654999999972,12.43060300000002,time_since_previous_projection_seconds,cumulative_projection_time_seconds,automotive02_01
1636,2026-09-30T22:22:38Z,dataset_9/uvl/automotive02_01.uvl,1636,2074,1,0.067286,394.962369,658.185341,394.962369,658.185341,261.615543,409.000024,670.615567,14.037654999999972,12.430226000000062,time_since_previous_projection_seconds,cumulative_projection_time_seconds,automotive02_01
1637,2026-09-30T22:22:38Z,dataset_9/uvl/automotive02_01.uvl,1637,2074,1,0.192327,395.154697,658.378101,395.154697,658.378101,261.615543,409.192351,670.807894,14.037653999999975,12.429793000000018,time_since_previous_projection_seconds,cumulative_projection_time_seconds,automotive02_01
1638,2026-09-30T22:22:38Z,dataset_9/uvl/automotive02_01.uvl,1638,2074,1,0.069492,395.224189,658.448364,395.224189,658.448364,261.615543,409.261843,670.877386,14.037653999999975,12.429022000000032,time_since_previous_projection_seconds,cumulative_projection_time_seconds,automotive02_01
1639,2026-09-30T22:22:38Z,dataset_9/uvl/automotive02_01.uvl,1639,2074,1,0.119608,395.343797,658.568388,395.343797,658.568388,261.615543,409.38145099999997,670.996994,14.037653999999975,12.428605999999945,time_since_previous_projection_seconds,cumulative_projection_time_seconds,automotive02_01
1640,2026-09-30T22:22:38Z,dataset_9/uvl/automotive02_01.uvl,1640,2074,1,0.126494,395.470291,658.697686,395.470291,658.697686,261.615543,409.507945,671.123488,14.037654000000032,12.425801999999976,time_since_previous_projection_seconds,cumulative_projection_time_seconds,automotive02_01
1641,2026-09-30T22:22:38Z,dataset_9/uvl/automotive02_01.uvl,1641,2074,1,0.082468,395.552759,658.780564,395.552759,658.780564,261.615543,409.590413,671.205956,14.037654000000032,12.425391999999988,time_since_previous_projection_seconds,cumulative_projection_time_seconds,automotive02_01
1642,2026-09-30T22:22:38Z,dataset_9/uvl/automotive02_01.uvl,1642,2074,1,0.154053,395.706812,658.934968,395.706812,658.934968,261.615543,409.744466,671.360009,14.037653999999975,12.425040999999965,time_since_previous_projection_seconds,cumulative_projection_time_seconds,automotive02_01
1643,2026-09-30T22:22:38Z,dataset_9/uvl/automotive02_01.uvl,1643,2074,1,0.076713,395.783525,659.012105,395.783525,659.012105,261.615543,409.821179,671.4367219999999,14.037653999999975,12.424616999999898,time_since_previous_projection_seconds,cumulative_projection_time_seconds,automotive02_01
1644,2026-09-30T22:22:38Z,dataset_9/uvl/automotive02_01.uvl,1644,2074,1,0.012135,395.79566,659.024626,395.79566,659.024626,261.615543,409.833314,671.448857,14.037653999999975,12.424230999999963,time_since_previous_projection_seconds,cumulative_projection_time_seconds,automotive02_01
1645,2026-09-30T22:22:39Z,dataset_9/uvl/automotive02_01.uvl,1645,2074,1,0.066505,395.862165,659.091518,395.862165,659.091518,261.615543,409.899819,671.515362,14.037653999999975,12.423844000000031,time_since_previous_projection_seconds,cumulative_projection_time_seconds,automotive02_01
1646,2026-09-30T22:22:39Z,dataset_9/uvl/automotive02_01.uvl,1646,2074,1,0.083422,395.945587,659.175332,395.945587,659.175332,261.615543,409.983241,671.598784,14.037654000000032,12.423451999999997,time_since_previous_projection_seconds,cumulative_projection_time_seconds,automotive02_01
1647,2026-09-30T22:22:39Z,dataset_9/uvl/automotive02_01.uvl,1647,2074,1,0.074378,396.019965,659.250205,396.019965,659.250205,261.615543,410.057619,671.673162,14.037653999999975,12.422956999999997,time_since_previous_projection_seconds,cumulative_projection_time_seconds,automotive02_01
1648,2026-09-30T22:22:39Z,dataset_9/uvl/automotive02_01.uvl,1648,2074,1,0.068259,396.088224,659.318873,396.088224,659.318873,261.615543,410.125878,671.741421,14.037653999999975,12.422547999999892,time_since_previous_projection_seconds,cumulative_projection_time_seconds,automotive02_01
1649,2026-09-30T22:22:39Z,dataset_9/uvl/automotive02_01.uvl,1649,2074,1,0.0635,396.151725,659.382739,396.151725,659.382739,261.615543,410.189378,671.8049209999999,14.037652999999978,12.422181999999907,time_since_previous_projection_seconds,cumulative_projection_time_seconds,automotive02_01
1650,2026-09-30T22:22:39Z,dataset_9/uvl/automotive02_01.uvl,1650,2074,1,0.066407,396.218132,659.449505,396.218132,659.449505,261.615543,410.255785,671.871328,14.037652999999978,12.421822999999904,time_since_previous_projection_seconds,cumulative_projection_time_seconds,automotive02_01
1651,2026-09-30T22:22:39Z,dataset_9/uvl/automotive02_01.uvl,1651,2074,1,0.196583,396.414715,659.646447,396.414715,659.646447,261.615543,410.452368,672.067911,14.037652999999978,12.421464000000014,time_since_previous_projection_seconds,cumulative_projection_time_seconds,automotive02_01
1652,2026-09-30T22:22:39Z,dataset_9/uvl/automotive02_01.uvl,1652,2074,1,0.072413,396.487128,659.719707,396.487128,659.719707,261.615543,410.524781,672.140324,14.037653000000034,12.420616999999993,time_since_previous_projection_seconds,cumulative_projection_time_seconds,automotive02_01
1653,2026-09-30T22:22:39Z,dataset_9/uvl/automotive02_01.uvl,1653,2074,1,0.0636,396.550728,659.783702,396.550728,659.783702,261.615543,410.58838099999997,672.2039239999999,14.037652999999978,12.420221999999967,time_since_previous_projection_seconds,cumulative_projection_time_seconds,automotive02_01
1654,2026-09-30T22:22:39Z,dataset_9/uvl/automotive02_01.uvl,1654,2074,1,0.078639,396.629367,659.862722,396.629367,659.862722,261.615543,410.66702,672.282563,14.037652999999978,12.41984100000002,time_since_previous_projection_seconds,cumulative_projection_time_seconds,automotive02_01
1655,2026-09-30T22:22:39Z,dataset_9/uvl/automotive02_01.uvl,1655,2074,1,0.077214,396.70658,659.940561,396.70658,659.940561,261.615543,410.744234,672.359777,14.037654000000032,12.419216000000006,time_since_previous_projection_seconds,cumulative_projection_time_seconds,automotive02_01
1656,2026-09-30T22:22:39Z,dataset_9/uvl/automotive02_01.uvl,1656,2074,1,0.062136,396.768716,660.003088,396.768716,660.003088,261.615543,410.80637,672.421913,14.037654000000032,12.41882499999997,time_since_previous_projection_seconds,cumulative_projection_time_seconds,automotive02_01
1657,2026-09-30T22:22:39Z,dataset_9/uvl/automotive02_01.uvl,1657,2074,1,0.068931,396.837647,660.072393,396.837647,660.072393,261.615543,410.875301,672.4908439999999,14.037653999999975,12.41845099999989,time_since_previous_projection_seconds,cumulative_projection_time_seconds,automotive02_01
1658,2026-09-30T22:22:40Z,dataset_9/uvl/automotive02_01.uvl,1658,2074,1,0.058644,396.896291,660.131401,396.896291,660.131401,261.615543,410.933945,672.549488,14.037653999999975,12.418087000000014,time_since_previous_projection_seconds,cumulative_projection_time_seconds,automotive02_01
1659,2026-09-30T22:22:40Z,dataset_9/uvl/automotive02_01.uvl,1659,2074,1,0.060325,396.956616,660.192133,396.956616,660.192133,261.615543,410.99427,672.609813,14.037653999999975,12.417680000000018,time_since_previous_projection_seconds,cumulative_projection_time_seconds,automotive02_01
1660,2026-09-30T22:22:40Z,dataset_9/uvl/automotive02_01.uvl,1660,2074,1,0.05981,397.016426,660.252333,397.016426,660.252333,261.615543,411.05408,672.669623,14.037653999999975,12.41728999999998,time_since_previous_projection_seconds,cumulative_projection_time_seconds,automotive02_01
1661,2026-09-30T22:22:40Z,dataset_9/uvl/automotive02_01.uvl,1661,2074,1,0.143388,397.159814,660.396097,397.159814,660.396097,261.615543,411.197468,672.813011,14.037654000000032,12.416913999999906,time_since_previous_projection_seconds,cumulative_projection_time_seconds,automotive02_01
1662,2026-09-30T22:22:40Z,dataset_9/uvl/automotive02_01.uvl,1662,2074,1,0.059520000000000003,397.219334,660.455987,397.219334,660.455987,261.615543,411.256988,672.872531,14.037653999999975,12.41654399999993,time_since_previous_projection_seconds,cumulative_projection_time_seconds,automotive02_01
1663,2026-09-30T22:22:40Z,dataset_9/uvl/automotive02_01.uvl,1663,2074,1,0.059001,397.278335,660.515331,397.278335,660.515331,261.615543,411.315989,672.9315320000001,14.037653999999975,12.416201000000115,time_since_previous_projection_seconds,cumulative_projection_time_seconds,automotive02_01
1664,2026-09-30T22:22:40Z,dataset_9/uvl/automotive02_01.uvl,1664,2074,1,0.059755,397.33809,660.575451,397.33809,660.575451,261.615543,411.375744,672.99128700000006,14.037653999999975,12.415836000000013,time_since_previous_projection_seconds,cumulative_projection_time_seconds,automotive02_01
1665,2026-09-30T22:22:40Z,dataset_9/uvl/automotive02_01.uvl,1665,2074,1,0.062888,397.400978,660.638717,397.400978,660.638717,261.615543,411.438632,673.054175,14.037653999999975,12.415457999999944,time_since_previous_projection_seconds,cumulative_projection_time_seconds,automotive02_01
1666,2026-09-30T22:22:40Z,dataset_9/uvl/automotive02_01.uvl,1666,2074,1,0.059823,397.4608,660.698898,397.4608,660.698898,261.615543,411.498455,673.113998,14.037654999999972,12.415100000000052,time_since_previous_projection_seconds,cumulative_projection_time_seconds,automotive02_01
1667,2026-09-30T22:22:40Z,dataset_9/uvl/automotive02_01.uvl,1667,2074,1,0.172241,397.633041,660.871524,397.633041,660.871524,261.615543,411.670696,673.286239,14.03765500000003,12.414715000000001,time_since_previous_projection_seconds,cumulative_projection_time_seconds,automotive02_01
1668,2026-09-30T22:22:40Z,dataset_9/uvl/automotive02_01.uvl,1668,2074,1,0.065945,397.698987,660.938171,397.698987,660.938171,261.615543,411.736641,673.3521840000001,14.037654000000032,12.414013000000068,time_since_previous_projection_seconds,cumulative_projection_time_seconds,automotive02_01
1669,2026-09-30T22:22:40Z,dataset_9/uvl/automotive02_01.uvl,1669,2074,1,0.064779,397.763766,661.003314,397.763766,661.003314,261.615543,411.80142,673.416963,14.037654000000032,12.413648999999964,time_since_previous_projection_seconds,cumulative_projection_time_seconds,automotive02_01
1670,2026-09-30T22:22:40Z,dataset_9/uvl/automotive02_01.uvl,1670,2074,1,0.063748,397.827514,661.067479,397.827514,661.067479,261.615543,411.865168,673.4807109999999,14.037653999999975,12.41323199999988,time_since_previous_projection_seconds,cumulative_projection_time_seconds,automotive02_01
1671,2026-09-30T22:22:41Z,dataset_9/uvl/automotive02_01.uvl,1671,2074,1,0.062664,397.890178,661.130772,397.890178,661.130772,261.615543,411.92783199999997,673.543375,14.037653999999975,12.41260299999999,time_since_previous_projection_seconds,cumulative_projection_time_seconds,automotive02_01
1672,2026-09-30T22:22:41Z,dataset_9/uvl/automotive02_01.uvl,1672,2074,1,0.125365,398.015543,661.256542,398.015543,661.256542,261.615543,412.053197,673.6687400000001,14.037654000000032,12.412198000000103,time_since_previous_projection_seconds,cumulative_projection_time_seconds,automotive02_01
1673,2026-09-30T22:22:41Z,dataset_9/uvl/automotive02_01.uvl,1673,2074,1,0.071623,398.087166,661.328536,398.087166,661.328536,261.615543,412.12482,673.740363,14.037653999999975,12.411827000000017,time_since_previous_projection_seconds,cumulative_projection_time_seconds,automotive02_01
1674,2026-09-30T22:22:41Z,dataset_9/uvl/automotive02_01.uvl,1674,2074,1,0.059338,398.146504,661.388257,398.146504,661.388257,261.615543,412.18415799999997,673.7997009999999,14.037653999999975,12.41144399999996,time_since_previous_projection_seconds,cumulative_projection_time_seconds,automotive02_01
1675,2026-09-30T22:22:41Z,dataset_9/uvl/automotive02_01.uvl,1675,2074,1,0.060807,398.207311,661.449512,398.207311,661.449512,261.615543,412.244965,673.860508,14.037653999999975,12.410995999999955,time_since_previous_projection_seconds,cumulative_projection_time_seconds,automotive02_01
1676,2026-09-30T22:22:41Z,dataset_9/uvl/automotive02_01.uvl,1676,2074,1,0.060514,398.267824,661.510396,398.267824,661.510396,261.615543,412.305479,673.921022,14.037654999999972,12.41062599999998,time_since_previous_projection_seconds,cumulative_projection_time_seconds,automotive02_01
1677,2026-09-30T22:22:41Z,dataset_9/uvl/automotive02_01.uvl,1677,2074,1,0.071435,398.339259,661.582229,398.339259,661.582229,261.615543,412.376914,673.9924570000001,14.037654999999972,12.410228000000075,time_since_previous_projection_seconds,cumulative_projection_time_seconds,automotive02_01
1678,2026-09-30T22:22:41Z,dataset_9/uvl/automotive02_01.uvl,1678,2074,1,0.074964,398.414223,661.657565,398.414223,661.657565,261.615543,412.451878,674.067421,14.03765500000003,12.40985599999999,time_since_previous_projection_seconds,cumulative_projection_time_seconds,automotive02_01
1679,2026-09-30T22:22:41Z,dataset_9/uvl/automotive02_01.uvl,1679,2074,1,0.198943,398.613166,661.85687600000006,398.613166,661.85687600000006,261.615543,412.650821,674.2663640000001,14.03765500000003,12.40948800000001,time_since_previous_projection_seconds,cumulative_projection_time_seconds,automotive02_01
1680,2026-09-30T22:22:41Z,dataset_9/uvl/automotive02_01.uvl,1680,2074,1,0.080861,398.694026,661.938466,398.694026,661.938466,261.615543,412.731682,674.347225,14.03765599999997,12.408759000000032,time_since_previous_projection_seconds,cumulative_projection_time_seconds,automotive02_01
1681,2026-09-30T22:22:41Z,dataset_9/uvl/automotive02_01.uvl,1681,2074,1,0.080274,398.7743,662.019074,398.7743,662.019074,261.615543,412.811956,674.427499,14.037656000000027,12.408424999999966,time_since_previous_projection_seconds,cumulative_projection_time_seconds,automotive02_01
1682,2026-09-30T22:22:42Z,dataset_9/uvl/automotive02_01.uvl,1682,2074,1,0.083509,398.857809,662.103261,398.857809,662.103261,261.615543,412.895465,674.511008,14.037656000000027,12.407746999999972,time_since_previous_projection_seconds,cumulative_projection_time_seconds,automotive02_01
1683,2026-09-30T22:22:42Z,dataset_9/uvl/automotive02_01.uvl,1683,2074,1,0.074787,398.932596,662.178415,398.932596,662.178415,261.615543,412.970252,674.585795,14.037656000000027,12.40737999999999,time_since_previous_projection_seconds,cumulative_projection_time_seconds,automotive02_01
1684,2026-09-30T22:22:42Z,dataset_9/uvl/automotive02_01.uvl,1684,2074,1,0.072915,399.005511,662.25169,399.005511,662.25169,261.615543,413.043167,674.6587099999999,14.03765599999997,12.407019999999875,time_since_previous_projection_seconds,cumulative_projection_time_seconds,automotive02_01
1685,2026-09-30T22:22:42Z,dataset_9/uvl/automotive02_01.uvl,1685,2074,1,0.070021,399.075532,662.322076,399.075532,662.322076,261.615543,413.113188,674.7287309999999,14.03765599999997,12.406654999999887,time_since_previous_projection_seconds,cumulative_projection_time_seconds,automotive02_01
1686,2026-09-30T22:22:42Z,dataset_9/uvl/automotive02_01.uvl,1686,2074,1,0.070544,399.146075,662.393001,399.146075,662.393001,261.615543,413.183732,674.7992750000001,14.037657000000024,12.406274000000053,time_since_previous_projection_seconds,cumulative_projection_time_seconds,automotive02_01
1687,2026-09-30T22:22:42Z,dataset_9/uvl/automotive02_01.uvl,1687,2074,1,0.071666,399.217741,662.465058,399.217741,662.465058,261.615543,413.255398,674.870941,14.037657000000024,12.405883000000017,time_since_previous_projection_seconds,cumulative_projection_time_seconds,automotive02_01
1688,2026-09-30T22:22:42Z,dataset_9/uvl/automotive02_01.uvl,1688,2074,1,0.070048,399.287789,662.535507,399.287789,662.535507,261.615543,413.325446,674.940989,14.037657000000024,12.405481999999893,time_since_previous_projection_seconds,cumulative_projection_time_seconds,automotive02_01
1689,2026-09-30T22:22:42Z,dataset_9/uvl/automotive02_01.uvl,1689,2074,1,0.070428,399.358217,662.606317,399.358217,662.606317,261.615543,413.395874,675.0114169999999,14.037656999999967,12.405099999999948,time_since_previous_projection_seconds,cumulative_projection_time_seconds,automotive02_01
1690,2026-09-30T22:22:42Z,dataset_9/uvl/automotive02_01.uvl,1690,2074,1,0.160823,399.51904,662.767507,399.51904,662.767507,261.615543,413.556697,675.17224,14.037656999999967,12.404732999999965,time_since_previous_projection_seconds,cumulative_projection_time_seconds,automotive02_01
1691,2026-09-30T22:22:42Z,dataset_9/uvl/automotive02_01.uvl,1691,2074,1,0.07341,399.59245,662.841291,399.59245,662.841291,261.615543,413.630107,675.2456500000001,14.037657000000024,12.404359000000113,time_since_previous_projection_seconds,cumulative_projection_time_seconds,automotive02_01
1692,2026-09-30T22:22:42Z,dataset_9/uvl/automotive02_01.uvl,1692,2074,1,0.069333,399.661782,662.910989,399.661782,662.910989,261.615543,413.69944,675.314983,14.037657999999965,12.403994000000012,time_since_previous_projection_seconds,cumulative_projection_time_seconds,automotive02_01
1693,2026-09-30T22:22:42Z,dataset_9/uvl/automotive02_01.uvl,1693,2074,1,0.072307,399.734089,662.983642,399.734089,662.983642,261.615543,413.771747,675.38729,14.037658000000022,12.403647999999976,time_since_previous_projection_seconds,cumulative_projection_time_seconds,automotive02_01
1694,2026-09-30T22:22:42Z,dataset_9/uvl/automotive02_01.uvl,1694,2074,1,0.070058,399.804147,663.054048,399.804147,663.054048,261.615543,413.841805,675.457348,14.037658000000022,12.403300000000058,time_since_previous_projection_seconds,cumulative_projection_time_seconds,automotive02_01
1695,2026-09-30T22:22:43Z,dataset_9/uvl/automotive02_01.uvl,1695,2074,1,0.07151,399.875657,663.125959,399.875657,663.125959,261.615543,413.913315,675.528858,14.037658000000022,12.402899000000048,time_since_previous_projection_seconds,cumulative_projection_time_seconds,automotive02_01
1696,2026-09-30T22:22:43Z,dataset_9/uvl/automotive02_01.uvl,1696,2074,1,0.212199,400.087856,663.338518,400.087856,663.338518,261.615543,414.125514,675.741057,14.037658000000022,12.402538999999933,time_since_previous_projection_seconds,cumulative_projection_time_seconds,automotive02_01
1697,2026-09-30T22:22:43Z,dataset_9/uvl/automotive02_01.uvl,1697,2074,1,0.079152,400.167009,663.41835,400.167009,663.41835,261.615543,414.204666,675.820209,14.037656999999967,12.401858999999945,time_since_previous_projection_seconds,cumulative_projection_time_seconds,automotive02_01
1698,2026-09-30T22:22:43Z,dataset_9/uvl/automotive02_01.uvl,1698,2074,1,0.076292,400.243301,663.495015,400.243301,663.495015,261.615543,414.280958,675.896501,14.037657000000024,12.401485999999977,time_since_previous_projection_seconds,cumulative_projection_time_seconds,automotive02_01
1699,2026-09-30T22:22:43Z,dataset_9/uvl/automotive02_01.uvl,1699,2074,1,0.076781,400.320082,663.572499,400.320082,663.572499,261.615543,414.357739,675.9732819999999,14.037656999999967,12.400782999999933,time_since_previous_projection_seconds,cumulative_projection_time_seconds,automotive02_01
1700,2026-09-30T22:22:43Z,dataset_9/uvl/automotive02_01.uvl,1700,2074,1,0.072728,400.392811,663.645594,400.392811,663.645594,261.615543,414.430467,676.04601,14.037656000000027,12.400416000000064,time_since_previous_projection_seconds,cumulative_projection_time_seconds,automotive02_01
1701,2026-09-30T22:22:43Z,dataset_9/uvl/automotive02_01.uvl,1701,2074,1,0.130573,400.523383,663.776575,400.523383,663.776575,261.615543,414.56104,676.1765829999999,14.037656999999967,12.400007999999957,time_since_previous_projection_seconds,cumulative_projection_time_seconds,automotive02_01
1702,2026-09-30T22:22:43Z,dataset_9/uvl/automotive02_01.uvl,1702,2074,1,0.075966,400.59935,663.852962,400.59935,663.852962,261.615543,414.637006,676.252549,14.03765599999997,12.399586999999997,time_since_previous_projection_seconds,cumulative_projection_time_seconds,automotive02_01
1703,2026-09-30T22:22:43Z,dataset_9/uvl/automotive02_01.uvl,1703,2074,1,0.073941,400.673291,663.92729,400.673291,663.92729,261.615543,414.710947,676.3264899999999,14.03765599999997,12.39919999999995,time_since_previous_projection_seconds,cumulative_projection_time_seconds,automotive02_01
1704,2026-09-30T22:22:43Z,dataset_9/uvl/automotive02_01.uvl,1704,2074,1,0.071095,400.744385,663.998768,400.744385,663.998768,261.615543,414.782042,676.3975849999999,14.037656999999967,12.398816999999895,time_since_previous_projection_seconds,cumulative_projection_time_seconds,automotive02_01
1705,2026-09-30T22:22:43Z,dataset_9/uvl/automotive02_01.uvl,1705,2074,1,0.071357,400.815742,664.07048,400.815742,664.07048,261.615543,414.85339899999997,676.468942,14.037656999999967,12.398461999999995,time_since_previous_projection_seconds,cumulative_projection_time_seconds,automotive02_01
1706,2026-09-30T22:22:44Z,dataset_9/uvl/automotive02_01.uvl,1706,2074,1,0.073271,400.889013,664.144197,400.889013,664.144197,261.615543,414.92667,676.542213,14.037657000000024,12.398015999999984,time_since_previous_projection_seconds,cumulative_projection_time_seconds,automotive02_01
1707,2026-09-30T22:22:44Z,dataset_9/uvl/automotive02_01.uvl,1707,2074,1,0.071243,400.960255,664.215813,400.960255,664.215813,261.615543,414.997913,676.613456,14.037657999999965,12.397643000000016,time_since_previous_projection_seconds,cumulative_projection_time_seconds,automotive02_01
1708,2026-09-30T22:22:44Z,dataset_9/uvl/automotive02_01.uvl,1708,2074,1,0.069589,401.029845,664.285757,401.029845,664.285757,261.615543,415.067502,676.683045,14.037656999999967,12.397288000000003,time_since_previous_projection_seconds,cumulative_projection_time_seconds,automotive02_01
1709,2026-09-30T22:22:44Z,dataset_9/uvl/automotive02_01.uvl,1709,2074,1,0.194172,401.224016,664.480299,401.224016,664.480299,261.615543,415.26167399999997,676.877217,14.037657999999965,12.396918000000028,time_since_previous_projection_seconds,cumulative_projection_time_seconds,automotive02_01
1710,2026-09-30T22:22:44Z,dataset_9/uvl/automotive02_01.uvl,1710,2074,1,0.076591,401.300608,664.557562,401.300608,664.557562,261.615543,415.338265,676.953808,14.037656999999967,12.39624600000002,time_since_previous_projection_seconds,cumulative_projection_time_seconds,automotive02_01
1711,2026-09-30T22:22:44Z,dataset_9/uvl/automotive02_01.uvl,1711,2074,1,0.07843,401.379038,664.636375,401.379038,664.636375,261.615543,415.416695,677.032238,14.037657000000024,12.395862999999963,time_since_previous_projection_seconds,cumulative_projection_time_seconds,automotive02_01
1712,2026-09-30T22:22:44Z,dataset_9/uvl/automotive02_01.uvl,1712,2074,1,0.11329,401.492328,664.750392,401.492328,664.750392,261.615543,415.529985,677.145528,14.037657000000024,12.39513599999998,time_since_previous_projection_seconds,cumulative_projection_time_seconds,automotive02_01
1713,2026-09-30T22:22:44Z,dataset_9/uvl/automotive02_01.uvl,1713,2074,1,0.095497,401.587825,664.865477,401.587825,664.865477,261.615543,415.625482,677.241025,14.037656999999967,12.37554799999998,time_since_previous_projection_seconds,cumulative_projection_time_seconds,automotive02_01
1714,2026-09-30T22:22:44Z,dataset_9/uvl/automotive02_01.uvl,1714,2074,1,0.073127,401.660952,664.939021,401.660952,664.939021,261.615543,415.698609,677.3141519999999,14.037656999999967,12.375130999999897,time_since_previous_projection_seconds,cumulative_projection_time_seconds,automotive02_01
1715,2026-09-30T22:22:44Z,dataset_9/uvl/automotive02_01.uvl,1715,2074,1,0.071785,401.732737,665.011196,401.732737,665.011196,261.615543,415.770394,677.385937,14.037657000000024,12.374740999999972,time_since_previous_projection_seconds,cumulative_projection_time_seconds,automotive02_01
1716,2026-09-30T22:22:44Z,dataset_9/uvl/automotive02_01.uvl,1716,2074,1,0.073111,401.80584700000003,665.084721,401.80584700000003,665.084721,261.615543,415.843505,677.4590479999999,14.037657999999965,12.374326999999994,time_since_previous_projection_seconds,cumulative_projection_time_seconds,automotive02_01
1717,2026-09-30T22:22:45Z,dataset_9/uvl/automotive02_01.uvl,1717,2074,1,0.071327,401.877174,665.156405,401.877174,665.156405,261.615543,415.914832,677.530375,14.037657999999965,12.3739700000001,time_since_previous_projection_seconds,cumulative_projection_time_seconds,automotive02_01
1718,2026-09-30T22:22:45Z,dataset_9/uvl/automotive02_01.uvl,1718,2074,1,0.070291,401.947465,665.227144,401.947465,665.227144,261.615543,415.985123,677.600666,14.037657999999965,12.373522000000094,time_since_previous_projection_seconds,cumulative_projection_time_seconds,automotive02_01
1719,2026-09-30T22:22:45Z,dataset_9/uvl/automotive02_01.uvl,1719,2074,1,0.071899,402.019364,665.299503,402.019364,665.299503,261.615543,416.057022,677.6725650000001,14.037658000000022,12.373062000000118,time_since_previous_projection_seconds,cumulative_projection_time_seconds,automotive02_01
1720,2026-09-30T22:22:45Z,dataset_9/uvl/automotive02_01.uvl,1720,2074,1,0.17255,402.191913,665.472457,402.191913,665.472457,261.615543,416.229572,677.8451150000001,14.03765900000002,12.372658000000115,time_since_previous_projection_seconds,cumulative_projection_time_seconds,automotive02_01
1721,2026-09-30T22:22:45Z,dataset_9/uvl/automotive02_01.uvl,1721,2074,1,0.075877,402.26779,665.548708,402.26779,665.548708,261.615543,416.305449,677.9209920000001,14.03765900000002,12.372284000000036,time_since_previous_projection_seconds,cumulative_projection_time_seconds,automotive02_01
1722,2026-09-30T22:22:45Z,dataset_9/uvl/automotive02_01.uvl,1722,2074,1,0.072517,402.340308,665.621578,402.340308,665.621578,261.615543,416.377966,677.993509,14.037658000000022,12.371931000000018,time_since_previous_projection_seconds,cumulative_projection_time_seconds,automotive02_01
1723,2026-09-30T22:22:45Z,dataset_9/uvl/automotive02_01.uvl,1723,2074,1,0.074439,402.414747,665.696404,402.414747,665.696404,261.615543,416.452405,678.067948,14.037658000000022,12.371543999999972,time_since_previous_projection_seconds,cumulative_projection_time_seconds,automotive02_01
1724,2026-09-30T22:22:45Z,dataset_9/uvl/automotive02_01.uvl,1724,2074,1,0.071151,402.485898,665.76792,402.485898,665.76792,261.615543,416.523556,678.139099,14.037657999999965,12.371178999999984,time_since_previous_projection_seconds,cumulative_projection_time_seconds,automotive02_01
1725,2026-09-30T22:22:45Z,dataset_9/uvl/automotive02_01.uvl,1725,2074,1,0.072646,402.558544,665.840941,402.558544,665.840941,261.615543,416.596202,678.2117450000001,14.037658000000022,12.370804000000021,time_since_previous_projection_seconds,cumulative_projection_time_seconds,automotive02_01
1726,2026-09-30T22:22:45Z,dataset_9/uvl/automotive02_01.uvl,1726,2074,1,0.071346,402.62989,665.912685,402.62989,665.912685,261.615543,416.667548,678.283091,14.037658000000022,12.370406000000003,time_since_previous_projection_seconds,cumulative_projection_time_seconds,automotive02_01
1727,2026-09-30T22:22:46Z,dataset_9/uvl/automotive02_01.uvl,1727,2074,1,0.207553,402.837443,666.120632,402.837443,666.120632,261.615543,416.875101,678.490644,14.037657999999965,12.370011999999974,time_since_previous_projection_seconds,cumulative_projection_time_seconds,automotive02_01
1728,2026-09-30T22:22:46Z,dataset_9/uvl/automotive02_01.uvl,1728,2074,1,0.082002,402.919444,666.203467,402.919444,666.203467,261.615543,416.957103,678.5726460000001,14.03765900000002,12.369179000000031,time_since_previous_projection_seconds,cumulative_projection_time_seconds,automotive02_01
1729,2026-09-30T22:22:46Z,dataset_9/uvl/automotive02_01.uvl,1729,2074,1,0.078217,402.997661,666.282085,402.997661,666.282085,261.615543,417.03532,678.6508630000001,14.03765900000002,12.36877800000002,time_since_previous_projection_seconds,cumulative_projection_time_seconds,automotive02_01
1730,2026-09-30T22:22:46Z,dataset_9/uvl/automotive02_01.uvl,1730,2074,1,0.075786,403.073447,666.358254,403.073447,666.358254,261.615543,417.111106,678.726649,14.03765900000002,12.368394999999964,time_since_previous_projection_seconds,cumulative_projection_time_seconds,automotive02_01
1731,2026-09-30T22:22:46Z,dataset_9/uvl/automotive02_01.uvl,1731,2074,1,0.073786,403.14723300000003,666.432716,403.14723300000003,666.432716,261.615543,417.184892,678.800435,14.037658999999962,12.367718999999965,time_since_previous_projection_seconds,cumulative_projection_time_seconds,automotive02_01
1732,2026-09-30T22:22:46Z,dataset_9/uvl/automotive02_01.uvl,1732,2074,1,0.070354,403.217587,666.503445,403.217587,666.503445,261.615543,417.255246,678.8707890000001,14.03765900000002,12.367344000000003,time_since_previous_projection_seconds,cumulative_projection_time_seconds,automotive02_01
1733,2026-09-30T22:22:46Z,dataset_9/uvl/automotive02_01.uvl,1733,2074,1,0.114326,403.331913,666.618123,403.331913,666.618123,261.615543,417.369572,678.985115,14.03765900000002,12.366991999999982,time_since_previous_projection_seconds,cumulative_projection_time_seconds,automotive02_01
1734,2026-09-30T22:22:46Z,dataset_9/uvl/automotive02_01.uvl,1734,2074,1,0.077454,403.409367,666.695982,403.409367,666.695982,261.615543,417.447026,679.0625689999999,14.03765900000002,12.366586999999981,time_since_previous_projection_seconds,cumulative_projection_time_seconds,automotive02_01
1735,2026-09-30T22:22:46Z,dataset_9/uvl/automotive02_01.uvl,1735,2074,1,0.071577,403.480944,666.767931,403.480944,666.767931,261.615543,417.518603,679.134146,14.037658999999962,12.366215000000011,time_since_previous_projection_seconds,cumulative_projection_time_seconds,automotive02_01
1736,2026-09-30T22:22:46Z,dataset_9/uvl/automotive02_01.uvl,1736,2074,1,0.070881,403.551825,666.839191,403.551825,666.839191,261.615543,417.58948399999997,679.205027,14.037658999999962,12.365835999999945,time_since_previous_projection_seconds,cumulative_projection_time_seconds,automotive02_01
1737,2026-09-30T22:22:46Z,dataset_9/uvl/automotive02_01.uvl,1737,2074,1,0.074941,403.626766,666.914525,403.626766,666.914525,261.615543,417.664425,679.279968,14.03765900000002,12.365443000000027,time_since_previous_projection_seconds,cumulative_projection_time_seconds,automotive02_01
1738,2026-09-30T22:22:46Z,dataset_9/uvl/automotive02_01.uvl,1738,2074,1,0.091388,403.718154,667.006298,403.718154,667.006298,261.615543,417.755813,679.371356,14.037658999999962,12.365057999999976,time_since_previous_projection_seconds,cumulative_projection_time_seconds,automotive02_01
1739,2026-09-30T22:22:46Z,dataset_9/uvl/automotive02_01.uvl,1739,2074,1,0.012701,403.730855,667.019544,403.730855,667.019544,261.615543,417.768514,679.384057,14.037658999999962,12.364512999999988,time_since_previous_projection_seconds,cumulative_projection_time_seconds,automotive02_01
1740,2026-09-30T22:22:47Z,dataset_9/uvl/automotive02_01.uvl,1740,2074,1,0.078265,403.809119,667.098226,403.809119,667.098226,261.615543,417.84677899999997,679.462322,14.03765999999996,12.364096000000018,time_since_previous_projection_seconds,cumulative_projection_time_seconds,automotive02_01
1741,2026-09-30T22:22:47Z,dataset_9/uvl/automotive02_01.uvl,1741,2074,1,0.224669,404.033789,667.323292,404.033789,667.323292,261.615543,418.071448,679.686991,14.037658999999962,12.363698999999997,time_since_previous_projection_seconds,cumulative_projection_time_seconds,automotive02_01
1742,2026-09-30T22:22:47Z,dataset_9/uvl/automotive02_01.uvl,1742,2074,1,0.093155,404.126943,667.417113,404.126943,667.417113,261.615543,418.164603,679.7801460000001,14.037660000000017,12.363033000000087,time_since_previous_projection_seconds,cumulative_projection_time_seconds,automotive02_01
1743,2026-09-30T22:22:47Z,dataset_9/uvl/automotive02_01.uvl,1743,2074,1,0.08273,404.209673,667.500236,404.209673,667.500236,261.615543,418.24733299999997,679.8628759999999,14.03765999999996,12.362639999999942,time_since_previous_projection_seconds,cumulative_projection_time_seconds,automotive02_01
1744,2026-09-30T22:22:47Z,dataset_9/uvl/automotive02_01.uvl,1744,2074,1,0.087822,404.297495,667.588755,404.297495,667.588755,261.615543,418.335155,679.950698,14.03765999999996,12.361942999999997,time_since_previous_projection_seconds,cumulative_projection_time_seconds,automotive02_01
1745,2026-09-30T22:22:47Z,dataset_9/uvl/automotive02_01.uvl,1745,2074,1,0.091578,404.389074,667.680721,404.389074,667.680721,261.615543,418.426733,680.042276,14.03765900000002,12.361555000000067,time_since_previous_projection_seconds,cumulative_projection_time_seconds,automotive02_01
1746,2026-09-30T22:22:47Z,dataset_9/uvl/automotive02_01.uvl,1746,2074,1,0.07174,404.460813,667.752827,404.460813,667.752827,261.615543,418.498473,680.114016,14.037660000000017,12.361188999999968,time_since_previous_projection_seconds,cumulative_projection_time_seconds,automotive02_01
1747,2026-09-30T22:22:47Z,dataset_9/uvl/automotive02_01.uvl,1747,2074,1,0.071634,404.532447,667.824834,404.532447,667.824834,261.615543,418.570107,680.18565,14.037660000000017,12.360816,time_since_previous_projection_seconds,cumulative_projection_time_seconds,automotive02_01
1748,2026-09-30T22:22:47Z,dataset_9/uvl/automotive02_01.uvl,1748,2074,1,0.072088,404.604535,667.897285,404.604535,667.897285,261.615543,418.642195,680.257738,14.037660000000017,12.360453000000007,time_since_previous_projection_seconds,cumulative_projection_time_seconds,automotive02_01
1749,2026-09-30T22:22:47Z,dataset_9/uvl/automotive02_01.uvl,1749,2074,1,0.070464,404.674999,667.968122,404.674999,667.968122,261.615543,418.712659,680.3282019999999,14.03765999999996,12.360079999999925,time_since_previous_projection_seconds,cumulative_projection_time_seconds,automotive02_01
1750,2026-09-30T22:22:47Z,dataset_9/uvl/automotive02_01.uvl,1750,2074,1,0.070927,404.745926,668.039389,404.745926,668.039389,261.615543,418.783586,680.399129,14.037660000000017,12.359739999999988,time_since_previous_projection_seconds,cumulative_projection_time_seconds,automotive02_01
1751,2026-09-30T22:22:48Z,dataset_9/uvl/automotive02_01.uvl,1751,2074,1,0.071362,404.817288,668.111129,404.817288,668.111129,261.615543,418.854948,680.470491,14.03765999999996,12.359362000000033,time_since_previous_projection_seconds,cumulative_projection_time_seconds,automotive02_01
1752,2026-09-30T22:22:48Z,dataset_9/uvl/automotive02_01.uvl,1752,2074,1,0.175017,404.992305,668.286559,404.992305,668.286559,261.615543,419.029965,680.6455080000001,14.037660000000017,12.358949000000052,time_since_previous_projection_seconds,cumulative_projection_time_seconds,automotive02_01
1753,2026-09-30T22:22:48Z,dataset_9/uvl/automotive02_01.uvl,1753,2074,1,0.071726,405.064031,668.358721,405.064031,668.358721,261.615543,419.101691,680.717234,14.037660000000017,12.358513000000016,time_since_previous_projection_seconds,cumulative_projection_time_seconds,automotive02_01
1754,2026-09-30T22:22:48Z,dataset_9/uvl/automotive02_01.uvl,1754,2074,1,0.071047,405.135078,668.430121,405.135078,668.430121,261.615543,419.172738,680.788281,14.03765999999996,12.358159999999998,time_since_previous_projection_seconds,cumulative_projection_time_seconds,automotive02_01
1755,2026-09-30T22:22:48Z,dataset_9/uvl/automotive02_01.uvl,1755,2074,1,0.07098,405.206057,668.501456,405.206057,668.501456,261.615543,419.243718,680.8592610000001,14.037661000000014,12.357805000000099,time_since_previous_projection_seconds,cumulative_projection_time_seconds,automotive02_01
1756,2026-09-30T22:22:48Z,dataset_9/uvl/automotive02_01.uvl,1756,2074,1,0.07148,405.277537,668.573325,405.277537,668.573325,261.615543,419.315198,680.930741,14.037661000000014,12.357416000000057,time_since_previous_projection_seconds,cumulative_projection_time_seconds,automotive02_01
1757,2026-09-30T22:22:48Z,dataset_9/uvl/automotive02_01.uvl,1757,2074,1,0.070742,405.348279,668.644414,405.348279,668.644414,261.615543,419.38594,681.001483,14.037661000000014,12.357069000000024,time_since_previous_projection_seconds,cumulative_projection_time_seconds,automotive02_01
1758,2026-09-30T22:22:48Z,dataset_9/uvl/automotive02_01.uvl,1758,2074,1,0.07174,405.420019,668.716606,405.420019,668.716606,261.615543,419.45768,681.073223,14.037660999999957,12.356617000000028,time_since_previous_projection_seconds,cumulative_projection_time_seconds,automotive02_01
1759,2026-09-30T22:22:48Z,dataset_9/uvl/automotive02_01.uvl,1759,2074,1,0.196271,405.61629,668.913245,405.61629,668.913245,261.615543,419.653951,681.269494,14.037661000000014,12.356249000000048,time_since_previous_projection_seconds,cumulative_projection_time_seconds,automotive02_01
1760,2026-09-30T22:22:48Z,dataset_9/uvl/automotive02_01.uvl,1760,2074,1,0.077172,405.693461,668.991114,405.693461,668.991114,261.615543,419.73112299999997,681.3466659999999,14.037661999999955,12.355551999999875,time_since_previous_projection_seconds,cumulative_projection_time_seconds,automotive02_01
1761,2026-09-30T22:22:48Z,dataset_9/uvl/automotive02_01.uvl,1761,2074,1,0.074477,405.767938,669.065947,405.767938,669.065947,261.615543,419.80559999999997,681.421143,14.037661999999955,12.355195999999978,time_since_previous_projection_seconds,cumulative_projection_time_seconds,automotive02_01
1762,2026-09-30T22:22:49Z,dataset_9/uvl/automotive02_01.uvl,1762,2074,1,0.068906,405.836844,669.135262,405.836844,669.135262,261.615543,419.874506,681.490049,14.037662000000012,12.354786999999988,time_since_previous_projection_seconds,cumulative_projection_time_seconds,automotive02_01
1763,2026-09-30T22:22:49Z,dataset_9/uvl/automotive02_01.uvl,1763,2074,1,0.075443,405.912287,669.211378,405.912287,669.211378,261.615543,419.949949,681.565492,14.037662000000012,12.354113999999981,time_since_previous_projection_seconds,cumulative_projection_time_seconds,automotive02_01
1764,2026-09-30T22:22:49Z,dataset_9/uvl/automotive02_01.uvl,1764,2074,1,0.109594,406.021881,669.321473,406.021881,669.321473,261.615543,420.059543,681.675086,14.037662000000012,12.353612999999996,time_since_previous_projection_seconds,cumulative_projection_time_seconds,automotive02_01
1765,2026-09-30T22:22:49Z,dataset_9/uvl/automotive02_01.uvl,1765,2074,1,0.071887,406.093768,669.393733,406.093768,669.393733,261.615543,420.13142999999997,681.746973,14.037661999999955,12.353240000000028,time_since_previous_projection_seconds,cumulative_projection_time_seconds,automotive02_01
1766,2026-09-30T22:22:49Z,dataset_9/uvl/automotive02_01.uvl,1766,2074,1,0.071002,406.16477,669.465097,406.16477,669.465097,261.615543,420.202432,681.8179749999999,14.037662000000012,12.352877999999919,time_since_previous_projection_seconds,cumulative_projection_time_seconds,automotive02_01
1767,2026-09-30T22:22:49Z,dataset_9/uvl/automotive02_01.uvl,1767,2074,1,0.07256,406.237329,669.538073,406.237329,669.538073,261.615543,420.274992,681.890535,14.037663000000009,12.352461999999946,time_since_previous_projection_seconds,cumulative_projection_time_seconds,automotive02_01
1768,2026-09-30T22:22:49Z,dataset_9/uvl/automotive02_01.uvl,1768,2074,1,0.071198,406.308527,669.609654,406.308527,669.609654,261.615543,420.34619,681.961733,14.037662999999952,12.352079000000003,time_since_previous_projection_seconds,cumulative_projection_time_seconds,automotive02_01
1769,2026-09-30T22:22:49Z,dataset_9/uvl/automotive02_01.uvl,1769,2074,1,0.0744,406.382927,669.684428,406.382927,669.684428,261.615543,420.42059,682.0361330000001,14.037663000000009,12.351705000000038,time_since_previous_projection_seconds,cumulative_projection_time_seconds,automotive02_01
1770,2026-09-30T22:22:49Z,dataset_9/uvl/automotive02_01.uvl,1770,2074,1,0.070991,406.453917,669.755799,406.453917,669.755799,261.615543,420.491581,682.107124,14.037664000000007,12.351324999999974,time_since_previous_projection_seconds,cumulative_projection_time_seconds,automotive02_01
1771,2026-09-30T22:22:49Z,dataset_9/uvl/automotive02_01.uvl,1771,2074,1,0.18574,406.639657,669.941906,406.639657,669.941906,261.615543,420.677321,682.292864,14.037664000000007,12.350957999999991,time_since_previous_projection_seconds,cumulative_projection_time_seconds,automotive02_01
1772,2026-09-30T22:22:49Z,dataset_9/uvl/automotive02_01.uvl,1772,2074,1,0.078377,406.718034,670.020953,406.718034,670.020953,261.615543,420.755698,682.371241,14.037664000000007,12.350288000000091,time_since_previous_projection_seconds,cumulative_projection_time_seconds,automotive02_01
1773,2026-09-30T22:22:50Z,dataset_9/uvl/automotive02_01.uvl,1773,2074,1,0.080391,406.798425,670.101757,406.798425,670.101757,261.615543,420.836089,682.451632,14.037664000000007,12.349874999999997,time_since_previous_projection_seconds,cumulative_projection_time_seconds,automotive02_01
1774,2026-09-30T22:22:50Z,dataset_9/uvl/automotive02_01.uvl,1774,2074,1,0.075724,406.874149,670.178139,406.874149,670.178139,261.615543,420.911813,682.527356,14.037664000000007,12.349217000000067,time_since_previous_projection_seconds,cumulative_projection_time_seconds,automotive02_01
1775,2026-09-30T22:22:50Z,dataset_9/uvl/automotive02_01.uvl,1775,2074,1,0.07315,406.947299,670.251684,406.947299,670.251684,261.615543,420.984963,682.600506,14.037664000000007,12.348822000000041,time_since_previous_projection_seconds,cumulative_projection_time_seconds,automotive02_01
1776,2026-09-30T22:22:50Z,dataset_9/uvl/automotive02_01.uvl,1776,2074,1,0.072763,407.020062,670.324917,407.020062,670.324917,261.615543,421.057726,682.673269,14.037664000000007,12.348351999999977,time_since_previous_projection_seconds,cumulative_projection_time_seconds,automotive02_01
1777,2026-09-30T22:22:50Z,dataset_9/uvl/automotive02_01.uvl,1777,2074,1,0.070828,407.09089,670.396113,407.09089,670.396113,261.615543,421.128554,682.744097,14.037664000000007,12.347983999999997,time_since_previous_projection_seconds,cumulative_projection_time_seconds,automotive02_01
1778,2026-09-30T22:22:50Z,dataset_9/uvl/automotive02_01.uvl,1778,2074,1,0.071208,407.162098,670.467724,407.162098,670.467724,261.615543,421.199762,682.8153050000001,14.037664000000007,12.347581000000105,time_since_previous_projection_seconds,cumulative_projection_time_seconds,automotive02_01
1779,2026-09-30T22:22:50Z,dataset_9/uvl/automotive02_01.uvl,1779,2074,1,0.071526,407.233624,670.53966,407.233624,670.53966,261.615543,421.27128799999997,682.886831,14.03766399999995,12.347171000000003,time_since_previous_projection_seconds,cumulative_projection_time_seconds,automotive02_01
1780,2026-09-30T22:22:50Z,dataset_9/uvl/automotive02_01.uvl,1780,2074,1,0.071437,407.305061,670.611488,407.305061,670.611488,261.615543,421.342725,682.958268,14.03766399999995,12.346779999999967,time_since_previous_projection_seconds,cumulative_projection_time_seconds,automotive02_01
1781,2026-09-30T22:22:50Z,dataset_9/uvl/automotive02_01.uvl,1781,2074,1,0.072798,407.377859,670.684678,407.377859,670.684678,261.615543,421.415523,683.031066,14.037664000000007,12.346388000000047,time_since_previous_projection_seconds,cumulative_projection_time_seconds,automotive02_01
1782,2026-09-30T22:22:50Z,dataset_9/uvl/automotive02_01.uvl,1782,2074,1,0.192058,407.569917,670.877113,407.569917,670.877113,261.615543,421.607581,683.223124,14.037664000000007,12.346010999999976,time_since_previous_projection_seconds,cumulative_projection_time_seconds,automotive02_01
1783,2026-09-30T22:22:50Z,dataset_9/uvl/automotive02_01.uvl,1783,2074,1,0.061917,407.631834,670.939337,407.631834,670.939337,261.615543,421.669498,683.285041,14.03766399999995,12.345703999999955,time_since_previous_projection_seconds,cumulative_projection_time_seconds,automotive02_01
1784,2026-09-30T22:22:50Z,dataset_9/uvl/automotive02_01.uvl,1784,2074,1,0.083202,407.715036,671.022937,407.715036,671.022937,261.615543,421.7527,683.368243,14.037664000000007,12.34530600000005,time_since_previous_projection_seconds,cumulative_projection_time_seconds,automotive02_01
1785,2026-09-30T22:22:51Z,dataset_9/uvl/automotive02_01.uvl,1785,2074,1,0.088958,407.803994,671.112256,407.803994,671.112256,261.615543,421.841658,683.4572009999999,14.037664000000007,12.344944999999939,time_since_previous_projection_seconds,cumulative_projection_time_seconds,automotive02_01
1786,2026-09-30T22:22:51Z,dataset_9/uvl/automotive02_01.uvl,1786,2074,1,0.11397,407.917964,671.226605,407.917964,671.226605,261.615543,421.955628,683.571171,14.037664000000007,12.3445660000001,time_since_previous_projection_seconds,cumulative_projection_time_seconds,automotive02_01
1787,2026-09-30T22:22:51Z,dataset_9/uvl/automotive02_01.uvl,1787,2074,1,0.283712,408.201676,671.510677,408.201676,671.510677,261.615543,422.23933999999997,683.854883,14.03766399999995,12.344205999999986,time_since_previous_projection_seconds,cumulative_projection_time_seconds,automotive02_01
1788,2026-09-30T22:22:51Z,dataset_9/uvl/automotive02_01.uvl,1788,2074,1,0.089162,408.290838,671.60048,408.290838,671.60048,261.615543,422.328502,683.944045,14.037664000000007,12.343565000000012,time_since_previous_projection_seconds,cumulative_projection_time_seconds,automotive02_01
1789,2026-09-30T22:22:51Z,dataset_9/uvl/automotive02_01.uvl,1789,2074,1,0.088441,408.379278,671.689564,408.379278,671.689564,261.615543,422.416943,684.0324860000001,14.037665000000004,12.342922000000044,time_since_previous_projection_seconds,cumulative_projection_time_seconds,automotive02_01
1790,2026-09-30T22:22:51Z,dataset_9/uvl/automotive02_01.uvl,1790,2074,1,0.087967,408.467245,671.778006,408.467245,671.778006,261.615543,422.50491,684.120453,14.037665000000004,12.342446999999993,time_since_previous_projection_seconds,cumulative_projection_time_seconds,automotive02_01
1791,2026-09-30T22:22:51Z,dataset_9/uvl/automotive02_01.uvl,1791,2074,1,0.084707,408.55195200000003,671.863098,408.55195200000003,671.863098,261.615543,422.589617,684.20516,14.037664999999947,12.342061999999942,time_since_previous_projection_seconds,cumulative_projection_time_seconds,automotive02_01
1792,2026-09-30T22:22:51Z,dataset_9/uvl/automotive02_01.uvl,1792,2074,1,0.128525,408.680476,671.991986,408.680476,671.991986,261.615543,422.718142,684.3336850000001,14.037666000000002,12.341699000000062,time_since_previous_projection_seconds,cumulative_projection_time_seconds,automotive02_01
1793,2026-09-30T22:22:51Z,dataset_9/uvl/automotive02_01.uvl,1793,2074,1,0.084276,408.764752,672.076658,408.764752,672.076658,261.615543,422.802418,684.417961,14.037666000000002,12.341303000000039,time_since_previous_projection_seconds,cumulative_projection_time_seconds,automotive02_01
1794,2026-09-30T22:22:52Z,dataset_9/uvl/automotive02_01.uvl,1794,2074,1,0.085446,408.850198,672.162472,408.850198,672.162472,261.615543,422.887864,684.5034069999999,14.037666000000002,12.340934999999945,time_since_previous_projection_seconds,cumulative_projection_time_seconds,automotive02_01
1795,2026-09-30T22:22:52Z,dataset_9/uvl/automotive02_01.uvl,1795,2074,1,0.083805,408.934003,672.246656,408.934003,672.246656,261.615543,422.971669,684.587212,14.037666000000002,12.340555999999992,time_since_previous_projection_seconds,cumulative_projection_time_seconds,automotive02_01
1796,2026-09-30T22:22:52Z,dataset_9/uvl/automotive02_01.uvl,1796,2074,1,0.085245,409.019248,672.332277,409.019248,672.332277,261.615543,423.056914,684.672457,14.037666000000002,12.340180000000032,time_since_previous_projection_seconds,cumulative_projection_time_seconds,automotive02_01
1797,2026-09-30T22:22:52Z,dataset_9/uvl/automotive02_01.uvl,1797,2074,1,0.087434,409.106682,672.420075,409.106682,672.420075,261.615543,423.144348,684.7598909999999,14.037666000000002,12.339815999999928,time_since_previous_projection_seconds,cumulative_projection_time_seconds,automotive02_01
1798,2026-09-30T22:22:52Z,dataset_9/uvl/automotive02_01.uvl,1798,2074,1,0.202403,409.309085,672.622822,409.309085,672.622822,261.615543,423.346751,684.9622939999999,14.037666000000002,12.339471999999887,time_since_previous_projection_seconds,cumulative_projection_time_seconds,automotive02_01
1799,2026-09-30T22:22:52Z,dataset_9/uvl/automotive02_01.uvl,1799,2074,1,0.09419,409.403275,672.717658,409.403275,672.717658,261.615543,423.440941,685.056484,14.037666000000002,12.338825999999926,time_since_previous_projection_seconds,cumulative_projection_time_seconds,automotive02_01
1800,2026-09-30T22:22:52Z,dataset_9/uvl/automotive02_01.uvl,1800,2074,1,0.095889,409.499164,672.813993,409.499164,672.813993,261.615543,423.53683,685.152373,14.037666000000002,12.33838000000003,time_since_previous_projection_seconds,cumulative_projection_time_seconds,automotive02_01
1801,2026-09-30T22:22:52Z,dataset_9/uvl/automotive02_01.uvl,1801,2074,1,0.090304,409.589468,672.904984,409.589468,672.904984,261.615543,423.627134,685.242677,14.037666000000002,12.337692999999945,time_since_previous_projection_seconds,cumulative_projection_time_seconds,automotive02_01
1802,2026-09-30T22:22:52Z,dataset_9/uvl/automotive02_01.uvl,1802,2074,1,0.085731,409.6752,672.991064,409.6752,672.991064,261.615543,423.712865,685.3284080000001,14.037665000000004,12.33734400000003,time_since_previous_projection_seconds,cumulative_projection_time_seconds,automotive02_01
1803,2026-09-30T22:22:53Z,dataset_9/uvl/automotive02_01.uvl,1803,2074,1,0.150966,409.826166,673.142431,409.826166,673.142431,261.615543,423.863831,685.479374,14.037665000000004,12.33694300000002,time_since_previous_projection_seconds,cumulative_projection_time_seconds,automotive02_01
1804,2026-09-30T22:22:53Z,dataset_9/uvl/automotive02_01.uvl,1804,2074,1,0.108372,409.934538,673.251186,409.934538,673.251186,261.615543,423.972203,685.5877459999999,14.037665000000004,12.336559999999963,time_since_previous_projection_seconds,cumulative_projection_time_seconds,automotive02_01
1805,2026-09-30T22:22:53Z,dataset_9/uvl/automotive02_01.uvl,1805,2074,1,0.162257,410.096795,673.413841,410.096795,673.413841,261.615543,424.13446,685.750003,14.037665000000004,12.336161999999945,time_since_previous_projection_seconds,cumulative_projection_time_seconds,automotive02_01
1806,2026-09-30T22:22:53Z,dataset_9/uvl/automotive02_01.uvl,1806,2074,1,0.091885,410.18868,673.506127,410.18868,673.506127,261.615543,424.226345,685.8418879999999,14.037665000000004,12.335760999999934,time_since_previous_projection_seconds,cumulative_projection_time_seconds,automotive02_01
1807,2026-09-30T22:22:53Z,dataset_9/uvl/automotive02_01.uvl,1807,2074,1,0.117776,410.306456,673.624276,410.306456,673.624276,261.615543,424.344121,685.959664,14.037664999999947,12.335387999999966,time_since_previous_projection_seconds,cumulative_projection_time_seconds,automotive02_01
1808,2026-09-30T22:22:53Z,dataset_9/uvl/automotive02_01.uvl,1808,2074,1,0.113078,410.419533,673.737732,410.419533,673.737732,261.615543,424.457199,686.0727420000001,14.037666000000002,12.335010000000011,time_since_previous_projection_seconds,cumulative_projection_time_seconds,automotive02_01
1809,2026-09-30T22:22:53Z,dataset_9/uvl/automotive02_01.uvl,1809,2074,1,0.099993,410.519526,673.83824,410.519526,673.83824,261.615543,424.557192,686.172735,14.037666000000002,12.334494999999947,time_since_previous_projection_seconds,cumulative_projection_time_seconds,automotive02_01
1810,2026-09-30T22:22:53Z,dataset_9/uvl/automotive02_01.uvl,1810,2074,1,0.087649,410.607175,673.926279,410.607175,673.926279,261.615543,424.644841,686.2603839999999,14.037666000000002,12.334104999999909,time_since_previous_projection_seconds,cumulative_projection_time_seconds,automotive02_01
1811,2026-09-30T22:22:54Z,dataset_9/uvl/automotive02_01.uvl,1811,2074,1,0.195101,410.802276,674.121748,410.802276,674.121748,261.615543,424.839942,686.455485,14.037666000000002,12.333736999999928,time_since_previous_projection_seconds,cumulative_projection_time_seconds,automotive02_01
1812,2026-09-30T22:22:54Z,dataset_9/uvl/automotive02_01.uvl,1812,2074,1,0.094202,410.896478,674.216646,410.896478,674.216646,261.615543,424.934144,686.549687,14.037666000000002,12.33304099999998,time_since_previous_projection_seconds,cumulative_projection_time_seconds,automotive02_01
1813,2026-09-30T22:22:54Z,dataset_9/uvl/automotive02_01.uvl,1813,2074,1,0.091093,410.987571,674.308132,410.987571,674.308132,261.615543,425.025237,686.64078,14.037666000000002,12.33264799999995,time_since_previous_projection_seconds,cumulative_projection_time_seconds,automotive02_01
1814,2026-09-30T22:22:54Z,dataset_9/uvl/automotive02_01.uvl,1814,2074,1,0.097982,411.085553,674.406749,411.085553,674.406749,261.615543,425.123219,686.738762,14.037666000000002,12.33201299999996,time_since_previous_projection_seconds,cumulative_projection_time_seconds,automotive02_01
1815,2026-09-30T22:22:54Z,dataset_9/uvl/automotive02_01.uvl,1815,2074,1,0.086054,411.171608,674.493151,411.171608,674.493151,261.615543,425.209273,686.824816,14.037665000000004,12.331665000000044,time_since_previous_projection_seconds,cumulative_projection_time_seconds,automotive02_01
1816,2026-09-30T22:22:54Z,dataset_9/uvl/automotive02_01.uvl,1816,2074,1,0.15168,411.323288,674.645243,411.323288,674.645243,261.615543,425.360953,686.976496,14.037665000000004,12.331252999999947,time_since_previous_projection_seconds,cumulative_projection_time_seconds,automotive02_01
1817,2026-09-30T22:22:54Z,dataset_9/uvl/automotive02_01.uvl,1817,2074,1,0.086923,411.410211,674.732571,411.410211,674.732571,261.615543,425.447876,687.0634190000001,14.037665000000004,12.33084800000006,time_since_previous_projection_seconds,cumulative_projection_time_seconds,automotive02_01
1818,2026-09-30T22:22:54Z,dataset_9/uvl/automotive02_01.uvl,1818,2074,1,0.087323,411.497534,674.820372,411.497534,674.820372,261.615543,425.535199,687.150742,14.037665000000004,12.330370000000016,time_since_previous_projection_seconds,cumulative_projection_time_seconds,automotive02_01
1819,2026-09-30T22:22:54Z,dataset_9/uvl/automotive02_01.uvl,1819,2074,1,0.085452,411.582986,674.906198,411.582986,674.906198,261.615543,425.620651,687.2361940000001,14.037665000000004,12.329996000000051,time_since_previous_projection_seconds,cumulative_projection_time_seconds,automotive02_01
1820,2026-09-30T22:22:54Z,dataset_9/uvl/automotive02_01.uvl,1820,2074,1,0.087725,411.67071,674.994307,411.67071,674.994307,261.615543,425.708376,687.3239189999999,14.037666000000002,12.329611999999884,time_since_previous_projection_seconds,cumulative_projection_time_seconds,automotive02_01
1821,2026-09-30T22:22:54Z,dataset_9/uvl/automotive02_01.uvl,1821,2074,1,0.086135,411.756846,675.08085,411.756846,675.08085,261.615543,425.794511,687.410054,14.037665000000004,12.32920399999989,time_since_previous_projection_seconds,cumulative_projection_time_seconds,automotive02_01
1822,2026-09-30T22:22:55Z,dataset_9/uvl/automotive02_01.uvl,1822,2074,1,0.086089,411.842934,675.167311,411.842934,675.167311,261.615543,425.8806,687.4961430000001,14.037666000000002,12.328832000000034,time_since_previous_projection_seconds,cumulative_projection_time_seconds,automotive02_01
1823,2026-09-30T22:22:55Z,dataset_9/uvl/automotive02_01.uvl,1823,2074,1,0.268233,412.111167,675.435916,412.111167,675.435916,261.615543,426.14883299999997,687.764376,14.037665999999945,12.32845999999995,time_since_previous_projection_seconds,cumulative_projection_time_seconds,automotive02_01
1824,2026-09-30T22:22:55Z,dataset_9/uvl/automotive02_01.uvl,1824,2074,1,0.099813,412.21098,675.536376,412.21098,675.536376,261.615543,426.248646,687.864189,14.037666000000002,12.327812999999992,time_since_previous_projection_seconds,cumulative_projection_time_seconds,automotive02_01
1825,2026-09-30T22:22:55Z,dataset_9/uvl/automotive02_01.uvl,1825,2074,1,0.090152,412.301132,675.62692,412.301132,675.62692,261.615543,426.338798,687.954341,14.037666000000002,12.327420999999958,time_since_previous_projection_seconds,cumulative_projection_time_seconds,automotive02_01
1826,2026-09-30T22:22:55Z,dataset_9/uvl/automotive02_01.uvl,1826,2074,1,0.092792,412.393925,675.720324,412.393925,675.720324,261.615543,426.43158999999997,688.047133,14.037664999999947,12.326809000000026,time_since_previous_projection_seconds,cumulative_projection_time_seconds,automotive02_01
1827,2026-09-30T22:22:55Z,dataset_9/uvl/automotive02_01.uvl,1827,2074,1,0.078094,412.472019,675.798769,412.472019,675.798769,261.615543,426.509684,688.125227,14.037665000000004,12.326458000000002,time_since_previous_projection_seconds,cumulative_projection_time_seconds,automotive02_01
1828,2026-09-30T22:22:55Z,dataset_9/uvl/automotive02_01.uvl,1828,2074,1,0.160621,412.632639,675.959758,412.632639,675.959758,261.615543,426.670305,688.285848,14.037666000000002,12.326090000000022,time_since_previous_projection_seconds,cumulative_projection_time_seconds,automotive02_01
1829,2026-09-30T22:22:56Z,dataset_9/uvl/automotive02_01.uvl,1829,2074,1,0.167235,412.799875,676.127365,412.799875,676.127365,261.615543,426.83754,688.453083,14.037665000000004,12.325717999999938,time_since_previous_projection_seconds,cumulative_projection_time_seconds,automotive02_01
1830,2026-09-30T22:22:56Z,dataset_9/uvl/automotive02_01.uvl,1830,2074,1,0.120296,412.92017,676.248055,412.92017,676.248055,261.615543,426.957836,688.5733789999999,14.037666000000002,12.32532399999991,time_since_previous_projection_seconds,cumulative_projection_time_seconds,automotive02_01
1831,2026-09-30T22:22:56Z,dataset_9/uvl/automotive02_01.uvl,1831,2074,1,0.106806,413.026977,676.355249,413.026977,676.355249,261.615543,427.064642,688.6801849999999,14.037665000000004,12.32493599999998,time_since_previous_projection_seconds,cumulative_projection_time_seconds,automotive02_01
1832,2026-09-30T22:22:56Z,dataset_9/uvl/automotive02_01.uvl,1832,2074,1,0.189562,413.216538,676.5452,413.216538,676.5452,261.615543,427.254204,688.869747,14.037666000000002,12.324546999999939,time_since_previous_projection_seconds,cumulative_projection_time_seconds,automotive02_01
1833,2026-09-30T22:22:56Z,dataset_9/uvl/automotive02_01.uvl,1833,2074,1,0.105551,413.322089,676.65118,413.322089,676.65118,261.615543,427.359755,688.9752980000001,14.037666000000002,12.324118000000112,time_since_previous_projection_seconds,cumulative_projection_time_seconds,automotive02_01
1834,2026-09-30T22:22:56Z,dataset_9/uvl/automotive02_01.uvl,1834,2074,1,0.106907,413.428996,676.758457,413.428996,676.758457,261.615543,427.466662,689.0822049999999,14.037666000000002,12.32374799999991,time_since_previous_projection_seconds,cumulative_projection_time_seconds,automotive02_01
1835,2026-09-30T22:22:56Z,dataset_9/uvl/automotive02_01.uvl,1835,2074,1,0.10543,413.534426,676.864245,413.534426,676.864245,261.615543,427.572092,689.187635,14.037666000000002,12.323390000000018,time_since_previous_projection_seconds,cumulative_projection_time_seconds,automotive02_01
1836,2026-09-30T22:22:56Z,dataset_9/uvl/automotive02_01.uvl,1836,2074,1,0.105159,413.639585,676.969794,413.639585,676.969794,261.615543,427.677251,689.292794,14.037666000000002,12.322999999999979,time_since_previous_projection_seconds,cumulative_projection_time_seconds,automotive02_01
1837,2026-09-30T22:22:57Z,dataset_9/uvl/automotive02_01.uvl,1837,2074,1,0.201693,413.841278,677.17185,413.841278,677.17185,261.615543,427.878944,689.4944869999999,14.037666000000002,12.322636999999986,time_since_previous_projection_seconds,cumulative_projection_time_seconds,automotive02_01
1838,2026-09-30T22:22:57Z,dataset_9/uvl/automotive02_01.uvl,1838,2074,1,0.149396,413.990673,677.321644,413.990673,677.321644,261.615543,428.02834,689.643883,14.037666999999999,12.322238999999968,time_since_previous_projection_seconds,cumulative_projection_time_seconds,automotive02_01
1839,2026-09-30T22:22:57Z,dataset_9/uvl/automotive02_01.uvl,1839,2074,1,0.119219,414.109892,677.441563,414.109892,677.441563,261.615543,428.147559,689.763102,14.037666999999999,12.32153900000003,time_since_previous_projection_seconds,cumulative_projection_time_seconds,automotive02_01
1840,2026-09-30T22:22:57Z,dataset_9/uvl/automotive02_01.uvl,1840,2074,1,0.162679,414.272571,677.604638,414.272571,677.604638,261.615543,428.31023799999997,689.9257809999999,14.037666999999942,12.321142999999893,time_since_previous_projection_seconds,cumulative_projection_time_seconds,automotive02_01
1841,2026-09-30T22:22:57Z,dataset_9/uvl/automotive02_01.uvl,1841,2074,1,0.16672,414.439291,677.77197,414.439291,677.77197,261.615543,428.47695799999997,690.092501,14.037666999999942,12.32053099999996,time_since_previous_projection_seconds,cumulative_projection_time_seconds,automotive02_01
1842,2026-09-30T22:22:57Z,dataset_9/uvl/automotive02_01.uvl,1842,2074,1,0.120189,414.559481,677.892553,414.559481,677.892553,261.615543,428.597147,690.2126900000001,14.037666000000002,12.320137000000045,time_since_previous_projection_seconds,cumulative_projection_time_seconds,automotive02_01
1843,2026-09-30T22:22:57Z,dataset_9/uvl/automotive02_01.uvl,1843,2074,1,0.160661,414.720141,678.053579,414.720141,678.053579,261.615543,428.757808,690.373351,14.037666999999999,12.319771999999944,time_since_previous_projection_seconds,cumulative_projection_time_seconds,automotive02_01
1844,2026-09-30T22:22:58Z,dataset_9/uvl/automotive02_01.uvl,1844,2074,1,0.118329,414.83847,678.172262,414.83847,678.172262,261.615543,428.87613699999997,690.49168,14.037666999999999,12.319417999999928,time_since_previous_projection_seconds,cumulative_projection_time_seconds,automotive02_01
1845,2026-09-30T22:22:58Z,dataset_9/uvl/automotive02_01.uvl,1845,2074,1,0.119109,414.957579,678.291743,414.957579,678.291743,261.615543,428.995246,690.6107890000001,14.037666999999999,12.319046000000071,time_since_previous_projection_seconds,cumulative_projection_time_seconds,automotive02_01
1846,2026-09-30T22:22:58Z,dataset_9/uvl/automotive02_01.uvl,1846,2074,1,0.10665,415.064229,678.398762,415.064229,678.398762,261.615543,429.101896,690.717439,14.037666999999999,12.31867699999998,time_since_previous_projection_seconds,cumulative_projection_time_seconds,automotive02_01
1847,2026-09-30T22:22:58Z,dataset_9/uvl/automotive02_01.uvl,1847,2074,1,0.118256,415.182485,678.517393,415.182485,678.517393,261.615543,429.220152,690.835695,14.037666999999999,12.318302000000017,time_since_previous_projection_seconds,cumulative_projection_time_seconds,automotive02_01
1848,2026-09-30T22:22:58Z,dataset_9/uvl/automotive02_01.uvl,1848,2074,1,0.332179,415.514664,678.849929,415.514664,678.849929,261.615543,429.552331,691.167874,14.037666999999999,12.317945000000009,time_since_previous_projection_seconds,cumulative_projection_time_seconds,automotive02_01
1849,2026-09-30T22:22:59Z,dataset_9/uvl/automotive02_01.uvl,1849,2074,1,0.26057,415.775235,679.110946,415.775235,679.110946,261.615543,429.812901,691.428444,14.037666000000002,12.317498,time_since_previous_projection_seconds,cumulative_projection_time_seconds,automotive02_01
1850,2026-09-30T22:22:59Z,dataset_9/uvl/automotive02_01.uvl,1850,2074,1,0.185422,415.960656,679.297069,415.960656,679.297069,261.615543,429.99832299999997,691.6138659999999,14.037666999999999,12.316796999999951,time_since_previous_projection_seconds,cumulative_projection_time_seconds,automotive02_01
1851,2026-09-30T22:22:59Z,dataset_9/uvl/automotive02_01.uvl,1851,2074,1,0.162623,416.123279,679.460337,416.123279,679.460337,261.615543,430.16094599999997,691.776489,14.037666999999942,12.316151999999988,time_since_previous_projection_seconds,cumulative_projection_time_seconds,automotive02_01
1852,2026-09-30T22:22:59Z,dataset_9/uvl/automotive02_01.uvl,1852,2074,1,0.134959,416.258238,679.595658,416.258238,679.595658,261.615543,430.295905,691.9114480000001,14.037666999999999,12.315790000000106,time_since_previous_projection_seconds,cumulative_projection_time_seconds,automotive02_01
1853,2026-09-30T22:22:59Z,dataset_9/uvl/automotive02_01.uvl,1853,2074,1,0.136919,416.395158,679.732967,416.395158,679.732967,261.615543,430.432824,692.048367,14.037666000000002,12.315399999999954,time_since_previous_projection_seconds,cumulative_projection_time_seconds,automotive02_01
1854,2026-09-30T22:22:59Z,dataset_9/uvl/automotive02_01.uvl,1854,2074,1,0.137514,416.532671,679.870854,416.532671,679.870854,261.615543,430.570338,692.185881,14.037666999999999,12.315026999999986,time_since_previous_projection_seconds,cumulative_projection_time_seconds,automotive02_01
1855,2026-09-30T22:22:59Z,dataset_9/uvl/automotive02_01.uvl,1855,2074,1,0.137159,416.669831,680.008403,416.669831,680.008403,261.615543,430.707497,692.32304,14.037666000000002,12.314636999999948,time_since_previous_projection_seconds,cumulative_projection_time_seconds,automotive02_01
1856,2026-09-30T22:23:00Z,dataset_9/uvl/automotive02_01.uvl,1856,2074,1,0.21042,416.880251,680.219192,416.880251,680.219192,261.615543,430.917917,692.53346,14.037666000000002,12.31426799999997,time_since_previous_projection_seconds,cumulative_projection_time_seconds,automotive02_01
1857,2026-09-30T22:23:00Z,dataset_9/uvl/automotive02_01.uvl,1857,2074,1,0.136809,417.01706,680.35639,417.01706,680.35639,261.615543,431.054726,692.670269,14.037666000000002,12.313878999999929,time_since_previous_projection_seconds,cumulative_projection_time_seconds,automotive02_01
1858,2026-09-30T22:23:00Z,dataset_9/uvl/automotive02_01.uvl,1858,2074,1,0.13645,417.15351,680.493199,417.15351,680.493199,261.615543,431.191176,692.8067189999999,14.037666000000002,12.313519999999926,time_since_previous_projection_seconds,cumulative_projection_time_seconds,automotive02_01
1859,2026-09-30T22:23:00Z,dataset_9/uvl/automotive02_01.uvl,1859,2074,1,0.135971,417.289481,680.629573,417.289481,680.629573,261.615543,431.32714699999997,692.94269,14.037665999999945,12.31311699999992,time_since_previous_projection_seconds,cumulative_projection_time_seconds,automotive02_01
1860,2026-09-30T22:23:00Z,dataset_9/uvl/automotive02_01.uvl,1860,2074,1,0.142469,417.43195,680.772424,417.43195,680.772424,261.615543,431.469616,693.085159,14.037666000000002,12.312734999999975,time_since_previous_projection_seconds,cumulative_projection_time_seconds,automotive02_01
1861,2026-09-30T22:23:00Z,dataset_9/uvl/automotive02_01.uvl,1861,2074,1,0.138607,417.570558,680.911406,417.570558,680.911406,261.615543,431.608223,693.2237660000001,14.037665000000004,12.312360000000012,time_since_previous_projection_seconds,cumulative_projection_time_seconds,automotive02_01
1862,2026-09-30T22:23:01Z,dataset_9/uvl/automotive02_01.uvl,1862,2074,1,0.2684,417.838958,681.180223,417.838958,681.180223,261.615543,431.876623,693.492166,14.037665000000004,12.311943000000042,time_since_previous_projection_seconds,cumulative_projection_time_seconds,automotive02_01
1863,2026-09-30T22:23:01Z,dataset_9/uvl/automotive02_01.uvl,1863,2074,1,0.150168,417.989125,681.331145,417.989125,681.331145,261.615543,432.026791,693.642334,14.037666000000002,12.311189000000013,time_since_previous_projection_seconds,cumulative_projection_time_seconds,automotive02_01
1864,2026-09-30T22:23:01Z,dataset_9/uvl/automotive02_01.uvl,1864,2074,1,0.146307,418.135432,681.478086,418.135432,681.478086,261.615543,432.173098,693.788641,14.037666000000002,12.310555000000022,time_since_previous_projection_seconds,cumulative_projection_time_seconds,automotive02_01
1865,2026-09-30T22:23:01Z,dataset_9/uvl/automotive02_01.uvl,1865,2074,1,0.148918,418.284349,681.627461,418.284349,681.627461,261.615543,432.322016,693.937559,14.037666999999999,12.310097999999925,time_since_previous_projection_seconds,cumulative_projection_time_seconds,automotive02_01
1866,2026-09-30T22:23:01Z,dataset_9/uvl/automotive02_01.uvl,1866,2074,1,0.138133,418.422482,681.765967,418.422482,681.765967,261.615543,432.460149,694.075692,14.037666999999999,12.309724999999958,time_since_previous_projection_seconds,cumulative_projection_time_seconds,automotive02_01
1867,2026-09-30T22:23:01Z,dataset_9/uvl/automotive02_01.uvl,1867,2074,1,0.186993,418.609475,681.953346,418.609475,681.953346,261.615543,432.647142,694.2626849999999,14.037666999999999,12.309338999999909,time_since_previous_projection_seconds,cumulative_projection_time_seconds,automotive02_01
1868,2026-09-30T22:23:02Z,dataset_9/uvl/automotive02_01.uvl,1868,2074,1,0.13775,418.747224,682.091486,418.747224,682.091486,261.615543,432.784892,694.400435,14.037667999999996,12.308948999999984,time_since_previous_projection_seconds,cumulative_projection_time_seconds,automotive02_01
1869,2026-09-30T22:23:02Z,dataset_9/uvl/automotive02_01.uvl,1869,2074,1,0.137469,418.884693,682.229341,418.884693,682.229341,261.615543,432.92236099999997,694.537904,14.03766799999994,12.30856300000005,time_since_previous_projection_seconds,cumulative_projection_time_seconds,automotive02_01
1870,2026-09-30T22:23:02Z,dataset_9/uvl/automotive02_01.uvl,1870,2074,1,0.144028,419.028722,682.373735,419.028722,682.373735,261.615543,433.066389,694.681932,14.037666999999999,12.30819699999995,time_since_previous_projection_seconds,cumulative_projection_time_seconds,automotive02_01
1871,2026-09-30T22:23:02Z,dataset_9/uvl/automotive02_01.uvl,1871,2074,1,0.141692,419.170414,682.515824,419.170414,682.515824,261.615543,433.208081,694.823624,14.037666999999999,12.307800000000043,time_since_previous_projection_seconds,cumulative_projection_time_seconds,automotive02_01
1872,2026-09-30T22:23:02Z,dataset_9/uvl/automotive02_01.uvl,1872,2074,1,0.136776,419.30719,682.652977,419.30719,682.652977,261.615543,433.344857,694.9603999999999,14.037666999999999,12.307422999999972,time_since_previous_projection_seconds,cumulative_projection_time_seconds,automotive02_01
1873,2026-09-30T22:23:02Z,dataset_9/uvl/automotive02_01.uvl,1873,2074,1,0.41057,419.71776,683.063925,419.71776,683.063925,261.615543,433.755427,695.3709699999999,14.037666999999999,12.307044999999903,time_since_previous_projection_seconds,cumulative_projection_time_seconds,automotive02_01
1874,2026-09-30T22:23:03Z,dataset_9/uvl/automotive02_01.uvl,1874,2074,1,0.142394,419.860154,683.206995,419.860154,683.206995,261.615543,433.897821,695.513364,14.037666999999999,12.306369000000018,time_since_previous_projection_seconds,cumulative_projection_time_seconds,automotive02_01
1875,2026-09-30T22:23:03Z,dataset_9/uvl/automotive02_01.uvl,1875,2074,1,0.138159,419.998312,683.34585,419.998312,683.34585,261.615543,434.03598,695.651523,14.037667999999996,12.305672999999956,time_since_previous_projection_seconds,cumulative_projection_time_seconds,automotive02_01
1876,2026-09-30T22:23:03Z,dataset_9/uvl/automotive02_01.uvl,1876,2074,1,0.333346,420.331659,683.679559,420.331659,683.679559,261.615543,434.369326,695.984869,14.037666999999999,12.305309999999963,time_since_previous_projection_seconds,cumulative_projection_time_seconds,automotive02_01
1877,2026-09-30T22:23:03Z,dataset_9/uvl/automotive02_01.uvl,1877,2074,1,0.183136,420.514795,683.863092,420.514795,683.863092,261.615543,434.552462,696.168005,14.037666999999999,12.304912999999942,time_since_previous_projection_seconds,cumulative_projection_time_seconds,automotive02_01
1878,2026-09-30T22:23:04Z,dataset_9/uvl/automotive02_01.uvl,1878,2074,1,0.515858,421.030652,684.379316,421.030652,684.379316,261.615543,435.06831999999997,696.683863,14.037667999999996,12.304546999999957,time_since_previous_projection_seconds,cumulative_projection_time_seconds,automotive02_01
1879,2026-09-30T22:23:04Z,dataset_9/uvl/automotive02_01.uvl,1879,2074,1,0.410815,421.441467,684.790523,421.441467,684.790523,261.615543,435.479135,697.0946779999999,14.037667999999996,12.304154999999923,time_since_previous_projection_seconds,cumulative_projection_time_seconds,automotive02_01
1880,2026-09-30T22:23:05Z,dataset_9/uvl/automotive02_01.uvl,1880,2074,1,0.298783,421.74025,685.089697,421.74025,685.089697,261.615543,435.777918,697.393461,14.037667999999996,12.303764000000001,time_since_previous_projection_seconds,cumulative_projection_time_seconds,automotive02_01
1881,2026-09-30T22:23:05Z,dataset_9/uvl/automotive02_01.uvl,1881,2074,1,0.385685,422.125934,685.475781,422.125934,685.475781,261.615543,436.16360299999997,697.779146,14.037668999999994,12.303364999999985,time_since_previous_projection_seconds,cumulative_projection_time_seconds,automotive02_01
1882,2026-09-30T22:23:05Z,dataset_9/uvl/automotive02_01.uvl,1882,2074,1,0.247588,422.373522,685.724059,422.373522,685.724059,261.615543,436.411191,698.026734,14.037668999999994,12.302675000000022,time_since_previous_projection_seconds,cumulative_projection_time_seconds,automotive02_01
1883,2026-09-30T22:23:05Z,dataset_9/uvl/automotive02_01.uvl,1883,2074,1,0.250456,422.623977,685.97554,422.623977,685.97554,261.615543,436.661647,698.27719,14.037669999999991,12.301649999999995,time_since_previous_projection_seconds,cumulative_projection_time_seconds,automotive02_01
1884,2026-09-30T22:23:06Z,dataset_9/uvl/automotive02_01.uvl,1884,2074,1,0.232164,422.856141,686.208061,422.856141,686.208061,261.615543,436.89381099999997,698.509354,14.037669999999991,12.301292999999987,time_since_previous_projection_seconds,cumulative_projection_time_seconds,automotive02_01
1885,2026-09-30T22:23:06Z,dataset_9/uvl/automotive02_01.uvl,1885,2074,1,0.28942,423.145562,686.497881,423.145562,686.497881,261.615543,437.183231,698.798774,14.037668999999994,12.300892999999974,time_since_previous_projection_seconds,cumulative_projection_time_seconds,automotive02_01
1886,2026-09-30T22:23:06Z,dataset_9/uvl/automotive02_01.uvl,1886,2074,1,0.176024,423.321586,686.674292,423.321586,686.674292,261.615543,437.359255,698.974798,14.037668999999994,12.300505999999928,time_since_previous_projection_seconds,cumulative_projection_time_seconds,automotive02_01
1887,2026-09-30T22:23:06Z,dataset_9/uvl/automotive02_01.uvl,1887,2074,1,0.296514,423.6181,686.971188,423.6181,686.971188,261.615543,437.655769,699.2713120000001,14.037668999999994,12.300124000000096,time_since_previous_projection_seconds,cumulative_projection_time_seconds,automotive02_01
1888,2026-09-30T22:23:07Z,dataset_9/uvl/automotive02_01.uvl,1888,2074,1,0.690221,424.308321,687.661956,424.308321,687.661956,261.615543,438.34599,699.9615329999999,14.037668999999994,12.299576999999886,time_since_previous_projection_seconds,cumulative_projection_time_seconds,automotive02_01
1889,2026-09-30T22:23:07Z,dataset_9/uvl/automotive02_01.uvl,1889,2074,1,0.298564,424.606885,687.961235,424.606885,687.961235,261.615543,438.64455399999997,700.260097,14.037668999999994,12.298861999999986,time_since_previous_projection_seconds,cumulative_projection_time_seconds,automotive02_01
1890,2026-09-30T22:23:08Z,dataset_9/uvl/automotive02_01.uvl,1890,2074,1,0.296604,424.903489,688.258221,424.903489,688.258221,261.615543,438.941158,700.556701,14.037668999999994,12.298479999999927,time_since_previous_projection_seconds,cumulative_projection_time_seconds,automotive02_01
1891,2026-09-30T22:23:08Z,dataset_9/uvl/automotive02_01.uvl,1891,2074,1,0.34147,425.244959,688.60015,425.244959,688.60015,261.615543,439.282628,700.898171,14.037668999999994,12.298021000000062,time_since_previous_projection_seconds,cumulative_projection_time_seconds,automotive02_01
1892,2026-09-30T22:23:08Z,dataset_9/uvl/automotive02_01.uvl,1892,2074,1,0.368605,425.613564,688.969181,425.613564,688.969181,261.615543,439.651233,701.2667759999999,14.037668999999994,12.297594999999887,time_since_previous_projection_seconds,cumulative_projection_time_seconds,automotive02_01
1893,2026-09-30T22:23:09Z,dataset_9/uvl/automotive02_01.uvl,1893,2074,1,0.306367,425.919931,689.275939,425.919931,689.275939,261.615543,439.9576,701.5731430000001,14.037668999999994,12.297204000000079,time_since_previous_projection_seconds,cumulative_projection_time_seconds,automotive02_01
1894,2026-09-30T22:23:09Z,dataset_9/uvl/automotive02_01.uvl,1894,2074,1,0.570157,426.490088,689.846486,426.490088,689.846486,261.615543,440.527757,702.1433,14.037668999999994,12.296813999999927,time_since_previous_projection_seconds,cumulative_projection_time_seconds,automotive02_01
1895,2026-09-30T22:23:10Z,dataset_9/uvl/automotive02_01.uvl,1895,2074,1,0.391209,426.881297,690.238447,426.881297,690.238447,261.615543,440.918966,702.5345090000001,14.037668999999994,12.29606200000012,time_since_previous_projection_seconds,cumulative_projection_time_seconds,automotive02_01
1896,2026-09-30T22:23:10Z,dataset_9/uvl/automotive02_01.uvl,1896,2074,1,0.3785,427.259797,690.617622,427.259797,690.617622,261.615543,441.297466,702.913009,14.037668999999994,12.295387000000005,time_since_previous_projection_seconds,cumulative_projection_time_seconds,automotive02_01
1897,2026-09-30T22:23:10Z,dataset_9/uvl/automotive02_01.uvl,1897,2074,1,0.405095,427.664892,691.023122,427.664892,691.023122,261.615543,441.702561,703.318104,14.037668999999994,12.294982000000005,time_since_previous_projection_seconds,cumulative_projection_time_seconds,automotive02_01
1898,2026-09-30T22:23:11Z,dataset_9/uvl/automotive02_01.uvl,1898,2074,1,0.49356,428.158452,691.517065,428.158452,691.517065,261.615543,442.196121,703.8116640000001,14.037668999999994,12.294599000000062,time_since_previous_projection_seconds,cumulative_projection_time_seconds,automotive02_01
1899,2026-09-30T22:23:12Z,dataset_9/uvl/automotive02_01.uvl,1899,2074,1,1.137687,429.296139,692.655144,429.296139,692.655144,261.615543,443.333808,704.949351,14.037668999999994,12.294207000000029,time_since_previous_projection_seconds,cumulative_projection_time_seconds,automotive02_01
1900,2026-09-30T22:23:13Z,dataset_9/uvl/automotive02_01.uvl,1900,2074,1,0.541586,429.837725,693.197438,429.837725,693.197438,261.615543,443.87539399999997,705.490937,14.037668999999994,12.293498999999997,time_since_previous_projection_seconds,cumulative_projection_time_seconds,automotive02_01
1901,2026-09-30T22:23:13Z,dataset_9/uvl/automotive02_01.uvl,1901,2074,1,0.479448,430.317173,693.677536,430.317173,693.677536,261.615543,444.354842,705.9703850000001,14.037668999999994,12.292849000000047,time_since_previous_projection_seconds,cumulative_projection_time_seconds,automotive02_01
1902,2026-09-30T22:23:14Z,dataset_9/uvl/automotive02_01.uvl,1902,2074,1,0.563278,430.880451,694.241217,430.880451,694.241217,261.615543,444.91812,706.5336629999999,14.037668999999994,12.292445999999927,time_since_previous_projection_seconds,cumulative_projection_time_seconds,automotive02_01
1903,2026-09-30T22:23:14Z,dataset_9/uvl/automotive02_01.uvl,1903,2074,1,0.481717,431.362168,694.723461,431.362168,694.723461,261.615543,445.399837,707.01538,14.037668999999994,12.291919000000007,time_since_previous_projection_seconds,cumulative_projection_time_seconds,automotive02_01
1904,2026-09-30T22:23:15Z,dataset_9/uvl/automotive02_01.uvl,1904,2074,1,1.36215,432.724318,696.08605,432.724318,696.08605,261.615543,446.761987,708.37753,14.037668999999994,12.291479999999979,time_since_previous_projection_seconds,cumulative_projection_time_seconds,automotive02_01
1905,2026-09-30T22:23:16Z,dataset_9/uvl/automotive02_01.uvl,1905,2074,1,0.458273,433.182591,696.545072,433.182591,696.545072,261.615543,447.22026,708.8358029999999,14.037668999999994,12.290730999999937,time_since_previous_projection_seconds,cumulative_projection_time_seconds,automotive02_01
1906,2026-09-30T22:23:18Z,dataset_9/uvl/automotive02_01.uvl,1906,2074,1,1.63394,434.816531,698.179701,434.816531,698.179701,261.615543,448.8542,710.469743,14.037668999999994,12.290041999999971,time_since_previous_projection_seconds,cumulative_projection_time_seconds,automotive02_01
1907,2026-09-30T22:23:18Z,dataset_9/uvl/automotive02_01.uvl,1907,2074,1,0.655907,435.472438,698.836005,435.472438,698.836005,261.615543,449.510107,711.12565,14.037668999999994,12.28964499999995,time_since_previous_projection_seconds,cumulative_projection_time_seconds,automotive02_01
1908,2026-09-30T22:23:19Z,dataset_9/uvl/automotive02_01.uvl,1908,2074,1,0.643344,436.115782,699.480108,436.115782,699.480108,261.615543,450.153451,711.768994,14.037668999999994,12.288886000000048,time_since_previous_projection_seconds,cumulative_projection_time_seconds,automotive02_01
1909,2026-09-30T22:23:20Z,dataset_9/uvl/automotive02_01.uvl,1909,2074,1,0.650015,436.765797,700.130751,436.765797,700.130751,261.615543,450.803466,712.419009,14.037668999999994,12.288257999999928,time_since_previous_projection_seconds,cumulative_projection_time_seconds,automotive02_01
1910,2026-09-30T22:23:20Z,dataset_9/uvl/automotive02_01.uvl,1910,2074,1,0.628126,437.393923,700.759253,437.393923,700.759253,261.615543,451.43159199999997,713.047135,14.037668999999994,12.287882000000081,time_since_previous_projection_seconds,cumulative_projection_time_seconds,automotive02_01
1911,2026-09-30T22:23:21Z,dataset_9/uvl/automotive02_01.uvl,1911,2074,1,0.703403,438.097326,701.46307,438.097326,701.46307,261.615543,452.134995,713.750538,14.037668999999994,12.28746799999999,time_since_previous_projection_seconds,cumulative_projection_time_seconds,automotive02_01
1912,2026-09-30T22:23:22Z,dataset_9/uvl/automotive02_01.uvl,1912,2074,1,1.613445,439.710771,703.077213,439.710771,703.077213,261.615543,453.74844,715.363983,14.037668999999994,12.286769999999933,time_since_previous_projection_seconds,cumulative_projection_time_seconds,automotive02_01
1913,2026-09-30T22:23:24Z,dataset_9/uvl/automotive02_01.uvl,1913,2074,1,1.341173,441.051944,704.419018,441.051944,704.419018,261.615543,455.089613,716.705156,14.037668999999994,12.286137999999937,time_since_previous_projection_seconds,cumulative_projection_time_seconds,automotive02_01
1914,2026-09-30T22:23:25Z,dataset_9/uvl/automotive02_01.uvl,1914,2074,1,0.944979,441.996923,705.364728,441.996923,705.364728,261.615543,456.034592,717.650135,14.037668999999994,12.285406999999964,time_since_previous_projection_seconds,cumulative_projection_time_seconds,automotive02_01
1915,2026-09-30T22:23:26Z,dataset_9/uvl/automotive02_01.uvl,1915,2074,1,1.37724,443.374163,706.74259,443.374163,706.74259,261.615543,457.411832,719.027375,14.037668999999994,12.284785000000056,time_since_previous_projection_seconds,cumulative_projection_time_seconds,automotive02_01
1916,2026-09-30T22:23:27Z,dataset_9/uvl/automotive02_01.uvl,1916,2074,1,1.131368,444.505531,707.874366,444.505531,707.874366,261.615543,458.5432,720.158743,14.037668999999994,12.28437699999995,time_since_previous_projection_seconds,cumulative_projection_time_seconds,automotive02_01
1917,2026-09-30T22:23:28Z,dataset_9/uvl/automotive02_01.uvl,1917,2074,1,0.934712,445.440243,708.809742,445.440243,708.809742,261.615543,459.477912,721.093455,14.037668999999994,12.28371299999992,time_since_previous_projection_seconds,cumulative_projection_time_seconds,automotive02_01
1918,2026-09-30T22:23:32Z,dataset_9/uvl/automotive02_01.uvl,1918,2074,1,3.50622,448.946462,712.316648,448.946462,712.316648,261.615543,462.984132,724.5996749999999,14.037669999999991,12.283026999999947,time_since_previous_projection_seconds,cumulative_projection_time_seconds,automotive02_01
1919,2026-09-30T22:23:34Z,dataset_9/uvl/automotive02_01.uvl,1919,2074,1,1.9896,450.936063,714.306897,450.936063,714.306897,261.615543,464.973732,726.589275,14.037668999999994,12.282377999999994,time_since_previous_projection_seconds,cumulative_projection_time_seconds,automotive02_01
1920,2026-09-30T22:23:35Z,dataset_9/uvl/automotive02_01.uvl,1920,2074,1,1.497323,452.433386,715.804637,452.433386,715.804637,261.615543,466.471055,728.086598,14.037668999999994,12.281961000000024,time_since_previous_projection_seconds,cumulative_projection_time_seconds,automotive02_01
1921,2026-09-30T22:23:37Z,dataset_9/uvl/automotive02_01.uvl,1921,2074,1,1.399482,453.832867,717.204796,453.832867,717.204796,261.615543,467.870537,729.48608,14.037669999999991,12.281284000000028,time_since_previous_projection_seconds,cumulative_projection_time_seconds,automotive02_01
1922,2026-09-30T22:23:39Z,dataset_9/uvl/automotive02_01.uvl,1922,2074,1,2.077754,455.910621,719.282953,455.910621,719.282953,261.615543,469.948291,731.563834,14.037669999999991,12.280881000000022,time_since_previous_projection_seconds,cumulative_projection_time_seconds,automotive02_01
1923,2026-09-30T22:23:43Z,dataset_9/uvl/automotive02_01.uvl,1923,2074,1,4.009115,459.919736,723.292745,459.919736,723.292745,261.615543,473.957406,735.572949,14.037669999999991,12.280204000000026,time_since_previous_projection_seconds,cumulative_projection_time_seconds,automotive02_01
1924,2026-09-30T22:23:50Z,dataset_9/uvl/automotive02_01.uvl,1924,2074,1,7.585007,467.504743,730.878552,467.504743,730.878552,261.615543,481.542413,743.157956,14.037669999999991,12.279404,time_since_previous_projection_seconds,cumulative_projection_time_seconds,automotive02_01
1925,2026-09-30T22:23:56Z,dataset_9/uvl/automotive02_01.uvl,1925,2074,1,5.207955,472.712698,736.087132,472.712698,736.087132,261.615543,486.750368,748.365911,14.037669999999991,12.278778999999986,time_since_previous_projection_seconds,cumulative_projection_time_seconds,automotive02_01
1926,2026-09-30T22:24:01Z,dataset_9/uvl/automotive02_01.uvl,1926,2074,1,5.004442,477.71714,741.09231,477.71714,741.09231,261.615543,491.75481,753.370353,14.037670000000048,12.278043000000025,time_since_previous_projection_seconds,cumulative_projection_time_seconds,automotive02_01
1927,2026-09-30T22:24:05Z,dataset_9/uvl/automotive02_01.uvl,1927,2074,1,4.836545,482.553685,745.929598,482.553685,745.929598,261.615543,496.591355,758.206898,14.037670000000048,12.277299999999968,time_since_previous_projection_seconds,cumulative_projection_time_seconds,automotive02_01
1928,2026-09-30T22:24:10Z,dataset_9/uvl/automotive02_01.uvl,1928,2074,1,4.846367,487.400053,750.776808,487.400053,750.776808,261.615543,501.437722,763.053265,14.037668999999994,12.27645700000005,time_since_previous_projection_seconds,cumulative_projection_time_seconds,automotive02_01
1929,2026-09-30T22:24:15Z,dataset_9/uvl/automotive02_01.uvl,1929,2074,1,4.438678,491.83873,755.21628,491.83873,755.21628,261.615543,505.8764,767.491943,14.037669999999991,12.275663000000009,time_since_previous_projection_seconds,cumulative_projection_time_seconds,automotive02_01
1930,2026-09-30T22:24:19Z,dataset_9/uvl/automotive02_01.uvl,1930,2074,1,4.451718,496.290449,759.668728,496.290449,759.668728,261.615543,510.328118,771.943661,14.037668999999994,12.274933000000033,time_since_previous_projection_seconds,cumulative_projection_time_seconds,automotive02_01
1931,2026-09-30T22:24:29Z,dataset_9/uvl/automotive02_01.uvl,1931,2074,1,9.713617,506.004065,769.383072,506.004065,769.383072,261.615543,520.041735,781.657278,14.037669999999991,12.27420600000005,time_since_previous_projection_seconds,cumulative_projection_time_seconds,automotive02_01
1932,2026-09-30T22:24:47Z,dataset_9/uvl/automotive02_01.uvl,1932,2074,1,18.298835,524.3029,787.682597,524.3029,787.682597,261.615543,538.34057,799.956113,14.037669999999935,12.273515999999972,time_since_previous_projection_seconds,cumulative_projection_time_seconds,automotive02_01
1933,2026-09-30T22:24:54Z,dataset_9/uvl/automotive02_01.uvl,1933,2074,1,6.875267,531.178167,794.55855,531.178167,794.55855,261.615543,545.215837,806.83138,14.037669999999935,12.272829999999999,time_since_previous_projection_seconds,cumulative_projection_time_seconds,automotive02_01
1934,2026-09-30T22:25:03Z,dataset_9/uvl/automotive02_01.uvl,1934,2074,1,8.915087,540.093254,803.474327,540.093254,803.474327,261.615543,554.130924,815.746467,14.037670000000048,12.272140000000036,time_since_previous_projection_seconds,cumulative_projection_time_seconds,automotive02_01
1935,2026-09-30T22:25:24Z,dataset_9/uvl/automotive02_01.uvl,1935,2074,1,21.28837,561.381624,824.763384,561.381624,824.763384,261.615543,575.419294,837.034837,14.037670000000048,12.271453000000065,time_since_previous_projection_seconds,cumulative_projection_time_seconds,automotive02_01
1936,2026-09-30T22:25:36Z,dataset_9/uvl/automotive02_01.uvl,1936,2074,1,11.973735,573.355359,836.737736,573.355359,836.737736,261.615543,587.393029,849.008572,14.037669999999935,12.270835999999917,time_since_previous_projection_seconds,cumulative_projection_time_seconds,automotive02_01
1937,2026-09-30T22:25:54Z,dataset_9/uvl/automotive02_01.uvl,1937,2074,1,17.590345,590.945704,854.328852,590.945704,854.328852,261.615543,604.983374,866.598917,14.037670000000048,12.270065000000045,time_since_previous_projection_seconds,cumulative_projection_time_seconds,automotive02_01
1938,2026-09-30T22:26:30Z,dataset_9/uvl/automotive02_01.uvl,1938,2074,1,36.36871,627.314414,890.698251,627.314414,890.698251,261.615543,641.352084,902.967627,14.037669999999935,12.269375999999966,time_since_previous_projection_seconds,cumulative_projection_time_seconds,automotive02_01
1939,2026-09-30T22:26:48Z,dataset_9/uvl/automotive02_01.uvl,1939,2074,1,18.367242,645.681656,909.066177,645.681656,909.066177,261.615543,659.719326,921.334869,14.037670000000048,12.268691999999987,time_since_previous_projection_seconds,cumulative_projection_time_seconds,automotive02_01
1940,2026-09-30T22:27:09Z,dataset_9/uvl/automotive02_01.uvl,1940,2074,1,20.444728,666.126384,929.511603,666.126384,929.511603,261.615543,680.164054,941.779597,14.037669999999935,12.26799399999993,time_since_previous_projection_seconds,cumulative_projection_time_seconds,automotive02_01
1941,2026-09-30T22:27:30Z,dataset_9/uvl/automotive02_01.uvl,1941,2074,1,21.320208,687.446592,950.832467,687.446592,950.832467,261.615543,701.484262,963.099805,14.037669999999935,12.267337999999995,time_since_previous_projection_seconds,cumulative_projection_time_seconds,automotive02_01
1942,2026-09-30T22:27:53Z,dataset_9/uvl/automotive02_01.uvl,1942,2074,1,23.036076,710.482668,973.869251,710.482668,973.869251,261.615543,724.520338,986.135881,14.037670000000048,12.266630000000077,time_since_previous_projection_seconds,cumulative_projection_time_seconds,automotive02_01
1943,2026-09-30T22:28:15Z,dataset_9/uvl/automotive02_01.uvl,1943,2074,1,22.060928,732.543596,995.930866,732.543596,995.930866,261.615543,746.581266,1008.196809,14.037670000000048,12.265942999999993,time_since_previous_projection_seconds,cumulative_projection_time_seconds,automotive02_01
1944,2026-09-30T22:28:58Z,dataset_9/uvl/automotive02_01.uvl,1944,2074,1,42.183032,774.726628,1038.114543,774.726628,1038.114543,261.615543,788.7642979999999,1050.379841,14.037669999999935,12.26529800000003,time_since_previous_projection_seconds,cumulative_projection_time_seconds,automotive02_01
1945,2026-09-30T22:30:47Z,dataset_9/uvl/automotive02_01.uvl,1945,2074,1,109.418645,884.145274,1147.533886,884.145274,1147.533886,261.615543,898.182943,1159.7984860000001,14.03766900000005,12.2646000000002,time_since_previous_projection_seconds,cumulative_projection_time_seconds,automotive02_01
1946,2026-09-30T22:32:41Z,dataset_9/uvl/automotive02_01.uvl,1946,2074,1,114.049676,998.194949,1261.58423,998.194949,1261.58423,261.615543,1012.232619,1273.848162,14.037670000000048,12.263932000000068,time_since_previous_projection_seconds,cumulative_projection_time_seconds,automotive02_01
1947,2026-09-30T22:34:37Z,dataset_9/uvl/automotive02_01.uvl,1947,2074,1,116.262411,1114.45736,1377.8474,1114.45736,1377.8474,261.615543,1128.49503,1390.110573,14.037669999999935,12.263172999999824,time_since_previous_projection_seconds,cumulative_projection_time_seconds,automotive02_01
1948,2026-09-30T22:36:52Z,dataset_9/uvl/automotive02_01.uvl,1948,2074,1,135.932751,1250.390111,1513.780889,1250.390111,1513.780889,261.615543,1264.427781,1526.0433240000002,14.037670000000162,12.262435000000323,time_since_previous_projection_seconds,cumulative_projection_time_seconds,automotive02_01
1949,2026-09-30T22:38:59Z,dataset_9/uvl/automotive02_01.uvl,1949,2074,1,127.385546,1377.775657,1641.167125,1377.775657,1641.167125,261.615543,1391.813327,1653.4288700000002,14.037670000000162,12.261745000000246,time_since_previous_projection_seconds,cumulative_projection_time_seconds,automotive02_01
1950,2026-09-30T22:41:12Z,dataset_9/uvl/automotive02_01.uvl,1950,2074,1,132.464927,1510.240584,1773.632821,1510.240584,1773.632821,261.615543,1524.278254,1785.8937970000002,14.037670000000162,12.260976000000255,time_since_previous_projection_seconds,cumulative_projection_time_seconds,automotive02_01
1951,2026-09-30T22:43:29Z,dataset_9/uvl/automotive02_01.uvl,1951,2074,1,137.193092,1647.433675,1910.826647,1647.433675,1910.826647,261.615543,1661.471346,1923.0868890000002,14.037671000000046,12.260242000000062,time_since_previous_projection_seconds,cumulative_projection_time_seconds,automotive02_01
1952,2026-09-30T22:45:51Z,dataset_9/uvl/automotive02_01.uvl,1952,2074,1,141.762035,1789.19571,2052.589454,1789.19571,2052.589454,261.615543,1803.233381,2064.848924,14.037671000000046,12.259469999999965,time_since_previous_projection_seconds,cumulative_projection_time_seconds,automotive02_01
1953,2026-09-30T22:48:17Z,dataset_9/uvl/automotive02_01.uvl,1953,2074,1,146.250814,1935.446524,2198.841046,1935.446524,2198.841046,261.615543,1949.484195,2211.099738,14.037671000000046,12.258691999999883,time_since_previous_projection_seconds,cumulative_projection_time_seconds,automotive02_01
1954,2026-09-30T22:50:44Z,dataset_9/uvl/automotive02_01.uvl,1954,2074,1,147.589452,2083.035976,2346.431235,2083.035976,2346.431235,261.615543,2097.073647,2358.68919,14.037671000000046,12.257955000000038,time_since_previous_projection_seconds,cumulative_projection_time_seconds,automotive02_01
1955,2026-09-30T22:53:19Z,dataset_9/uvl/automotive02_01.uvl,1955,2074,1,155.041583,2238.077559,2501.473787,2238.077559,2501.473787,261.615543,2252.11523,2513.7307729999998,14.037671000000046,12.25698599999987,time_since_previous_projection_seconds,cumulative_projection_time_seconds,automotive02_01
1956,2026-09-30T22:56:00Z,dataset_9/uvl/automotive02_01.uvl,1956,2074,1,160.222992,2398.300551,2661.697592,2398.300551,2661.697592,261.615543,2412.338222,2673.9537649999997,14.037671000000046,12.256172999999762,time_since_previous_projection_seconds,cumulative_projection_time_seconds,automotive02_01
1957,2026-09-30T22:58:42Z,dataset_9/uvl/automotive02_01.uvl,1957,2074,1,162.699381,2560.999931,2824.397798,2560.999931,2824.397798,261.615543,2575.0376029999998,2836.6531459999997,14.03767199999993,12.255347999999685,time_since_previous_projection_seconds,cumulative_projection_time_seconds,automotive02_01
1958,2026-09-30T23:01:31Z,dataset_9/uvl/automotive02_01.uvl,1958,2074,1,168.955089,2729.95502,2993.353641,2729.95502,2993.353641,261.615543,2743.992692,3005.6082349999997,14.03767199999993,12.254593999999543,time_since_previous_projection_seconds,cumulative_projection_time_seconds,automotive02_01
1959,2026-09-30T23:04:24Z,dataset_9/uvl/automotive02_01.uvl,1959,2074,1,172.378218,2902.333238,3165.732551,2902.333238,3165.732551,261.615543,2916.37091,3177.986453,14.03767199999993,12.253901999999925,time_since_previous_projection_seconds,cumulative_projection_time_seconds,automotive02_01
1960,2026-09-30T23:07:21Z,dataset_9/uvl/automotive02_01.uvl,1960,2074,1,177.056566,3079.389804,3342.789823,3079.389804,3342.789823,261.615543,3093.427476,3355.0430189999997,14.03767199999993,12.253195999999662,time_since_previous_projection_seconds,cumulative_projection_time_seconds,automotive02_01
1961,2026-09-30T23:10:20Z,dataset_9/uvl/automotive02_01.uvl,1961,2074,1,179.451368,3258.841172,3522.241988,3258.841172,3522.241988,261.615543,3272.878844,3534.4943869999997,14.03767199999993,12.252398999999514,time_since_previous_projection_seconds,cumulative_projection_time_seconds,automotive02_01
1962,2026-09-30T23:13:23Z,dataset_9/uvl/automotive02_01.uvl,1962,2074,1,183.130477,3441.97165,3705.37322,3441.97165,3705.37322,261.615543,3456.009321,3717.624864,14.037671000000046,12.251643999999942,time_since_previous_projection_seconds,cumulative_projection_time_seconds,automotive02_01
1963,2026-09-30T23:16:36Z,dataset_9/uvl/automotive02_01.uvl,1963,2074,1,193.034052,3635.005701,3898.408101,3635.005701,3898.408101,261.615543,3649.043373,3910.658916,14.03767199999993,12.250814999999875,time_since_previous_projection_seconds,cumulative_projection_time_seconds,automotive02_01
1964,2026-09-30T23:19:56Z,dataset_9/uvl/automotive02_01.uvl,1964,2074,1,200.034549,3835.04025,4098.443422,3835.04025,4098.443422,261.615543,3849.077922,4110.693465,14.03767199999993,12.250043000000005,time_since_previous_projection_seconds,cumulative_projection_time_seconds,automotive02_01
1965,2026-09-30T23:23:14Z,dataset_9/uvl/automotive02_01.uvl,1965,2074,1,197.911712,4032.951962,4296.355901,4032.951962,4296.355901,261.615543,4046.989634,4308.605177,14.03767199999993,12.249276000000464,time_since_previous_projection_seconds,cumulative_projection_time_seconds,automotive02_01
1966,2026-09-30T23:26:37Z,dataset_9/uvl/automotive02_01.uvl,1966,2074,1,202.333832,4235.285794,4499.069701,4235.285794,4499.069701,261.615543,4249.323466,4510.939009,14.037671999999475,11.869307999999364,time_since_previous_projection_seconds,cumulative_projection_time_seconds,automotive02_01
1967,2026-09-30T23:30:03Z,dataset_9/uvl/automotive02_01.uvl,1967,2074,1,206.071423,4441.357216,4705.141863,4441.357216,4705.141863,261.615543,4455.394889,4717.010432,14.037672999999813,11.868569000000207,time_since_previous_projection_seconds,cumulative_projection_time_seconds,automotive02_01
1968,2026-09-30T23:33:34Z,dataset_9/uvl/automotive02_01.uvl,1968,2074,1,210.580441,4651.937657,4915.722994,4651.937657,4915.722994,261.615543,4665.97533,4927.590873,14.037672999999813,11.867879000000357,time_since_previous_projection_seconds,cumulative_projection_time_seconds,automotive02_01
1969,2026-09-30T23:37:07Z,dataset_9/uvl/automotive02_01.uvl,1969,2074,1,213.085938,4865.023595,5128.809632,4865.023595,5128.809632,261.615543,4879.061268,5140.676811,14.037673000000723,11.867178999999851,time_since_previous_projection_seconds,cumulative_projection_time_seconds,automotive02_01
1970,2026-09-30T23:40:46Z,dataset_9/uvl/automotive02_01.uvl,1970,2074,1,219.7453,5084.768895,5348.555673,5084.768895,5348.555673,261.615543,5098.806568,5360.422111,14.037672999999813,11.866438000000016,time_since_previous_projection_seconds,cumulative_projection_time_seconds,automotive02_01
1971,2026-09-30T23:44:29Z,dataset_9/uvl/automotive02_01.uvl,1971,2074,1,222.800873,5307.569768,5571.357312,5307.569768,5571.357312,261.615543,5321.607441,5583.222984,14.037672999999813,11.865671999999904,time_since_previous_projection_seconds,cumulative_projection_time_seconds,automotive02_01
1972,2026-09-30T23:48:16Z,dataset_9/uvl/automotive02_01.uvl,1972,2074,1,226.453816,5534.023584,5797.811827,5534.023584,5797.811827,261.615543,5548.061257,5809.6768,14.037673000000723,11.864972999999736,time_since_previous_projection_seconds,cumulative_projection_time_seconds,automotive02_01
1973,2026-09-30T23:52:06Z,dataset_9/uvl/automotive02_01.uvl,1973,2074,1,229.955816,5763.9794,6027.768354,5763.9794,6027.768354,261.615543,5778.017073,6039.632616,14.037672999999813,11.864262000000053,time_since_previous_projection_seconds,cumulative_projection_time_seconds,automotive02_01
1974,2026-09-30T23:56:00Z,dataset_9/uvl/automotive02_01.uvl,1974,2074,1,234.373328,5998.352727,6262.142471,5998.352727,6262.142471,261.615543,6012.390401,6274.0059439999995,14.037673999999242,11.86347299999943,time_since_previous_projection_seconds,cumulative_projection_time_seconds,automotive02_01
1975,2026-10-01T00:00:00Z,dataset_9/uvl/automotive02_01.uvl,1975,2074,1,239.945421,6238.298149,6502.088586,6238.298149,6502.088586,261.615543,6252.335822,6513.951365,14.037672999999813,11.862779000000046,time_since_previous_projection_seconds,cumulative_projection_time_seconds,automotive02_01
1976,2026-10-01T00:04:03Z,dataset_9/uvl/automotive02_01.uvl,1976,2074,1,242.951936,6481.250085,6745.041286,6481.250085,6745.041286,261.615543,6495.287758,6756.903301,14.037673000000723,11.86201500000061,time_since_previous_projection_seconds,cumulative_projection_time_seconds,automotive02_01
1977,2026-10-01T00:08:09Z,dataset_9/uvl/automotive02_01.uvl,1977,2074,1,246.084816,6727.334901,6991.127132,6727.334901,6991.127132,261.615543,6741.372574,7002.988117,14.037672999999813,11.860985000000255,time_since_previous_projection_seconds,cumulative_projection_time_seconds,automotive02_01
1978,2026-10-01T00:12:24Z,dataset_9/uvl/automotive02_01.uvl,1978,2074,1,254.517701,6981.852602,7245.64562,6981.852602,7245.64562,261.615543,6995.890275,7257.505818,14.037672999999813,11.8601979999994,time_since_previous_projection_seconds,cumulative_projection_time_seconds,automotive02_01
1979,2026-10-01T00:16:45Z,dataset_9/uvl/automotive02_01.uvl,1979,2074,1,260.844863,7242.697465,7507.088836,7242.697465,7507.088836,261.615543,7256.735138,7518.350681,14.037672999999813,11.261844999999994,time_since_previous_projection_seconds,cumulative_projection_time_seconds,automotive02_01
1980,2026-10-01T00:21:02Z,dataset_9/uvl/automotive02_01.uvl,1980,2074,1,257.476579,7500.174045,7764.566306,7500.174045,7764.566306,261.615543,7514.211717,7775.82726,14.037672000000384,11.26095400000031,time_since_previous_projection_seconds,cumulative_projection_time_seconds,automotive02_01
1981,2026-10-01T00:25:26Z,dataset_9/uvl/automotive02_01.uvl,1981,2074,1,263.302687,7763.476732,8027.869862,7763.476732,8027.869862,261.615543,7777.514404,8039.129946999999,14.037671999999475,11.26008499999989,time_since_previous_projection_seconds,cumulative_projection_time_seconds,automotive02_01
1982,2026-10-01T00:29:54Z,dataset_9/uvl/automotive02_01.uvl,1982,2074,1,267.931911,8031.408642,8295.802584,8031.408642,8295.802584,261.615543,8045.446315,8307.061858000001,14.037672999999813,11.259274000001824,time_since_previous_projection_seconds,cumulative_projection_time_seconds,automotive02_01
1983,2026-10-01T00:34:25Z,dataset_9/uvl/automotive02_01.uvl,1983,2074,1,271.430002,8302.838644,8567.233353,8302.838644,8567.233353,261.615543,8316.876317,8578.49186,14.037673000000723,11.258507000000463,time_since_previous_projection_seconds,cumulative_projection_time_seconds,automotive02_01
1984,2026-10-01T00:39:00Z,dataset_9/uvl/automotive02_01.uvl,1984,2074,1,274.985496,8577.82414,8842.219614,8577.82414,8842.219614,261.615543,8591.861813,8853.477356,14.037672999998904,11.25774199999978,time_since_previous_projection_seconds,cumulative_projection_time_seconds,automotive02_01
1985,2026-10-01T00:43:40Z,dataset_9/uvl/automotive02_01.uvl,1985,2074,1,280.306908,8858.131048,9122.527163,8858.131048,9122.527163,261.615543,8872.168721,9133.784264,14.037673000000723,11.257100999999238,time_since_previous_projection_seconds,cumulative_projection_time_seconds,automotive02_01
1986,2026-10-01T00:48:25Z,dataset_9/uvl/automotive02_01.uvl,1986,2074,1,284.095152,9142.2262,9406.623061,9142.2262,9406.623061,261.615543,9156.263873,9417.879416,14.037673000000723,11.25635499999953,time_since_previous_projection_seconds,cumulative_projection_time_seconds,automotive02_01
1987,2026-10-01T00:53:12Z,dataset_9/uvl/automotive02_01.uvl,1987,2074,1,287.521208,9429.747407,9694.144979,9429.747407,9694.144979,261.615543,9443.785081,9705.400624,14.037673999999242,11.255644999999276,time_since_previous_projection_seconds,cumulative_projection_time_seconds,automotive02_01
1988,2026-10-01T00:58:03Z,dataset_9/uvl/automotive02_01.uvl,1988,2074,1,291.384089,9721.131496,9985.529992,9721.131496,9985.529992,261.615543,9735.16917,9996.784713,14.037673999999242,11.254720999999336,time_since_previous_projection_seconds,cumulative_projection_time_seconds,automotive02_01
1989,2026-10-01T01:03:00Z,dataset_9/uvl/automotive02_01.uvl,1989,2074,1,296.468752,10017.600248,10281.999491,10017.600248,10281.999491,261.615543,10031.637922,10293.253465,14.037673999999242,11.253973999999289,time_since_previous_projection_seconds,cumulative_projection_time_seconds,automotive02_01
1990,2026-10-01T01:08:00Z,dataset_9/uvl/automotive02_01.uvl,1990,2074,1,299.860248,10317.460496,10581.8605,10317.460496,10581.8605,261.615543,10331.49817,10593.113713,14.037674000001061,11.25321299999996,time_since_previous_projection_seconds,cumulative_projection_time_seconds,automotive02_01
1991,2026-10-01T01:13:04Z,dataset_9/uvl/automotive02_01.uvl,1991,2074,1,303.803635,10621.264131,10885.664843,10621.264131,10885.664843,261.615543,10635.301805,10896.917347999999,14.037673999999242,11.252504999998564,time_since_previous_projection_seconds,cumulative_projection_time_seconds,automotive02_01
1992,2026-10-01T01:18:12Z,dataset_9/uvl/automotive02_01.uvl,1992,2074,1,308.563963,10929.828093,11194.229542,10929.828093,11194.229542,261.615543,10943.865768,11205.481311,14.037674999999581,11.251769000000422,time_since_previous_projection_seconds,cumulative_projection_time_seconds,automotive02_01
1993,2026-10-01T01:23:23Z,dataset_9/uvl/automotive02_01.uvl,1993,2074,1,310.825744,11240.653837,11505.05604,11240.653837,11505.05604,261.615543,11254.691512,11516.307055,14.037674999999581,11.251014999999825,time_since_previous_projection_seconds,cumulative_projection_time_seconds,automotive02_01
1994,2026-10-01T01:28:38Z,dataset_9/uvl/automotive02_01.uvl,1994,2074,1,314.889296,11555.543133,11819.945988,11555.543133,11819.945988,261.615543,11569.580808,11831.196351,14.0376750000014,11.250363000001016,time_since_previous_projection_seconds,cumulative_projection_time_seconds,automotive02_01
1995,2026-10-01T01:33:58Z,dataset_9/uvl/automotive02_01.uvl,1995,2074,1,320.467632,11876.010765,12140.41431,11876.010765,12140.41431,261.615543,11890.04844,12151.663983,14.037674999999581,11.249673000000257,time_since_previous_projection_seconds,cumulative_projection_time_seconds,automotive02_01
1996,2026-10-01T01:39:22Z,dataset_9/uvl/automotive02_01.uvl,1996,2074,1,323.939493,12199.950258,12464.3546,12199.950258,12464.3546,261.615543,12213.987933,12475.603476,14.037674999999581,11.248875999999655,time_since_previous_projection_seconds,cumulative_projection_time_seconds,automotive02_01
1997,2026-10-01T01:44:52Z,dataset_9/uvl/automotive02_01.uvl,1997,2074,1,329.912194,12529.862453,12794.267558,12529.862453,12794.267558,261.615543,12543.900127,12805.51567,14.037674000001061,11.248112000001129,time_since_previous_projection_seconds,cumulative_projection_time_seconds,automotive02_01
1998,2026-10-01T01:50:23Z,dataset_9/uvl/automotive02_01.uvl,1998,2074,1,331.057751,12860.920204,13125.326017,12860.920204,13125.326017,261.615543,12874.957878,13136.573421,14.037673999999242,11.247403999999733,time_since_previous_projection_seconds,cumulative_projection_time_seconds,automotive02_01
1999,2026-10-01T01:55:59Z,dataset_9/uvl/automotive02_01.uvl,1999,2074,1,335.65928,13196.579484,13460.986044,13196.579484,13460.986044,261.615543,13210.617158,13472.232700999999,14.037673999999242,11.246656999999686,time_since_previous_projection_seconds,cumulative_projection_time_seconds,automotive02_01
2000,2026-10-01T02:01:39Z,dataset_9/uvl/automotive02_01.uvl,2000,2074,1,339.969705,13536.549189,13800.956473,13536.549189,13800.956473,261.615543,13550.586863,13812.202406,14.037674000001061,11.24593300000015,time_since_previous_projection_seconds,cumulative_projection_time_seconds,automotive02_01
2001,2026-10-01T02:07:22Z,dataset_9/uvl/automotive02_01.uvl,2001,2074,1,342.719081,13879.268269,14143.676384,13879.268269,14143.676384,261.615543,13893.305944,14154.921487,14.037674999999581,11.24510299999929,time_since_previous_projection_seconds,cumulative_projection_time_seconds,automotive02_01
2002,2026-10-01T02:13:08Z,dataset_9/uvl/automotive02_01.uvl,2002,2074,1,346.28513,14225.553399,14489.962241,14225.553399,14489.962241,261.615543,14239.591074,14501.206617,14.037674999999581,11.244376000000557,time_since_previous_projection_seconds,cumulative_projection_time_seconds,automotive02_01
2003,2026-10-01T02:19:00Z,dataset_9/uvl/automotive02_01.uvl,2003,2074,1,352.523413,14578.076812,14842.486334,14578.076812,14842.486334,261.615543,14592.114487,14853.73003,14.0376750000014,11.243696000001364,time_since_previous_projection_seconds,cumulative_projection_time_seconds,automotive02_01
2004,2026-10-01T02:24:55Z,dataset_9/uvl/automotive02_01.uvl,2004,2074,1,354.512113,14932.588924,15196.999134,14932.588924,15196.999134,261.615543,14946.6266,15208.242143,14.03767599999992,11.243008999999802,time_since_previous_projection_seconds,cumulative_projection_time_seconds,automotive02_01
2005,2026-10-01T02:30:56Z,dataset_9/uvl/automotive02_01.uvl,2005,2074,1,361.205823,15293.794747,15558.205682,15293.794747,15558.205682,261.615543,15307.832423,15569.447966,14.03767599999992,11.242283999999927,time_since_previous_projection_seconds,cumulative_projection_time_seconds,automotive02_01
2006,2026-10-01T02:37:01Z,dataset_9/uvl/automotive02_01.uvl,2006,2074,1,364.394275,15658.189023,15922.600785,15658.189023,15922.600785,261.615543,15672.226698,15933.842241,14.037674999999581,11.241455999999744,time_since_previous_projection_seconds,cumulative_projection_time_seconds,automotive02_01
2007,2026-10-01T02:43:09Z,dataset_9/uvl/automotive02_01.uvl,2007,2074,1,368.523178,16026.712201,16291.124668,16026.712201,16291.124668,261.615543,16040.749876,16302.365419,14.037674999999581,11.240750999999364,time_since_previous_projection_seconds,cumulative_projection_time_seconds,automotive02_01
2008,2026-10-01T02:49:24Z,dataset_9/uvl/automotive02_01.uvl,2008,2074,1,374.496449,16401.20865,16666.173181,16401.20865,16666.173181,261.615543,16415.246325,16676.861868,14.037674999999581,10.688687000001664,time_since_previous_projection_seconds,cumulative_projection_time_seconds,automotive02_01
2009,2026-10-01T02:55:39Z,dataset_9/uvl/automotive02_01.uvl,2009,2074,1,374.671715,16775.880364,17040.845659,16775.880364,17040.845659,261.615543,16789.91804,17051.533583,14.03767599999992,10.687924000001658,time_since_previous_projection_seconds,cumulative_projection_time_seconds,automotive02_01
2010,2026-10-01T03:01:59Z,dataset_9/uvl/automotive02_01.uvl,2010,2074,1,379.756615,17155.636979,17420.603055,17155.636979,17420.603055,261.615543,17169.674655,17431.290198,14.03767599999992,10.687142999999196,time_since_previous_projection_seconds,cumulative_projection_time_seconds,automotive02_01
