input_file,quantity,measurement,source_column,pdf_file,value
dataset_1/uvl/dm_mobile_phone.csv.uvl,Constraints,Before reduction,original_constraints,constraints_before_after_histogram.pdf,1
dataset_10/uvl/automotive01.uvl,Constraints,Before reduction,original_constraints,constraints_before_after_histogram.pdf,2833
dataset_11/uvl/XSEngine.uvl,Constraints,Before reduction,original_constraints,constraints_before_after_histogram.pdf,886
dataset_11/uvl/aaed2000.uvl,Constraints,Before reduction,original_constraints,constraints_before_after_histogram.pdf,904
dataset_11/uvl/adder.uvl,Constraints,Before reduction,original_constraints,constraints_before_after_histogram.pdf,890
dataset_11/uvl/adderII.uvl,Constraints,Before reduction,original_constraints,constraints_before_after_histogram.pdf,890
dataset_11/uvl/aeb.uvl,Constraints,Before reduction,original_constraints,constraints_before_after_histogram.pdf,875
dataset_11/uvl/aim711.uvl,Constraints,Before reduction,original_constraints,constraints_before_after_histogram.pdf,912
dataset_11/uvl/aki3068net.uvl,Constraints,Before reduction,original_constraints,constraints_before_after_histogram.pdf,851
dataset_11/uvl/am31_sim.uvl,Constraints,Before reduction,original_constraints,constraints_before_after_histogram.pdf,819
dataset_11/uvl/asb.uvl,Constraints,Before reduction,original_constraints,constraints_before_after_histogram.pdf,851
dataset_11/uvl/asb2305.uvl,Constraints,Before reduction,original_constraints,constraints_before_after_histogram.pdf,857
dataset_11/uvl/assabet.uvl,Constraints,Before reduction,original_constraints,constraints_before_after_histogram.pdf,927
dataset_11/uvl/at91sam7sek.uvl,Constraints,Before reduction,original_constraints,constraints_before_after_histogram.pdf,917
dataset_11/uvl/at91sam7xek.uvl,Constraints,Before reduction,original_constraints,constraints_before_after_histogram.pdf,928
dataset_11/uvl/atlas_mips32_4kc.uvl,Constraints,Before reduction,original_constraints,constraints_before_after_histogram.pdf,859
dataset_11/uvl/atlas_mips64_5kc.uvl,Constraints,Before reduction,original_constraints,constraints_before_after_histogram.pdf,857
dataset_11/uvl/brutus.uvl,Constraints,Before reduction,original_constraints,constraints_before_after_histogram.pdf,876
dataset_11/uvl/calm16_ceb.uvl,Constraints,Before reduction,original_constraints,constraints_before_after_histogram.pdf,830
dataset_11/uvl/calm32_ceb.uvl,Constraints,Before reduction,original_constraints,constraints_before_after_histogram.pdf,830
dataset_11/uvl/ceb_v850.uvl,Constraints,Before reduction,original_constraints,constraints_before_after_histogram.pdf,843
dataset_11/uvl/cerf.uvl,Constraints,Before reduction,original_constraints,constraints_before_after_histogram.pdf,935
dataset_11/uvl/cerfpda.uvl,Constraints,Before reduction,original_constraints,constraints_before_after_histogram.pdf,946
dataset_11/uvl/cma230.uvl,Constraints,Before reduction,original_constraints,constraints_before_after_histogram.pdf,868
dataset_11/uvl/cma28x.uvl,Constraints,Before reduction,original_constraints,constraints_before_after_histogram.pdf,849
dataset_11/uvl/cme555.uvl,Constraints,Before reduction,original_constraints,constraints_before_after_histogram.pdf,863
dataset_11/uvl/cq7708.uvl,Constraints,Before reduction,original_constraints,constraints_before_after_histogram.pdf,858
dataset_11/uvl/cq7750.uvl,Constraints,Before reduction,original_constraints,constraints_before_after_histogram.pdf,864
dataset_11/uvl/csb281.uvl,Constraints,Before reduction,original_constraints,constraints_before_after_histogram.pdf,871
dataset_11/uvl/dreamcast.uvl,Constraints,Before reduction,original_constraints,constraints_before_after_histogram.pdf,867
dataset_11/uvl/e7t.uvl,Constraints,Before reduction,original_constraints,constraints_before_after_histogram.pdf,883
dataset_11/uvl/ea2468.uvl,Constraints,Before reduction,original_constraints,constraints_before_after_histogram.pdf,956
dataset_11/uvl/eb40.uvl,Constraints,Before reduction,original_constraints,constraints_before_after_histogram.pdf,890
dataset_11/uvl/eb40a.uvl,Constraints,Before reduction,original_constraints,constraints_before_after_histogram.pdf,890
dataset_11/uvl/eb42.uvl,Constraints,Before reduction,original_constraints,constraints_before_after_histogram.pdf,884
dataset_11/uvl/eb55.uvl,Constraints,Before reduction,original_constraints,constraints_before_after_histogram.pdf,914
dataset_11/uvl/ebsa285.uvl,Constraints,Before reduction,original_constraints,constraints_before_after_histogram.pdf,895
dataset_11/uvl/ec555.uvl,Constraints,Before reduction,original_constraints,constraints_before_after_histogram.pdf,863
dataset_11/uvl/edb7xxx.uvl,Constraints,Before reduction,original_constraints,constraints_before_after_histogram.pdf,900
dataset_11/uvl/edosk2674.uvl,Constraints,Before reduction,original_constraints,constraints_before_after_histogram.pdf,841
dataset_11/uvl/excalibur_arm9.uvl,Constraints,Before reduction,original_constraints,constraints_before_after_histogram.pdf,877
dataset_11/uvl/fads.uvl,Constraints,Before reduction,original_constraints,constraints_before_after_histogram.pdf,829
dataset_11/uvl/flexanet.uvl,Constraints,Before reduction,original_constraints,constraints_before_after_histogram.pdf,925
dataset_11/uvl/frv400.uvl,Constraints,Before reduction,original_constraints,constraints_before_after_histogram.pdf,862
dataset_11/uvl/gps4020.uvl,Constraints,Before reduction,original_constraints,constraints_before_after_histogram.pdf,876
dataset_11/uvl/grg.uvl,Constraints,Before reduction,original_constraints,constraints_before_after_histogram.pdf,889
dataset_11/uvl/h8300h_sim.uvl,Constraints,Before reduction,original_constraints,constraints_before_after_histogram.pdf,828
dataset_11/uvl/h8max.uvl,Constraints,Before reduction,original_constraints,constraints_before_after_histogram.pdf,849
dataset_11/uvl/h8s_sim.uvl,Constraints,Before reduction,original_constraints,constraints_before_after_histogram.pdf,828
dataset_11/uvl/hs7729pci.uvl,Constraints,Before reduction,original_constraints,constraints_before_after_histogram.pdf,886
dataset_11/uvl/innovator.uvl,Constraints,Before reduction,original_constraints,constraints_before_after_histogram.pdf,886
dataset_11/uvl/integrator_arm7.uvl,Constraints,Before reduction,original_constraints,constraints_before_after_histogram.pdf,904
dataset_11/uvl/integrator_arm9.uvl,Constraints,Before reduction,original_constraints,constraints_before_after_histogram.pdf,907
dataset_11/uvl/ipaq.uvl,Constraints,Before reduction,original_constraints,constraints_before_after_histogram.pdf,921
dataset_11/uvl/iq80310.uvl,Constraints,Before reduction,original_constraints,constraints_before_after_histogram.pdf,897
dataset_11/uvl/iq80321.uvl,Constraints,Before reduction,original_constraints,constraints_before_after_histogram.pdf,898
dataset_11/uvl/ixdp425.uvl,Constraints,Before reduction,original_constraints,constraints_before_after_histogram.pdf,886
dataset_11/uvl/jmr3904.uvl,Constraints,Before reduction,original_constraints,constraints_before_after_histogram.pdf,843
dataset_11/uvl/jtst.uvl,Constraints,Before reduction,original_constraints,constraints_before_after_histogram.pdf,891
dataset_11/uvl/linux.uvl,Constraints,Before reduction,original_constraints,constraints_before_after_histogram.pdf,859
dataset_11/uvl/lpcmt.uvl,Constraints,Before reduction,original_constraints,constraints_before_after_histogram.pdf,882
dataset_11/uvl/m5272c3.uvl,Constraints,Before reduction,original_constraints,constraints_before_after_histogram.pdf,877
dataset_11/uvl/mac7100evb.uvl,Constraints,Before reduction,original_constraints,constraints_before_after_histogram.pdf,867
dataset_11/uvl/mace1.uvl,Constraints,Before reduction,original_constraints,constraints_before_after_histogram.pdf,867
dataset_11/uvl/malta_mips32_4kc.uvl,Constraints,Before reduction,original_constraints,constraints_before_after_histogram.pdf,865
dataset_11/uvl/malta_mips64_5kc.uvl,Constraints,Before reduction,original_constraints,constraints_before_after_histogram.pdf,865
dataset_11/uvl/mb93091.uvl,Constraints,Before reduction,original_constraints,constraints_before_after_histogram.pdf,876
dataset_11/uvl/mb93093.uvl,Constraints,Before reduction,original_constraints,constraints_before_after_histogram.pdf,859
dataset_11/uvl/mbx.uvl,Constraints,Before reduction,original_constraints,constraints_before_after_histogram.pdf,889
dataset_11/uvl/mcb2100.uvl,Constraints,Before reduction,original_constraints,constraints_before_after_histogram.pdf,882
dataset_11/uvl/moab.uvl,Constraints,Before reduction,original_constraints,constraints_before_after_histogram.pdf,917
dataset_11/uvl/mpc50.uvl,Constraints,Before reduction,original_constraints,constraints_before_after_histogram.pdf,863
dataset_11/uvl/nano.uvl,Constraints,Before reduction,original_constraints,constraints_before_after_histogram.pdf,911
dataset_11/uvl/npwr.uvl,Constraints,Before reduction,original_constraints,constraints_before_after_histogram.pdf,898
dataset_11/uvl/ocelot.uvl,Constraints,Before reduction,original_constraints,constraints_before_after_histogram.pdf,872
dataset_11/uvl/olpce2294.uvl,Constraints,Before reduction,original_constraints,constraints_before_after_histogram.pdf,904
dataset_11/uvl/olpch2294.uvl,Constraints,Before reduction,original_constraints,constraints_before_after_histogram.pdf,890
dataset_11/uvl/olpcl2294.uvl,Constraints,Before reduction,original_constraints,constraints_before_after_histogram.pdf,902
dataset_11/uvl/p2106.uvl,Constraints,Before reduction,original_constraints,constraints_before_after_histogram.pdf,882
dataset_11/uvl/pati.uvl,Constraints,Before reduction,original_constraints,constraints_before_after_histogram.pdf,866
dataset_11/uvl/pc_i82544.uvl,Constraints,Before reduction,original_constraints,constraints_before_after_histogram.pdf,885
dataset_11/uvl/pc_i82559.uvl,Constraints,Before reduction,original_constraints,constraints_before_after_histogram.pdf,885
dataset_11/uvl/pc_rltk8139.uvl,Constraints,Before reduction,original_constraints,constraints_before_after_histogram.pdf,886
dataset_11/uvl/pc_usb_d12.uvl,Constraints,Before reduction,original_constraints,constraints_before_after_histogram.pdf,910
dataset_11/uvl/pc_vmWare.uvl,Constraints,Before reduction,original_constraints,constraints_before_after_histogram.pdf,884
dataset_11/uvl/phycore.uvl,Constraints,Before reduction,original_constraints,constraints_before_after_histogram.pdf,892
dataset_11/uvl/phycore229x.uvl,Constraints,Before reduction,original_constraints,constraints_before_after_histogram.pdf,932
dataset_11/uvl/picasso.uvl,Constraints,Before reduction,original_constraints,constraints_before_after_histogram.pdf,899
dataset_11/uvl/pid.uvl,Constraints,Before reduction,original_constraints,constraints_before_after_histogram.pdf,891
dataset_11/uvl/prpmc1100.uvl,Constraints,Before reduction,original_constraints,constraints_before_after_histogram.pdf,875
dataset_11/uvl/psim.uvl,Constraints,Before reduction,original_constraints,constraints_before_after_histogram.pdf,826
dataset_11/uvl/rattler.uvl,Constraints,Before reduction,original_constraints,constraints_before_after_histogram.pdf,894
dataset_11/uvl/ref4955.uvl,Constraints,Before reduction,original_constraints,constraints_before_after_histogram.pdf,862
dataset_11/uvl/refidt334.uvl,Constraints,Before reduction,original_constraints,constraints_before_after_histogram.pdf,870
dataset_11/uvl/sa1100mm.uvl,Constraints,Before reduction,original_constraints,constraints_before_after_histogram.pdf,878
dataset_11/uvl/sam7ex256.uvl,Constraints,Before reduction,original_constraints,constraints_before_after_histogram.pdf,935
dataset_11/uvl/se7751.uvl,Constraints,Before reduction,original_constraints,constraints_before_after_histogram.pdf,883
dataset_11/uvl/se77x9.uvl,Constraints,Before reduction,original_constraints,constraints_before_after_histogram.pdf,911
dataset_11/uvl/sh4_202_md.uvl,Constraints,Before reduction,original_constraints,constraints_before_after_histogram.pdf,885
dataset_11/uvl/sh7708.uvl,Constraints,Before reduction,original_constraints,constraints_before_after_histogram.pdf,876
dataset_11/uvl/skmb91302.uvl,Constraints,Before reduction,original_constraints,constraints_before_after_histogram.pdf,840
dataset_11/uvl/sleb.uvl,Constraints,Before reduction,original_constraints,constraints_before_after_histogram.pdf,827
dataset_11/uvl/smdk2410.uvl,Constraints,Before reduction,original_constraints,constraints_before_after_histogram.pdf,884
dataset_11/uvl/snds.uvl,Constraints,Before reduction,original_constraints,constraints_before_after_histogram.pdf,872
dataset_11/uvl/sparc_erc32.uvl,Constraints,Before reduction,original_constraints,constraints_before_after_histogram.pdf,816
dataset_11/uvl/sparc_leon.uvl,Constraints,Before reduction,original_constraints,constraints_before_after_histogram.pdf,816
dataset_11/uvl/sparclite_sim.uvl,Constraints,Before reduction,original_constraints,constraints_before_after_histogram.pdf,816
dataset_11/uvl/stb.uvl,Constraints,Before reduction,original_constraints,constraints_before_after_histogram.pdf,860
dataset_11/uvl/stdeval1.uvl,Constraints,Before reduction,original_constraints,constraints_before_after_histogram.pdf,844
dataset_11/uvl/stm3210e_eval.uvl,Constraints,Before reduction,original_constraints,constraints_before_after_histogram.pdf,873
dataset_11/uvl/ts1000.uvl,Constraints,Before reduction,original_constraints,constraints_before_after_histogram.pdf,886
dataset_11/uvl/ts6.uvl,Constraints,Before reduction,original_constraints,constraints_before_after_histogram.pdf,865
dataset_11/uvl/tx39_sim.uvl,Constraints,Before reduction,original_constraints,constraints_before_after_histogram.pdf,822
dataset_11/uvl/uE250.uvl,Constraints,Before reduction,original_constraints,constraints_before_after_histogram.pdf,900
dataset_11/uvl/vads.uvl,Constraints,Before reduction,original_constraints,constraints_before_after_histogram.pdf,865
dataset_11/uvl/viper.uvl,Constraints,Before reduction,original_constraints,constraints_before_after_histogram.pdf,894
dataset_11/uvl/vrc4373.uvl,Constraints,Before reduction,original_constraints,constraints_before_after_histogram.pdf,860
dataset_11/uvl/vrc4375.uvl,Constraints,Before reduction,original_constraints,constraints_before_after_histogram.pdf,870
dataset_12/uvl/axTLS.uvl,Constraints,Before reduction,original_constraints,constraints_before_after_histogram.pdf,14
dataset_12/uvl/uClibc.uvl,Constraints,Before reduction,original_constraints,constraints_before_after_histogram.pdf,56
dataset_12/uvl/uClinux-base.uvl,Constraints,Before reduction,original_constraints,constraints_before_after_histogram.pdf,3455
dataset_12/uvl/uClinux-distribution.uvl,Constraints,Before reduction,original_constraints,constraints_before_after_histogram.pdf,197
dataset_16/uvl/chat_system.uvl,Constraints,Before reduction,original_constraints,constraints_before_after_histogram.pdf,2
dataset_17/uvl/ovm_MPPL.ovm.uvl,Constraints,Before reduction,original_constraints,constraints_before_after_histogram.pdf,1
dataset_18/uvl/ovm_OnlineShop.ovm.uvl,Constraints,Before reduction,original_constraints,constraints_before_after_histogram.pdf,4
dataset_2/uvl/dm_ASEJ1.csv.uvl,Constraints,Before reduction,original_constraints,constraints_before_after_histogram.pdf,96
dataset_2/uvl/dm_DOPLERTools.csv.uvl,Constraints,Before reduction,original_constraints,constraints_before_after_histogram.pdf,15
dataset_2/uvl/dm_DissModel.csv.uvl,Constraints,Before reduction,original_constraints,constraints_before_after_histogram.pdf,0
dataset_20/uvl/DELL-LAPTOP-NOTEBOOK-FM.uvl,Constraints,Before reduction,original_constraints,constraints_before_after_histogram.pdf,105
dataset_20/uvl/REAL-FM-1.uvl,Constraints,Before reduction,original_constraints,constraints_before_after_histogram.pdf,0
dataset_20/uvl/REAL-FM-10.uvl,Constraints,Before reduction,original_constraints,constraints_before_after_histogram.pdf,0
dataset_20/uvl/REAL-FM-11.uvl,Constraints,Before reduction,original_constraints,constraints_before_after_histogram.pdf,4
dataset_20/uvl/REAL-FM-12.uvl,Constraints,Before reduction,original_constraints,constraints_before_after_histogram.pdf,2
dataset_20/uvl/REAL-FM-13.uvl,Constraints,Before reduction,original_constraints,constraints_before_after_histogram.pdf,2
dataset_20/uvl/REAL-FM-14.uvl,Constraints,Before reduction,original_constraints,constraints_before_after_histogram.pdf,0
dataset_20/uvl/REAL-FM-15.uvl,Constraints,Before reduction,original_constraints,constraints_before_after_histogram.pdf,3
dataset_20/uvl/REAL-FM-16.uvl,Constraints,Before reduction,original_constraints,constraints_before_after_histogram.pdf,3
dataset_20/uvl/REAL-FM-17.uvl,Constraints,Before reduction,original_constraints,constraints_before_after_histogram.pdf,4
dataset_20/uvl/REAL-FM-18.uvl,Constraints,Before reduction,original_constraints,constraints_before_after_histogram.pdf,8
dataset_20/uvl/REAL-FM-19.uvl,Constraints,Before reduction,original_constraints,constraints_before_after_histogram.pdf,8
dataset_20/uvl/REAL-FM-2.uvl,Constraints,Before reduction,original_constraints,constraints_before_after_histogram.pdf,2
dataset_20/uvl/REAL-FM-20.uvl,Constraints,Before reduction,original_constraints,constraints_before_after_histogram.pdf,0
dataset_20/uvl/REAL-FM-3.uvl,Constraints,Before reduction,original_constraints,constraints_before_after_histogram.pdf,6
dataset_20/uvl/REAL-FM-4.uvl,Constraints,Before reduction,original_constraints,constraints_before_after_histogram.pdf,20
dataset_20/uvl/REAL-FM-5.uvl,Constraints,Before reduction,original_constraints,constraints_before_after_histogram.pdf,13
dataset_20/uvl/REAL-FM-6.uvl,Constraints,Before reduction,original_constraints,constraints_before_after_histogram.pdf,2
dataset_20/uvl/REAL-FM-7.uvl,Constraints,Before reduction,original_constraints,constraints_before_after_histogram.pdf,2
dataset_20/uvl/REAL-FM-8.uvl,Constraints,Before reduction,original_constraints,constraints_before_after_histogram.pdf,1
dataset_20/uvl/REAL-FM-9.uvl,Constraints,Before reduction,original_constraints,constraints_before_after_histogram.pdf,2
dataset_20/uvl/aircraft_fm.uvl,Constraints,Before reduction,original_constraints,constraints_before_after_histogram.pdf,0
dataset_20/uvl/arcade_game_pl_fm.uvl,Constraints,Before reduction,original_constraints,constraints_before_after_histogram.pdf,34
dataset_20/uvl/car_fm.uvl,Constraints,Before reduction,original_constraints,constraints_before_after_histogram.pdf,1
dataset_20/uvl/cfdp_library_fm.uvl,Constraints,Before reduction,original_constraints,constraints_before_after_histogram.pdf,5
dataset_20/uvl/connector_fm.uvl,Constraints,Before reduction,original_constraints,constraints_before_after_histogram.pdf,0
dataset_20/uvl/fame_dbms_fm.uvl,Constraints,Before reduction,original_constraints,constraints_before_after_histogram.pdf,0
dataset_20/uvl/model_20090801_1908323193.uvl,Constraints,Before reduction,original_constraints,constraints_before_after_histogram.pdf,0
dataset_20/uvl/model_20091009_1552375070.uvl,Constraints,Before reduction,original_constraints,constraints_before_after_histogram.pdf,6
dataset_20/uvl/model_20091015_449909368.uvl,Constraints,Before reduction,original_constraints,constraints_before_after_histogram.pdf,1
dataset_20/uvl/model_20091109_376438407.uvl,Constraints,Before reduction,original_constraints,constraints_before_after_histogram.pdf,0
dataset_20/uvl/model_20091129_1734444143.uvl,Constraints,Before reduction,original_constraints,constraints_before_after_histogram.pdf,1
dataset_20/uvl/model_20091205_755658379.uvl,Constraints,Before reduction,original_constraints,constraints_before_after_histogram.pdf,2
dataset_20/uvl/model_20091206_1647557456.uvl,Constraints,Before reduction,original_constraints,constraints_before_after_histogram.pdf,0
dataset_20/uvl/model_20091210_241985787.uvl,Constraints,Before reduction,original_constraints,constraints_before_after_histogram.pdf,0
dataset_20/uvl/model_20091210_993249741.uvl,Constraints,Before reduction,original_constraints,constraints_before_after_histogram.pdf,0
dataset_20/uvl/model_20091219_494647199.uvl,Constraints,Before reduction,original_constraints,constraints_before_after_histogram.pdf,0
dataset_20/uvl/model_20091225_1547989376.uvl,Constraints,Before reduction,original_constraints,constraints_before_after_histogram.pdf,2
dataset_20/uvl/model_20100106_985255768.uvl,Constraints,Before reduction,original_constraints,constraints_before_after_histogram.pdf,0
dataset_20/uvl/model_20100213_206550190.uvl,Constraints,Before reduction,original_constraints,constraints_before_after_histogram.pdf,8
dataset_20/uvl/model_20100216_713947806.uvl,Constraints,Before reduction,original_constraints,constraints_before_after_histogram.pdf,0
dataset_20/uvl/model_20100308_1032655961.uvl,Constraints,Before reduction,original_constraints,constraints_before_after_histogram.pdf,2
dataset_20/uvl/model_20100308_1355834007.uvl,Constraints,Before reduction,original_constraints,constraints_before_after_histogram.pdf,0
dataset_20/uvl/model_20100321_1548012375.uvl,Constraints,Before reduction,original_constraints,constraints_before_after_histogram.pdf,0
dataset_20/uvl/model_20100322_955726153.uvl,Constraints,Before reduction,original_constraints,constraints_before_after_histogram.pdf,1
dataset_20/uvl/model_20100324_1996898492.uvl,Constraints,Before reduction,original_constraints,constraints_before_after_histogram.pdf,3
dataset_20/uvl/model_20100325_298677687.uvl,Constraints,Before reduction,original_constraints,constraints_before_after_histogram.pdf,0
dataset_20/uvl/model_20100326_770562654.uvl,Constraints,Before reduction,original_constraints,constraints_before_after_histogram.pdf,2
dataset_20/uvl/model_20100412_337845737.uvl,Constraints,Before reduction,original_constraints,constraints_before_after_histogram.pdf,0
dataset_20/uvl/model_20100415_240595643.uvl,Constraints,Before reduction,original_constraints,constraints_before_after_histogram.pdf,2
dataset_20/uvl/model_20100415_947132043.uvl,Constraints,Before reduction,original_constraints,constraints_before_after_histogram.pdf,7
dataset_20/uvl/model_20100416_811483774.uvl,Constraints,Before reduction,original_constraints,constraints_before_after_histogram.pdf,0
dataset_20/uvl/model_20100529_1010171189.uvl,Constraints,Before reduction,original_constraints,constraints_before_after_histogram.pdf,0
dataset_20/uvl/model_20100607_746327867.uvl,Constraints,Before reduction,original_constraints,constraints_before_after_histogram.pdf,0
dataset_20/uvl/model_20100624_2076952989.uvl,Constraints,Before reduction,original_constraints,constraints_before_after_histogram.pdf,3
dataset_20/uvl/model_20100625_251719781.uvl,Constraints,Before reduction,original_constraints,constraints_before_after_histogram.pdf,0
dataset_20/uvl/model_20100712_329430908.uvl,Constraints,Before reduction,original_constraints,constraints_before_after_histogram.pdf,0
dataset_20/uvl/model_20100719_944437142.uvl,Constraints,Before reduction,original_constraints,constraints_before_after_histogram.pdf,6
dataset_20/uvl/model_20100730_1366577700.uvl,Constraints,Before reduction,original_constraints,constraints_before_after_histogram.pdf,5
dataset_20/uvl/model_20100805_1484639410.uvl,Constraints,Before reduction,original_constraints,constraints_before_after_histogram.pdf,4
dataset_20/uvl/model_20100822_281357717.uvl,Constraints,Before reduction,original_constraints,constraints_before_after_histogram.pdf,5
dataset_20/uvl/model_20100824_837146809.uvl,Constraints,Before reduction,original_constraints,constraints_before_after_histogram.pdf,0
dataset_20/uvl/model_20100829_787258873.uvl,Constraints,Before reduction,original_constraints,constraints_before_after_histogram.pdf,0
dataset_20/uvl/model_20100830_561967343.uvl,Constraints,Before reduction,original_constraints,constraints_before_after_histogram.pdf,0
dataset_20/uvl/model_20100831_1378118837.uvl,Constraints,Before reduction,original_constraints,constraints_before_after_histogram.pdf,0
dataset_20/uvl/model_20100904_226530663.uvl,Constraints,Before reduction,original_constraints,constraints_before_after_histogram.pdf,0
dataset_20/uvl/model_20100904_330653656.uvl,Constraints,Before reduction,original_constraints,constraints_before_after_histogram.pdf,0
dataset_20/uvl/model_20100927_1382418986.uvl,Constraints,Before reduction,original_constraints,constraints_before_after_histogram.pdf,2
dataset_20/uvl/model_20101020_1809093990.uvl,Constraints,Before reduction,original_constraints,constraints_before_after_histogram.pdf,0
dataset_20/uvl/model_20101024_1938793748.uvl,Constraints,Before reduction,original_constraints,constraints_before_after_histogram.pdf,3
dataset_20/uvl/model_20101104_260803083.uvl,Constraints,Before reduction,original_constraints,constraints_before_after_histogram.pdf,0
dataset_20/uvl/model_20101109_1698100628.uvl,Constraints,Before reduction,original_constraints,constraints_before_after_histogram.pdf,0
dataset_20/uvl/model_20101110_1749898936.uvl,Constraints,Before reduction,original_constraints,constraints_before_after_histogram.pdf,4
dataset_20/uvl/model_20101111_156018899.uvl,Constraints,Before reduction,original_constraints,constraints_before_after_histogram.pdf,0
dataset_20/uvl/model_20101111_1790887308.uvl,Constraints,Before reduction,original_constraints,constraints_before_after_histogram.pdf,2
dataset_20/uvl/model_20101112_864228137.uvl,Constraints,Before reduction,original_constraints,constraints_before_after_histogram.pdf,1
dataset_20/uvl/model_20101115_2000504462.uvl,Constraints,Before reduction,original_constraints,constraints_before_after_histogram.pdf,0
dataset_20/uvl/model_20101116_1022976130.uvl,Constraints,Before reduction,original_constraints,constraints_before_after_histogram.pdf,0
dataset_20/uvl/model_20101117_1571856147.uvl,Constraints,Before reduction,original_constraints,constraints_before_after_histogram.pdf,0
dataset_20/uvl/model_20101117_2128796258.uvl,Constraints,Before reduction,original_constraints,constraints_before_after_histogram.pdf,21
dataset_20/uvl/model_20101119_1472596180.uvl,Constraints,Before reduction,original_constraints,constraints_before_after_histogram.pdf,2
dataset_20/uvl/model_20101120_2091447559.uvl,Constraints,Before reduction,original_constraints,constraints_before_after_histogram.pdf,0
dataset_20/uvl/model_20101123_920943759.uvl,Constraints,Before reduction,original_constraints,constraints_before_after_histogram.pdf,0
dataset_20/uvl/model_20101124_661702924.uvl,Constraints,Before reduction,original_constraints,constraints_before_after_histogram.pdf,3
dataset_20/uvl/model_20101208_1056693380.uvl,Constraints,Before reduction,original_constraints,constraints_before_after_histogram.pdf,0
dataset_20/uvl/model_20110116_381192414.uvl,Constraints,Before reduction,original_constraints,constraints_before_after_histogram.pdf,2
dataset_20/uvl/model_20110124_2116036381.uvl,Constraints,Before reduction,original_constraints,constraints_before_after_histogram.pdf,1
dataset_20/uvl/model_20110127_1318390760.uvl,Constraints,Before reduction,original_constraints,constraints_before_after_histogram.pdf,0
dataset_20/uvl/model_20110130_639381749.uvl,Constraints,Before reduction,original_constraints,constraints_before_after_histogram.pdf,0
dataset_20/uvl/model_20110203_1382675896.uvl,Constraints,Before reduction,original_constraints,constraints_before_after_histogram.pdf,0
dataset_20/uvl/model_20110203_2097159983.uvl,Constraints,Before reduction,original_constraints,constraints_before_after_histogram.pdf,0
dataset_20/uvl/model_20110207_906076676.uvl,Constraints,Before reduction,original_constraints,constraints_before_after_histogram.pdf,0
dataset_20/uvl/model_20110214_751339643.uvl,Constraints,Before reduction,original_constraints,constraints_before_after_histogram.pdf,84
dataset_20/uvl/model_20110216_1027109687.uvl,Constraints,Before reduction,original_constraints,constraints_before_after_histogram.pdf,4
dataset_20/uvl/model_20110216_608697455.uvl,Constraints,Before reduction,original_constraints,constraints_before_after_histogram.pdf,4
dataset_20/uvl/model_20110222_2078967171.uvl,Constraints,Before reduction,original_constraints,constraints_before_after_histogram.pdf,5
dataset_20/uvl/model_20110301_216655728.uvl,Constraints,Before reduction,original_constraints,constraints_before_after_histogram.pdf,0
dataset_20/uvl/model_20110306_314567479.uvl,Constraints,Before reduction,original_constraints,constraints_before_after_histogram.pdf,0
dataset_20/uvl/model_20110310_1849309646.uvl,Constraints,Before reduction,original_constraints,constraints_before_after_histogram.pdf,0
dataset_20/uvl/model_20110318_225131257.uvl,Constraints,Before reduction,original_constraints,constraints_before_after_histogram.pdf,4
dataset_20/uvl/model_20110323_789959080.uvl,Constraints,Before reduction,original_constraints,constraints_before_after_histogram.pdf,0
dataset_20/uvl/model_20110328_1177934440.uvl,Constraints,Before reduction,original_constraints,constraints_before_after_histogram.pdf,3
dataset_20/uvl/model_20110329_10104623.uvl,Constraints,Before reduction,original_constraints,constraints_before_after_histogram.pdf,5
dataset_20/uvl/model_20110330_919429247.uvl,Constraints,Before reduction,original_constraints,constraints_before_after_histogram.pdf,2
dataset_20/uvl/model_20110401_868452735.uvl,Constraints,Before reduction,original_constraints,constraints_before_after_histogram.pdf,0
dataset_20/uvl/model_20110406_1047532859.uvl,Constraints,Before reduction,original_constraints,constraints_before_after_histogram.pdf,3
dataset_20/uvl/model_20110406_353034837.uvl,Constraints,Before reduction,original_constraints,constraints_before_after_histogram.pdf,0
dataset_20/uvl/model_20110406_656545830.uvl,Constraints,Before reduction,original_constraints,constraints_before_after_histogram.pdf,0
dataset_20/uvl/model_20110407_1283128166.uvl,Constraints,Before reduction,original_constraints,constraints_before_after_histogram.pdf,1
dataset_20/uvl/model_20110428_1131293346.uvl,Constraints,Before reduction,original_constraints,constraints_before_after_histogram.pdf,0
dataset_20/uvl/model_20110428_553405269.uvl,Constraints,Before reduction,original_constraints,constraints_before_after_histogram.pdf,4
dataset_20/uvl/model_20110507_674768061.uvl,Constraints,Before reduction,original_constraints,constraints_before_after_histogram.pdf,17
dataset_20/uvl/model_20110516_1331478109.uvl,Constraints,Before reduction,original_constraints,constraints_before_after_histogram.pdf,59
dataset_20/uvl/model_20110519_1142211980.uvl,Constraints,Before reduction,original_constraints,constraints_before_after_histogram.pdf,0
dataset_20/uvl/model_20110519_503436691.uvl,Constraints,Before reduction,original_constraints,constraints_before_after_histogram.pdf,0
dataset_20/uvl/model_20110525_1619420630.uvl,Constraints,Before reduction,original_constraints,constraints_before_after_histogram.pdf,5
dataset_20/uvl/model_20110525_564104612.uvl,Constraints,Before reduction,original_constraints,constraints_before_after_histogram.pdf,6
dataset_20/uvl/model_20110525_928187171.uvl,Constraints,Before reduction,original_constraints,constraints_before_after_histogram.pdf,0
dataset_20/uvl/model_20110527_1847306763.uvl,Constraints,Before reduction,original_constraints,constraints_before_after_histogram.pdf,46
dataset_20/uvl/model_20110601_1103941862.uvl,Constraints,Before reduction,original_constraints,constraints_before_after_histogram.pdf,2
dataset_20/uvl/model_20110605_1465859222.uvl,Constraints,Before reduction,original_constraints,constraints_before_after_histogram.pdf,0
dataset_20/uvl/model_20110622_260389190.uvl,Constraints,Before reduction,original_constraints,constraints_before_after_histogram.pdf,0
dataset_20/uvl/model_20110704_328391695.uvl,Constraints,Before reduction,original_constraints,constraints_before_after_histogram.pdf,0
dataset_20/uvl/model_20110704_555218409.uvl,Constraints,Before reduction,original_constraints,constraints_before_after_histogram.pdf,0
dataset_20/uvl/model_20110712_1373520081.uvl,Constraints,Before reduction,original_constraints,constraints_before_after_histogram.pdf,2
dataset_20/uvl/model_20110715_945252556.uvl,Constraints,Before reduction,original_constraints,constraints_before_after_histogram.pdf,0
dataset_20/uvl/model_20110718_866950306.uvl,Constraints,Before reduction,original_constraints,constraints_before_after_histogram.pdf,0
dataset_20/uvl/model_20110722_419227445.uvl,Constraints,Before reduction,original_constraints,constraints_before_after_histogram.pdf,0
dataset_20/uvl/model_20110725_452580960.uvl,Constraints,Before reduction,original_constraints,constraints_before_after_histogram.pdf,0
dataset_20/uvl/model_20110809_1799855518.uvl,Constraints,Before reduction,original_constraints,constraints_before_after_histogram.pdf,0
dataset_20/uvl/model_20110823_1386366267.uvl,Constraints,Before reduction,original_constraints,constraints_before_after_histogram.pdf,1
dataset_20/uvl/model_20110823_553386338.uvl,Constraints,Before reduction,original_constraints,constraints_before_after_histogram.pdf,0
dataset_20/uvl/model_20110826_1180494500.uvl,Constraints,Before reduction,original_constraints,constraints_before_after_histogram.pdf,0
dataset_20/uvl/model_20110826_1555954181.uvl,Constraints,Before reduction,original_constraints,constraints_before_after_histogram.pdf,0
dataset_20/uvl/model_20110826_1574631601.uvl,Constraints,Before reduction,original_constraints,constraints_before_after_histogram.pdf,4
dataset_20/uvl/model_20110826_1744501275.uvl,Constraints,Before reduction,original_constraints,constraints_before_after_histogram.pdf,0
dataset_20/uvl/model_20110826_252647654.uvl,Constraints,Before reduction,original_constraints,constraints_before_after_histogram.pdf,0
dataset_20/uvl/model_20110826_819334011.uvl,Constraints,Before reduction,original_constraints,constraints_before_after_histogram.pdf,0
dataset_20/uvl/model_20110915_1159959623.uvl,Constraints,Before reduction,original_constraints,constraints_before_after_histogram.pdf,2
dataset_20/uvl/model_20110919_127780100.uvl,Constraints,Before reduction,original_constraints,constraints_before_after_histogram.pdf,6
dataset_20/uvl/model_20110925_62365838.uvl,Constraints,Before reduction,original_constraints,constraints_before_after_histogram.pdf,0
dataset_20/uvl/model_20110926_400852996.uvl,Constraints,Before reduction,original_constraints,constraints_before_after_histogram.pdf,1
dataset_20/uvl/model_20110926_608554224.uvl,Constraints,Before reduction,original_constraints,constraints_before_after_histogram.pdf,2
dataset_20/uvl/model_20111020_455520177.uvl,Constraints,Before reduction,original_constraints,constraints_before_after_histogram.pdf,0
dataset_20/uvl/model_20111025_1408959776.uvl,Constraints,Before reduction,original_constraints,constraints_before_after_histogram.pdf,0
dataset_20/uvl/model_20111027_1380540076.uvl,Constraints,Before reduction,original_constraints,constraints_before_after_histogram.pdf,0
dataset_20/uvl/model_20111027_668940289.uvl,Constraints,Before reduction,original_constraints,constraints_before_after_histogram.pdf,4
dataset_20/uvl/model_20111027_966072474.uvl,Constraints,Before reduction,original_constraints,constraints_before_after_histogram.pdf,0
dataset_20/uvl/model_20111029_1654942500.uvl,Constraints,Before reduction,original_constraints,constraints_before_after_histogram.pdf,6
dataset_20/uvl/model_20111031_386778867.uvl,Constraints,Before reduction,original_constraints,constraints_before_after_histogram.pdf,0
dataset_20/uvl/model_20111111_1026730216.uvl,Constraints,Before reduction,original_constraints,constraints_before_after_histogram.pdf,0
dataset_20/uvl/model_20111129_1932950448.uvl,Constraints,Before reduction,original_constraints,constraints_before_after_histogram.pdf,0
dataset_20/uvl/model_20111130_1614470655.uvl,Constraints,Before reduction,original_constraints,constraints_before_after_histogram.pdf,0
dataset_20/uvl/model_20111201_1252018702.uvl,Constraints,Before reduction,original_constraints,constraints_before_after_histogram.pdf,2
dataset_20/uvl/model_20111201_372659565.uvl,Constraints,Before reduction,original_constraints,constraints_before_after_histogram.pdf,0
dataset_20/uvl/model_20111214_733452875.uvl,Constraints,Before reduction,original_constraints,constraints_before_after_histogram.pdf,0
dataset_20/uvl/model_20111220_1184087779.uvl,Constraints,Before reduction,original_constraints,constraints_before_after_histogram.pdf,1
dataset_20/uvl/model_20111220_1450733948.uvl,Constraints,Before reduction,original_constraints,constraints_before_after_histogram.pdf,0
dataset_20/uvl/model_20120109_1808102333.uvl,Constraints,Before reduction,original_constraints,constraints_before_after_histogram.pdf,2
dataset_20/uvl/model_20120110_1094246588.uvl,Constraints,Before reduction,original_constraints,constraints_before_after_histogram.pdf,2
dataset_20/uvl/model_20120110_1256867454.uvl,Constraints,Before reduction,original_constraints,constraints_before_after_histogram.pdf,2
dataset_20/uvl/model_20120110_139114401.uvl,Constraints,Before reduction,original_constraints,constraints_before_after_histogram.pdf,2
dataset_20/uvl/model_20120110_1719396361.uvl,Constraints,Before reduction,original_constraints,constraints_before_after_histogram.pdf,2
dataset_20/uvl/model_20120110_1754443954.uvl,Constraints,Before reduction,original_constraints,constraints_before_after_histogram.pdf,1
dataset_20/uvl/model_20120110_855603964.uvl,Constraints,Before reduction,original_constraints,constraints_before_after_histogram.pdf,2
dataset_20/uvl/model_20120111_1667229430.uvl,Constraints,Before reduction,original_constraints,constraints_before_after_histogram.pdf,2
dataset_20/uvl/model_20120113_1803352101.uvl,Constraints,Before reduction,original_constraints,constraints_before_after_histogram.pdf,2
dataset_20/uvl/model_20120113_1950870026.uvl,Constraints,Before reduction,original_constraints,constraints_before_after_histogram.pdf,1
dataset_20/uvl/model_20120122_258977494.uvl,Constraints,Before reduction,original_constraints,constraints_before_after_histogram.pdf,5
dataset_20/uvl/model_20120124_94644767.uvl,Constraints,Before reduction,original_constraints,constraints_before_after_histogram.pdf,0
dataset_20/uvl/model_20120130_333619036.uvl,Constraints,Before reduction,original_constraints,constraints_before_after_histogram.pdf,0
dataset_20/uvl/model_20120201_1444061231.uvl,Constraints,Before reduction,original_constraints,constraints_before_after_histogram.pdf,11
dataset_20/uvl/model_20120201_865979127.uvl,Constraints,Before reduction,original_constraints,constraints_before_after_histogram.pdf,17
dataset_20/uvl/model_20120201_899753062.uvl,Constraints,Before reduction,original_constraints,constraints_before_after_histogram.pdf,17
dataset_20/uvl/model_20120202_114979109.uvl,Constraints,Before reduction,original_constraints,constraints_before_after_histogram.pdf,5
dataset_20/uvl/model_20120202_1596034358.uvl,Constraints,Before reduction,original_constraints,constraints_before_after_histogram.pdf,1
dataset_20/uvl/model_20120205_24117969.uvl,Constraints,Before reduction,original_constraints,constraints_before_after_histogram.pdf,0
dataset_20/uvl/model_20120229_1103715736.uvl,Constraints,Before reduction,original_constraints,constraints_before_after_histogram.pdf,0
dataset_20/uvl/model_20120314_1438691117.uvl,Constraints,Before reduction,original_constraints,constraints_before_after_histogram.pdf,0
dataset_20/uvl/model_20120328_1227899142.uvl,Constraints,Before reduction,original_constraints,constraints_before_after_histogram.pdf,2
dataset_20/uvl/model_20120328_1309817018.uvl,Constraints,Before reduction,original_constraints,constraints_before_after_histogram.pdf,0
dataset_20/uvl/model_20120328_1357539597.uvl,Constraints,Before reduction,original_constraints,constraints_before_after_histogram.pdf,1
dataset_20/uvl/model_20120328_1373483522.uvl,Constraints,Before reduction,original_constraints,constraints_before_after_histogram.pdf,2
dataset_20/uvl/model_20120328_1412454948.uvl,Constraints,Before reduction,original_constraints,constraints_before_after_histogram.pdf,0
dataset_20/uvl/model_20120328_1667195252.uvl,Constraints,Before reduction,original_constraints,constraints_before_after_histogram.pdf,1
dataset_20/uvl/model_20120328_1814590478.uvl,Constraints,Before reduction,original_constraints,constraints_before_after_histogram.pdf,0
dataset_20/uvl/model_20120328_1974817485.uvl,Constraints,Before reduction,original_constraints,constraints_before_after_histogram.pdf,0
dataset_20/uvl/model_20120328_288933955.uvl,Constraints,Before reduction,original_constraints,constraints_before_after_histogram.pdf,3
dataset_20/uvl/model_20120328_361613983.uvl,Constraints,Before reduction,original_constraints,constraints_before_after_histogram.pdf,2
dataset_20/uvl/model_20120328_523540818.uvl,Constraints,Before reduction,original_constraints,constraints_before_after_histogram.pdf,0
dataset_20/uvl/model_20120328_573707444.uvl,Constraints,Before reduction,original_constraints,constraints_before_after_histogram.pdf,1
dataset_20/uvl/model_20120328_593032745.uvl,Constraints,Before reduction,original_constraints,constraints_before_after_histogram.pdf,0
dataset_20/uvl/model_20120328_663906927.uvl,Constraints,Before reduction,original_constraints,constraints_before_after_histogram.pdf,1
dataset_20/uvl/model_20120328_794090001.uvl,Constraints,Before reduction,original_constraints,constraints_before_after_histogram.pdf,0
dataset_20/uvl/model_20120328_810464459.uvl,Constraints,Before reduction,original_constraints,constraints_before_after_histogram.pdf,0
dataset_20/uvl/model_20120329_788560154.uvl,Constraints,Before reduction,original_constraints,constraints_before_after_histogram.pdf,0
dataset_20/uvl/model_20120408_404695779.uvl,Constraints,Before reduction,original_constraints,constraints_before_after_histogram.pdf,1
dataset_20/uvl/model_20120411_196667302.uvl,Constraints,Before reduction,original_constraints,constraints_before_after_histogram.pdf,3
dataset_20/uvl/model_20120412_1314362396.uvl,Constraints,Before reduction,original_constraints,constraints_before_after_histogram.pdf,0
dataset_20/uvl/model_20120418_828883554.uvl,Constraints,Before reduction,original_constraints,constraints_before_after_histogram.pdf,0
dataset_20/uvl/model_20120419_1397354511.uvl,Constraints,Before reduction,original_constraints,constraints_before_after_histogram.pdf,2
dataset_20/uvl/model_20120422_1648870831.uvl,Constraints,Before reduction,original_constraints,constraints_before_after_histogram.pdf,2
dataset_20/uvl/model_20120422_2100930135.uvl,Constraints,Before reduction,original_constraints,constraints_before_after_histogram.pdf,4
dataset_20/uvl/model_20120423_1196408273.uvl,Constraints,Before reduction,original_constraints,constraints_before_after_histogram.pdf,0
dataset_20/uvl/model_20120423_1625073325.uvl,Constraints,Before reduction,original_constraints,constraints_before_after_histogram.pdf,0
dataset_20/uvl/model_20120424_1703152596.uvl,Constraints,Before reduction,original_constraints,constraints_before_after_histogram.pdf,0
dataset_20/uvl/model_20120425_1998125226.uvl,Constraints,Before reduction,original_constraints,constraints_before_after_histogram.pdf,0
dataset_20/uvl/model_20120510_220834497.uvl,Constraints,Before reduction,original_constraints,constraints_before_after_histogram.pdf,0
dataset_20/uvl/model_20120512_712347860.uvl,Constraints,Before reduction,original_constraints,constraints_before_after_histogram.pdf,0
dataset_20/uvl/model_20120513_373795895.uvl,Constraints,Before reduction,original_constraints,constraints_before_after_histogram.pdf,0
dataset_20/uvl/model_20120515_1862354569.uvl,Constraints,Before reduction,original_constraints,constraints_before_after_histogram.pdf,1
dataset_20/uvl/model_20120522_87989914.uvl,Constraints,Before reduction,original_constraints,constraints_before_after_histogram.pdf,20
dataset_20/uvl/model_20120528_1294065815.uvl,Constraints,Before reduction,original_constraints,constraints_before_after_histogram.pdf,0
dataset_20/uvl/model_20120529_2101702978.uvl,Constraints,Before reduction,original_constraints,constraints_before_after_histogram.pdf,23
dataset_20/uvl/model_20120531_2078087379.uvl,Constraints,Before reduction,original_constraints,constraints_before_after_histogram.pdf,3
dataset_20/uvl/model_20120609_84195762.uvl,Constraints,Before reduction,original_constraints,constraints_before_after_histogram.pdf,0
dataset_20/uvl/model_20120627_1512389149.uvl,Constraints,Before reduction,original_constraints,constraints_before_after_histogram.pdf,2
dataset_20/uvl/model_20120701_1498696792.uvl,Constraints,Before reduction,original_constraints,constraints_before_after_histogram.pdf,0
dataset_20/uvl/model_20120701_899073101.uvl,Constraints,Before reduction,original_constraints,constraints_before_after_histogram.pdf,0
dataset_20/uvl/model_20120705_77954373.uvl,Constraints,Before reduction,original_constraints,constraints_before_after_histogram.pdf,0
dataset_20/uvl/model_20120710_919309758.uvl,Constraints,Before reduction,original_constraints,constraints_before_after_histogram.pdf,0
dataset_20/uvl/model_20120717_770767926.uvl,Constraints,Before reduction,original_constraints,constraints_before_after_histogram.pdf,0
dataset_20/uvl/model_20120718_813832704.uvl,Constraints,Before reduction,original_constraints,constraints_before_after_histogram.pdf,1
dataset_20/uvl/model_20120722_2065280700.uvl,Constraints,Before reduction,original_constraints,constraints_before_after_histogram.pdf,1
dataset_20/uvl/model_20120725_1460954667.uvl,Constraints,Before reduction,original_constraints,constraints_before_after_histogram.pdf,1
dataset_20/uvl/model_20120728_275737618.uvl,Constraints,Before reduction,original_constraints,constraints_before_after_histogram.pdf,0
dataset_20/uvl/model_20120731_787433291.uvl,Constraints,Before reduction,original_constraints,constraints_before_after_histogram.pdf,3
dataset_20/uvl/model_20120801_1784537083.uvl,Constraints,Before reduction,original_constraints,constraints_before_after_histogram.pdf,0
dataset_20/uvl/model_20120806_904481092.uvl,Constraints,Before reduction,original_constraints,constraints_before_after_histogram.pdf,1
dataset_20/uvl/model_20120822_650185552.uvl,Constraints,Before reduction,original_constraints,constraints_before_after_histogram.pdf,6
dataset_20/uvl/model_20120823_304633016.uvl,Constraints,Before reduction,original_constraints,constraints_before_after_histogram.pdf,7
dataset_20/uvl/model_20120824_761159432.uvl,Constraints,Before reduction,original_constraints,constraints_before_after_histogram.pdf,4
dataset_20/uvl/model_20120828_1516795545.uvl,Constraints,Before reduction,original_constraints,constraints_before_after_histogram.pdf,0
dataset_20/uvl/model_20120829_1418879889.uvl,Constraints,Before reduction,original_constraints,constraints_before_after_histogram.pdf,0
dataset_20/uvl/model_20120829_191972511.uvl,Constraints,Before reduction,original_constraints,constraints_before_after_histogram.pdf,46
dataset_20/uvl/model_20120829_28461699.uvl,Constraints,Before reduction,original_constraints,constraints_before_after_histogram.pdf,2
dataset_20/uvl/model_20120829_881090911.uvl,Constraints,Before reduction,original_constraints,constraints_before_after_histogram.pdf,0
dataset_20/uvl/model_20120902_865058601.uvl,Constraints,Before reduction,original_constraints,constraints_before_after_histogram.pdf,0
dataset_20/uvl/model_20120904_1604580471.uvl,Constraints,Before reduction,original_constraints,constraints_before_after_histogram.pdf,0
dataset_20/uvl/model_20120905_104354355.uvl,Constraints,Before reduction,original_constraints,constraints_before_after_histogram.pdf,0
dataset_20/uvl/model_20120909_341305614.uvl,Constraints,Before reduction,original_constraints,constraints_before_after_histogram.pdf,2
dataset_20/uvl/model_20120915_487659597.uvl,Constraints,Before reduction,original_constraints,constraints_before_after_histogram.pdf,1
dataset_20/uvl/model_20120920_383492576.uvl,Constraints,Before reduction,original_constraints,constraints_before_after_histogram.pdf,1
dataset_20/uvl/model_20121015_1348696629.uvl,Constraints,Before reduction,original_constraints,constraints_before_after_histogram.pdf,1
dataset_20/uvl/model_20121017_2007593800.uvl,Constraints,Before reduction,original_constraints,constraints_before_after_histogram.pdf,0
dataset_20/uvl/model_20121018_1186774722.uvl,Constraints,Before reduction,original_constraints,constraints_before_after_histogram.pdf,0
dataset_20/uvl/model_20121018_1495134161.uvl,Constraints,Before reduction,original_constraints,constraints_before_after_histogram.pdf,0
dataset_20/uvl/model_20121018_1550648286.uvl,Constraints,Before reduction,original_constraints,constraints_before_after_histogram.pdf,0
dataset_20/uvl/model_20121018_1578042435.uvl,Constraints,Before reduction,original_constraints,constraints_before_after_histogram.pdf,0
dataset_20/uvl/model_20121018_1639434192.uvl,Constraints,Before reduction,original_constraints,constraints_before_after_histogram.pdf,0
dataset_20/uvl/model_20121018_1701181193.uvl,Constraints,Before reduction,original_constraints,constraints_before_after_histogram.pdf,0
dataset_20/uvl/model_20121018_1875808662.uvl,Constraints,Before reduction,original_constraints,constraints_before_after_histogram.pdf,0
dataset_20/uvl/model_20121018_1970318852.uvl,Constraints,Before reduction,original_constraints,constraints_before_after_histogram.pdf,0
dataset_20/uvl/model_20121018_201916182.uvl,Constraints,Before reduction,original_constraints,constraints_before_after_histogram.pdf,0
dataset_20/uvl/model_20121018_242475712.uvl,Constraints,Before reduction,original_constraints,constraints_before_after_histogram.pdf,0
dataset_20/uvl/model_20121018_271963732.uvl,Constraints,Before reduction,original_constraints,constraints_before_after_histogram.pdf,0
dataset_20/uvl/model_20121018_436901160.uvl,Constraints,Before reduction,original_constraints,constraints_before_after_histogram.pdf,0
dataset_20/uvl/model_20121018_795335675.uvl,Constraints,Before reduction,original_constraints,constraints_before_after_histogram.pdf,0
dataset_20/uvl/model_20121018_820869482.uvl,Constraints,Before reduction,original_constraints,constraints_before_after_histogram.pdf,0
dataset_20/uvl/model_20121018_880874071.uvl,Constraints,Before reduction,original_constraints,constraints_before_after_histogram.pdf,0
dataset_20/uvl/model_20121019_1128529660.uvl,Constraints,Before reduction,original_constraints,constraints_before_after_histogram.pdf,0
dataset_20/uvl/model_20121023_1328975384.uvl,Constraints,Before reduction,original_constraints,constraints_before_after_histogram.pdf,0
dataset_20/uvl/model_20121023_356761254.uvl,Constraints,Before reduction,original_constraints,constraints_before_after_histogram.pdf,0
dataset_20/uvl/model_20121025_1453237615.uvl,Constraints,Before reduction,original_constraints,constraints_before_after_histogram.pdf,0
dataset_20/uvl/model_20121025_1656878048.uvl,Constraints,Before reduction,original_constraints,constraints_before_after_histogram.pdf,0
dataset_20/uvl/model_20121026_334751192.uvl,Constraints,Before reduction,original_constraints,constraints_before_after_histogram.pdf,0
dataset_20/uvl/model_20121102_443205816.uvl,Constraints,Before reduction,original_constraints,constraints_before_after_histogram.pdf,0
dataset_20/uvl/model_20121102_768518520.uvl,Constraints,Before reduction,original_constraints,constraints_before_after_histogram.pdf,0
dataset_20/uvl/model_20121106_1816491064.uvl,Constraints,Before reduction,original_constraints,constraints_before_after_histogram.pdf,0
dataset_20/uvl/model_20121123_1014773113.uvl,Constraints,Before reduction,original_constraints,constraints_before_after_histogram.pdf,1
dataset_20/uvl/model_20121123_1047250318.uvl,Constraints,Before reduction,original_constraints,constraints_before_after_histogram.pdf,2
dataset_20/uvl/model_20121123_1266693931.uvl,Constraints,Before reduction,original_constraints,constraints_before_after_histogram.pdf,0
dataset_20/uvl/model_20121123_1445508018.uvl,Constraints,Before reduction,original_constraints,constraints_before_after_histogram.pdf,0
dataset_20/uvl/model_20121123_1588832561.uvl,Constraints,Before reduction,original_constraints,constraints_before_after_histogram.pdf,0
dataset_20/uvl/model_20121123_1668268132.uvl,Constraints,Before reduction,original_constraints,constraints_before_after_histogram.pdf,2
dataset_20/uvl/model_20121123_1672558767.uvl,Constraints,Before reduction,original_constraints,constraints_before_after_histogram.pdf,2
dataset_20/uvl/model_20121123_1692800929.uvl,Constraints,Before reduction,original_constraints,constraints_before_after_histogram.pdf,1
dataset_20/uvl/model_20121123_1807427529.uvl,Constraints,Before reduction,original_constraints,constraints_before_after_histogram.pdf,1
dataset_20/uvl/model_20121123_2085968892.uvl,Constraints,Before reduction,original_constraints,constraints_before_after_histogram.pdf,0
dataset_20/uvl/model_20121123_388334786.uvl,Constraints,Before reduction,original_constraints,constraints_before_after_histogram.pdf,2
dataset_20/uvl/model_20121123_638033800.uvl,Constraints,Before reduction,original_constraints,constraints_before_after_histogram.pdf,0
dataset_20/uvl/model_20121123_913179730.uvl,Constraints,Before reduction,original_constraints,constraints_before_after_histogram.pdf,1
dataset_20/uvl/model_20121212_1167666293.uvl,Constraints,Before reduction,original_constraints,constraints_before_after_histogram.pdf,2
dataset_20/uvl/model_20121212_425431925.uvl,Constraints,Before reduction,original_constraints,constraints_before_after_histogram.pdf,0
dataset_20/uvl/model_20121213_681234650.uvl,Constraints,Before reduction,original_constraints,constraints_before_after_histogram.pdf,0
dataset_20/uvl/model_20121214_211817376.uvl,Constraints,Before reduction,original_constraints,constraints_before_after_histogram.pdf,2
dataset_20/uvl/model_20121219_1714348674.uvl,Constraints,Before reduction,original_constraints,constraints_before_after_histogram.pdf,0
dataset_20/uvl/model_20121219_629525870.uvl,Constraints,Before reduction,original_constraints,constraints_before_after_histogram.pdf,9
dataset_20/uvl/model_20130105_1019508207.uvl,Constraints,Before reduction,original_constraints,constraints_before_after_histogram.pdf,4
dataset_20/uvl/model_20130106_749900457.uvl,Constraints,Before reduction,original_constraints,constraints_before_after_histogram.pdf,0
dataset_20/uvl/model_20130115_768867592.uvl,Constraints,Before reduction,original_constraints,constraints_before_after_histogram.pdf,1
dataset_20/uvl/model_20130116_1542765516.uvl,Constraints,Before reduction,original_constraints,constraints_before_after_histogram.pdf,0
dataset_20/uvl/model_20130116_382639902.uvl,Constraints,Before reduction,original_constraints,constraints_before_after_histogram.pdf,9
dataset_20/uvl/model_20130117_2075912065.uvl,Constraints,Before reduction,original_constraints,constraints_before_after_histogram.pdf,5
dataset_20/uvl/model_20130121_710180273.uvl,Constraints,Before reduction,original_constraints,constraints_before_after_histogram.pdf,3
dataset_20/uvl/model_20130122_1064508817.uvl,Constraints,Before reduction,original_constraints,constraints_before_after_histogram.pdf,7
dataset_20/uvl/model_20130122_243381566.uvl,Constraints,Before reduction,original_constraints,constraints_before_after_histogram.pdf,0
dataset_20/uvl/model_20130122_92211527.uvl,Constraints,Before reduction,original_constraints,constraints_before_after_histogram.pdf,7
dataset_20/uvl/model_20130123_686198065.uvl,Constraints,Before reduction,original_constraints,constraints_before_after_histogram.pdf,0
dataset_20/uvl/model_20130125_189285641.uvl,Constraints,Before reduction,original_constraints,constraints_before_after_histogram.pdf,1
dataset_20/uvl/model_20130219_1778040846.uvl,Constraints,Before reduction,original_constraints,constraints_before_after_histogram.pdf,0
dataset_20/uvl/model_20130220_406091727.uvl,Constraints,Before reduction,original_constraints,constraints_before_after_histogram.pdf,5
dataset_20/uvl/model_20130224_1469220523.uvl,Constraints,Before reduction,original_constraints,constraints_before_after_histogram.pdf,0
dataset_20/uvl/model_20130226_1908057354.uvl,Constraints,Before reduction,original_constraints,constraints_before_after_histogram.pdf,3
dataset_20/uvl/model_20130302_1361528923.uvl,Constraints,Before reduction,original_constraints,constraints_before_after_histogram.pdf,3
dataset_20/uvl/model_20130302_379367837.uvl,Constraints,Before reduction,original_constraints,constraints_before_after_histogram.pdf,1
dataset_20/uvl/model_20130305_204544380.uvl,Constraints,Before reduction,original_constraints,constraints_before_after_histogram.pdf,2
dataset_20/uvl/model_20130305_522520932.uvl,Constraints,Before reduction,original_constraints,constraints_before_after_histogram.pdf,3
dataset_20/uvl/model_20130307_609838668.uvl,Constraints,Before reduction,original_constraints,constraints_before_after_histogram.pdf,4
dataset_20/uvl/model_20130309_1354780318.uvl,Constraints,Before reduction,original_constraints,constraints_before_after_histogram.pdf,0
dataset_20/uvl/model_20130311_1184229274.uvl,Constraints,Before reduction,original_constraints,constraints_before_after_histogram.pdf,0
dataset_20/uvl/model_20130324_1541392486.uvl,Constraints,Before reduction,original_constraints,constraints_before_after_histogram.pdf,0
dataset_20/uvl/model_20130410_2115212559.uvl,Constraints,Before reduction,original_constraints,constraints_before_after_histogram.pdf,0
dataset_20/uvl/model_20130414_861625706.uvl,Constraints,Before reduction,original_constraints,constraints_before_after_histogram.pdf,0
dataset_20/uvl/model_20130418_1158438101.uvl,Constraints,Before reduction,original_constraints,constraints_before_after_histogram.pdf,2
dataset_20/uvl/model_20130418_1960440366.uvl,Constraints,Before reduction,original_constraints,constraints_before_after_histogram.pdf,4
dataset_20/uvl/model_20130422_1348727660.uvl,Constraints,Before reduction,original_constraints,constraints_before_after_histogram.pdf,0
dataset_20/uvl/model_20130422_139902368.uvl,Constraints,Before reduction,original_constraints,constraints_before_after_histogram.pdf,0
dataset_20/uvl/model_20130426_1685243628.uvl,Constraints,Before reduction,original_constraints,constraints_before_after_histogram.pdf,0
dataset_20/uvl/model_20130508_1842381745.uvl,Constraints,Before reduction,original_constraints,constraints_before_after_histogram.pdf,0
dataset_20/uvl/model_20130510_203163945.uvl,Constraints,Before reduction,original_constraints,constraints_before_after_histogram.pdf,0
dataset_20/uvl/model_20130522_1326579656.uvl,Constraints,Before reduction,original_constraints,constraints_before_after_histogram.pdf,0
dataset_20/uvl/model_20130522_2044729096.uvl,Constraints,Before reduction,original_constraints,constraints_before_after_histogram.pdf,0
dataset_20/uvl/model_20130529_1162054266.uvl,Constraints,Before reduction,original_constraints,constraints_before_after_histogram.pdf,1
dataset_20/uvl/model_20130529_1165512118.uvl,Constraints,Before reduction,original_constraints,constraints_before_after_histogram.pdf,0
dataset_20/uvl/model_20130529_1187431770.uvl,Constraints,Before reduction,original_constraints,constraints_before_after_histogram.pdf,1
dataset_20/uvl/model_20130529_167247656.uvl,Constraints,Before reduction,original_constraints,constraints_before_after_histogram.pdf,1
dataset_20/uvl/model_20130529_1911302663.uvl,Constraints,Before reduction,original_constraints,constraints_before_after_histogram.pdf,1
dataset_20/uvl/model_20130529_2135483929.uvl,Constraints,Before reduction,original_constraints,constraints_before_after_histogram.pdf,2
dataset_20/uvl/model_20130529_51708559.uvl,Constraints,Before reduction,original_constraints,constraints_before_after_histogram.pdf,2
dataset_20/uvl/model_20130529_552715089.uvl,Constraints,Before reduction,original_constraints,constraints_before_after_histogram.pdf,1
dataset_20/uvl/model_20130604_1500555803.uvl,Constraints,Before reduction,original_constraints,constraints_before_after_histogram.pdf,0
dataset_20/uvl/model_20130619_405989942.uvl,Constraints,Before reduction,original_constraints,constraints_before_after_histogram.pdf,0
dataset_20/uvl/model_20130621_2143921379.uvl,Constraints,Before reduction,original_constraints,constraints_before_after_histogram.pdf,5
dataset_20/uvl/model_20130627_888588099.uvl,Constraints,Before reduction,original_constraints,constraints_before_after_histogram.pdf,0
dataset_20/uvl/model_20130703_1107240012.uvl,Constraints,Before reduction,original_constraints,constraints_before_after_histogram.pdf,2
dataset_20/uvl/model_20130716_384525556.uvl,Constraints,Before reduction,original_constraints,constraints_before_after_histogram.pdf,0
dataset_20/uvl/model_20130722_443972122.uvl,Constraints,Before reduction,original_constraints,constraints_before_after_histogram.pdf,0
dataset_20/uvl/model_20130725_1746580783.uvl,Constraints,Before reduction,original_constraints,constraints_before_after_histogram.pdf,1
dataset_20/uvl/model_20130725_1929838118.uvl,Constraints,Before reduction,original_constraints,constraints_before_after_histogram.pdf,0
dataset_20/uvl/model_20130725_608010428.uvl,Constraints,Before reduction,original_constraints,constraints_before_after_histogram.pdf,0
dataset_20/uvl/model_20130726_597280131.uvl,Constraints,Before reduction,original_constraints,constraints_before_after_histogram.pdf,7
dataset_20/uvl/model_20130731_2029107317.uvl,Constraints,Before reduction,original_constraints,constraints_before_after_histogram.pdf,0
dataset_20/uvl/model_20130807_1787614695.uvl,Constraints,Before reduction,original_constraints,constraints_before_after_histogram.pdf,0
dataset_20/uvl/model_20130808_465499656.uvl,Constraints,Before reduction,original_constraints,constraints_before_after_histogram.pdf,0
dataset_20/uvl/model_20130809_353548541.uvl,Constraints,Before reduction,original_constraints,constraints_before_after_histogram.pdf,0
dataset_20/uvl/model_20130811_391981530.uvl,Constraints,Before reduction,original_constraints,constraints_before_after_histogram.pdf,11
dataset_20/uvl/model_20130812_1882708509.uvl,Constraints,Before reduction,original_constraints,constraints_before_after_histogram.pdf,10
dataset_20/uvl/model_20130812_690840910.uvl,Constraints,Before reduction,original_constraints,constraints_before_after_histogram.pdf,6
dataset_20/uvl/model_20130815_1890929461.uvl,Constraints,Before reduction,original_constraints,constraints_before_after_histogram.pdf,11
dataset_20/uvl/model_20130818_278315719.uvl,Constraints,Before reduction,original_constraints,constraints_before_after_histogram.pdf,0
dataset_20/uvl/model_20130820_1465112187.uvl,Constraints,Before reduction,original_constraints,constraints_before_after_histogram.pdf,0
dataset_20/uvl/model_20130821_1446947208.uvl,Constraints,Before reduction,original_constraints,constraints_before_after_histogram.pdf,0
dataset_20/uvl/model_20130821_361829065.uvl,Constraints,Before reduction,original_constraints,constraints_before_after_histogram.pdf,0
dataset_20/uvl/model_20130821_470005647.uvl,Constraints,Before reduction,original_constraints,constraints_before_after_histogram.pdf,0
dataset_20/uvl/model_20130908_1057721135.uvl,Constraints,Before reduction,original_constraints,constraints_before_after_histogram.pdf,0
dataset_20/uvl/model_20130908_1070185514.uvl,Constraints,Before reduction,original_constraints,constraints_before_after_histogram.pdf,181
dataset_20/uvl/model_20130908_2094539725.uvl,Constraints,Before reduction,original_constraints,constraints_before_after_histogram.pdf,0
dataset_20/uvl/model_20130911_2001583567.uvl,Constraints,Before reduction,original_constraints,constraints_before_after_histogram.pdf,0
dataset_20/uvl/model_20130916_1001858303.uvl,Constraints,Before reduction,original_constraints,constraints_before_after_histogram.pdf,2
dataset_20/uvl/model_20130916_1112744253.uvl,Constraints,Before reduction,original_constraints,constraints_before_after_histogram.pdf,2
dataset_20/uvl/model_20130916_1448418245.uvl,Constraints,Before reduction,original_constraints,constraints_before_after_histogram.pdf,2
dataset_20/uvl/model_20130916_1467348272.uvl,Constraints,Before reduction,original_constraints,constraints_before_after_histogram.pdf,2
dataset_20/uvl/model_20130916_156611854.uvl,Constraints,Before reduction,original_constraints,constraints_before_after_histogram.pdf,0
dataset_20/uvl/model_20130916_1649901124.uvl,Constraints,Before reduction,original_constraints,constraints_before_after_histogram.pdf,0
dataset_20/uvl/model_20130916_1894002979.uvl,Constraints,Before reduction,original_constraints,constraints_before_after_histogram.pdf,1
dataset_20/uvl/model_20130916_1980915056.uvl,Constraints,Before reduction,original_constraints,constraints_before_after_histogram.pdf,2
dataset_20/uvl/model_20130916_1983257725.uvl,Constraints,Before reduction,original_constraints,constraints_before_after_histogram.pdf,0
dataset_20/uvl/model_20130916_2072761889.uvl,Constraints,Before reduction,original_constraints,constraints_before_after_histogram.pdf,2
dataset_20/uvl/model_20130916_302923469.uvl,Constraints,Before reduction,original_constraints,constraints_before_after_histogram.pdf,2
dataset_20/uvl/model_20130916_330769314.uvl,Constraints,Before reduction,original_constraints,constraints_before_after_histogram.pdf,1
dataset_20/uvl/model_20130916_552778902.uvl,Constraints,Before reduction,original_constraints,constraints_before_after_histogram.pdf,1
dataset_20/uvl/model_20130916_667715515.uvl,Constraints,Before reduction,original_constraints,constraints_before_after_histogram.pdf,1
dataset_20/uvl/model_20130916_882364260.uvl,Constraints,Before reduction,original_constraints,constraints_before_after_histogram.pdf,2
dataset_20/uvl/model_20130916_894347834.uvl,Constraints,Before reduction,original_constraints,constraints_before_after_histogram.pdf,2
dataset_20/uvl/model_20130917_1805517149.uvl,Constraints,Before reduction,original_constraints,constraints_before_after_histogram.pdf,4
dataset_20/uvl/model_20130917_737900063.uvl,Constraints,Before reduction,original_constraints,constraints_before_after_histogram.pdf,4
dataset_20/uvl/model_20131016_1224723724.uvl,Constraints,Before reduction,original_constraints,constraints_before_after_histogram.pdf,2
dataset_20/uvl/model_20131028_1719041666.uvl,Constraints,Before reduction,original_constraints,constraints_before_after_histogram.pdf,0
dataset_20/uvl/model_20131109_2060894287.uvl,Constraints,Before reduction,original_constraints,constraints_before_after_histogram.pdf,3
dataset_20/uvl/model_20131111_1434736548.uvl,Constraints,Before reduction,original_constraints,constraints_before_after_histogram.pdf,3
dataset_20/uvl/model_20131111_1486670620.uvl,Constraints,Before reduction,original_constraints,constraints_before_after_histogram.pdf,0
dataset_20/uvl/model_20131112_1165253679.uvl,Constraints,Before reduction,original_constraints,constraints_before_after_histogram.pdf,0
dataset_20/uvl/model_20131112_1191150070.uvl,Constraints,Before reduction,original_constraints,constraints_before_after_histogram.pdf,1
dataset_20/uvl/model_20131112_1315617761.uvl,Constraints,Before reduction,original_constraints,constraints_before_after_histogram.pdf,6
dataset_20/uvl/model_20131112_1353790761.uvl,Constraints,Before reduction,original_constraints,constraints_before_after_histogram.pdf,0
dataset_20/uvl/model_20131112_1399418967.uvl,Constraints,Before reduction,original_constraints,constraints_before_after_histogram.pdf,0
dataset_20/uvl/model_20131112_1591180910.uvl,Constraints,Before reduction,original_constraints,constraints_before_after_histogram.pdf,0
dataset_20/uvl/model_20131112_1592384504.uvl,Constraints,Before reduction,original_constraints,constraints_before_after_histogram.pdf,0
dataset_20/uvl/model_20131112_1617262618.uvl,Constraints,Before reduction,original_constraints,constraints_before_after_histogram.pdf,0
dataset_20/uvl/model_20131112_1630582425.uvl,Constraints,Before reduction,original_constraints,constraints_before_after_histogram.pdf,0
dataset_20/uvl/model_20131112_1825068383.uvl,Constraints,Before reduction,original_constraints,constraints_before_after_histogram.pdf,5
dataset_20/uvl/model_20131112_1840652917.uvl,Constraints,Before reduction,original_constraints,constraints_before_after_histogram.pdf,1
dataset_20/uvl/model_20131112_1855381012.uvl,Constraints,Before reduction,original_constraints,constraints_before_after_histogram.pdf,0
dataset_20/uvl/model_20131112_2028027455.uvl,Constraints,Before reduction,original_constraints,constraints_before_after_histogram.pdf,0
dataset_20/uvl/model_20131112_330151541.uvl,Constraints,Before reduction,original_constraints,constraints_before_after_histogram.pdf,0
dataset_20/uvl/model_20131112_356575914.uvl,Constraints,Before reduction,original_constraints,constraints_before_after_histogram.pdf,0
dataset_20/uvl/model_20131112_605989901.uvl,Constraints,Before reduction,original_constraints,constraints_before_after_histogram.pdf,0
dataset_20/uvl/model_20131112_64627122.uvl,Constraints,Before reduction,original_constraints,constraints_before_after_histogram.pdf,0
dataset_20/uvl/model_20131112_817529963.uvl,Constraints,Before reduction,original_constraints,constraints_before_after_histogram.pdf,0
dataset_20/uvl/model_20131112_832913408.uvl,Constraints,Before reduction,original_constraints,constraints_before_after_histogram.pdf,0
dataset_20/uvl/model_20131112_990013628.uvl,Constraints,Before reduction,original_constraints,constraints_before_after_histogram.pdf,0
dataset_20/uvl/model_20131113_2067550021.uvl,Constraints,Before reduction,original_constraints,constraints_before_after_histogram.pdf,4
dataset_20/uvl/model_20131114_87095598.uvl,Constraints,Before reduction,original_constraints,constraints_before_after_histogram.pdf,4
dataset_20/uvl/model_20131121_194495737.uvl,Constraints,Before reduction,original_constraints,constraints_before_after_histogram.pdf,2
dataset_20/uvl/model_20131122_1083650489.uvl,Constraints,Before reduction,original_constraints,constraints_before_after_histogram.pdf,0
dataset_20/uvl/model_20131122_1241273029.uvl,Constraints,Before reduction,original_constraints,constraints_before_after_histogram.pdf,0
dataset_20/uvl/model_20131122_1558809462.uvl,Constraints,Before reduction,original_constraints,constraints_before_after_histogram.pdf,0
dataset_20/uvl/model_20131122_1573422851.uvl,Constraints,Before reduction,original_constraints,constraints_before_after_histogram.pdf,0
dataset_20/uvl/model_20131122_1877947099.uvl,Constraints,Before reduction,original_constraints,constraints_before_after_histogram.pdf,0
dataset_20/uvl/model_20131122_224574976.uvl,Constraints,Before reduction,original_constraints,constraints_before_after_histogram.pdf,0
dataset_20/uvl/model_20131122_23346211.uvl,Constraints,Before reduction,original_constraints,constraints_before_after_histogram.pdf,0
dataset_20/uvl/model_20131122_641443746.uvl,Constraints,Before reduction,original_constraints,constraints_before_after_histogram.pdf,0
dataset_20/uvl/model_20131122_913576973.uvl,Constraints,Before reduction,original_constraints,constraints_before_after_histogram.pdf,0
dataset_20/uvl/model_20131124_646639708.uvl,Constraints,Before reduction,original_constraints,constraints_before_after_histogram.pdf,1
dataset_20/uvl/model_20131125_731391866.uvl,Constraints,Before reduction,original_constraints,constraints_before_after_histogram.pdf,1
dataset_20/uvl/model_20131128_2046989275.uvl,Constraints,Before reduction,original_constraints,constraints_before_after_histogram.pdf,0
dataset_20/uvl/model_20131129_1765219729.uvl,Constraints,Before reduction,original_constraints,constraints_before_after_histogram.pdf,2
dataset_20/uvl/model_20131129_1795005487.uvl,Constraints,Before reduction,original_constraints,constraints_before_after_histogram.pdf,2
dataset_20/uvl/model_20131129_2135897376.uvl,Constraints,Before reduction,original_constraints,constraints_before_after_histogram.pdf,2
dataset_20/uvl/model_20131201_820966647.uvl,Constraints,Before reduction,original_constraints,constraints_before_after_histogram.pdf,1
dataset_20/uvl/model_20131202_1494824194.uvl,Constraints,Before reduction,original_constraints,constraints_before_after_histogram.pdf,0
dataset_20/uvl/model_20131202_1575628003.uvl,Constraints,Before reduction,original_constraints,constraints_before_after_histogram.pdf,0
dataset_20/uvl/model_20131202_1775789712.uvl,Constraints,Before reduction,original_constraints,constraints_before_after_histogram.pdf,0
dataset_20/uvl/model_20131202_533920013.uvl,Constraints,Before reduction,original_constraints,constraints_before_after_histogram.pdf,0
dataset_20/uvl/model_20131202_715513367.uvl,Constraints,Before reduction,original_constraints,constraints_before_after_histogram.pdf,0
dataset_20/uvl/model_20131203_151571988.uvl,Constraints,Before reduction,original_constraints,constraints_before_after_histogram.pdf,1
dataset_20/uvl/model_20131206_656913635.uvl,Constraints,Before reduction,original_constraints,constraints_before_after_histogram.pdf,2
dataset_20/uvl/model_20131206_684654596.uvl,Constraints,Before reduction,original_constraints,constraints_before_after_histogram.pdf,2
dataset_20/uvl/model_20131210_413521746.uvl,Constraints,Before reduction,original_constraints,constraints_before_after_histogram.pdf,3
dataset_20/uvl/model_20131217_806985744.uvl,Constraints,Before reduction,original_constraints,constraints_before_after_histogram.pdf,0
dataset_20/uvl/model_20140101_941325443.uvl,Constraints,Before reduction,original_constraints,constraints_before_after_histogram.pdf,0
dataset_20/uvl/model_20140109_637429284.uvl,Constraints,Before reduction,original_constraints,constraints_before_after_histogram.pdf,0
dataset_20/uvl/model_20140130_912999540.uvl,Constraints,Before reduction,original_constraints,constraints_before_after_histogram.pdf,2
dataset_20/uvl/model_20140205_954857783.uvl,Constraints,Before reduction,original_constraints,constraints_before_after_histogram.pdf,2
dataset_20/uvl/model_20140207_1303140975.uvl,Constraints,Before reduction,original_constraints,constraints_before_after_histogram.pdf,0
dataset_20/uvl/model_20140209_1382642350.uvl,Constraints,Before reduction,original_constraints,constraints_before_after_histogram.pdf,7
dataset_20/uvl/model_20140209_1802656178.uvl,Constraints,Before reduction,original_constraints,constraints_before_after_histogram.pdf,4
dataset_20/uvl/model_20140209_34267674.uvl,Constraints,Before reduction,original_constraints,constraints_before_after_histogram.pdf,14
dataset_20/uvl/model_20140209_576830157.uvl,Constraints,Before reduction,original_constraints,constraints_before_after_histogram.pdf,12
dataset_20/uvl/model_20140209_738203734.uvl,Constraints,Before reduction,original_constraints,constraints_before_after_histogram.pdf,21
dataset_20/uvl/model_20140223_789634838.uvl,Constraints,Before reduction,original_constraints,constraints_before_after_histogram.pdf,0
dataset_20/uvl/model_20140225_1829795152.uvl,Constraints,Before reduction,original_constraints,constraints_before_after_histogram.pdf,1
dataset_20/uvl/model_20140227_386614568.uvl,Constraints,Before reduction,original_constraints,constraints_before_after_histogram.pdf,0
dataset_20/uvl/model_20140227_661956564.uvl,Constraints,Before reduction,original_constraints,constraints_before_after_histogram.pdf,0
dataset_20/uvl/model_20140301_728202228.uvl,Constraints,Before reduction,original_constraints,constraints_before_after_histogram.pdf,0
dataset_20/uvl/model_20140303_1487935744.uvl,Constraints,Before reduction,original_constraints,constraints_before_after_histogram.pdf,0
dataset_20/uvl/model_20140305_1485634182.uvl,Constraints,Before reduction,original_constraints,constraints_before_after_histogram.pdf,3
dataset_20/uvl/model_20140305_1745306436.uvl,Constraints,Before reduction,original_constraints,constraints_before_after_histogram.pdf,1
dataset_20/uvl/model_20140305_850513381.uvl,Constraints,Before reduction,original_constraints,constraints_before_after_histogram.pdf,43
dataset_20/uvl/model_20140306_1313194877.uvl,Constraints,Before reduction,original_constraints,constraints_before_after_histogram.pdf,0
dataset_20/uvl/model_20140306_1607259562.uvl,Constraints,Before reduction,original_constraints,constraints_before_after_histogram.pdf,6
dataset_20/uvl/model_20140306_1994550432.uvl,Constraints,Before reduction,original_constraints,constraints_before_after_histogram.pdf,0
dataset_20/uvl/model_20140310_1022041880.uvl,Constraints,Before reduction,original_constraints,constraints_before_after_histogram.pdf,0
dataset_20/uvl/model_20140310_1916029542.uvl,Constraints,Before reduction,original_constraints,constraints_before_after_histogram.pdf,0
dataset_20/uvl/model_20140319_1506613330.uvl,Constraints,Before reduction,original_constraints,constraints_before_after_histogram.pdf,0
dataset_20/uvl/model_20140320_391816142.uvl,Constraints,Before reduction,original_constraints,constraints_before_after_histogram.pdf,0
dataset_20/uvl/model_20140321_1655023261.uvl,Constraints,Before reduction,original_constraints,constraints_before_after_histogram.pdf,0
dataset_20/uvl/model_20140322_1340045027.uvl,Constraints,Before reduction,original_constraints,constraints_before_after_histogram.pdf,0
dataset_20/uvl/model_20140324_1142291623.uvl,Constraints,Before reduction,original_constraints,constraints_before_after_histogram.pdf,0
dataset_20/uvl/model_20140326_1693773444.uvl,Constraints,Before reduction,original_constraints,constraints_before_after_histogram.pdf,3
dataset_20/uvl/model_20140326_183546394.uvl,Constraints,Before reduction,original_constraints,constraints_before_after_histogram.pdf,0
dataset_20/uvl/model_20140326_801743865.uvl,Constraints,Before reduction,original_constraints,constraints_before_after_histogram.pdf,8
dataset_20/uvl/model_20140328_1965511118.uvl,Constraints,Before reduction,original_constraints,constraints_before_after_histogram.pdf,0
dataset_20/uvl/model_20140401_1527258088.uvl,Constraints,Before reduction,original_constraints,constraints_before_after_histogram.pdf,9
dataset_20/uvl/model_20140402_1108338221.uvl,Constraints,Before reduction,original_constraints,constraints_before_after_histogram.pdf,0
dataset_20/uvl/model_20140403_1254324003.uvl,Constraints,Before reduction,original_constraints,constraints_before_after_histogram.pdf,0
dataset_20/uvl/model_20140403_1425048263.uvl,Constraints,Before reduction,original_constraints,constraints_before_after_histogram.pdf,0
dataset_20/uvl/model_20140403_1688136935.uvl,Constraints,Before reduction,original_constraints,constraints_before_after_histogram.pdf,3
dataset_20/uvl/model_20140408_1553357169.uvl,Constraints,Before reduction,original_constraints,constraints_before_after_histogram.pdf,8
dataset_20/uvl/model_20140409_1370428339.uvl,Constraints,Before reduction,original_constraints,constraints_before_after_histogram.pdf,8
dataset_20/uvl/model_20140410_1285833987.uvl,Constraints,Before reduction,original_constraints,constraints_before_after_histogram.pdf,10
dataset_20/uvl/model_20140410_1905141388.uvl,Constraints,Before reduction,original_constraints,constraints_before_after_histogram.pdf,10
dataset_20/uvl/model_20140410_454790336.uvl,Constraints,Before reduction,original_constraints,constraints_before_after_histogram.pdf,11
dataset_20/uvl/model_20140411_114609198.uvl,Constraints,Before reduction,original_constraints,constraints_before_after_histogram.pdf,7
dataset_20/uvl/model_20140411_1148485857.uvl,Constraints,Before reduction,original_constraints,constraints_before_after_histogram.pdf,12
dataset_20/uvl/model_20140411_1742095150.uvl,Constraints,Before reduction,original_constraints,constraints_before_after_histogram.pdf,12
dataset_20/uvl/model_20140411_279155356.uvl,Constraints,Before reduction,original_constraints,constraints_before_after_histogram.pdf,1
dataset_20/uvl/model_20140420_1899694432.uvl,Constraints,Before reduction,original_constraints,constraints_before_after_histogram.pdf,3
dataset_20/uvl/model_20140421_782765396.uvl,Constraints,Before reduction,original_constraints,constraints_before_after_histogram.pdf,0
dataset_20/uvl/model_20140422_1825362104.uvl,Constraints,Before reduction,original_constraints,constraints_before_after_histogram.pdf,0
dataset_20/uvl/model_20140422_2137156564.uvl,Constraints,Before reduction,original_constraints,constraints_before_after_histogram.pdf,3
dataset_20/uvl/model_20140423_1716161596.uvl,Constraints,Before reduction,original_constraints,constraints_before_after_histogram.pdf,0
dataset_20/uvl/model_20140423_1890396897.uvl,Constraints,Before reduction,original_constraints,constraints_before_after_histogram.pdf,3
dataset_20/uvl/model_20140423_277886534.uvl,Constraints,Before reduction,original_constraints,constraints_before_after_histogram.pdf,0
dataset_20/uvl/model_20140423_813378270.uvl,Constraints,Before reduction,original_constraints,constraints_before_after_histogram.pdf,2
dataset_20/uvl/model_20140423_969548559.uvl,Constraints,Before reduction,original_constraints,constraints_before_after_histogram.pdf,1
dataset_20/uvl/model_20140424_1672030888.uvl,Constraints,Before reduction,original_constraints,constraints_before_after_histogram.pdf,11
dataset_20/uvl/model_20140425_366530615.uvl,Constraints,Before reduction,original_constraints,constraints_before_after_histogram.pdf,1
dataset_20/uvl/model_20140427_1594857347.uvl,Constraints,Before reduction,original_constraints,constraints_before_after_histogram.pdf,5
dataset_20/uvl/model_20140428_1043688075.uvl,Constraints,Before reduction,original_constraints,constraints_before_after_histogram.pdf,1
dataset_20/uvl/model_20140428_1127346099.uvl,Constraints,Before reduction,original_constraints,constraints_before_after_histogram.pdf,1
dataset_20/uvl/model_20140428_1301432646.uvl,Constraints,Before reduction,original_constraints,constraints_before_after_histogram.pdf,1
dataset_20/uvl/model_20140428_1917957920.uvl,Constraints,Before reduction,original_constraints,constraints_before_after_histogram.pdf,1
dataset_20/uvl/model_20140430_1345238885.uvl,Constraints,Before reduction,original_constraints,constraints_before_after_histogram.pdf,0
dataset_20/uvl/model_20140430_1532303117.uvl,Constraints,Before reduction,original_constraints,constraints_before_after_histogram.pdf,1
dataset_20/uvl/model_20140503_110898123.uvl,Constraints,Before reduction,original_constraints,constraints_before_after_histogram.pdf,2
dataset_20/uvl/model_20140503_2024413965.uvl,Constraints,Before reduction,original_constraints,constraints_before_after_histogram.pdf,0
dataset_20/uvl/model_20140508_530056624.uvl,Constraints,Before reduction,original_constraints,constraints_before_after_histogram.pdf,23
dataset_20/uvl/model_20140508_536536644.uvl,Constraints,Before reduction,original_constraints,constraints_before_after_histogram.pdf,8
dataset_20/uvl/model_20140509_978687642.uvl,Constraints,Before reduction,original_constraints,constraints_before_after_histogram.pdf,0
dataset_20/uvl/model_20140511_603377022.uvl,Constraints,Before reduction,original_constraints,constraints_before_after_histogram.pdf,0
dataset_20/uvl/model_20140514_1151327844.uvl,Constraints,Before reduction,original_constraints,constraints_before_after_histogram.pdf,9
dataset_20/uvl/model_20140524_520707568.uvl,Constraints,Before reduction,original_constraints,constraints_before_after_histogram.pdf,0
dataset_20/uvl/model_20140530_1262796172.uvl,Constraints,Before reduction,original_constraints,constraints_before_after_histogram.pdf,0
dataset_20/uvl/model_20140604_731553244.uvl,Constraints,Before reduction,original_constraints,constraints_before_after_histogram.pdf,0
dataset_20/uvl/model_20140605_572628146.uvl,Constraints,Before reduction,original_constraints,constraints_before_after_histogram.pdf,0
dataset_20/uvl/model_20140613_1129301242.uvl,Constraints,Before reduction,original_constraints,constraints_before_after_histogram.pdf,0
dataset_20/uvl/model_20140613_2054294739.uvl,Constraints,Before reduction,original_constraints,constraints_before_after_histogram.pdf,2
dataset_20/uvl/model_20140614_1407759983.uvl,Constraints,Before reduction,original_constraints,constraints_before_after_histogram.pdf,3
dataset_20/uvl/model_20140614_1599125118.uvl,Constraints,Before reduction,original_constraints,constraints_before_after_histogram.pdf,0
dataset_20/uvl/model_20140614_1989695192.uvl,Constraints,Before reduction,original_constraints,constraints_before_after_histogram.pdf,8
dataset_20/uvl/model_20140614_2029282468.uvl,Constraints,Before reduction,original_constraints,constraints_before_after_histogram.pdf,1
dataset_20/uvl/model_20140614_436006902.uvl,Constraints,Before reduction,original_constraints,constraints_before_after_histogram.pdf,9
dataset_20/uvl/model_20140614_81946339.uvl,Constraints,Before reduction,original_constraints,constraints_before_after_histogram.pdf,2
dataset_20/uvl/model_20140615_1417385367.uvl,Constraints,Before reduction,original_constraints,constraints_before_after_histogram.pdf,0
dataset_20/uvl/model_20140615_1477062295.uvl,Constraints,Before reduction,original_constraints,constraints_before_after_histogram.pdf,0
dataset_20/uvl/model_20140615_1755551630.uvl,Constraints,Before reduction,original_constraints,constraints_before_after_histogram.pdf,0
dataset_20/uvl/model_20140628_1177734570.uvl,Constraints,Before reduction,original_constraints,constraints_before_after_histogram.pdf,12
dataset_20/uvl/model_20140629_1128400878.uvl,Constraints,Before reduction,original_constraints,constraints_before_after_histogram.pdf,0
dataset_20/uvl/model_20140630_1564361664.uvl,Constraints,Before reduction,original_constraints,constraints_before_after_histogram.pdf,0
dataset_20/uvl/model_20140710_2059561340.uvl,Constraints,Before reduction,original_constraints,constraints_before_after_histogram.pdf,4
dataset_20/uvl/model_20140728_1532422166.uvl,Constraints,Before reduction,original_constraints,constraints_before_after_histogram.pdf,20
dataset_20/uvl/model_20140801_240918546.uvl,Constraints,Before reduction,original_constraints,constraints_before_after_histogram.pdf,0
dataset_20/uvl/model_20140819_1020837515.uvl,Constraints,Before reduction,original_constraints,constraints_before_after_histogram.pdf,5
dataset_20/uvl/model_20140819_1738890661.uvl,Constraints,Before reduction,original_constraints,constraints_before_after_histogram.pdf,0
dataset_20/uvl/model_20140819_2062208658.uvl,Constraints,Before reduction,original_constraints,constraints_before_after_histogram.pdf,0
dataset_20/uvl/model_20140819_424669215.uvl,Constraints,Before reduction,original_constraints,constraints_before_after_histogram.pdf,0
dataset_20/uvl/model_20140819_535519547.uvl,Constraints,Before reduction,original_constraints,constraints_before_after_histogram.pdf,0
dataset_20/uvl/model_20140819_709073537.uvl,Constraints,Before reduction,original_constraints,constraints_before_after_histogram.pdf,1
dataset_20/uvl/model_20140819_914542251.uvl,Constraints,Before reduction,original_constraints,constraints_before_after_histogram.pdf,0
dataset_20/uvl/model_20140819_940483638.uvl,Constraints,Before reduction,original_constraints,constraints_before_after_histogram.pdf,0
dataset_20/uvl/model_20140820_1349433690.uvl,Constraints,Before reduction,original_constraints,constraints_before_after_histogram.pdf,0
dataset_20/uvl/model_20140823_1972464026.uvl,Constraints,Before reduction,original_constraints,constraints_before_after_histogram.pdf,3
dataset_20/uvl/model_20140824_1421620261.uvl,Constraints,Before reduction,original_constraints,constraints_before_after_histogram.pdf,11
dataset_20/uvl/model_20140824_1698583194.uvl,Constraints,Before reduction,original_constraints,constraints_before_after_histogram.pdf,0
dataset_20/uvl/model_20140824_2115796112.uvl,Constraints,Before reduction,original_constraints,constraints_before_after_histogram.pdf,6
dataset_20/uvl/model_20140824_525404983.uvl,Constraints,Before reduction,original_constraints,constraints_before_after_histogram.pdf,0
dataset_20/uvl/model_20140825_2017008690.uvl,Constraints,Before reduction,original_constraints,constraints_before_after_histogram.pdf,1
dataset_20/uvl/model_20140826_2051139991.uvl,Constraints,Before reduction,original_constraints,constraints_before_after_histogram.pdf,0
dataset_20/uvl/model_20140902_941000321.uvl,Constraints,Before reduction,original_constraints,constraints_before_after_histogram.pdf,0
dataset_20/uvl/model_20140905_2124104947.uvl,Constraints,Before reduction,original_constraints,constraints_before_after_histogram.pdf,0
dataset_20/uvl/model_20140905_372428255.uvl,Constraints,Before reduction,original_constraints,constraints_before_after_histogram.pdf,0
dataset_20/uvl/model_20140914_1816201365.uvl,Constraints,Before reduction,original_constraints,constraints_before_after_histogram.pdf,2
dataset_20/uvl/model_20140914_775838300.uvl,Constraints,Before reduction,original_constraints,constraints_before_after_histogram.pdf,0
dataset_20/uvl/model_20140917_195564800.uvl,Constraints,Before reduction,original_constraints,constraints_before_after_histogram.pdf,0
dataset_20/uvl/model_20140925_285704903.uvl,Constraints,Before reduction,original_constraints,constraints_before_after_histogram.pdf,0
dataset_20/uvl/model_20141006_1946000492.uvl,Constraints,Before reduction,original_constraints,constraints_before_after_histogram.pdf,0
dataset_20/uvl/model_20141017_1234330746.uvl,Constraints,Before reduction,original_constraints,constraints_before_after_histogram.pdf,11
dataset_20/uvl/model_20141018_2078980023.uvl,Constraints,Before reduction,original_constraints,constraints_before_after_histogram.pdf,0
dataset_20/uvl/model_20141018_811394530.uvl,Constraints,Before reduction,original_constraints,constraints_before_after_histogram.pdf,0
dataset_20/uvl/model_20141021_386995832.uvl,Constraints,Before reduction,original_constraints,constraints_before_after_histogram.pdf,1
dataset_20/uvl/model_20141023_1082000051.uvl,Constraints,Before reduction,original_constraints,constraints_before_after_histogram.pdf,15
dataset_20/uvl/model_20141023_1600573567.uvl,Constraints,Before reduction,original_constraints,constraints_before_after_histogram.pdf,0
dataset_20/uvl/model_20141023_437365215.uvl,Constraints,Before reduction,original_constraints,constraints_before_after_histogram.pdf,4
dataset_20/uvl/model_20141029_1107505375.uvl,Constraints,Before reduction,original_constraints,constraints_before_after_histogram.pdf,0
dataset_20/uvl/model_20141029_1924517902.uvl,Constraints,Before reduction,original_constraints,constraints_before_after_histogram.pdf,0
dataset_20/uvl/model_20141030_1194865372.uvl,Constraints,Before reduction,original_constraints,constraints_before_after_histogram.pdf,0
dataset_20/uvl/model_20141030_1477913256.uvl,Constraints,Before reduction,original_constraints,constraints_before_after_histogram.pdf,1
dataset_20/uvl/model_20141102_1778359466.uvl,Constraints,Before reduction,original_constraints,constraints_before_after_histogram.pdf,0
dataset_20/uvl/model_20141103_285596543.uvl,Constraints,Before reduction,original_constraints,constraints_before_after_histogram.pdf,2
dataset_20/uvl/model_20141103_771283347.uvl,Constraints,Before reduction,original_constraints,constraints_before_after_histogram.pdf,3
dataset_20/uvl/model_20141104_1527188029.uvl,Constraints,Before reduction,original_constraints,constraints_before_after_histogram.pdf,0
dataset_20/uvl/model_20141106_1014782772.uvl,Constraints,Before reduction,original_constraints,constraints_before_after_histogram.pdf,0
dataset_20/uvl/model_20141106_309720283.uvl,Constraints,Before reduction,original_constraints,constraints_before_after_histogram.pdf,0
dataset_20/uvl/model_20141106_687094706.uvl,Constraints,Before reduction,original_constraints,constraints_before_after_histogram.pdf,0
dataset_20/uvl/model_20141107_377655341.uvl,Constraints,Before reduction,original_constraints,constraints_before_after_histogram.pdf,2
dataset_20/uvl/model_20141107_655975442.uvl,Constraints,Before reduction,original_constraints,constraints_before_after_histogram.pdf,1
dataset_20/uvl/model_20141108_202761108.uvl,Constraints,Before reduction,original_constraints,constraints_before_after_histogram.pdf,0
dataset_20/uvl/model_20141108_701198022.uvl,Constraints,Before reduction,original_constraints,constraints_before_after_histogram.pdf,0
dataset_20/uvl/model_20141109_1274255950.uvl,Constraints,Before reduction,original_constraints,constraints_before_after_histogram.pdf,1
dataset_20/uvl/model_20141111_2120296387.uvl,Constraints,Before reduction,original_constraints,constraints_before_after_histogram.pdf,0
dataset_20/uvl/model_20141113_1414990983.uvl,Constraints,Before reduction,original_constraints,constraints_before_after_histogram.pdf,1
dataset_20/uvl/model_20141113_346832425.uvl,Constraints,Before reduction,original_constraints,constraints_before_after_histogram.pdf,5
dataset_20/uvl/model_20141114_653359930.uvl,Constraints,Before reduction,original_constraints,constraints_before_after_histogram.pdf,9
dataset_20/uvl/model_20141116_913921823.uvl,Constraints,Before reduction,original_constraints,constraints_before_after_histogram.pdf,0
dataset_20/uvl/model_20141119_1459706454.uvl,Constraints,Before reduction,original_constraints,constraints_before_after_histogram.pdf,0
dataset_20/uvl/model_20141119_1676144838.uvl,Constraints,Before reduction,original_constraints,constraints_before_after_histogram.pdf,0
dataset_20/uvl/model_20141129_1031364.uvl,Constraints,Before reduction,original_constraints,constraints_before_after_histogram.pdf,2
dataset_20/uvl/model_20141129_1141626102.uvl,Constraints,Before reduction,original_constraints,constraints_before_after_histogram.pdf,0
dataset_20/uvl/model_20141129_1168519534.uvl,Constraints,Before reduction,original_constraints,constraints_before_after_histogram.pdf,2
dataset_20/uvl/model_20141129_1642511009.uvl,Constraints,Before reduction,original_constraints,constraints_before_after_histogram.pdf,14
dataset_20/uvl/model_20141129_2117240468.uvl,Constraints,Before reduction,original_constraints,constraints_before_after_histogram.pdf,2
dataset_20/uvl/model_20141129_264528063.uvl,Constraints,Before reduction,original_constraints,constraints_before_after_histogram.pdf,1
dataset_20/uvl/model_20141129_6569546.uvl,Constraints,Before reduction,original_constraints,constraints_before_after_histogram.pdf,1
dataset_20/uvl/model_20141129_966803644.uvl,Constraints,Before reduction,original_constraints,constraints_before_after_histogram.pdf,0
dataset_20/uvl/model_20141202_104116345.uvl,Constraints,Before reduction,original_constraints,constraints_before_after_histogram.pdf,2
dataset_20/uvl/model_20141202_107430422.uvl,Constraints,Before reduction,original_constraints,constraints_before_after_histogram.pdf,0
dataset_20/uvl/model_20141205_2005181775.uvl,Constraints,Before reduction,original_constraints,constraints_before_after_histogram.pdf,0
dataset_20/uvl/model_20141212_523199394.uvl,Constraints,Before reduction,original_constraints,constraints_before_after_histogram.pdf,0
dataset_20/uvl/model_20150105_1168070568.uvl,Constraints,Before reduction,original_constraints,constraints_before_after_histogram.pdf,0
dataset_20/uvl/model_20150109_425963323.uvl,Constraints,Before reduction,original_constraints,constraints_before_after_histogram.pdf,0
dataset_20/uvl/model_20150114_50814742.uvl,Constraints,Before reduction,original_constraints,constraints_before_after_histogram.pdf,11
dataset_20/uvl/model_20150120_214372699.uvl,Constraints,Before reduction,original_constraints,constraints_before_after_histogram.pdf,0
dataset_20/uvl/model_20150208_1225865238.uvl,Constraints,Before reduction,original_constraints,constraints_before_after_histogram.pdf,13
dataset_20/uvl/model_20150208_2120373387.uvl,Constraints,Before reduction,original_constraints,constraints_before_after_histogram.pdf,5
dataset_20/uvl/model_20150209_1183047948.uvl,Constraints,Before reduction,original_constraints,constraints_before_after_histogram.pdf,19
dataset_20/uvl/model_20150212_1516383976.uvl,Constraints,Before reduction,original_constraints,constraints_before_after_histogram.pdf,1
dataset_20/uvl/model_20150222_2069201003.uvl,Constraints,Before reduction,original_constraints,constraints_before_after_histogram.pdf,0
dataset_20/uvl/model_20150222_409043024.uvl,Constraints,Before reduction,original_constraints,constraints_before_after_histogram.pdf,2
dataset_20/uvl/model_20150223_339293957.uvl,Constraints,Before reduction,original_constraints,constraints_before_after_histogram.pdf,7
dataset_20/uvl/model_20150223_771673981.uvl,Constraints,Before reduction,original_constraints,constraints_before_after_histogram.pdf,0
dataset_20/uvl/model_20150226_64791123.uvl,Constraints,Before reduction,original_constraints,constraints_before_after_histogram.pdf,2
dataset_20/uvl/model_20150228_222823272.uvl,Constraints,Before reduction,original_constraints,constraints_before_after_histogram.pdf,7
dataset_20/uvl/model_20150228_41303449.uvl,Constraints,Before reduction,original_constraints,constraints_before_after_histogram.pdf,1
dataset_20/uvl/model_20150301_1821356180.uvl,Constraints,Before reduction,original_constraints,constraints_before_after_histogram.pdf,5
dataset_20/uvl/model_20150301_300492477.uvl,Constraints,Before reduction,original_constraints,constraints_before_after_histogram.pdf,2
dataset_20/uvl/model_20150301_527193150.uvl,Constraints,Before reduction,original_constraints,constraints_before_after_histogram.pdf,0
dataset_20/uvl/model_20150302_1660900120.uvl,Constraints,Before reduction,original_constraints,constraints_before_after_histogram.pdf,3
dataset_20/uvl/model_20150304_173081072.uvl,Constraints,Before reduction,original_constraints,constraints_before_after_histogram.pdf,7
dataset_20/uvl/model_20150304_617127008.uvl,Constraints,Before reduction,original_constraints,constraints_before_after_histogram.pdf,12
dataset_20/uvl/model_20150305_15208156.uvl,Constraints,Before reduction,original_constraints,constraints_before_after_histogram.pdf,4
dataset_20/uvl/model_20150305_837831991.uvl,Constraints,Before reduction,original_constraints,constraints_before_after_histogram.pdf,3
dataset_20/uvl/model_20150305_94122420.uvl,Constraints,Before reduction,original_constraints,constraints_before_after_histogram.pdf,0
dataset_20/uvl/model_20150306_503606823.uvl,Constraints,Before reduction,original_constraints,constraints_before_after_histogram.pdf,0
dataset_20/uvl/model_20150307_1251635490.uvl,Constraints,Before reduction,original_constraints,constraints_before_after_histogram.pdf,1
dataset_20/uvl/model_20150309_1129343473.uvl,Constraints,Before reduction,original_constraints,constraints_before_after_histogram.pdf,5
dataset_20/uvl/model_20150309_1544990511.uvl,Constraints,Before reduction,original_constraints,constraints_before_after_histogram.pdf,3
dataset_20/uvl/model_20150309_670536624.uvl,Constraints,Before reduction,original_constraints,constraints_before_after_histogram.pdf,6
dataset_20/uvl/model_20150310_1159520762.uvl,Constraints,Before reduction,original_constraints,constraints_before_after_histogram.pdf,6
dataset_20/uvl/model_20150310_1191030699.uvl,Constraints,Before reduction,original_constraints,constraints_before_after_histogram.pdf,4
dataset_20/uvl/model_20150310_1642957582.uvl,Constraints,Before reduction,original_constraints,constraints_before_after_histogram.pdf,4
dataset_20/uvl/model_20150310_563618715.uvl,Constraints,Before reduction,original_constraints,constraints_before_after_histogram.pdf,7
dataset_20/uvl/model_20150320_593593000.uvl,Constraints,Before reduction,original_constraints,constraints_before_after_histogram.pdf,2
dataset_20/uvl/model_20150330_63301402.uvl,Constraints,Before reduction,original_constraints,constraints_before_after_histogram.pdf,0
dataset_20/uvl/model_20150411_1026005127.uvl,Constraints,Before reduction,original_constraints,constraints_before_after_histogram.pdf,2
dataset_20/uvl/model_20150411_1055039600.uvl,Constraints,Before reduction,original_constraints,constraints_before_after_histogram.pdf,0
dataset_20/uvl/model_20150411_1378086632.uvl,Constraints,Before reduction,original_constraints,constraints_before_after_histogram.pdf,1
dataset_20/uvl/model_20150414_2125272166.uvl,Constraints,Before reduction,original_constraints,constraints_before_after_histogram.pdf,6
dataset_20/uvl/model_20150416_264061404.uvl,Constraints,Before reduction,original_constraints,constraints_before_after_histogram.pdf,0
dataset_20/uvl/model_20150419_1225785874.uvl,Constraints,Before reduction,original_constraints,constraints_before_after_histogram.pdf,0
dataset_20/uvl/model_20150423_1415525319.uvl,Constraints,Before reduction,original_constraints,constraints_before_after_histogram.pdf,0
dataset_20/uvl/model_20150423_1422172417.uvl,Constraints,Before reduction,original_constraints,constraints_before_after_histogram.pdf,0
dataset_20/uvl/model_20150425_1862491910.uvl,Constraints,Before reduction,original_constraints,constraints_before_after_histogram.pdf,0
dataset_20/uvl/model_20150427_2103265175.uvl,Constraints,Before reduction,original_constraints,constraints_before_after_histogram.pdf,3
dataset_20/uvl/model_20150428_2048110240.uvl,Constraints,Before reduction,original_constraints,constraints_before_after_histogram.pdf,2
dataset_20/uvl/model_20150429_343028682.uvl,Constraints,Before reduction,original_constraints,constraints_before_after_histogram.pdf,0
dataset_20/uvl/model_20150505_1728564449.uvl,Constraints,Before reduction,original_constraints,constraints_before_after_histogram.pdf,0
dataset_20/uvl/model_20150506_2068045691.uvl,Constraints,Before reduction,original_constraints,constraints_before_after_histogram.pdf,0
dataset_20/uvl/model_20150506_306101537.uvl,Constraints,Before reduction,original_constraints,constraints_before_after_histogram.pdf,0
dataset_20/uvl/model_20150507_1665248699.uvl,Constraints,Before reduction,original_constraints,constraints_before_after_histogram.pdf,0
dataset_20/uvl/model_20150507_425070085.uvl,Constraints,Before reduction,original_constraints,constraints_before_after_histogram.pdf,0
dataset_20/uvl/model_20150509_1341412445.uvl,Constraints,Before reduction,original_constraints,constraints_before_after_histogram.pdf,1
dataset_20/uvl/model_20150512_534005467.uvl,Constraints,Before reduction,original_constraints,constraints_before_after_histogram.pdf,5
dataset_20/uvl/model_20150515_2045521211.uvl,Constraints,Before reduction,original_constraints,constraints_before_after_histogram.pdf,2
dataset_20/uvl/model_20150521_1423870525.uvl,Constraints,Before reduction,original_constraints,constraints_before_after_histogram.pdf,0
dataset_20/uvl/model_20150521_1988107963.uvl,Constraints,Before reduction,original_constraints,constraints_before_after_histogram.pdf,0
dataset_20/uvl/model_20150523_1701783178.uvl,Constraints,Before reduction,original_constraints,constraints_before_after_histogram.pdf,0
dataset_20/uvl/model_20150523_372542452.uvl,Constraints,Before reduction,original_constraints,constraints_before_after_histogram.pdf,5
dataset_20/uvl/model_20150527_1979644627.uvl,Constraints,Before reduction,original_constraints,constraints_before_after_histogram.pdf,0
dataset_20/uvl/model_20150527_2051574410.uvl,Constraints,Before reduction,original_constraints,constraints_before_after_histogram.pdf,0
dataset_20/uvl/model_20150527_830434674.uvl,Constraints,Before reduction,original_constraints,constraints_before_after_histogram.pdf,0
dataset_20/uvl/model_20150529_550903687.uvl,Constraints,Before reduction,original_constraints,constraints_before_after_histogram.pdf,2
dataset_20/uvl/model_20150610_685576256.uvl,Constraints,Before reduction,original_constraints,constraints_before_after_histogram.pdf,3
dataset_20/uvl/model_20150611_1748318240.uvl,Constraints,Before reduction,original_constraints,constraints_before_after_histogram.pdf,0
dataset_20/uvl/model_20150611_578706116.uvl,Constraints,Before reduction,original_constraints,constraints_before_after_histogram.pdf,0
dataset_20/uvl/model_20150612_1719519345.uvl,Constraints,Before reduction,original_constraints,constraints_before_after_histogram.pdf,0
dataset_20/uvl/model_20150614_1325491211.uvl,Constraints,Before reduction,original_constraints,constraints_before_after_histogram.pdf,3
dataset_20/uvl/model_20150616_1287606127.uvl,Constraints,Before reduction,original_constraints,constraints_before_after_histogram.pdf,0
dataset_20/uvl/model_20150616_314969910.uvl,Constraints,Before reduction,original_constraints,constraints_before_after_histogram.pdf,2
dataset_20/uvl/model_20150616_74187279.uvl,Constraints,Before reduction,original_constraints,constraints_before_after_histogram.pdf,0
dataset_20/uvl/model_20150620_2057636397.uvl,Constraints,Before reduction,original_constraints,constraints_before_after_histogram.pdf,0
dataset_20/uvl/model_20150621_1174641946.uvl,Constraints,Before reduction,original_constraints,constraints_before_after_histogram.pdf,3
dataset_20/uvl/model_20150621_2090653675.uvl,Constraints,Before reduction,original_constraints,constraints_before_after_histogram.pdf,0
dataset_20/uvl/model_20150624_1191374126.uvl,Constraints,Before reduction,original_constraints,constraints_before_after_histogram.pdf,1
dataset_20/uvl/model_20150625_1923523971.uvl,Constraints,Before reduction,original_constraints,constraints_before_after_histogram.pdf,1
dataset_20/uvl/model_20150701_451946642.uvl,Constraints,Before reduction,original_constraints,constraints_before_after_histogram.pdf,0
dataset_20/uvl/model_20150703_1928436983.uvl,Constraints,Before reduction,original_constraints,constraints_before_after_histogram.pdf,0
dataset_20/uvl/model_20150713_1448325014.uvl,Constraints,Before reduction,original_constraints,constraints_before_after_histogram.pdf,4
dataset_20/uvl/model_20150715_1425609053.uvl,Constraints,Before reduction,original_constraints,constraints_before_after_histogram.pdf,0
dataset_20/uvl/model_20150715_75174593.uvl,Constraints,Before reduction,original_constraints,constraints_before_after_histogram.pdf,1
dataset_20/uvl/model_20150720_1580995178.uvl,Constraints,Before reduction,original_constraints,constraints_before_after_histogram.pdf,2
dataset_20/uvl/model_20151102_2085331426.uvl,Constraints,Before reduction,original_constraints,constraints_before_after_histogram.pdf,4
dataset_20/uvl/model_20151103_1678219280.uvl,Constraints,Before reduction,original_constraints,constraints_before_after_histogram.pdf,0
dataset_20/uvl/model_20151106_857588743.uvl,Constraints,Before reduction,original_constraints,constraints_before_after_histogram.pdf,4
dataset_20/uvl/model_20151111_460133826.uvl,Constraints,Before reduction,original_constraints,constraints_before_after_histogram.pdf,1
dataset_20/uvl/model_20151116_762410606.uvl,Constraints,Before reduction,original_constraints,constraints_before_after_histogram.pdf,0
dataset_20/uvl/model_20151117_1411945431.uvl,Constraints,Before reduction,original_constraints,constraints_before_after_histogram.pdf,0
dataset_20/uvl/model_20151119_424700280.uvl,Constraints,Before reduction,original_constraints,constraints_before_after_histogram.pdf,1
dataset_20/uvl/model_20151119_825568988.uvl,Constraints,Before reduction,original_constraints,constraints_before_after_histogram.pdf,1
dataset_20/uvl/model_20151122_103763227.uvl,Constraints,Before reduction,original_constraints,constraints_before_after_histogram.pdf,0
dataset_20/uvl/model_20151124_1131991591.uvl,Constraints,Before reduction,original_constraints,constraints_before_after_histogram.pdf,0
dataset_20/uvl/model_20151127_885194761.uvl,Constraints,Before reduction,original_constraints,constraints_before_after_histogram.pdf,5
dataset_20/uvl/model_20151201_896154285.uvl,Constraints,Before reduction,original_constraints,constraints_before_after_histogram.pdf,2
dataset_20/uvl/model_20151202_1529785580.uvl,Constraints,Before reduction,original_constraints,constraints_before_after_histogram.pdf,3
dataset_20/uvl/model_20151216_1220822165.uvl,Constraints,Before reduction,original_constraints,constraints_before_after_histogram.pdf,0
dataset_20/uvl/model_20160103_2012826523.uvl,Constraints,Before reduction,original_constraints,constraints_before_after_histogram.pdf,2
dataset_20/uvl/model_20160106_443157632.uvl,Constraints,Before reduction,original_constraints,constraints_before_after_histogram.pdf,0
dataset_20/uvl/model_20160111_1033692827.uvl,Constraints,Before reduction,original_constraints,constraints_before_after_histogram.pdf,3
dataset_20/uvl/model_20160121_1141972007.uvl,Constraints,Before reduction,original_constraints,constraints_before_after_histogram.pdf,0
dataset_20/uvl/model_20160122_407616496.uvl,Constraints,Before reduction,original_constraints,constraints_before_after_histogram.pdf,2
dataset_20/uvl/model_20160123_368502373.uvl,Constraints,Before reduction,original_constraints,constraints_before_after_histogram.pdf,0
dataset_20/uvl/model_20160125_1378351345.uvl,Constraints,Before reduction,original_constraints,constraints_before_after_histogram.pdf,7
dataset_20/uvl/model_20160125_59009200.uvl,Constraints,Before reduction,original_constraints,constraints_before_after_histogram.pdf,7
dataset_20/uvl/model_20160221_544170906.uvl,Constraints,Before reduction,original_constraints,constraints_before_after_histogram.pdf,1
dataset_20/uvl/model_20160225_2040495200.uvl,Constraints,Before reduction,original_constraints,constraints_before_after_histogram.pdf,3
dataset_20/uvl/model_20160225_419189676.uvl,Constraints,Before reduction,original_constraints,constraints_before_after_histogram.pdf,5
dataset_20/uvl/model_20160227_1275602559.uvl,Constraints,Before reduction,original_constraints,constraints_before_after_histogram.pdf,34
dataset_20/uvl/model_20160227_1389842098.uvl,Constraints,Before reduction,original_constraints,constraints_before_after_histogram.pdf,4
dataset_20/uvl/model_20160229_1590940306.uvl,Constraints,Before reduction,original_constraints,constraints_before_after_histogram.pdf,9
dataset_20/uvl/model_20160229_171128808.uvl,Constraints,Before reduction,original_constraints,constraints_before_after_histogram.pdf,23
dataset_20/uvl/model_20160229_1734203468.uvl,Constraints,Before reduction,original_constraints,constraints_before_after_histogram.pdf,4
dataset_20/uvl/model_20160229_490224198.uvl,Constraints,Before reduction,original_constraints,constraints_before_after_histogram.pdf,6
dataset_20/uvl/model_20160229_707006027.uvl,Constraints,Before reduction,original_constraints,constraints_before_after_histogram.pdf,1
dataset_20/uvl/model_20160301_1978418899.uvl,Constraints,Before reduction,original_constraints,constraints_before_after_histogram.pdf,8
dataset_20/uvl/model_20160301_235863217.uvl,Constraints,Before reduction,original_constraints,constraints_before_after_histogram.pdf,7
dataset_20/uvl/model_20160303_1635209528.uvl,Constraints,Before reduction,original_constraints,constraints_before_after_histogram.pdf,0
dataset_20/uvl/model_20160303_1645051071.uvl,Constraints,Before reduction,original_constraints,constraints_before_after_histogram.pdf,2
dataset_20/uvl/model_20160304_1567363129.uvl,Constraints,Before reduction,original_constraints,constraints_before_after_histogram.pdf,7
dataset_20/uvl/model_20160304_165509543.uvl,Constraints,Before reduction,original_constraints,constraints_before_after_histogram.pdf,6
dataset_20/uvl/model_20160304_168615633.uvl,Constraints,Before reduction,original_constraints,constraints_before_after_histogram.pdf,5
dataset_20/uvl/model_20160307_1341241097.uvl,Constraints,Before reduction,original_constraints,constraints_before_after_histogram.pdf,0
dataset_20/uvl/model_20160308_190029672.uvl,Constraints,Before reduction,original_constraints,constraints_before_after_histogram.pdf,0
dataset_20/uvl/model_20160308_79396455.uvl,Constraints,Before reduction,original_constraints,constraints_before_after_histogram.pdf,7
dataset_20/uvl/model_20160308_993894457.uvl,Constraints,Before reduction,original_constraints,constraints_before_after_histogram.pdf,0
dataset_20/uvl/model_20160309_1721210506.uvl,Constraints,Before reduction,original_constraints,constraints_before_after_histogram.pdf,0
dataset_20/uvl/model_20160309_77134368.uvl,Constraints,Before reduction,original_constraints,constraints_before_after_histogram.pdf,0
dataset_20/uvl/model_20160311_1359424486.uvl,Constraints,Before reduction,original_constraints,constraints_before_after_histogram.pdf,0
dataset_20/uvl/model_20160311_358715911.uvl,Constraints,Before reduction,original_constraints,constraints_before_after_histogram.pdf,0
dataset_20/uvl/model_20160315_505457800.uvl,Constraints,Before reduction,original_constraints,constraints_before_after_histogram.pdf,0
dataset_20/uvl/model_20160315_697003579.uvl,Constraints,Before reduction,original_constraints,constraints_before_after_histogram.pdf,0
dataset_20/uvl/model_20160317_1483846003.uvl,Constraints,Before reduction,original_constraints,constraints_before_after_histogram.pdf,0
dataset_20/uvl/model_20160322_2014722365.uvl,Constraints,Before reduction,original_constraints,constraints_before_after_histogram.pdf,0
dataset_20/uvl/model_20160329_1092215724.uvl,Constraints,Before reduction,original_constraints,constraints_before_after_histogram.pdf,9
dataset_20/uvl/model_20160329_1144142418.uvl,Constraints,Before reduction,original_constraints,constraints_before_after_histogram.pdf,0
dataset_20/uvl/model_20160329_1152124785.uvl,Constraints,Before reduction,original_constraints,constraints_before_after_histogram.pdf,0
dataset_20/uvl/model_20160329_1368375444.uvl,Constraints,Before reduction,original_constraints,constraints_before_after_histogram.pdf,7
dataset_20/uvl/model_20160329_1491802197.uvl,Constraints,Before reduction,original_constraints,constraints_before_after_histogram.pdf,0
dataset_20/uvl/model_20160329_160417479.uvl,Constraints,Before reduction,original_constraints,constraints_before_after_histogram.pdf,0
dataset_20/uvl/model_20160329_1691896941.uvl,Constraints,Before reduction,original_constraints,constraints_before_after_histogram.pdf,12
dataset_20/uvl/model_20160329_174305764.uvl,Constraints,Before reduction,original_constraints,constraints_before_after_histogram.pdf,10
dataset_20/uvl/model_20160329_1999221629.uvl,Constraints,Before reduction,original_constraints,constraints_before_after_histogram.pdf,0
dataset_20/uvl/model_20160329_2023954051.uvl,Constraints,Before reduction,original_constraints,constraints_before_after_histogram.pdf,0
dataset_20/uvl/model_20160329_268958808.uvl,Constraints,Before reduction,original_constraints,constraints_before_after_histogram.pdf,8
dataset_20/uvl/model_20160329_304357596.uvl,Constraints,Before reduction,original_constraints,constraints_before_after_histogram.pdf,0
dataset_20/uvl/model_20160329_578011837.uvl,Constraints,Before reduction,original_constraints,constraints_before_after_histogram.pdf,0
dataset_20/uvl/model_20160329_736279509.uvl,Constraints,Before reduction,original_constraints,constraints_before_after_histogram.pdf,0
dataset_20/uvl/model_20160329_864839294.uvl,Constraints,Before reduction,original_constraints,constraints_before_after_histogram.pdf,0
dataset_20/uvl/model_20160329_925786350.uvl,Constraints,Before reduction,original_constraints,constraints_before_after_histogram.pdf,0
dataset_20/uvl/model_20160329_926312476.uvl,Constraints,Before reduction,original_constraints,constraints_before_after_histogram.pdf,0
dataset_20/uvl/model_20160330_1191432205.uvl,Constraints,Before reduction,original_constraints,constraints_before_after_histogram.pdf,0
dataset_20/uvl/model_20160330_1233914245.uvl,Constraints,Before reduction,original_constraints,constraints_before_after_histogram.pdf,3
dataset_20/uvl/model_20160330_1306243394.uvl,Constraints,Before reduction,original_constraints,constraints_before_after_histogram.pdf,0
dataset_20/uvl/model_20160330_1356575467.uvl,Constraints,Before reduction,original_constraints,constraints_before_after_histogram.pdf,0
dataset_20/uvl/model_20160330_149443721.uvl,Constraints,Before reduction,original_constraints,constraints_before_after_histogram.pdf,14
dataset_20/uvl/model_20160330_1632759327.uvl,Constraints,Before reduction,original_constraints,constraints_before_after_histogram.pdf,0
dataset_20/uvl/model_20160330_1784601624.uvl,Constraints,Before reduction,original_constraints,constraints_before_after_histogram.pdf,0
dataset_20/uvl/model_20160330_1846251072.uvl,Constraints,Before reduction,original_constraints,constraints_before_after_histogram.pdf,0
dataset_20/uvl/model_20160330_218438641.uvl,Constraints,Before reduction,original_constraints,constraints_before_after_histogram.pdf,0
dataset_20/uvl/model_20160330_387052519.uvl,Constraints,Before reduction,original_constraints,constraints_before_after_histogram.pdf,0
dataset_20/uvl/model_20160330_469153666.uvl,Constraints,Before reduction,original_constraints,constraints_before_after_histogram.pdf,0
dataset_20/uvl/model_20160330_511669656.uvl,Constraints,Before reduction,original_constraints,constraints_before_after_histogram.pdf,0
dataset_20/uvl/model_20160330_888130075.uvl,Constraints,Before reduction,original_constraints,constraints_before_after_histogram.pdf,0
dataset_20/uvl/model_20160330_925748995.uvl,Constraints,Before reduction,original_constraints,constraints_before_after_histogram.pdf,0
dataset_20/uvl/model_20160330_999254735.uvl,Constraints,Before reduction,original_constraints,constraints_before_after_histogram.pdf,0
dataset_20/uvl/model_20160411_1158715394.uvl,Constraints,Before reduction,original_constraints,constraints_before_after_histogram.pdf,0
dataset_20/uvl/model_20160420_1926809017.uvl,Constraints,Before reduction,original_constraints,constraints_before_after_histogram.pdf,0
dataset_20/uvl/model_20160420_474055968.uvl,Constraints,Before reduction,original_constraints,constraints_before_after_histogram.pdf,0
dataset_20/uvl/model_20160426_744600320.uvl,Constraints,Before reduction,original_constraints,constraints_before_after_histogram.pdf,0
dataset_20/uvl/model_20160428_283258262.uvl,Constraints,Before reduction,original_constraints,constraints_before_after_histogram.pdf,0
dataset_20/uvl/model_20160429_2024552354.uvl,Constraints,Before reduction,original_constraints,constraints_before_after_histogram.pdf,0
dataset_20/uvl/model_20160502_1352812691.uvl,Constraints,Before reduction,original_constraints,constraints_before_after_histogram.pdf,0
dataset_20/uvl/model_20160502_596671432.uvl,Constraints,Before reduction,original_constraints,constraints_before_after_histogram.pdf,0
dataset_20/uvl/model_20160503_1174916821.uvl,Constraints,Before reduction,original_constraints,constraints_before_after_histogram.pdf,2
dataset_20/uvl/model_20160504_1687809818.uvl,Constraints,Before reduction,original_constraints,constraints_before_after_histogram.pdf,0
dataset_20/uvl/model_20160504_18344306.uvl,Constraints,Before reduction,original_constraints,constraints_before_after_histogram.pdf,2
dataset_20/uvl/model_20160504_814917052.uvl,Constraints,Before reduction,original_constraints,constraints_before_after_histogram.pdf,0
dataset_20/uvl/model_20160506_174377233.uvl,Constraints,Before reduction,original_constraints,constraints_before_after_histogram.pdf,0
dataset_20/uvl/model_20160508_265400900.uvl,Constraints,Before reduction,original_constraints,constraints_before_after_histogram.pdf,6
dataset_20/uvl/model_20160512_1688304541.uvl,Constraints,Before reduction,original_constraints,constraints_before_after_histogram.pdf,0
dataset_20/uvl/model_20160519_1235536625.uvl,Constraints,Before reduction,original_constraints,constraints_before_after_histogram.pdf,16
dataset_20/uvl/model_20160519_1444507509.uvl,Constraints,Before reduction,original_constraints,constraints_before_after_histogram.pdf,19
dataset_20/uvl/model_20160520_681202886.uvl,Constraints,Before reduction,original_constraints,constraints_before_after_histogram.pdf,0
dataset_20/uvl/model_20160524_3029237.uvl,Constraints,Before reduction,original_constraints,constraints_before_after_histogram.pdf,2
dataset_20/uvl/model_20160527_1098137653.uvl,Constraints,Before reduction,original_constraints,constraints_before_after_histogram.pdf,3
dataset_20/uvl/model_20160531_1105256806.uvl,Constraints,Before reduction,original_constraints,constraints_before_after_histogram.pdf,8
dataset_20/uvl/model_20160531_486171149.uvl,Constraints,Before reduction,original_constraints,constraints_before_after_histogram.pdf,17
dataset_20/uvl/model_20160531_990808801.uvl,Constraints,Before reduction,original_constraints,constraints_before_after_histogram.pdf,0
dataset_20/uvl/model_20160603_398155586.uvl,Constraints,Before reduction,original_constraints,constraints_before_after_histogram.pdf,0
dataset_20/uvl/model_20160606_235281629.uvl,Constraints,Before reduction,original_constraints,constraints_before_after_histogram.pdf,0
dataset_20/uvl/model_20160606_412121552.uvl,Constraints,Before reduction,original_constraints,constraints_before_after_histogram.pdf,0
dataset_20/uvl/model_20160608_755102753.uvl,Constraints,Before reduction,original_constraints,constraints_before_after_histogram.pdf,0
dataset_20/uvl/model_20160620_457730604.uvl,Constraints,Before reduction,original_constraints,constraints_before_after_histogram.pdf,0
dataset_20/uvl/model_20160621_993334585.uvl,Constraints,Before reduction,original_constraints,constraints_before_after_histogram.pdf,0
dataset_20/uvl/model_20160623_1415871890.uvl,Constraints,Before reduction,original_constraints,constraints_before_after_histogram.pdf,1
dataset_20/uvl/model_20160629_1032137585.uvl,Constraints,Before reduction,original_constraints,constraints_before_after_histogram.pdf,2
dataset_20/uvl/model_20160712_1875218337.uvl,Constraints,Before reduction,original_constraints,constraints_before_after_histogram.pdf,0
dataset_20/uvl/model_20160716_1943328700.uvl,Constraints,Before reduction,original_constraints,constraints_before_after_histogram.pdf,0
dataset_20/uvl/model_20160721_1827988269.uvl,Constraints,Before reduction,original_constraints,constraints_before_after_histogram.pdf,5
dataset_20/uvl/model_20160721_972954567.uvl,Constraints,Before reduction,original_constraints,constraints_before_after_histogram.pdf,0
dataset_20/uvl/model_20160726_1855902901.uvl,Constraints,Before reduction,original_constraints,constraints_before_after_histogram.pdf,1
dataset_20/uvl/model_20160812_1476754989.uvl,Constraints,Before reduction,original_constraints,constraints_before_after_histogram.pdf,2
dataset_20/uvl/model_20160813_60083737.uvl,Constraints,Before reduction,original_constraints,constraints_before_after_histogram.pdf,0
dataset_20/uvl/model_20160821_1946133193.uvl,Constraints,Before reduction,original_constraints,constraints_before_after_histogram.pdf,1
dataset_20/uvl/model_20160822_713171625.uvl,Constraints,Before reduction,original_constraints,constraints_before_after_histogram.pdf,3
dataset_20/uvl/model_20160824_2005849052.uvl,Constraints,Before reduction,original_constraints,constraints_before_after_histogram.pdf,0
dataset_20/uvl/model_20160905_338518821.uvl,Constraints,Before reduction,original_constraints,constraints_before_after_histogram.pdf,0
dataset_20/uvl/model_20160905_774306083.uvl,Constraints,Before reduction,original_constraints,constraints_before_after_histogram.pdf,0
dataset_20/uvl/model_20160906_1914580505.uvl,Constraints,Before reduction,original_constraints,constraints_before_after_histogram.pdf,0
dataset_20/uvl/model_20160906_802533043.uvl,Constraints,Before reduction,original_constraints,constraints_before_after_histogram.pdf,4
dataset_20/uvl/model_20160906_881197553.uvl,Constraints,Before reduction,original_constraints,constraints_before_after_histogram.pdf,0
dataset_20/uvl/model_20160907_1816738180.uvl,Constraints,Before reduction,original_constraints,constraints_before_after_histogram.pdf,0
dataset_20/uvl/model_20160911_493856736.uvl,Constraints,Before reduction,original_constraints,constraints_before_after_histogram.pdf,6
dataset_20/uvl/model_20160912_1428022317.uvl,Constraints,Before reduction,original_constraints,constraints_before_after_histogram.pdf,10
dataset_20/uvl/model_20160912_772295854.uvl,Constraints,Before reduction,original_constraints,constraints_before_after_histogram.pdf,0
dataset_20/uvl/model_20160913_2142740300.uvl,Constraints,Before reduction,original_constraints,constraints_before_after_histogram.pdf,21
dataset_20/uvl/model_20160913_245590430.uvl,Constraints,Before reduction,original_constraints,constraints_before_after_histogram.pdf,23
dataset_20/uvl/model_20160913_269001380.uvl,Constraints,Before reduction,original_constraints,constraints_before_after_histogram.pdf,17
dataset_20/uvl/model_20160913_482611615.uvl,Constraints,Before reduction,original_constraints,constraints_before_after_histogram.pdf,12
dataset_20/uvl/model_20160913_600398973.uvl,Constraints,Before reduction,original_constraints,constraints_before_after_histogram.pdf,6
dataset_20/uvl/model_20160917_824197127.uvl,Constraints,Before reduction,original_constraints,constraints_before_after_histogram.pdf,0
dataset_20/uvl/model_20160919_1142576711.uvl,Constraints,Before reduction,original_constraints,constraints_before_after_histogram.pdf,0
dataset_20/uvl/model_20160919_422339066.uvl,Constraints,Before reduction,original_constraints,constraints_before_after_histogram.pdf,5
dataset_20/uvl/model_20160919_825563014.uvl,Constraints,Before reduction,original_constraints,constraints_before_after_histogram.pdf,0
dataset_20/uvl/model_20160921_24535453.uvl,Constraints,Before reduction,original_constraints,constraints_before_after_histogram.pdf,0
dataset_20/uvl/model_20160925_2087627141.uvl,Constraints,Before reduction,original_constraints,constraints_before_after_histogram.pdf,9
dataset_20/uvl/model_20160926_106687243.uvl,Constraints,Before reduction,original_constraints,constraints_before_after_histogram.pdf,0
dataset_20/uvl/model_20160926_2009081259.uvl,Constraints,Before reduction,original_constraints,constraints_before_after_histogram.pdf,0
dataset_20/uvl/model_20161003_680973994.uvl,Constraints,Before reduction,original_constraints,constraints_before_after_histogram.pdf,7
dataset_20/uvl/model_20161012_1497804026.uvl,Constraints,Before reduction,original_constraints,constraints_before_after_histogram.pdf,0
dataset_20/uvl/model_20161018_1395239714.uvl,Constraints,Before reduction,original_constraints,constraints_before_after_histogram.pdf,0
dataset_20/uvl/model_20161025_210874268.uvl,Constraints,Before reduction,original_constraints,constraints_before_after_histogram.pdf,0
dataset_20/uvl/model_20161101_1188178549.uvl,Constraints,Before reduction,original_constraints,constraints_before_after_histogram.pdf,0
dataset_20/uvl/model_20161101_1287284082.uvl,Constraints,Before reduction,original_constraints,constraints_before_after_histogram.pdf,0
dataset_20/uvl/model_20161107_2119549052.uvl,Constraints,Before reduction,original_constraints,constraints_before_after_histogram.pdf,0
dataset_20/uvl/model_20161107_751073207.uvl,Constraints,Before reduction,original_constraints,constraints_before_after_histogram.pdf,0
dataset_20/uvl/model_20161109_258969269.uvl,Constraints,Before reduction,original_constraints,constraints_before_after_histogram.pdf,2
dataset_20/uvl/model_20161117_1407262512.uvl,Constraints,Before reduction,original_constraints,constraints_before_after_histogram.pdf,0
dataset_20/uvl/model_20161118_1167269407.uvl,Constraints,Before reduction,original_constraints,constraints_before_after_histogram.pdf,13
dataset_20/uvl/model_20161122_1255346120.uvl,Constraints,Before reduction,original_constraints,constraints_before_after_histogram.pdf,1
dataset_20/uvl/model_20161123_1530983999.uvl,Constraints,Before reduction,original_constraints,constraints_before_after_histogram.pdf,0
dataset_20/uvl/model_20161124_135805624.uvl,Constraints,Before reduction,original_constraints,constraints_before_after_histogram.pdf,0
dataset_20/uvl/model_20161125_1777261352.uvl,Constraints,Before reduction,original_constraints,constraints_before_after_histogram.pdf,3
dataset_20/uvl/model_20161127_1823059506.uvl,Constraints,Before reduction,original_constraints,constraints_before_after_histogram.pdf,246
dataset_20/uvl/model_20161128_1478224089.uvl,Constraints,Before reduction,original_constraints,constraints_before_after_histogram.pdf,0
dataset_20/uvl/model_20161128_2006303576.uvl,Constraints,Before reduction,original_constraints,constraints_before_after_histogram.pdf,0
dataset_20/uvl/model_20161128_2133107865.uvl,Constraints,Before reduction,original_constraints,constraints_before_after_histogram.pdf,0
dataset_20/uvl/model_20161128_844678202.uvl,Constraints,Before reduction,original_constraints,constraints_before_after_histogram.pdf,2
dataset_20/uvl/model_20161207_285955518.uvl,Constraints,Before reduction,original_constraints,constraints_before_after_histogram.pdf,0
dataset_20/uvl/model_20161209_758532997.uvl,Constraints,Before reduction,original_constraints,constraints_before_after_histogram.pdf,0
dataset_20/uvl/model_20161212_1631452800.uvl,Constraints,Before reduction,original_constraints,constraints_before_after_histogram.pdf,7
dataset_20/uvl/model_20161213_651973816.uvl,Constraints,Before reduction,original_constraints,constraints_before_after_histogram.pdf,6
dataset_20/uvl/model_20170115_352040991.uvl,Constraints,Before reduction,original_constraints,constraints_before_after_histogram.pdf,1
dataset_20/uvl/model_20170131_61369545.uvl,Constraints,Before reduction,original_constraints,constraints_before_after_histogram.pdf,0
dataset_20/uvl/model_20170206_852070049.uvl,Constraints,Before reduction,original_constraints,constraints_before_after_histogram.pdf,1
dataset_20/uvl/model_20170215_1278541927.uvl,Constraints,Before reduction,original_constraints,constraints_before_after_histogram.pdf,0
dataset_20/uvl/model_20170215_1976164448.uvl,Constraints,Before reduction,original_constraints,constraints_before_after_histogram.pdf,3
dataset_20/uvl/model_20170219_358603289.uvl,Constraints,Before reduction,original_constraints,constraints_before_after_histogram.pdf,0
dataset_20/uvl/model_20170221_1848353506.uvl,Constraints,Before reduction,original_constraints,constraints_before_after_histogram.pdf,38
dataset_20/uvl/model_20170228_1437582980.uvl,Constraints,Before reduction,original_constraints,constraints_before_after_histogram.pdf,0
dataset_20/uvl/model_20170228_2078125436.uvl,Constraints,Before reduction,original_constraints,constraints_before_after_histogram.pdf,1
dataset_20/uvl/model_20170301_235251685.uvl,Constraints,Before reduction,original_constraints,constraints_before_after_histogram.pdf,1
dataset_20/uvl/model_20170308_1789444441.uvl,Constraints,Before reduction,original_constraints,constraints_before_after_histogram.pdf,0
dataset_20/uvl/model_20170310_195700687.uvl,Constraints,Before reduction,original_constraints,constraints_before_after_histogram.pdf,20
dataset_20/uvl/model_20170310_2069806245.uvl,Constraints,Before reduction,original_constraints,constraints_before_after_histogram.pdf,10
dataset_20/uvl/model_20170310_906013336.uvl,Constraints,Before reduction,original_constraints,constraints_before_after_histogram.pdf,9
dataset_20/uvl/model_20170311_1316290182.uvl,Constraints,Before reduction,original_constraints,constraints_before_after_histogram.pdf,23
dataset_20/uvl/model_20170312_968402737.uvl,Constraints,Before reduction,original_constraints,constraints_before_after_histogram.pdf,7
dataset_20/uvl/model_20170313_143405764.uvl,Constraints,Before reduction,original_constraints,constraints_before_after_histogram.pdf,21
dataset_20/uvl/model_20170313_788976149.uvl,Constraints,Before reduction,original_constraints,constraints_before_after_histogram.pdf,0
dataset_20/uvl/model_20170315_1174513943.uvl,Constraints,Before reduction,original_constraints,constraints_before_after_histogram.pdf,0
dataset_20/uvl/model_20170315_692595151.uvl,Constraints,Before reduction,original_constraints,constraints_before_after_histogram.pdf,0
dataset_20/uvl/model_20170316_1293936491.uvl,Constraints,Before reduction,original_constraints,constraints_before_after_histogram.pdf,5
dataset_20/uvl/model_20170316_1430061931.uvl,Constraints,Before reduction,original_constraints,constraints_before_after_histogram.pdf,203
dataset_20/uvl/model_20170316_174511349.uvl,Constraints,Before reduction,original_constraints,constraints_before_after_histogram.pdf,3
dataset_20/uvl/model_20170317_1165725.uvl,Constraints,Before reduction,original_constraints,constraints_before_after_histogram.pdf,7
dataset_20/uvl/model_20170320_149190356.uvl,Constraints,Before reduction,original_constraints,constraints_before_after_histogram.pdf,6
dataset_20/uvl/model_20170320_1505333083.uvl,Constraints,Before reduction,original_constraints,constraints_before_after_histogram.pdf,0
dataset_20/uvl/model_20170320_772300106.uvl,Constraints,Before reduction,original_constraints,constraints_before_after_histogram.pdf,0
dataset_20/uvl/model_20170321_1279222212.uvl,Constraints,Before reduction,original_constraints,constraints_before_after_histogram.pdf,2
dataset_20/uvl/model_20170321_1774846112.uvl,Constraints,Before reduction,original_constraints,constraints_before_after_histogram.pdf,26
dataset_20/uvl/model_20170322_711096381.uvl,Constraints,Before reduction,original_constraints,constraints_before_after_histogram.pdf,0
dataset_20/uvl/model_20170328_1485540940.uvl,Constraints,Before reduction,original_constraints,constraints_before_after_histogram.pdf,137
dataset_20/uvl/model_20170328_418838667.uvl,Constraints,Before reduction,original_constraints,constraints_before_after_histogram.pdf,72
dataset_20/uvl/model_20170402_1978825740.uvl,Constraints,Before reduction,original_constraints,constraints_before_after_histogram.pdf,84
dataset_20/uvl/model_20170402_765751837.uvl,Constraints,Before reduction,original_constraints,constraints_before_after_histogram.pdf,108
dataset_20/uvl/model_20170404_1821671055.uvl,Constraints,Before reduction,original_constraints,constraints_before_after_histogram.pdf,3
dataset_20/uvl/model_20170405_957299568.uvl,Constraints,Before reduction,original_constraints,constraints_before_after_histogram.pdf,88
dataset_20/uvl/model_20170410_971411480.uvl,Constraints,Before reduction,original_constraints,constraints_before_after_histogram.pdf,0
dataset_20/uvl/model_20170414_1751865819.uvl,Constraints,Before reduction,original_constraints,constraints_before_after_histogram.pdf,8
dataset_20/uvl/model_20170419_185164278.uvl,Constraints,Before reduction,original_constraints,constraints_before_after_histogram.pdf,0
dataset_20/uvl/model_20170420_1165511748.uvl,Constraints,Before reduction,original_constraints,constraints_before_after_histogram.pdf,0
dataset_20/uvl/model_20170424_781699396.uvl,Constraints,Before reduction,original_constraints,constraints_before_after_histogram.pdf,13
dataset_20/uvl/model_20170502_101132737.uvl,Constraints,Before reduction,original_constraints,constraints_before_after_histogram.pdf,9
dataset_20/uvl/model_20170504_370000031.uvl,Constraints,Before reduction,original_constraints,constraints_before_after_histogram.pdf,5
dataset_20/uvl/model_20170505_1428478521.uvl,Constraints,Before reduction,original_constraints,constraints_before_after_histogram.pdf,2
dataset_20/uvl/model_20170505_1995894898.uvl,Constraints,Before reduction,original_constraints,constraints_before_after_histogram.pdf,3
dataset_20/uvl/model_20170510_174347414.uvl,Constraints,Before reduction,original_constraints,constraints_before_after_histogram.pdf,0
dataset_20/uvl/model_20170512_1532934104.uvl,Constraints,Before reduction,original_constraints,constraints_before_after_histogram.pdf,0
dataset_20/uvl/model_20170517_1276361560.uvl,Constraints,Before reduction,original_constraints,constraints_before_after_histogram.pdf,2
dataset_20/uvl/model_20170517_1468714593.uvl,Constraints,Before reduction,original_constraints,constraints_before_after_histogram.pdf,2
dataset_20/uvl/model_20170517_1986241278.uvl,Constraints,Before reduction,original_constraints,constraints_before_after_histogram.pdf,2
dataset_20/uvl/model_20170518_1713871521.uvl,Constraints,Before reduction,original_constraints,constraints_before_after_histogram.pdf,2
dataset_20/uvl/model_20170518_711240246.uvl,Constraints,Before reduction,original_constraints,constraints_before_after_histogram.pdf,0
dataset_20/uvl/model_20170527_1802227256.uvl,Constraints,Before reduction,original_constraints,constraints_before_after_histogram.pdf,3
dataset_20/uvl/model_20170528_1427439246.uvl,Constraints,Before reduction,original_constraints,constraints_before_after_histogram.pdf,2
dataset_20/uvl/model_20170607_1389753102.uvl,Constraints,Before reduction,original_constraints,constraints_before_after_histogram.pdf,1
dataset_20/uvl/model_20170618_724645944.uvl,Constraints,Before reduction,original_constraints,constraints_before_after_histogram.pdf,2
dataset_20/uvl/model_20170627_231083922.uvl,Constraints,Before reduction,original_constraints,constraints_before_after_histogram.pdf,1
dataset_20/uvl/model_20170702_979744088.uvl,Constraints,Before reduction,original_constraints,constraints_before_after_histogram.pdf,0
dataset_20/uvl/model_20170703_1893075315.uvl,Constraints,Before reduction,original_constraints,constraints_before_after_histogram.pdf,1
dataset_20/uvl/model_20170704_1299892151.uvl,Constraints,Before reduction,original_constraints,constraints_before_after_histogram.pdf,0
dataset_20/uvl/model_20170706_1181552122.uvl,Constraints,Before reduction,original_constraints,constraints_before_after_histogram.pdf,2
dataset_20/uvl/model_20170706_1588900401.uvl,Constraints,Before reduction,original_constraints,constraints_before_after_histogram.pdf,1
dataset_20/uvl/model_20170718_2017313962.uvl,Constraints,Before reduction,original_constraints,constraints_before_after_histogram.pdf,0
dataset_20/uvl/model_20170720_160368734.uvl,Constraints,Before reduction,original_constraints,constraints_before_after_histogram.pdf,0
dataset_20/uvl/model_20170809_1734454576.uvl,Constraints,Before reduction,original_constraints,constraints_before_after_histogram.pdf,0
dataset_20/uvl/model_20170814_699386305.uvl,Constraints,Before reduction,original_constraints,constraints_before_after_histogram.pdf,0
dataset_20/uvl/model_20170818_1523700786.uvl,Constraints,Before reduction,original_constraints,constraints_before_after_histogram.pdf,0
dataset_20/uvl/model_20170818_812208818.uvl,Constraints,Before reduction,original_constraints,constraints_before_after_histogram.pdf,0
dataset_20/uvl/model_20170821_2117231347.uvl,Constraints,Before reduction,original_constraints,constraints_before_after_histogram.pdf,25
dataset_20/uvl/model_20170821_744427680.uvl,Constraints,Before reduction,original_constraints,constraints_before_after_histogram.pdf,16
dataset_20/uvl/model_20170904_444361354.uvl,Constraints,Before reduction,original_constraints,constraints_before_after_histogram.pdf,0
dataset_20/uvl/model_20170904_998227463.uvl,Constraints,Before reduction,original_constraints,constraints_before_after_histogram.pdf,0
dataset_20/uvl/model_20170911_1850240044.uvl,Constraints,Before reduction,original_constraints,constraints_before_after_histogram.pdf,0
dataset_20/uvl/model_20170916_132089042.uvl,Constraints,Before reduction,original_constraints,constraints_before_after_histogram.pdf,24
dataset_20/uvl/model_20170916_973590519.uvl,Constraints,Before reduction,original_constraints,constraints_before_after_histogram.pdf,14
dataset_20/uvl/model_20170918_1157652981.uvl,Constraints,Before reduction,original_constraints,constraints_before_after_histogram.pdf,4
dataset_20/uvl/model_20170918_191476099.uvl,Constraints,Before reduction,original_constraints,constraints_before_after_histogram.pdf,1
dataset_20/uvl/model_20170918_1996976409.uvl,Constraints,Before reduction,original_constraints,constraints_before_after_histogram.pdf,0
dataset_20/uvl/model_20170918_2076946141.uvl,Constraints,Before reduction,original_constraints,constraints_before_after_histogram.pdf,0
dataset_20/uvl/model_20170918_446567907.uvl,Constraints,Before reduction,original_constraints,constraints_before_after_histogram.pdf,11
dataset_20/uvl/model_20170919_1393589103.uvl,Constraints,Before reduction,original_constraints,constraints_before_after_histogram.pdf,20
dataset_20/uvl/model_20170919_1425490791.uvl,Constraints,Before reduction,original_constraints,constraints_before_after_histogram.pdf,17
dataset_20/uvl/model_20170919_1946252337.uvl,Constraints,Before reduction,original_constraints,constraints_before_after_histogram.pdf,6
dataset_20/uvl/model_20170919_303553909.uvl,Constraints,Before reduction,original_constraints,constraints_before_after_histogram.pdf,29
dataset_20/uvl/model_20170919_414938854.uvl,Constraints,Before reduction,original_constraints,constraints_before_after_histogram.pdf,0
dataset_20/uvl/model_20170921_244476382.uvl,Constraints,Before reduction,original_constraints,constraints_before_after_histogram.pdf,10
dataset_20/uvl/model_20170925_1698983864.uvl,Constraints,Before reduction,original_constraints,constraints_before_after_histogram.pdf,0
dataset_20/uvl/model_20170926_1539445221.uvl,Constraints,Before reduction,original_constraints,constraints_before_after_histogram.pdf,1
dataset_20/uvl/model_20170926_289427240.uvl,Constraints,Before reduction,original_constraints,constraints_before_after_histogram.pdf,0
dataset_20/uvl/model_20170927_2140419024.uvl,Constraints,Before reduction,original_constraints,constraints_before_after_histogram.pdf,0
dataset_20/uvl/model_20170930_228024571.uvl,Constraints,Before reduction,original_constraints,constraints_before_after_histogram.pdf,25
dataset_20/uvl/model_20171005_1407702877.uvl,Constraints,Before reduction,original_constraints,constraints_before_after_histogram.pdf,0
dataset_20/uvl/model_20171005_1816009957.uvl,Constraints,Before reduction,original_constraints,constraints_before_after_histogram.pdf,0
dataset_20/uvl/model_20171005_661289758.uvl,Constraints,Before reduction,original_constraints,constraints_before_after_histogram.pdf,0
dataset_20/uvl/model_20171008_377237228.uvl,Constraints,Before reduction,original_constraints,constraints_before_after_histogram.pdf,0
dataset_20/uvl/model_20171010_332868283.uvl,Constraints,Before reduction,original_constraints,constraints_before_after_histogram.pdf,0
dataset_20/uvl/model_20171012_404282969.uvl,Constraints,Before reduction,original_constraints,constraints_before_after_histogram.pdf,0
dataset_20/uvl/model_20171012_432118074.uvl,Constraints,Before reduction,original_constraints,constraints_before_after_histogram.pdf,0
dataset_20/uvl/model_20171012_484328807.uvl,Constraints,Before reduction,original_constraints,constraints_before_after_histogram.pdf,0
dataset_20/uvl/model_20171014_936370428.uvl,Constraints,Before reduction,original_constraints,constraints_before_after_histogram.pdf,0
dataset_20/uvl/model_20171016_1973576375.uvl,Constraints,Before reduction,original_constraints,constraints_before_after_histogram.pdf,3
dataset_20/uvl/model_20171016_2132568250.uvl,Constraints,Before reduction,original_constraints,constraints_before_after_histogram.pdf,0
dataset_20/uvl/model_20171016_777651910.uvl,Constraints,Before reduction,original_constraints,constraints_before_after_histogram.pdf,0
dataset_20/uvl/model_20171018_1720986032.uvl,Constraints,Before reduction,original_constraints,constraints_before_after_histogram.pdf,0
dataset_20/uvl/model_20171020_786614820.uvl,Constraints,Before reduction,original_constraints,constraints_before_after_histogram.pdf,0
dataset_20/uvl/model_20171021_192017753.uvl,Constraints,Before reduction,original_constraints,constraints_before_after_histogram.pdf,0
dataset_20/uvl/model_20171028_1906143627.uvl,Constraints,Before reduction,original_constraints,constraints_before_after_histogram.pdf,2
dataset_20/uvl/model_20171029_1247758730.uvl,Constraints,Before reduction,original_constraints,constraints_before_after_histogram.pdf,0
dataset_20/uvl/model_20171029_714150136.uvl,Constraints,Before reduction,original_constraints,constraints_before_after_histogram.pdf,0
dataset_20/uvl/model_20171108_1643056811.uvl,Constraints,Before reduction,original_constraints,constraints_before_after_histogram.pdf,0
dataset_20/uvl/model_20171109_1740328562.uvl,Constraints,Before reduction,original_constraints,constraints_before_after_histogram.pdf,11
dataset_20/uvl/model_20171128_2320585.uvl,Constraints,Before reduction,original_constraints,constraints_before_after_histogram.pdf,0
dataset_20/uvl/model_20171129_847069382.uvl,Constraints,Before reduction,original_constraints,constraints_before_after_histogram.pdf,0
dataset_20/uvl/model_20171202_671836466.uvl,Constraints,Before reduction,original_constraints,constraints_before_after_histogram.pdf,0
dataset_20/uvl/model_20171204_404453510.uvl,Constraints,Before reduction,original_constraints,constraints_before_after_histogram.pdf,2
dataset_20/uvl/model_20171207_1015871671.uvl,Constraints,Before reduction,original_constraints,constraints_before_after_histogram.pdf,16
dataset_20/uvl/model_20171207_711618687.uvl,Constraints,Before reduction,original_constraints,constraints_before_after_histogram.pdf,0
dataset_20/uvl/model_20171208_504832504.uvl,Constraints,Before reduction,original_constraints,constraints_before_after_histogram.pdf,0
dataset_20/uvl/model_20171213_638254090.uvl,Constraints,Before reduction,original_constraints,constraints_before_after_histogram.pdf,0
dataset_20/uvl/model_20180110_870365297.uvl,Constraints,Before reduction,original_constraints,constraints_before_after_histogram.pdf,2
dataset_20/uvl/model_20180122_1429516018.uvl,Constraints,Before reduction,original_constraints,constraints_before_after_histogram.pdf,4
dataset_20/uvl/model_20180126_2070362475.uvl,Constraints,Before reduction,original_constraints,constraints_before_after_histogram.pdf,0
dataset_20/uvl/model_20180214_1066016479.uvl,Constraints,Before reduction,original_constraints,constraints_before_after_histogram.pdf,17
dataset_20/uvl/model_20180222_1531590612.uvl,Constraints,Before reduction,original_constraints,constraints_before_after_histogram.pdf,0
dataset_20/uvl/model_20180222_1576024243.uvl,Constraints,Before reduction,original_constraints,constraints_before_after_histogram.pdf,0
dataset_20/uvl/model_20180222_1790291836.uvl,Constraints,Before reduction,original_constraints,constraints_before_after_histogram.pdf,0
dataset_20/uvl/model_20180222_1813103418.uvl,Constraints,Before reduction,original_constraints,constraints_before_after_histogram.pdf,0
dataset_20/uvl/model_20180222_1895267586.uvl,Constraints,Before reduction,original_constraints,constraints_before_after_histogram.pdf,3
dataset_20/uvl/model_20180222_1925875374.uvl,Constraints,Before reduction,original_constraints,constraints_before_after_histogram.pdf,0
dataset_20/uvl/model_20180222_524224426.uvl,Constraints,Before reduction,original_constraints,constraints_before_after_histogram.pdf,0
dataset_20/uvl/model_20180222_786472237.uvl,Constraints,Before reduction,original_constraints,constraints_before_after_histogram.pdf,0
dataset_20/uvl/model_20180226_492552032.uvl,Constraints,Before reduction,original_constraints,constraints_before_after_histogram.pdf,0
dataset_20/uvl/model_20180227_1765307019.uvl,Constraints,Before reduction,original_constraints,constraints_before_after_histogram.pdf,16
dataset_20/uvl/model_20180301_203291309.uvl,Constraints,Before reduction,original_constraints,constraints_before_after_histogram.pdf,0
dataset_20/uvl/model_20180302_974887082.uvl,Constraints,Before reduction,original_constraints,constraints_before_after_histogram.pdf,28
dataset_20/uvl/model_20180304_1150769979.uvl,Constraints,Before reduction,original_constraints,constraints_before_after_histogram.pdf,11
dataset_20/uvl/model_20180304_290046860.uvl,Constraints,Before reduction,original_constraints,constraints_before_after_histogram.pdf,3
dataset_20/uvl/model_20180305_1393570452.uvl,Constraints,Before reduction,original_constraints,constraints_before_after_histogram.pdf,18
dataset_20/uvl/model_20180305_1565538092.uvl,Constraints,Before reduction,original_constraints,constraints_before_after_histogram.pdf,12
dataset_20/uvl/model_20180305_2101436905.uvl,Constraints,Before reduction,original_constraints,constraints_before_after_histogram.pdf,0
dataset_20/uvl/model_20180306_1110315637.uvl,Constraints,Before reduction,original_constraints,constraints_before_after_histogram.pdf,1
dataset_20/uvl/model_20180306_1553572984.uvl,Constraints,Before reduction,original_constraints,constraints_before_after_histogram.pdf,0
dataset_20/uvl/model_20180306_1625675392.uvl,Constraints,Before reduction,original_constraints,constraints_before_after_histogram.pdf,0
dataset_20/uvl/model_20180306_177892963.uvl,Constraints,Before reduction,original_constraints,constraints_before_after_histogram.pdf,15
dataset_20/uvl/model_20180306_1851656621.uvl,Constraints,Before reduction,original_constraints,constraints_before_after_histogram.pdf,13
dataset_20/uvl/model_20180306_422218475.uvl,Constraints,Before reduction,original_constraints,constraints_before_after_histogram.pdf,6
dataset_20/uvl/model_20180306_73619671.uvl,Constraints,Before reduction,original_constraints,constraints_before_after_histogram.pdf,5
dataset_20/uvl/model_20180306_832754487.uvl,Constraints,Before reduction,original_constraints,constraints_before_after_histogram.pdf,27
dataset_20/uvl/model_20180307_2144246090.uvl,Constraints,Before reduction,original_constraints,constraints_before_after_histogram.pdf,10
dataset_20/uvl/model_20180311_1112468126.uvl,Constraints,Before reduction,original_constraints,constraints_before_after_histogram.pdf,0
dataset_20/uvl/model_20180403_1861855205.uvl,Constraints,Before reduction,original_constraints,constraints_before_after_histogram.pdf,0
dataset_20/uvl/model_20180407_489573335.uvl,Constraints,Before reduction,original_constraints,constraints_before_after_histogram.pdf,17
dataset_20/uvl/model_20180409_394573881.uvl,Constraints,Before reduction,original_constraints,constraints_before_after_histogram.pdf,0
dataset_20/uvl/model_20180411_122889136.uvl,Constraints,Before reduction,original_constraints,constraints_before_after_histogram.pdf,0
dataset_20/uvl/model_20180509_988672632.uvl,Constraints,Before reduction,original_constraints,constraints_before_after_histogram.pdf,0
dataset_20/uvl/model_20180511_622669496.uvl,Constraints,Before reduction,original_constraints,constraints_before_after_histogram.pdf,0
dataset_20/uvl/model_20180511_935028612.uvl,Constraints,Before reduction,original_constraints,constraints_before_after_histogram.pdf,3
dataset_20/uvl/model_20180512_143602565.uvl,Constraints,Before reduction,original_constraints,constraints_before_after_histogram.pdf,0
dataset_20/uvl/model_20180512_276218752.uvl,Constraints,Before reduction,original_constraints,constraints_before_after_histogram.pdf,2
dataset_20/uvl/model_20180512_316263333.uvl,Constraints,Before reduction,original_constraints,constraints_before_after_histogram.pdf,0
dataset_20/uvl/model_20180512_409172439.uvl,Constraints,Before reduction,original_constraints,constraints_before_after_histogram.pdf,0
dataset_20/uvl/model_20180512_419383167.uvl,Constraints,Before reduction,original_constraints,constraints_before_after_histogram.pdf,2
dataset_20/uvl/model_20180512_427876131.uvl,Constraints,Before reduction,original_constraints,constraints_before_after_histogram.pdf,0
dataset_20/uvl/model_20180512_660942805.uvl,Constraints,Before reduction,original_constraints,constraints_before_after_histogram.pdf,2
dataset_20/uvl/model_20180512_733862721.uvl,Constraints,Before reduction,original_constraints,constraints_before_after_histogram.pdf,2
dataset_20/uvl/model_20180512_775268148.uvl,Constraints,Before reduction,original_constraints,constraints_before_after_histogram.pdf,0
dataset_20/uvl/model_20180512_810540422.uvl,Constraints,Before reduction,original_constraints,constraints_before_after_histogram.pdf,1
dataset_20/uvl/model_20180512_893377341.uvl,Constraints,Before reduction,original_constraints,constraints_before_after_histogram.pdf,2
dataset_20/uvl/model_20180513_39795521.uvl,Constraints,Before reduction,original_constraints,constraints_before_after_histogram.pdf,0
dataset_20/uvl/model_20180514_1722608288.uvl,Constraints,Before reduction,original_constraints,constraints_before_after_histogram.pdf,0
dataset_20/uvl/model_20180514_381391194.uvl,Constraints,Before reduction,original_constraints,constraints_before_after_histogram.pdf,0
dataset_20/uvl/model_20180530_1810935889.uvl,Constraints,Before reduction,original_constraints,constraints_before_after_histogram.pdf,2
dataset_20/uvl/model_20180611_1112345807.uvl,Constraints,Before reduction,original_constraints,constraints_before_after_histogram.pdf,3
dataset_20/uvl/model_20180611_1140870617.uvl,Constraints,Before reduction,original_constraints,constraints_before_after_histogram.pdf,3
dataset_20/uvl/model_20180611_1800915628.uvl,Constraints,Before reduction,original_constraints,constraints_before_after_histogram.pdf,3
dataset_20/uvl/model_20180611_848416665.uvl,Constraints,Before reduction,original_constraints,constraints_before_after_histogram.pdf,3
dataset_20/uvl/model_20180612_1244406232.uvl,Constraints,Before reduction,original_constraints,constraints_before_after_histogram.pdf,0
dataset_20/uvl/model_20180612_712325117.uvl,Constraints,Before reduction,original_constraints,constraints_before_after_histogram.pdf,0
dataset_20/uvl/model_20180613_78021145.uvl,Constraints,Before reduction,original_constraints,constraints_before_after_histogram.pdf,1
dataset_20/uvl/model_20180618_656757926.uvl,Constraints,Before reduction,original_constraints,constraints_before_after_histogram.pdf,0
dataset_20/uvl/model_20180705_2136123533.uvl,Constraints,Before reduction,original_constraints,constraints_before_after_histogram.pdf,0
dataset_20/uvl/model_20180708_1907991672.uvl,Constraints,Before reduction,original_constraints,constraints_before_after_histogram.pdf,9
dataset_20/uvl/model_20180713_1002093829.uvl,Constraints,Before reduction,original_constraints,constraints_before_after_histogram.pdf,6
dataset_20/uvl/model_20180729_2071913647.uvl,Constraints,Before reduction,original_constraints,constraints_before_after_histogram.pdf,6
dataset_20/uvl/model_20180729_701594854.uvl,Constraints,Before reduction,original_constraints,constraints_before_after_histogram.pdf,3
dataset_20/uvl/model_20180729_778045288.uvl,Constraints,Before reduction,original_constraints,constraints_before_after_histogram.pdf,3
dataset_20/uvl/model_20180815_1120231956.uvl,Constraints,Before reduction,original_constraints,constraints_before_after_histogram.pdf,8
dataset_20/uvl/model_20180819_995624779.uvl,Constraints,Before reduction,original_constraints,constraints_before_after_histogram.pdf,0
dataset_20/uvl/model_20180911_126281571.uvl,Constraints,Before reduction,original_constraints,constraints_before_after_histogram.pdf,2
dataset_20/uvl/model_20180913_1045465294.uvl,Constraints,Before reduction,original_constraints,constraints_before_after_histogram.pdf,0
dataset_20/uvl/model_20180913_872907572.uvl,Constraints,Before reduction,original_constraints,constraints_before_after_histogram.pdf,0
dataset_20/uvl/model_20180917_1978871462.uvl,Constraints,Before reduction,original_constraints,constraints_before_after_histogram.pdf,0
dataset_20/uvl/model_20180927_642324190.uvl,Constraints,Before reduction,original_constraints,constraints_before_after_histogram.pdf,0
dataset_20/uvl/model_20180930_1153905679.uvl,Constraints,Before reduction,original_constraints,constraints_before_after_histogram.pdf,0
dataset_20/uvl/model_20181005_1705175151.uvl,Constraints,Before reduction,original_constraints,constraints_before_after_histogram.pdf,0
dataset_20/uvl/model_20181016_583005690.uvl,Constraints,Before reduction,original_constraints,constraints_before_after_histogram.pdf,2
dataset_20/uvl/model_20181019_994429580.uvl,Constraints,Before reduction,original_constraints,constraints_before_after_histogram.pdf,1
dataset_20/uvl/model_20181024_611767532.uvl,Constraints,Before reduction,original_constraints,constraints_before_after_histogram.pdf,2
dataset_20/uvl/model_20181029_2093756359.uvl,Constraints,Before reduction,original_constraints,constraints_before_after_histogram.pdf,4
dataset_20/uvl/model_20181103_2077285196.uvl,Constraints,Before reduction,original_constraints,constraints_before_after_histogram.pdf,2
dataset_20/uvl/model_20181104_43638915.uvl,Constraints,Before reduction,original_constraints,constraints_before_after_histogram.pdf,0
dataset_20/uvl/model_20181118_1641295184.uvl,Constraints,Before reduction,original_constraints,constraints_before_after_histogram.pdf,1
dataset_20/uvl/model_20181119_2037159342.uvl,Constraints,Before reduction,original_constraints,constraints_before_after_histogram.pdf,6
dataset_20/uvl/model_20181205_2097248492.uvl,Constraints,Before reduction,original_constraints,constraints_before_after_histogram.pdf,9
dataset_20/uvl/model_20181219_1343761699.uvl,Constraints,Before reduction,original_constraints,constraints_before_after_histogram.pdf,6
dataset_20/uvl/model_20190108_414883666.uvl,Constraints,Before reduction,original_constraints,constraints_before_after_histogram.pdf,0
dataset_20/uvl/model_20190117_1837815772.uvl,Constraints,Before reduction,original_constraints,constraints_before_after_histogram.pdf,0
dataset_20/uvl/model_20190122_546529784.uvl,Constraints,Before reduction,original_constraints,constraints_before_after_histogram.pdf,1
dataset_20/uvl/model_20190124_988857604.uvl,Constraints,Before reduction,original_constraints,constraints_before_after_histogram.pdf,0
dataset_20/uvl/model_20190128_1522973155.uvl,Constraints,Before reduction,original_constraints,constraints_before_after_histogram.pdf,5
dataset_20/uvl/model_20190129_1004578234.uvl,Constraints,Before reduction,original_constraints,constraints_before_after_histogram.pdf,1
dataset_20/uvl/model_20190203_959278211.uvl,Constraints,Before reduction,original_constraints,constraints_before_after_histogram.pdf,0
dataset_20/uvl/model_20190214_582844610.uvl,Constraints,Before reduction,original_constraints,constraints_before_after_histogram.pdf,2
dataset_20/uvl/model_20190219_265960660.uvl,Constraints,Before reduction,original_constraints,constraints_before_after_histogram.pdf,9
dataset_20/uvl/model_20190220_184230257.uvl,Constraints,Before reduction,original_constraints,constraints_before_after_histogram.pdf,10
dataset_20/uvl/model_20190221_1604245950.uvl,Constraints,Before reduction,original_constraints,constraints_before_after_histogram.pdf,2
dataset_20/uvl/model_20190223_1159148955.uvl,Constraints,Before reduction,original_constraints,constraints_before_after_histogram.pdf,9
dataset_20/uvl/model_20190223_1275185141.uvl,Constraints,Before reduction,original_constraints,constraints_before_after_histogram.pdf,1
dataset_20/uvl/model_20190223_2023041805.uvl,Constraints,Before reduction,original_constraints,constraints_before_after_histogram.pdf,10
dataset_20/uvl/model_20190223_2034909826.uvl,Constraints,Before reduction,original_constraints,constraints_before_after_histogram.pdf,0
dataset_20/uvl/model_20190228_1201197026.uvl,Constraints,Before reduction,original_constraints,constraints_before_after_histogram.pdf,2
dataset_20/uvl/model_20190304_818967793.uvl,Constraints,Before reduction,original_constraints,constraints_before_after_histogram.pdf,0
dataset_20/uvl/model_20190326_164569423.uvl,Constraints,Before reduction,original_constraints,constraints_before_after_histogram.pdf,0
dataset_20/uvl/model_20190328_829158427.uvl,Constraints,Before reduction,original_constraints,constraints_before_after_histogram.pdf,3
dataset_20/uvl/model_20190413_1966613868.uvl,Constraints,Before reduction,original_constraints,constraints_before_after_histogram.pdf,0
dataset_20/uvl/model_20190416_284413958.uvl,Constraints,Before reduction,original_constraints,constraints_before_after_histogram.pdf,0
dataset_20/uvl/model_20190416_545039882.uvl,Constraints,Before reduction,original_constraints,constraints_before_after_histogram.pdf,0
dataset_20/uvl/model_20190416_886742925.uvl,Constraints,Before reduction,original_constraints,constraints_before_after_histogram.pdf,0
dataset_20/uvl/model_20190430_2137275351.uvl,Constraints,Before reduction,original_constraints,constraints_before_after_histogram.pdf,1
dataset_20/uvl/model_20190430_348224224.uvl,Constraints,Before reduction,original_constraints,constraints_before_after_histogram.pdf,0
dataset_20/uvl/model_20190502_109355269.uvl,Constraints,Before reduction,original_constraints,constraints_before_after_histogram.pdf,0
dataset_20/uvl/model_20190502_1338968023.uvl,Constraints,Before reduction,original_constraints,constraints_before_after_histogram.pdf,5
dataset_20/uvl/model_20190503_1463982406.uvl,Constraints,Before reduction,original_constraints,constraints_before_after_histogram.pdf,4
dataset_20/uvl/model_20190504_755268837.uvl,Constraints,Before reduction,original_constraints,constraints_before_after_histogram.pdf,11
dataset_20/uvl/model_20190510_1232864614.uvl,Constraints,Before reduction,original_constraints,constraints_before_after_histogram.pdf,0
dataset_20/uvl/model_20190510_899437477.uvl,Constraints,Before reduction,original_constraints,constraints_before_after_histogram.pdf,0
dataset_20/uvl/model_20190513_110684557.uvl,Constraints,Before reduction,original_constraints,constraints_before_after_histogram.pdf,2
dataset_20/uvl/model_20190513_1749709644.uvl,Constraints,Before reduction,original_constraints,constraints_before_after_histogram.pdf,3
dataset_20/uvl/model_20190513_1805648090.uvl,Constraints,Before reduction,original_constraints,constraints_before_after_histogram.pdf,2
dataset_20/uvl/model_20190513_215044614.uvl,Constraints,Before reduction,original_constraints,constraints_before_after_histogram.pdf,0
dataset_20/uvl/model_20190513_554652357.uvl,Constraints,Before reduction,original_constraints,constraints_before_after_histogram.pdf,0
dataset_20/uvl/model_20190513_639238065.uvl,Constraints,Before reduction,original_constraints,constraints_before_after_histogram.pdf,1
dataset_20/uvl/model_20190514_850677966.uvl,Constraints,Before reduction,original_constraints,constraints_before_after_histogram.pdf,4
dataset_20/uvl/model_20190522_227919886.uvl,Constraints,Before reduction,original_constraints,constraints_before_after_histogram.pdf,5
dataset_20/uvl/model_20190526_2060834946.uvl,Constraints,Before reduction,original_constraints,constraints_before_after_histogram.pdf,1
dataset_20/uvl/model_20190616_1868431112.uvl,Constraints,Before reduction,original_constraints,constraints_before_after_histogram.pdf,0
dataset_20/uvl/model_20190619_50728308.uvl,Constraints,Before reduction,original_constraints,constraints_before_after_histogram.pdf,0
dataset_20/uvl/model_20190624_198695067.uvl,Constraints,Before reduction,original_constraints,constraints_before_after_histogram.pdf,0
dataset_20/uvl/model_20190730_1957937065.uvl,Constraints,Before reduction,original_constraints,constraints_before_after_histogram.pdf,1
dataset_20/uvl/model_20190805_1041162508.uvl,Constraints,Before reduction,original_constraints,constraints_before_after_histogram.pdf,1
dataset_20/uvl/model_20190824_1440931285.uvl,Constraints,Before reduction,original_constraints,constraints_before_after_histogram.pdf,0
dataset_20/uvl/model_20190825_1083955002.uvl,Constraints,Before reduction,original_constraints,constraints_before_after_histogram.pdf,0
dataset_20/uvl/model_20190904_400441788.uvl,Constraints,Before reduction,original_constraints,constraints_before_after_histogram.pdf,0
dataset_20/uvl/model_20190913_1052617154.uvl,Constraints,Before reduction,original_constraints,constraints_before_after_histogram.pdf,0
dataset_20/uvl/model_20190914_1323674619.uvl,Constraints,Before reduction,original_constraints,constraints_before_after_histogram.pdf,0
dataset_20/uvl/model_20190915_1211977272.uvl,Constraints,Before reduction,original_constraints,constraints_before_after_histogram.pdf,0
dataset_20/uvl/model_20190915_1647283170.uvl,Constraints,Before reduction,original_constraints,constraints_before_after_histogram.pdf,0
dataset_20/uvl/model_20190915_38921055.uvl,Constraints,Before reduction,original_constraints,constraints_before_after_histogram.pdf,0
dataset_20/uvl/model_20190916_1591625575.uvl,Constraints,Before reduction,original_constraints,constraints_before_after_histogram.pdf,0
dataset_20/uvl/model_20190916_1777637747.uvl,Constraints,Before reduction,original_constraints,constraints_before_after_histogram.pdf,0
dataset_20/uvl/model_20190916_233719618.uvl,Constraints,Before reduction,original_constraints,constraints_before_after_histogram.pdf,0
dataset_20/uvl/model_20190916_779041735.uvl,Constraints,Before reduction,original_constraints,constraints_before_after_histogram.pdf,0
dataset_20/uvl/model_20190917_1294871534.uvl,Constraints,Before reduction,original_constraints,constraints_before_after_histogram.pdf,0
dataset_20/uvl/model_20190917_1352548057.uvl,Constraints,Before reduction,original_constraints,constraints_before_after_histogram.pdf,0
dataset_20/uvl/model_20190917_1484600794.uvl,Constraints,Before reduction,original_constraints,constraints_before_after_histogram.pdf,0
dataset_20/uvl/model_20190917_1598073515.uvl,Constraints,Before reduction,original_constraints,constraints_before_after_histogram.pdf,0
dataset_20/uvl/model_20190917_1679843058.uvl,Constraints,Before reduction,original_constraints,constraints_before_after_histogram.pdf,0
dataset_20/uvl/model_20190917_1844149588.uvl,Constraints,Before reduction,original_constraints,constraints_before_after_histogram.pdf,0
dataset_20/uvl/model_20190917_1855142600.uvl,Constraints,Before reduction,original_constraints,constraints_before_after_histogram.pdf,0
dataset_20/uvl/model_20190917_1882445879.uvl,Constraints,Before reduction,original_constraints,constraints_before_after_histogram.pdf,0
dataset_20/uvl/model_20190917_383002664.uvl,Constraints,Before reduction,original_constraints,constraints_before_after_histogram.pdf,0
dataset_20/uvl/model_20190917_490456110.uvl,Constraints,Before reduction,original_constraints,constraints_before_after_histogram.pdf,0
dataset_20/uvl/model_20190917_512190943.uvl,Constraints,Before reduction,original_constraints,constraints_before_after_histogram.pdf,0
dataset_20/uvl/model_20190917_552843992.uvl,Constraints,Before reduction,original_constraints,constraints_before_after_histogram.pdf,0
dataset_20/uvl/model_20190917_595353381.uvl,Constraints,Before reduction,original_constraints,constraints_before_after_histogram.pdf,0
dataset_20/uvl/model_20190917_659690280.uvl,Constraints,Before reduction,original_constraints,constraints_before_after_histogram.pdf,0
dataset_20/uvl/model_20190917_729866659.uvl,Constraints,Before reduction,original_constraints,constraints_before_after_histogram.pdf,0
dataset_20/uvl/model_20190917_75070341.uvl,Constraints,Before reduction,original_constraints,constraints_before_after_histogram.pdf,0
dataset_20/uvl/model_20190917_80747458.uvl,Constraints,Before reduction,original_constraints,constraints_before_after_histogram.pdf,0
dataset_20/uvl/model_20190917_896971240.uvl,Constraints,Before reduction,original_constraints,constraints_before_after_histogram.pdf,0
dataset_20/uvl/model_20190918_1569717148.uvl,Constraints,Before reduction,original_constraints,constraints_before_after_histogram.pdf,0
dataset_20/uvl/model_20190919_887233558.uvl,Constraints,Before reduction,original_constraints,constraints_before_after_histogram.pdf,0
dataset_20/uvl/model_20190920_1330526555.uvl,Constraints,Before reduction,original_constraints,constraints_before_after_histogram.pdf,0
dataset_20/uvl/model_20190920_56721129.uvl,Constraints,Before reduction,original_constraints,constraints_before_after_histogram.pdf,0
dataset_20/uvl/model_20190920_579117949.uvl,Constraints,Before reduction,original_constraints,constraints_before_after_histogram.pdf,5
dataset_20/uvl/model_20190921_1186818003.uvl,Constraints,Before reduction,original_constraints,constraints_before_after_histogram.pdf,0
dataset_20/uvl/model_20190922_1316746975.uvl,Constraints,Before reduction,original_constraints,constraints_before_after_histogram.pdf,0
dataset_20/uvl/model_20190922_230985682.uvl,Constraints,Before reduction,original_constraints,constraints_before_after_histogram.pdf,11
dataset_20/uvl/model_20190922_267709941.uvl,Constraints,Before reduction,original_constraints,constraints_before_after_histogram.pdf,0
dataset_20/uvl/model_20190922_499979669.uvl,Constraints,Before reduction,original_constraints,constraints_before_after_histogram.pdf,4
dataset_20/uvl/model_20190922_718247414.uvl,Constraints,Before reduction,original_constraints,constraints_before_after_histogram.pdf,0
dataset_20/uvl/model_20190922_729177560.uvl,Constraints,Before reduction,original_constraints,constraints_before_after_histogram.pdf,0
dataset_20/uvl/model_20190929_1773228224.uvl,Constraints,Before reduction,original_constraints,constraints_before_after_histogram.pdf,8
dataset_20/uvl/model_20191012_1432325334.uvl,Constraints,Before reduction,original_constraints,constraints_before_after_histogram.pdf,7
dataset_20/uvl/model_20191016_1243022077.uvl,Constraints,Before reduction,original_constraints,constraints_before_after_histogram.pdf,0
dataset_20/uvl/model_20191111_1176325905.uvl,Constraints,Before reduction,original_constraints,constraints_before_after_histogram.pdf,0
dataset_20/uvl/model_20191115_635910941.uvl,Constraints,Before reduction,original_constraints,constraints_before_after_histogram.pdf,0
dataset_20/uvl/model_20191119_1702487696.uvl,Constraints,Before reduction,original_constraints,constraints_before_after_histogram.pdf,0
dataset_20/uvl/model_20191126_842054213.uvl,Constraints,Before reduction,original_constraints,constraints_before_after_histogram.pdf,3
dataset_20/uvl/model_20200120_1111265554.uvl,Constraints,Before reduction,original_constraints,constraints_before_after_histogram.pdf,0
dataset_20/uvl/model_20200121_827473084.uvl,Constraints,Before reduction,original_constraints,constraints_before_after_histogram.pdf,0
dataset_20/uvl/model_20200128_1154759905.uvl,Constraints,Before reduction,original_constraints,constraints_before_after_histogram.pdf,4
dataset_20/uvl/model_20200128_1186233455.uvl,Constraints,Before reduction,original_constraints,constraints_before_after_histogram.pdf,4
dataset_20/uvl/model_20200128_1669015551.uvl,Constraints,Before reduction,original_constraints,constraints_before_after_histogram.pdf,0
dataset_20/uvl/model_20200128_23228584.uvl,Constraints,Before reduction,original_constraints,constraints_before_after_histogram.pdf,4
dataset_20/uvl/model_20200128_745414394.uvl,Constraints,Before reduction,original_constraints,constraints_before_after_histogram.pdf,0
dataset_20/uvl/model_20200212_1763855182.uvl,Constraints,Before reduction,original_constraints,constraints_before_after_histogram.pdf,0
dataset_20/uvl/model_20200225_1125771038.uvl,Constraints,Before reduction,original_constraints,constraints_before_after_histogram.pdf,3
dataset_20/uvl/model_20200316_153170359.uvl,Constraints,Before reduction,original_constraints,constraints_before_after_histogram.pdf,7
dataset_20/uvl/model_20200320_13307140.uvl,Constraints,Before reduction,original_constraints,constraints_before_after_histogram.pdf,0
dataset_20/uvl/model_20200403_1286696698.uvl,Constraints,Before reduction,original_constraints,constraints_before_after_histogram.pdf,0
dataset_20/uvl/model_20200403_1474941211.uvl,Constraints,Before reduction,original_constraints,constraints_before_after_histogram.pdf,0
dataset_20/uvl/model_20200412_2136556876.uvl,Constraints,Before reduction,original_constraints,constraints_before_after_histogram.pdf,0
dataset_20/uvl/model_20200413_90255108.uvl,Constraints,Before reduction,original_constraints,constraints_before_after_histogram.pdf,0
dataset_20/uvl/model_20200425_1144751894.uvl,Constraints,Before reduction,original_constraints,constraints_before_after_histogram.pdf,4
dataset_20/uvl/model_20200503_927740000.uvl,Constraints,Before reduction,original_constraints,constraints_before_after_histogram.pdf,3
dataset_20/uvl/model_20200513_1559879338.uvl,Constraints,Before reduction,original_constraints,constraints_before_after_histogram.pdf,0
dataset_20/uvl/model_20200517_1501498720.uvl,Constraints,Before reduction,original_constraints,constraints_before_after_histogram.pdf,2
dataset_20/uvl/model_20200524_149606280.uvl,Constraints,Before reduction,original_constraints,constraints_before_after_histogram.pdf,13
dataset_20/uvl/model_20200609_1715293706.uvl,Constraints,Before reduction,original_constraints,constraints_before_after_histogram.pdf,2
dataset_20/uvl/model_20200619_2057881785.uvl,Constraints,Before reduction,original_constraints,constraints_before_after_histogram.pdf,7
dataset_20/uvl/model_20200621_929471783.uvl,Constraints,Before reduction,original_constraints,constraints_before_after_histogram.pdf,2
dataset_20/uvl/model_20200728_429027371.uvl,Constraints,Before reduction,original_constraints,constraints_before_after_histogram.pdf,0
dataset_20/uvl/model_20200810_1006372985.uvl,Constraints,Before reduction,original_constraints,constraints_before_after_histogram.pdf,0
dataset_20/uvl/model_20200810_1274447969.uvl,Constraints,Before reduction,original_constraints,constraints_before_after_histogram.pdf,0
dataset_20/uvl/model_20200810_1407499848.uvl,Constraints,Before reduction,original_constraints,constraints_before_after_histogram.pdf,0
dataset_20/uvl/model_20200810_1487197226.uvl,Constraints,Before reduction,original_constraints,constraints_before_after_histogram.pdf,0
dataset_20/uvl/model_20200810_1781368898.uvl,Constraints,Before reduction,original_constraints,constraints_before_after_histogram.pdf,0
dataset_20/uvl/model_20200810_1943380085.uvl,Constraints,Before reduction,original_constraints,constraints_before_after_histogram.pdf,1
dataset_20/uvl/model_20200810_903664942.uvl,Constraints,Before reduction,original_constraints,constraints_before_after_histogram.pdf,2
dataset_20/uvl/model_20200810_956997411.uvl,Constraints,Before reduction,original_constraints,constraints_before_after_histogram.pdf,0
dataset_20/uvl/model_20200811_1911664133.uvl,Constraints,Before reduction,original_constraints,constraints_before_after_histogram.pdf,6
dataset_20/uvl/model_20200811_368165701.uvl,Constraints,Before reduction,original_constraints,constraints_before_after_histogram.pdf,0
dataset_20/uvl/model_20200813_1618100589.uvl,Constraints,Before reduction,original_constraints,constraints_before_after_histogram.pdf,0
dataset_20/uvl/model_20200815_1845054862.uvl,Constraints,Before reduction,original_constraints,constraints_before_after_histogram.pdf,0
dataset_20/uvl/model_20200815_41086763.uvl,Constraints,Before reduction,original_constraints,constraints_before_after_histogram.pdf,0
dataset_20/uvl/model_20200815_433256797.uvl,Constraints,Before reduction,original_constraints,constraints_before_after_histogram.pdf,0
dataset_20/uvl/model_20200815_582760962.uvl,Constraints,Before reduction,original_constraints,constraints_before_after_histogram.pdf,0
dataset_20/uvl/model_20200816_1246721801.uvl,Constraints,Before reduction,original_constraints,constraints_before_after_histogram.pdf,0
dataset_20/uvl/model_20200816_33425673.uvl,Constraints,Before reduction,original_constraints,constraints_before_after_histogram.pdf,0
dataset_20/uvl/model_20200817_129447612.uvl,Constraints,Before reduction,original_constraints,constraints_before_after_histogram.pdf,0
dataset_20/uvl/model_20200817_1333981485.uvl,Constraints,Before reduction,original_constraints,constraints_before_after_histogram.pdf,0
dataset_20/uvl/model_20200819_498504850.uvl,Constraints,Before reduction,original_constraints,constraints_before_after_histogram.pdf,0
dataset_20/uvl/model_20200819_710049424.uvl,Constraints,Before reduction,original_constraints,constraints_before_after_histogram.pdf,0
dataset_20/uvl/model_20200819_795623217.uvl,Constraints,Before reduction,original_constraints,constraints_before_after_histogram.pdf,0
dataset_20/uvl/model_20200829_1325519775.uvl,Constraints,Before reduction,original_constraints,constraints_before_after_histogram.pdf,0
dataset_20/uvl/model_20200901_1356822502.uvl,Constraints,Before reduction,original_constraints,constraints_before_after_histogram.pdf,0
dataset_20/uvl/model_20200901_1590540568.uvl,Constraints,Before reduction,original_constraints,constraints_before_after_histogram.pdf,4
dataset_20/uvl/model_20200901_1615961503.uvl,Constraints,Before reduction,original_constraints,constraints_before_after_histogram.pdf,0
dataset_20/uvl/model_20200901_164722413.uvl,Constraints,Before reduction,original_constraints,constraints_before_after_histogram.pdf,0
dataset_20/uvl/model_20200901_2052923297.uvl,Constraints,Before reduction,original_constraints,constraints_before_after_histogram.pdf,0
dataset_20/uvl/model_20200901_328439811.uvl,Constraints,Before reduction,original_constraints,constraints_before_after_histogram.pdf,0
dataset_20/uvl/model_20200901_40084439.uvl,Constraints,Before reduction,original_constraints,constraints_before_after_histogram.pdf,0
dataset_20/uvl/model_20200901_93573304.uvl,Constraints,Before reduction,original_constraints,constraints_before_after_histogram.pdf,0
dataset_20/uvl/model_20200907_1296105910.uvl,Constraints,Before reduction,original_constraints,constraints_before_after_histogram.pdf,1
dataset_20/uvl/model_20200907_1598312227.uvl,Constraints,Before reduction,original_constraints,constraints_before_after_histogram.pdf,0
dataset_20/uvl/model_20200907_1678285822.uvl,Constraints,Before reduction,original_constraints,constraints_before_after_histogram.pdf,0
dataset_20/uvl/model_20200909_844580970.uvl,Constraints,Before reduction,original_constraints,constraints_before_after_histogram.pdf,0
dataset_20/uvl/model_20200919_469515687.uvl,Constraints,Before reduction,original_constraints,constraints_before_after_histogram.pdf,1
dataset_20/uvl/model_20201002_1982652571.uvl,Constraints,Before reduction,original_constraints,constraints_before_after_histogram.pdf,0
dataset_20/uvl/model_20201007_667063467.uvl,Constraints,Before reduction,original_constraints,constraints_before_after_histogram.pdf,0
dataset_20/uvl/model_20201010_633615094.uvl,Constraints,Before reduction,original_constraints,constraints_before_after_histogram.pdf,0
dataset_20/uvl/model_20201011_1804341944.uvl,Constraints,Before reduction,original_constraints,constraints_before_after_histogram.pdf,0
dataset_20/uvl/model_20220910_809454030.uvl,Constraints,Before reduction,original_constraints,constraints_before_after_histogram.pdf,13
dataset_20/uvl/model_20221004_622223252.uvl,Constraints,Before reduction,original_constraints,constraints_before_after_histogram.pdf,0
dataset_20/uvl/model_20221009_1635938665.uvl,Constraints,Before reduction,original_constraints,constraints_before_after_histogram.pdf,0
dataset_20/uvl/model_20221010_1477134717.uvl,Constraints,Before reduction,original_constraints,constraints_before_after_histogram.pdf,0
dataset_20/uvl/model_20221013_1054303307.uvl,Constraints,Before reduction,original_constraints,constraints_before_after_histogram.pdf,0
dataset_20/uvl/model_20221015_510481451.uvl,Constraints,Before reduction,original_constraints,constraints_before_after_histogram.pdf,2
dataset_20/uvl/model_20221017_1844403757.uvl,Constraints,Before reduction,original_constraints,constraints_before_after_histogram.pdf,0
dataset_20/uvl/model_20221018_544175819.uvl,Constraints,Before reduction,original_constraints,constraints_before_after_histogram.pdf,0
dataset_20/uvl/model_20221025_2010292001.uvl,Constraints,Before reduction,original_constraints,constraints_before_after_histogram.pdf,0
dataset_20/uvl/model_20221026_1860047321.uvl,Constraints,Before reduction,original_constraints,constraints_before_after_histogram.pdf,0
dataset_20/uvl/model_20221029_568257220.uvl,Constraints,Before reduction,original_constraints,constraints_before_after_histogram.pdf,18
dataset_20/uvl/model_20221031_340330235.uvl,Constraints,Before reduction,original_constraints,constraints_before_after_histogram.pdf,0
dataset_20/uvl/model_20221101_871584152.uvl,Constraints,Before reduction,original_constraints,constraints_before_after_histogram.pdf,19
dataset_20/uvl/model_20221102_1308706395.uvl,Constraints,Before reduction,original_constraints,constraints_before_after_histogram.pdf,3
dataset_20/uvl/model_20221109_1435495840.uvl,Constraints,Before reduction,original_constraints,constraints_before_after_histogram.pdf,2
dataset_20/uvl/model_20221114_1363146415.uvl,Constraints,Before reduction,original_constraints,constraints_before_after_histogram.pdf,4
dataset_20/uvl/model_20221122_1612835830.uvl,Constraints,Before reduction,original_constraints,constraints_before_after_histogram.pdf,0
dataset_20/uvl/model_20221125_1235088379.uvl,Constraints,Before reduction,original_constraints,constraints_before_after_histogram.pdf,1
dataset_20/uvl/model_20221208_1038664369.uvl,Constraints,Before reduction,original_constraints,constraints_before_after_histogram.pdf,0
dataset_20/uvl/model_20221208_1116778716.uvl,Constraints,Before reduction,original_constraints,constraints_before_after_histogram.pdf,0
dataset_20/uvl/model_20221220_1576677705.uvl,Constraints,Before reduction,original_constraints,constraints_before_after_histogram.pdf,2
dataset_20/uvl/model_20221229_1000010819.uvl,Constraints,Before reduction,original_constraints,constraints_before_after_histogram.pdf,0
dataset_20/uvl/model_20221229_2070974785.uvl,Constraints,Before reduction,original_constraints,constraints_before_after_histogram.pdf,0
dataset_20/uvl/model_20230120_1200060194.uvl,Constraints,Before reduction,original_constraints,constraints_before_after_histogram.pdf,0
dataset_20/uvl/model_20230228_1021126902.uvl,Constraints,Before reduction,original_constraints,constraints_before_after_histogram.pdf,1
dataset_20/uvl/model_20230313_612090761.uvl,Constraints,Before reduction,original_constraints,constraints_before_after_histogram.pdf,3
dataset_20/uvl/model_20230322_1023477919.uvl,Constraints,Before reduction,original_constraints,constraints_before_after_histogram.pdf,0
dataset_20/uvl/model_20230322_1028761227.uvl,Constraints,Before reduction,original_constraints,constraints_before_after_histogram.pdf,0
dataset_20/uvl/model_20230322_1036375763.uvl,Constraints,Before reduction,original_constraints,constraints_before_after_histogram.pdf,0
dataset_20/uvl/model_20230322_1194175451.uvl,Constraints,Before reduction,original_constraints,constraints_before_after_histogram.pdf,0
dataset_20/uvl/model_20230322_1299985155.uvl,Constraints,Before reduction,original_constraints,constraints_before_after_histogram.pdf,0
dataset_20/uvl/model_20230322_1548752135.uvl,Constraints,Before reduction,original_constraints,constraints_before_after_histogram.pdf,4
dataset_20/uvl/model_20230322_1573076538.uvl,Constraints,Before reduction,original_constraints,constraints_before_after_histogram.pdf,0
dataset_20/uvl/model_20230322_1814026223.uvl,Constraints,Before reduction,original_constraints,constraints_before_after_histogram.pdf,0
dataset_20/uvl/model_20230322_1855764436.uvl,Constraints,Before reduction,original_constraints,constraints_before_after_histogram.pdf,0
dataset_20/uvl/model_20230322_1882971454.uvl,Constraints,Before reduction,original_constraints,constraints_before_after_histogram.pdf,0
dataset_20/uvl/model_20230322_1887635433.uvl,Constraints,Before reduction,original_constraints,constraints_before_after_histogram.pdf,0
dataset_20/uvl/model_20230322_1914329788.uvl,Constraints,Before reduction,original_constraints,constraints_before_after_histogram.pdf,0
dataset_20/uvl/model_20230322_2049733851.uvl,Constraints,Before reduction,original_constraints,constraints_before_after_histogram.pdf,0
dataset_20/uvl/model_20230322_2065877531.uvl,Constraints,Before reduction,original_constraints,constraints_before_after_histogram.pdf,0
dataset_20/uvl/model_20230322_208918165.uvl,Constraints,Before reduction,original_constraints,constraints_before_after_histogram.pdf,0
dataset_20/uvl/model_20230322_242202942.uvl,Constraints,Before reduction,original_constraints,constraints_before_after_histogram.pdf,0
dataset_20/uvl/model_20230322_307237036.uvl,Constraints,Before reduction,original_constraints,constraints_before_after_histogram.pdf,0
dataset_20/uvl/model_20230322_310895789.uvl,Constraints,Before reduction,original_constraints,constraints_before_after_histogram.pdf,0
dataset_20/uvl/model_20230322_342259021.uvl,Constraints,Before reduction,original_constraints,constraints_before_after_histogram.pdf,0
dataset_20/uvl/model_20230322_413432441.uvl,Constraints,Before reduction,original_constraints,constraints_before_after_histogram.pdf,0
dataset_20/uvl/model_20230322_492815120.uvl,Constraints,Before reduction,original_constraints,constraints_before_after_histogram.pdf,0
dataset_20/uvl/model_20230322_497943934.uvl,Constraints,Before reduction,original_constraints,constraints_before_after_histogram.pdf,0
dataset_20/uvl/model_20230322_572568226.uvl,Constraints,Before reduction,original_constraints,constraints_before_after_histogram.pdf,0
dataset_20/uvl/model_20230322_604627146.uvl,Constraints,Before reduction,original_constraints,constraints_before_after_histogram.pdf,0
dataset_20/uvl/model_20230322_61558144.uvl,Constraints,Before reduction,original_constraints,constraints_before_after_histogram.pdf,0
dataset_20/uvl/model_20230322_729074756.uvl,Constraints,Before reduction,original_constraints,constraints_before_after_histogram.pdf,0
dataset_20/uvl/model_20230322_774285627.uvl,Constraints,Before reduction,original_constraints,constraints_before_after_histogram.pdf,0
dataset_20/uvl/model_20230322_812446738.uvl,Constraints,Before reduction,original_constraints,constraints_before_after_histogram.pdf,0
dataset_20/uvl/model_20230322_928718925.uvl,Constraints,Before reduction,original_constraints,constraints_before_after_histogram.pdf,0
dataset_20/uvl/model_20230323_1102049462.uvl,Constraints,Before reduction,original_constraints,constraints_before_after_histogram.pdf,0
dataset_20/uvl/model_20230323_1108197556.uvl,Constraints,Before reduction,original_constraints,constraints_before_after_histogram.pdf,0
dataset_20/uvl/model_20230323_1971213764.uvl,Constraints,Before reduction,original_constraints,constraints_before_after_histogram.pdf,0
dataset_20/uvl/model_20230323_425392427.uvl,Constraints,Before reduction,original_constraints,constraints_before_after_histogram.pdf,0
dataset_20/uvl/model_20230323_58681865.uvl,Constraints,Before reduction,original_constraints,constraints_before_after_histogram.pdf,0
dataset_20/uvl/model_20230323_642188361.uvl,Constraints,Before reduction,original_constraints,constraints_before_after_histogram.pdf,0
dataset_20/uvl/model_20230323_867226898.uvl,Constraints,Before reduction,original_constraints,constraints_before_after_histogram.pdf,0
dataset_20/uvl/model_20230323_901833353.uvl,Constraints,Before reduction,original_constraints,constraints_before_after_histogram.pdf,0
dataset_20/uvl/model_20230422_2139223494.uvl,Constraints,Before reduction,original_constraints,constraints_before_after_histogram.pdf,0
dataset_20/uvl/model_20230423_1943321532.uvl,Constraints,Before reduction,original_constraints,constraints_before_after_histogram.pdf,0
dataset_20/uvl/model_20230426_159926820.uvl,Constraints,Before reduction,original_constraints,constraints_before_after_histogram.pdf,0
dataset_20/uvl/model_20230505_1739075744.uvl,Constraints,Before reduction,original_constraints,constraints_before_after_histogram.pdf,3
dataset_20/uvl/model_20230608_1658584159.uvl,Constraints,Before reduction,original_constraints,constraints_before_after_histogram.pdf,0
dataset_20/uvl/model_20230609_1502711362.uvl,Constraints,Before reduction,original_constraints,constraints_before_after_histogram.pdf,0
dataset_20/uvl/model_20230613_1168762973.uvl,Constraints,Before reduction,original_constraints,constraints_before_after_histogram.pdf,0
dataset_20/uvl/model_20230615_1063099089.uvl,Constraints,Before reduction,original_constraints,constraints_before_after_histogram.pdf,0
dataset_20/uvl/model_20230615_743611401.uvl,Constraints,Before reduction,original_constraints,constraints_before_after_histogram.pdf,0
dataset_20/uvl/model_20230615_784426434.uvl,Constraints,Before reduction,original_constraints,constraints_before_after_histogram.pdf,0
dataset_20/uvl/model_20230616_862941800.uvl,Constraints,Before reduction,original_constraints,constraints_before_after_histogram.pdf,0
dataset_20/uvl/model_20230630_666266911.uvl,Constraints,Before reduction,original_constraints,constraints_before_after_histogram.pdf,2
dataset_20/uvl/movies_app_fm.uvl,Constraints,Before reduction,original_constraints,constraints_before_after_histogram.pdf,0
dataset_20/uvl/smart_home_fm.uvl,Constraints,Before reduction,original_constraints,constraints_before_after_histogram.pdf,3
dataset_20/uvl/stack_fm.uvl,Constraints,Before reduction,original_constraints,constraints_before_after_histogram.pdf,0
dataset_3/uvl/dm_HICSSDM.csv.uvl,Constraints,Before reduction,original_constraints,constraints_before_after_histogram.pdf,0
dataset_4/uvl/dm_eShop_DM.csv.uvl,Constraints,Before reduction,original_constraints,constraints_before_after_histogram.pdf,4
dataset_42/uvl/step1 Determine the information you need to display.uvl,Constraints,Before reduction,original_constraints,constraints_before_after_histogram.pdf,7
dataset_42/uvl/step2 Select the best means to display the information (tables).uvl,Constraints,Before reduction,original_constraints,constraints_before_after_histogram.pdf,2
"dataset_42/uvl/step3 Design the display to show the information simply, clearly and accurately (graphs).uvl",Constraints,Before reduction,original_constraints,constraints_before_after_histogram.pdf,0
dataset_42/uvl/step4 Select the implementation for the visualization (graphs).uvl,Constraints,Before reduction,original_constraints,constraints_before_after_histogram.pdf,4
dataset_42/uvl/step4 Select the implementation for the visualization (tables).uvl,Constraints,Before reduction,original_constraints,constraints_before_after_histogram.pdf,4
dataset_43/uvl/model.uvl,Constraints,Before reduction,original_constraints,constraints_before_after_histogram.pdf,2
dataset_44/uvl/software_strategies.uvl,Constraints,Before reduction,original_constraints,constraints_before_after_histogram.pdf,12
dataset_45/uvl/SGPL.uvl,Constraints,Before reduction,original_constraints,constraints_before_after_histogram.pdf,19
dataset_46/uvl/miband1.uvl,Constraints,Before reduction,original_constraints,constraints_before_after_histogram.pdf,0
dataset_46/uvl/miband1_planned.uvl,Constraints,Before reduction,original_constraints,constraints_before_after_histogram.pdf,0
dataset_46/uvl/miband1_realized.uvl,Constraints,Before reduction,original_constraints,constraints_before_after_histogram.pdf,0
dataset_46/uvl/miband1s.uvl,Constraints,Before reduction,original_constraints,constraints_before_after_histogram.pdf,0
dataset_46/uvl/miband1s_planned.uvl,Constraints,Before reduction,original_constraints,constraints_before_after_histogram.pdf,0
dataset_46/uvl/miband1s_realized.uvl,Constraints,Before reduction,original_constraints,constraints_before_after_histogram.pdf,0
dataset_46/uvl/miband2.uvl,Constraints,Before reduction,original_constraints,constraints_before_after_histogram.pdf,4
dataset_46/uvl/miband2_planned.uvl,Constraints,Before reduction,original_constraints,constraints_before_after_histogram.pdf,0
dataset_46/uvl/miband2_realized.uvl,Constraints,Before reduction,original_constraints,constraints_before_after_histogram.pdf,0
dataset_46/uvl/miband3.uvl,Constraints,Before reduction,original_constraints,constraints_before_after_histogram.pdf,8
dataset_46/uvl/miband3_planned.uvl,Constraints,Before reduction,original_constraints,constraints_before_after_histogram.pdf,1
dataset_46/uvl/miband3_realized.uvl,Constraints,Before reduction,original_constraints,constraints_before_after_histogram.pdf,5
dataset_46/uvl/miband4.uvl,Constraints,Before reduction,original_constraints,constraints_before_after_histogram.pdf,16
dataset_46/uvl/miband4_planned.uvl,Constraints,Before reduction,original_constraints,constraints_before_after_histogram.pdf,1
dataset_46/uvl/miband4_realized.uvl,Constraints,Before reduction,original_constraints,constraints_before_after_histogram.pdf,8
dataset_46/uvl/miband5.uvl,Constraints,Before reduction,original_constraints,constraints_before_after_histogram.pdf,20
dataset_46/uvl/miband5_planned.uvl,Constraints,Before reduction,original_constraints,constraints_before_after_histogram.pdf,1
dataset_46/uvl/miband5_realized.uvl,Constraints,Before reduction,original_constraints,constraints_before_after_histogram.pdf,16
dataset_46/uvl/miband6.uvl,Constraints,Before reduction,original_constraints,constraints_before_after_histogram.pdf,21
dataset_46/uvl/miband6_planned.uvl,Constraints,Before reduction,original_constraints,constraints_before_after_histogram.pdf,1
dataset_46/uvl/miband6_realized.uvl,Constraints,Before reduction,original_constraints,constraints_before_after_histogram.pdf,20
dataset_46/uvl/miband7.uvl,Constraints,Before reduction,original_constraints,constraints_before_after_histogram.pdf,22
dataset_46/uvl/miband7_planned.uvl,Constraints,Before reduction,original_constraints,constraints_before_after_histogram.pdf,1
dataset_46/uvl/miband7_realized.uvl,Constraints,Before reduction,original_constraints,constraints_before_after_histogram.pdf,20
dataset_46/uvl/miband8.uvl,Constraints,Before reduction,original_constraints,constraints_before_after_histogram.pdf,22
dataset_46/uvl/miband8_planned.uvl,Constraints,Before reduction,original_constraints,constraints_before_after_histogram.pdf,1
dataset_46/uvl/miband8_realized.uvl,Constraints,Before reduction,original_constraints,constraints_before_after_histogram.pdf,22
dataset_48/uvl/REAL-FM-4.uvl,Constraints,Before reduction,original_constraints,constraints_before_after_histogram.pdf,21
dataset_48/uvl/busybox-1.18.0.uvl,Constraints,Before reduction,original_constraints,constraints_before_after_histogram.pdf,67
dataset_48/uvl/ea2468.uvl,Constraints,Before reduction,original_constraints,constraints_before_after_histogram.pdf,1281
dataset_49/uvl/REAL-FM-4.uvl,Constraints,Before reduction,original_constraints,constraints_before_after_histogram.pdf,21
dataset_49/uvl/REAL-FM-7.uvl,Constraints,Before reduction,original_constraints,constraints_before_after_histogram.pdf,2
dataset_49/uvl/arcade-game.uvl,Constraints,Before reduction,original_constraints,constraints_before_after_histogram.pdf,34
dataset_49/uvl/busybox-1.18.0.uvl,Constraints,Before reduction,original_constraints,constraints_before_after_histogram.pdf,67
dataset_49/uvl/ea2468.uvl,Constraints,Before reduction,original_constraints,constraints_before_after_histogram.pdf,1281
dataset_49/uvl/fqa.uvl,Constraints,Before reduction,original_constraints,constraints_before_after_histogram.pdf,9
dataset_5/uvl/berkeleydb.uvl,Constraints,Before reduction,original_constraints,constraints_before_after_histogram.pdf,20
dataset_50/uvl/SGPL.uvl,Constraints,Before reduction,original_constraints,constraints_before_after_histogram.pdf,19
dataset_51/uvl/SGPL_reduced.uvl,Constraints,Before reduction,original_constraints,constraints_before_after_histogram.pdf,4
dataset_52/uvl/CDI.uvl,Constraints,Before reduction,original_constraints,constraints_before_after_histogram.pdf,7
dataset_56/uvl/TankWar_gft.uvl,Constraints,Before reduction,original_constraints,constraints_before_after_histogram.pdf,0
dataset_57/uvl/Bausatz_2025_Ingredients.uvl,Constraints,Before reduction,original_constraints,constraints_before_after_histogram.pdf,0
dataset_57/uvl/Bausatz_2025_Spirits.uvl,Constraints,Before reduction,original_constraints,constraints_before_after_histogram.pdf,0
dataset_57/uvl/Bibra_2025_Bases.uvl,Constraints,Before reduction,original_constraints,constraints_before_after_histogram.pdf,0
dataset_57/uvl/Bibra_2025_Dressings.uvl,Constraints,Before reduction,original_constraints,constraints_before_after_histogram.pdf,0
dataset_57/uvl/Bibra_2025_FinalTouch.uvl,Constraints,Before reduction,original_constraints,constraints_before_after_histogram.pdf,0
dataset_57/uvl/Bibra_2025_Ingredients.uvl,Constraints,Before reduction,original_constraints,constraints_before_after_histogram.pdf,0
dataset_57/uvl/Bibra_2025_Marinades.uvl,Constraints,Before reduction,original_constraints,constraints_before_after_histogram.pdf,0
dataset_57/uvl/Bibra_2025_Proteins.uvl,Constraints,Before reduction,original_constraints,constraints_before_after_histogram.pdf,0
dataset_57/uvl/Fuengirola_Pizzas.uvl,Constraints,Before reduction,original_constraints,constraints_before_after_histogram.pdf,2
dataset_57/uvl/JustSalad_2025_Additions.uvl,Constraints,Before reduction,original_constraints,constraints_before_after_histogram.pdf,0
dataset_57/uvl/NamasteRincon_Pizza.uvl,Constraints,Before reduction,original_constraints,constraints_before_after_histogram.pdf,4
dataset_57/uvl/Turkish_2025_Ingredients.uvl,Constraints,Before reduction,original_constraints,constraints_before_after_histogram.pdf,0
dataset_58/uvl/IngredientsFM.uvl,Constraints,Before reduction,original_constraints,constraints_before_after_histogram.pdf,0
dataset_6/uvl/financialservices01.uvl,Constraints,Before reduction,original_constraints,constraints_before_after_histogram.pdf,1080
dataset_61/uvl/model-v1.uvl,Constraints,Before reduction,original_constraints,constraints_before_after_histogram.pdf,0
dataset_61/uvl/model-v2.uvl,Constraints,Before reduction,original_constraints,constraints_before_after_histogram.pdf,0
dataset_61/uvl/model-v3.uvl,Constraints,Before reduction,original_constraints,constraints_before_after_histogram.pdf,0
dataset_61/uvl/model-v4.uvl,Constraints,Before reduction,original_constraints,constraints_before_after_histogram.pdf,0
dataset_61/uvl/model-v5.uvl,Constraints,Before reduction,original_constraints,constraints_before_after_histogram.pdf,0
dataset_61/uvl/model-v6.uvl,Constraints,Before reduction,original_constraints,constraints_before_after_histogram.pdf,0
dataset_61/uvl/model-v8.uvl,Constraints,Before reduction,original_constraints,constraints_before_after_histogram.pdf,0
dataset_7/uvl/2017-05-22.uvl,Constraints,Before reduction,original_constraints,constraints_before_after_histogram.pdf,1001
dataset_7/uvl/2017-09-28.uvl,Constraints,Before reduction,original_constraints,constraints_before_after_histogram.pdf,1136
dataset_7/uvl/2017-10-20.uvl,Constraints,Before reduction,original_constraints,constraints_before_after_histogram.pdf,1142
dataset_7/uvl/2017-11-20.uvl,Constraints,Before reduction,original_constraints,constraints_before_after_histogram.pdf,1148
dataset_7/uvl/2017-12-22.uvl,Constraints,Before reduction,original_constraints,constraints_before_after_histogram.pdf,1148
dataset_7/uvl/2018-01-23.uvl,Constraints,Before reduction,original_constraints,constraints_before_after_histogram.pdf,1028
dataset_7/uvl/2018-02-20.uvl,Constraints,Before reduction,original_constraints,constraints_before_after_histogram.pdf,1034
dataset_7/uvl/2018-03-26.uvl,Constraints,Before reduction,original_constraints,constraints_before_after_histogram.pdf,1080
dataset_7/uvl/2018-04-23.uvl,Constraints,Before reduction,original_constraints,constraints_before_after_histogram.pdf,1079
dataset_7/uvl/2018-05-09.uvl,Constraints,Before reduction,original_constraints,constraints_before_after_histogram.pdf,1080
dataset_70/uvl/strategies.uvl,Constraints,Before reduction,original_constraints,constraints_before_after_histogram.pdf,12
dataset_72/uvl/An_Instrument_for_Measuring Variability_Thinking.uvl,Constraints,Before reduction,original_constraints,constraints_before_after_histogram.pdf,2
dataset_73/uvl/Dashboard.uvl,Constraints,Before reduction,original_constraints,constraints_before_after_histogram.pdf,0
dataset_74/uvl/sample_splent_app.uvl,Constraints,Before reduction,original_constraints,constraints_before_after_histogram.pdf,3
dataset_75/uvl/sample_splent_app.uvl,Constraints,Before reduction,original_constraints,constraints_before_after_histogram.pdf,3
dataset_78/uvl/FitApp.uvl,Constraints,Before reduction,original_constraints,constraints_before_after_histogram.pdf,6
dataset_78/uvl/FitnessApp.uvl,Constraints,Before reduction,original_constraints,constraints_before_after_histogram.pdf,8
dataset_78/uvl/GpsPort.uvl,Constraints,Before reduction,original_constraints,constraints_before_after_histogram.pdf,4
dataset_78/uvl/MonumentosZaragoza.uvl,Constraints,Before reduction,original_constraints,constraints_before_after_histogram.pdf,1
dataset_78/uvl/SdaWorld.uvl,Constraints,Before reduction,original_constraints,constraints_before_after_histogram.pdf,1
dataset_79/uvl/CasetViejaEscuela.uvl,Constraints,Before reduction,original_constraints,constraints_before_after_histogram.pdf,12
dataset_79/uvl/FinTrack.uvl,Constraints,Before reduction,original_constraints,constraints_before_after_histogram.pdf,2
dataset_80/uvl/propeller.uvl,Constraints,Before reduction,original_constraints,constraints_before_after_histogram.pdf,0
dataset_81/uvl/sample_splent_app.uvl,Constraints,Before reduction,original_constraints,constraints_before_after_histogram.pdf,10
dataset_82/uvl/sample_splent_app.uvl,Constraints,Before reduction,original_constraints,constraints_before_after_histogram.pdf,8
dataset_87/uvl/cms_spl.uvl,Constraints,Before reduction,original_constraints,constraints_before_after_histogram.pdf,14
dataset_88/uvl/marketplace_spl.uvl,Constraints,Before reduction,original_constraints,constraints_before_after_histogram.pdf,4
dataset_89/uvl/demo_spl.uvl,Constraints,Before reduction,original_constraints,constraints_before_after_histogram.pdf,1
dataset_90/uvl/demo_spl.uvl,Constraints,Before reduction,original_constraints,constraints_before_after_histogram.pdf,1
dataset_91/uvl/demo_spl.uvl,Constraints,Before reduction,original_constraints,constraints_before_after_histogram.pdf,1
dataset_92/uvl/openwiki_spl.uvl,Constraints,Before reduction,original_constraints,constraints_before_after_histogram.pdf,11
dataset_93/uvl/openwiki_spl.uvl,Constraints,Before reduction,original_constraints,constraints_before_after_histogram.pdf,11
dataset_94/uvl/cms_spl.uvl,Constraints,Before reduction,original_constraints,constraints_before_after_histogram.pdf,19
dataset_95/uvl/cms_spl.uvl,Constraints,Before reduction,original_constraints,constraints_before_after_histogram.pdf,20
dataset_96/uvl/cms_spl.uvl,Constraints,Before reduction,original_constraints,constraints_before_after_histogram.pdf,20
dataset_97/uvl/cms_spl.uvl,Constraints,Before reduction,original_constraints,constraints_before_after_histogram.pdf,22
dataset_1/uvl/dm_mobile_phone.csv.uvl,Constraints,After reduction,simplified_constraints,constraints_before_after_histogram.pdf,1
dataset_10/uvl/automotive01.uvl,Constraints,After reduction,simplified_constraints,constraints_before_after_histogram.pdf,6465
dataset_11/uvl/XSEngine.uvl,Constraints,After reduction,simplified_constraints,constraints_before_after_histogram.pdf,1249
dataset_11/uvl/aaed2000.uvl,Constraints,After reduction,simplified_constraints,constraints_before_after_histogram.pdf,1591
dataset_11/uvl/adder.uvl,Constraints,After reduction,simplified_constraints,constraints_before_after_histogram.pdf,1168
dataset_11/uvl/adderII.uvl,Constraints,After reduction,simplified_constraints,constraints_before_after_histogram.pdf,1473
dataset_11/uvl/aeb.uvl,Constraints,After reduction,simplified_constraints,constraints_before_after_histogram.pdf,1399
dataset_11/uvl/aim711.uvl,Constraints,After reduction,simplified_constraints,constraints_before_after_histogram.pdf,1130
dataset_11/uvl/aki3068net.uvl,Constraints,After reduction,simplified_constraints,constraints_before_after_histogram.pdf,1462
dataset_11/uvl/am31_sim.uvl,Constraints,After reduction,simplified_constraints,constraints_before_after_histogram.pdf,1422
dataset_11/uvl/asb.uvl,Constraints,After reduction,simplified_constraints,constraints_before_after_histogram.pdf,1331
dataset_11/uvl/asb2305.uvl,Constraints,After reduction,simplified_constraints,constraints_before_after_histogram.pdf,1382
dataset_11/uvl/assabet.uvl,Constraints,After reduction,simplified_constraints,constraints_before_after_histogram.pdf,1557
dataset_11/uvl/at91sam7sek.uvl,Constraints,After reduction,simplified_constraints,constraints_before_after_histogram.pdf,1431
dataset_11/uvl/at91sam7xek.uvl,Constraints,After reduction,simplified_constraints,constraints_before_after_histogram.pdf,1305
dataset_11/uvl/atlas_mips32_4kc.uvl,Constraints,After reduction,simplified_constraints,constraints_before_after_histogram.pdf,1476
dataset_11/uvl/atlas_mips64_5kc.uvl,Constraints,After reduction,simplified_constraints,constraints_before_after_histogram.pdf,1351
dataset_11/uvl/brutus.uvl,Constraints,After reduction,simplified_constraints,constraints_before_after_histogram.pdf,1370
dataset_11/uvl/calm16_ceb.uvl,Constraints,After reduction,simplified_constraints,constraints_before_after_histogram.pdf,939
dataset_11/uvl/calm32_ceb.uvl,Constraints,After reduction,simplified_constraints,constraints_before_after_histogram.pdf,939
dataset_11/uvl/ceb_v850.uvl,Constraints,After reduction,simplified_constraints,constraints_before_after_histogram.pdf,1277
dataset_11/uvl/cerf.uvl,Constraints,After reduction,simplified_constraints,constraints_before_after_histogram.pdf,1369
dataset_11/uvl/cerfpda.uvl,Constraints,After reduction,simplified_constraints,constraints_before_after_histogram.pdf,1403
dataset_11/uvl/cma230.uvl,Constraints,After reduction,simplified_constraints,constraints_before_after_histogram.pdf,1263
dataset_11/uvl/cma28x.uvl,Constraints,After reduction,simplified_constraints,constraints_before_after_histogram.pdf,1268
dataset_11/uvl/cme555.uvl,Constraints,After reduction,simplified_constraints,constraints_before_after_histogram.pdf,1159
dataset_11/uvl/cq7708.uvl,Constraints,After reduction,simplified_constraints,constraints_before_after_histogram.pdf,1382
dataset_11/uvl/cq7750.uvl,Constraints,After reduction,simplified_constraints,constraints_before_after_histogram.pdf,1255
dataset_11/uvl/csb281.uvl,Constraints,After reduction,simplified_constraints,constraints_before_after_histogram.pdf,1152
dataset_11/uvl/dreamcast.uvl,Constraints,After reduction,simplified_constraints,constraints_before_after_histogram.pdf,1384
dataset_11/uvl/e7t.uvl,Constraints,After reduction,simplified_constraints,constraints_before_after_histogram.pdf,1062
dataset_11/uvl/ea2468.uvl,Constraints,After reduction,simplified_constraints,constraints_before_after_histogram.pdf,1197
dataset_11/uvl/eb40.uvl,Constraints,After reduction,simplified_constraints,constraints_before_after_histogram.pdf,1619
dataset_11/uvl/eb40a.uvl,Constraints,After reduction,simplified_constraints,constraints_before_after_histogram.pdf,1256
dataset_11/uvl/eb42.uvl,Constraints,After reduction,simplified_constraints,constraints_before_after_histogram.pdf,1424
dataset_11/uvl/eb55.uvl,Constraints,After reduction,simplified_constraints,constraints_before_after_histogram.pdf,1308
dataset_11/uvl/ebsa285.uvl,Constraints,After reduction,simplified_constraints,constraints_before_after_histogram.pdf,1405
dataset_11/uvl/ec555.uvl,Constraints,After reduction,simplified_constraints,constraints_before_after_histogram.pdf,1106
dataset_11/uvl/edb7xxx.uvl,Constraints,After reduction,simplified_constraints,constraints_before_after_histogram.pdf,1387
dataset_11/uvl/edosk2674.uvl,Constraints,After reduction,simplified_constraints,constraints_before_after_histogram.pdf,1170
dataset_11/uvl/excalibur_arm9.uvl,Constraints,After reduction,simplified_constraints,constraints_before_after_histogram.pdf,1069
dataset_11/uvl/fads.uvl,Constraints,After reduction,simplified_constraints,constraints_before_after_histogram.pdf,1151
dataset_11/uvl/flexanet.uvl,Constraints,After reduction,simplified_constraints,constraints_before_after_histogram.pdf,1269
dataset_11/uvl/frv400.uvl,Constraints,After reduction,simplified_constraints,constraints_before_after_histogram.pdf,1261
dataset_11/uvl/gps4020.uvl,Constraints,After reduction,simplified_constraints,constraints_before_after_histogram.pdf,1187
dataset_11/uvl/grg.uvl,Constraints,After reduction,simplified_constraints,constraints_before_after_histogram.pdf,1043
dataset_11/uvl/h8300h_sim.uvl,Constraints,After reduction,simplified_constraints,constraints_before_after_histogram.pdf,1163
dataset_11/uvl/h8max.uvl,Constraints,After reduction,simplified_constraints,constraints_before_after_histogram.pdf,1124
dataset_11/uvl/h8s_sim.uvl,Constraints,After reduction,simplified_constraints,constraints_before_after_histogram.pdf,1399
dataset_11/uvl/hs7729pci.uvl,Constraints,After reduction,simplified_constraints,constraints_before_after_histogram.pdf,1427
dataset_11/uvl/innovator.uvl,Constraints,After reduction,simplified_constraints,constraints_before_after_histogram.pdf,1467
dataset_11/uvl/integrator_arm7.uvl,Constraints,After reduction,simplified_constraints,constraints_before_after_histogram.pdf,1423
dataset_11/uvl/integrator_arm9.uvl,Constraints,After reduction,simplified_constraints,constraints_before_after_histogram.pdf,1500
dataset_11/uvl/ipaq.uvl,Constraints,After reduction,simplified_constraints,constraints_before_after_histogram.pdf,1026
dataset_11/uvl/iq80310.uvl,Constraints,After reduction,simplified_constraints,constraints_before_after_histogram.pdf,1304
dataset_11/uvl/iq80321.uvl,Constraints,After reduction,simplified_constraints,constraints_before_after_histogram.pdf,1414
dataset_11/uvl/ixdp425.uvl,Constraints,After reduction,simplified_constraints,constraints_before_after_histogram.pdf,1387
dataset_11/uvl/jmr3904.uvl,Constraints,After reduction,simplified_constraints,constraints_before_after_histogram.pdf,1278
dataset_11/uvl/jtst.uvl,Constraints,After reduction,simplified_constraints,constraints_before_after_histogram.pdf,1114
dataset_11/uvl/linux.uvl,Constraints,After reduction,simplified_constraints,constraints_before_after_histogram.pdf,1433
dataset_11/uvl/lpcmt.uvl,Constraints,After reduction,simplified_constraints,constraints_before_after_histogram.pdf,1107
dataset_11/uvl/m5272c3.uvl,Constraints,After reduction,simplified_constraints,constraints_before_after_histogram.pdf,1289
dataset_11/uvl/mac7100evb.uvl,Constraints,After reduction,simplified_constraints,constraints_before_after_histogram.pdf,1486
dataset_11/uvl/mace1.uvl,Constraints,After reduction,simplified_constraints,constraints_before_after_histogram.pdf,1486
dataset_11/uvl/malta_mips32_4kc.uvl,Constraints,After reduction,simplified_constraints,constraints_before_after_histogram.pdf,1287
dataset_11/uvl/malta_mips64_5kc.uvl,Constraints,After reduction,simplified_constraints,constraints_before_after_histogram.pdf,1216
dataset_11/uvl/mb93091.uvl,Constraints,After reduction,simplified_constraints,constraints_before_after_histogram.pdf,1415
dataset_11/uvl/mb93093.uvl,Constraints,After reduction,simplified_constraints,constraints_before_after_histogram.pdf,1221
dataset_11/uvl/mbx.uvl,Constraints,After reduction,simplified_constraints,constraints_before_after_histogram.pdf,1317
dataset_11/uvl/mcb2100.uvl,Constraints,After reduction,simplified_constraints,constraints_before_after_histogram.pdf,1132
dataset_11/uvl/moab.uvl,Constraints,After reduction,simplified_constraints,constraints_before_after_histogram.pdf,1345
dataset_11/uvl/mpc50.uvl,Constraints,After reduction,simplified_constraints,constraints_before_after_histogram.pdf,1391
dataset_11/uvl/nano.uvl,Constraints,After reduction,simplified_constraints,constraints_before_after_histogram.pdf,1379
dataset_11/uvl/npwr.uvl,Constraints,After reduction,simplified_constraints,constraints_before_after_histogram.pdf,1081
dataset_11/uvl/ocelot.uvl,Constraints,After reduction,simplified_constraints,constraints_before_after_histogram.pdf,1450
dataset_11/uvl/olpce2294.uvl,Constraints,After reduction,simplified_constraints,constraints_before_after_histogram.pdf,1249
dataset_11/uvl/olpch2294.uvl,Constraints,After reduction,simplified_constraints,constraints_before_after_histogram.pdf,1357
dataset_11/uvl/olpcl2294.uvl,Constraints,After reduction,simplified_constraints,constraints_before_after_histogram.pdf,1177
dataset_11/uvl/p2106.uvl,Constraints,After reduction,simplified_constraints,constraints_before_after_histogram.pdf,1107
dataset_11/uvl/pati.uvl,Constraints,After reduction,simplified_constraints,constraints_before_after_histogram.pdf,1033
dataset_11/uvl/pc_i82544.uvl,Constraints,After reduction,simplified_constraints,constraints_before_after_histogram.pdf,1202
dataset_11/uvl/pc_i82559.uvl,Constraints,After reduction,simplified_constraints,constraints_before_after_histogram.pdf,1202
dataset_11/uvl/pc_rltk8139.uvl,Constraints,After reduction,simplified_constraints,constraints_before_after_histogram.pdf,1538
dataset_11/uvl/pc_usb_d12.uvl,Constraints,After reduction,simplified_constraints,constraints_before_after_histogram.pdf,1428
dataset_11/uvl/pc_vmWare.uvl,Constraints,After reduction,simplified_constraints,constraints_before_after_histogram.pdf,1337
dataset_11/uvl/phycore.uvl,Constraints,After reduction,simplified_constraints,constraints_before_after_histogram.pdf,1454
dataset_11/uvl/phycore229x.uvl,Constraints,After reduction,simplified_constraints,constraints_before_after_histogram.pdf,1193
dataset_11/uvl/picasso.uvl,Constraints,After reduction,simplified_constraints,constraints_before_after_histogram.pdf,1353
dataset_11/uvl/pid.uvl,Constraints,After reduction,simplified_constraints,constraints_before_after_histogram.pdf,1088
dataset_11/uvl/prpmc1100.uvl,Constraints,After reduction,simplified_constraints,constraints_before_after_histogram.pdf,1299
dataset_11/uvl/psim.uvl,Constraints,After reduction,simplified_constraints,constraints_before_after_histogram.pdf,1264
dataset_11/uvl/rattler.uvl,Constraints,After reduction,simplified_constraints,constraints_before_after_histogram.pdf,1110
dataset_11/uvl/ref4955.uvl,Constraints,After reduction,simplified_constraints,constraints_before_after_histogram.pdf,983
dataset_11/uvl/refidt334.uvl,Constraints,After reduction,simplified_constraints,constraints_before_after_histogram.pdf,1390
dataset_11/uvl/sa1100mm.uvl,Constraints,After reduction,simplified_constraints,constraints_before_after_histogram.pdf,1223
dataset_11/uvl/sam7ex256.uvl,Constraints,After reduction,simplified_constraints,constraints_before_after_histogram.pdf,1111
dataset_11/uvl/se7751.uvl,Constraints,After reduction,simplified_constraints,constraints_before_after_histogram.pdf,1619
dataset_11/uvl/se77x9.uvl,Constraints,After reduction,simplified_constraints,constraints_before_after_histogram.pdf,1309
dataset_11/uvl/sh4_202_md.uvl,Constraints,After reduction,simplified_constraints,constraints_before_after_histogram.pdf,1514
dataset_11/uvl/sh7708.uvl,Constraints,After reduction,simplified_constraints,constraints_before_after_histogram.pdf,1191
dataset_11/uvl/skmb91302.uvl,Constraints,After reduction,simplified_constraints,constraints_before_after_histogram.pdf,1312
dataset_11/uvl/sleb.uvl,Constraints,After reduction,simplified_constraints,constraints_before_after_histogram.pdf,1241
dataset_11/uvl/smdk2410.uvl,Constraints,After reduction,simplified_constraints,constraints_before_after_histogram.pdf,1283
dataset_11/uvl/snds.uvl,Constraints,After reduction,simplified_constraints,constraints_before_after_histogram.pdf,1263
dataset_11/uvl/sparc_erc32.uvl,Constraints,After reduction,simplified_constraints,constraints_before_after_histogram.pdf,1216
dataset_11/uvl/sparc_leon.uvl,Constraints,After reduction,simplified_constraints,constraints_before_after_histogram.pdf,1216
dataset_11/uvl/sparclite_sim.uvl,Constraints,After reduction,simplified_constraints,constraints_before_after_histogram.pdf,1216
dataset_11/uvl/stb.uvl,Constraints,After reduction,simplified_constraints,constraints_before_after_histogram.pdf,1247
dataset_11/uvl/stdeval1.uvl,Constraints,After reduction,simplified_constraints,constraints_before_after_histogram.pdf,1235
dataset_11/uvl/stm3210e_eval.uvl,Constraints,After reduction,simplified_constraints,constraints_before_after_histogram.pdf,1242
dataset_11/uvl/ts1000.uvl,Constraints,After reduction,simplified_constraints,constraints_before_after_histogram.pdf,1398
dataset_11/uvl/ts6.uvl,Constraints,After reduction,simplified_constraints,constraints_before_after_histogram.pdf,1393
dataset_11/uvl/tx39_sim.uvl,Constraints,After reduction,simplified_constraints,constraints_before_after_histogram.pdf,1230
dataset_11/uvl/uE250.uvl,Constraints,After reduction,simplified_constraints,constraints_before_after_histogram.pdf,1152
dataset_11/uvl/vads.uvl,Constraints,After reduction,simplified_constraints,constraints_before_after_histogram.pdf,1393
dataset_11/uvl/viper.uvl,Constraints,After reduction,simplified_constraints,constraints_before_after_histogram.pdf,1252
dataset_11/uvl/vrc4373.uvl,Constraints,After reduction,simplified_constraints,constraints_before_after_histogram.pdf,1355
dataset_11/uvl/vrc4375.uvl,Constraints,After reduction,simplified_constraints,constraints_before_after_histogram.pdf,1344
dataset_12/uvl/axTLS.uvl,Constraints,After reduction,simplified_constraints,constraints_before_after_histogram.pdf,23
dataset_12/uvl/uClibc.uvl,Constraints,After reduction,simplified_constraints,constraints_before_after_histogram.pdf,1712
dataset_12/uvl/uClinux-base.uvl,Constraints,After reduction,simplified_constraints,constraints_before_after_histogram.pdf,1174
dataset_12/uvl/uClinux-distribution.uvl,Constraints,After reduction,simplified_constraints,constraints_before_after_histogram.pdf,1350
dataset_16/uvl/chat_system.uvl,Constraints,After reduction,simplified_constraints,constraints_before_after_histogram.pdf,3
dataset_17/uvl/ovm_MPPL.ovm.uvl,Constraints,After reduction,simplified_constraints,constraints_before_after_histogram.pdf,1
dataset_18/uvl/ovm_OnlineShop.ovm.uvl,Constraints,After reduction,simplified_constraints,constraints_before_after_histogram.pdf,4
dataset_2/uvl/dm_ASEJ1.csv.uvl,Constraints,After reduction,simplified_constraints,constraints_before_after_histogram.pdf,96
dataset_2/uvl/dm_DOPLERTools.csv.uvl,Constraints,After reduction,simplified_constraints,constraints_before_after_histogram.pdf,15
dataset_2/uvl/dm_DissModel.csv.uvl,Constraints,After reduction,simplified_constraints,constraints_before_after_histogram.pdf,0
dataset_20/uvl/DELL-LAPTOP-NOTEBOOK-FM.uvl,Constraints,After reduction,simplified_constraints,constraints_before_after_histogram.pdf,158
dataset_20/uvl/REAL-FM-1.uvl,Constraints,After reduction,simplified_constraints,constraints_before_after_histogram.pdf,19
dataset_20/uvl/REAL-FM-10.uvl,Constraints,After reduction,simplified_constraints,constraints_before_after_histogram.pdf,0
dataset_20/uvl/REAL-FM-11.uvl,Constraints,After reduction,simplified_constraints,constraints_before_after_histogram.pdf,4
dataset_20/uvl/REAL-FM-12.uvl,Constraints,After reduction,simplified_constraints,constraints_before_after_histogram.pdf,2
dataset_20/uvl/REAL-FM-13.uvl,Constraints,After reduction,simplified_constraints,constraints_before_after_histogram.pdf,6
dataset_20/uvl/REAL-FM-14.uvl,Constraints,After reduction,simplified_constraints,constraints_before_after_histogram.pdf,5
dataset_20/uvl/REAL-FM-15.uvl,Constraints,After reduction,simplified_constraints,constraints_before_after_histogram.pdf,12
dataset_20/uvl/REAL-FM-16.uvl,Constraints,After reduction,simplified_constraints,constraints_before_after_histogram.pdf,4
dataset_20/uvl/REAL-FM-17.uvl,Constraints,After reduction,simplified_constraints,constraints_before_after_histogram.pdf,17
dataset_20/uvl/REAL-FM-18.uvl,Constraints,After reduction,simplified_constraints,constraints_before_after_histogram.pdf,15
dataset_20/uvl/REAL-FM-19.uvl,Constraints,After reduction,simplified_constraints,constraints_before_after_histogram.pdf,0
dataset_20/uvl/REAL-FM-2.uvl,Constraints,After reduction,simplified_constraints,constraints_before_after_histogram.pdf,17
dataset_20/uvl/REAL-FM-20.uvl,Constraints,After reduction,simplified_constraints,constraints_before_after_histogram.pdf,10
dataset_20/uvl/REAL-FM-3.uvl,Constraints,After reduction,simplified_constraints,constraints_before_after_histogram.pdf,7
dataset_20/uvl/REAL-FM-4.uvl,Constraints,After reduction,simplified_constraints,constraints_before_after_histogram.pdf,37
dataset_20/uvl/REAL-FM-5.uvl,Constraints,After reduction,simplified_constraints,constraints_before_after_histogram.pdf,2
dataset_20/uvl/REAL-FM-6.uvl,Constraints,After reduction,simplified_constraints,constraints_before_after_histogram.pdf,7
dataset_20/uvl/REAL-FM-7.uvl,Constraints,After reduction,simplified_constraints,constraints_before_after_histogram.pdf,2
dataset_20/uvl/REAL-FM-8.uvl,Constraints,After reduction,simplified_constraints,constraints_before_after_histogram.pdf,1
dataset_20/uvl/REAL-FM-9.uvl,Constraints,After reduction,simplified_constraints,constraints_before_after_histogram.pdf,4
dataset_20/uvl/aircraft_fm.uvl,Constraints,After reduction,simplified_constraints,constraints_before_after_histogram.pdf,2
dataset_20/uvl/arcade_game_pl_fm.uvl,Constraints,After reduction,simplified_constraints,constraints_before_after_histogram.pdf,39
dataset_20/uvl/car_fm.uvl,Constraints,After reduction,simplified_constraints,constraints_before_after_histogram.pdf,1
dataset_20/uvl/cfdp_library_fm.uvl,Constraints,After reduction,simplified_constraints,constraints_before_after_histogram.pdf,5
dataset_20/uvl/connector_fm.uvl,Constraints,After reduction,simplified_constraints,constraints_before_after_histogram.pdf,6
dataset_20/uvl/fame_dbms_fm.uvl,Constraints,After reduction,simplified_constraints,constraints_before_after_histogram.pdf,8
dataset_20/uvl/model_20090801_1908323193.uvl,Constraints,After reduction,simplified_constraints,constraints_before_after_histogram.pdf,0
dataset_20/uvl/model_20091009_1552375070.uvl,Constraints,After reduction,simplified_constraints,constraints_before_after_histogram.pdf,13
dataset_20/uvl/model_20091015_449909368.uvl,Constraints,After reduction,simplified_constraints,constraints_before_after_histogram.pdf,1
dataset_20/uvl/model_20091109_376438407.uvl,Constraints,After reduction,simplified_constraints,constraints_before_after_histogram.pdf,1
dataset_20/uvl/model_20091129_1734444143.uvl,Constraints,After reduction,simplified_constraints,constraints_before_after_histogram.pdf,3
dataset_20/uvl/model_20091205_755658379.uvl,Constraints,After reduction,simplified_constraints,constraints_before_after_histogram.pdf,32
dataset_20/uvl/model_20091206_1647557456.uvl,Constraints,After reduction,simplified_constraints,constraints_before_after_histogram.pdf,1
dataset_20/uvl/model_20091210_241985787.uvl,Constraints,After reduction,simplified_constraints,constraints_before_after_histogram.pdf,1
dataset_20/uvl/model_20091210_993249741.uvl,Constraints,After reduction,simplified_constraints,constraints_before_after_histogram.pdf,0
dataset_20/uvl/model_20091219_494647199.uvl,Constraints,After reduction,simplified_constraints,constraints_before_after_histogram.pdf,0
dataset_20/uvl/model_20091225_1547989376.uvl,Constraints,After reduction,simplified_constraints,constraints_before_after_histogram.pdf,2
dataset_20/uvl/model_20100106_985255768.uvl,Constraints,After reduction,simplified_constraints,constraints_before_after_histogram.pdf,7
dataset_20/uvl/model_20100213_206550190.uvl,Constraints,After reduction,simplified_constraints,constraints_before_after_histogram.pdf,19
dataset_20/uvl/model_20100216_713947806.uvl,Constraints,After reduction,simplified_constraints,constraints_before_after_histogram.pdf,0
dataset_20/uvl/model_20100308_1032655961.uvl,Constraints,After reduction,simplified_constraints,constraints_before_after_histogram.pdf,3
dataset_20/uvl/model_20100308_1355834007.uvl,Constraints,After reduction,simplified_constraints,constraints_before_after_histogram.pdf,0
dataset_20/uvl/model_20100321_1548012375.uvl,Constraints,After reduction,simplified_constraints,constraints_before_after_histogram.pdf,0
dataset_20/uvl/model_20100322_955726153.uvl,Constraints,After reduction,simplified_constraints,constraints_before_after_histogram.pdf,2
dataset_20/uvl/model_20100324_1996898492.uvl,Constraints,After reduction,simplified_constraints,constraints_before_after_histogram.pdf,0
dataset_20/uvl/model_20100325_298677687.uvl,Constraints,After reduction,simplified_constraints,constraints_before_after_histogram.pdf,0
dataset_20/uvl/model_20100326_770562654.uvl,Constraints,After reduction,simplified_constraints,constraints_before_after_histogram.pdf,10
dataset_20/uvl/model_20100412_337845737.uvl,Constraints,After reduction,simplified_constraints,constraints_before_after_histogram.pdf,0
dataset_20/uvl/model_20100415_240595643.uvl,Constraints,After reduction,simplified_constraints,constraints_before_after_histogram.pdf,7
dataset_20/uvl/model_20100415_947132043.uvl,Constraints,After reduction,simplified_constraints,constraints_before_after_histogram.pdf,12
dataset_20/uvl/model_20100416_811483774.uvl,Constraints,After reduction,simplified_constraints,constraints_before_after_histogram.pdf,4
dataset_20/uvl/model_20100529_1010171189.uvl,Constraints,After reduction,simplified_constraints,constraints_before_after_histogram.pdf,5
dataset_20/uvl/model_20100607_746327867.uvl,Constraints,After reduction,simplified_constraints,constraints_before_after_histogram.pdf,5
dataset_20/uvl/model_20100624_2076952989.uvl,Constraints,After reduction,simplified_constraints,constraints_before_after_histogram.pdf,4
dataset_20/uvl/model_20100625_251719781.uvl,Constraints,After reduction,simplified_constraints,constraints_before_after_histogram.pdf,0
dataset_20/uvl/model_20100712_329430908.uvl,Constraints,After reduction,simplified_constraints,constraints_before_after_histogram.pdf,0
dataset_20/uvl/model_20100719_944437142.uvl,Constraints,After reduction,simplified_constraints,constraints_before_after_histogram.pdf,32
dataset_20/uvl/model_20100730_1366577700.uvl,Constraints,After reduction,simplified_constraints,constraints_before_after_histogram.pdf,0
dataset_20/uvl/model_20100805_1484639410.uvl,Constraints,After reduction,simplified_constraints,constraints_before_after_histogram.pdf,4
dataset_20/uvl/model_20100822_281357717.uvl,Constraints,After reduction,simplified_constraints,constraints_before_after_histogram.pdf,10
dataset_20/uvl/model_20100824_837146809.uvl,Constraints,After reduction,simplified_constraints,constraints_before_after_histogram.pdf,1
dataset_20/uvl/model_20100829_787258873.uvl,Constraints,After reduction,simplified_constraints,constraints_before_after_histogram.pdf,19
dataset_20/uvl/model_20100830_561967343.uvl,Constraints,After reduction,simplified_constraints,constraints_before_after_histogram.pdf,0
dataset_20/uvl/model_20100831_1378118837.uvl,Constraints,After reduction,simplified_constraints,constraints_before_after_histogram.pdf,16
dataset_20/uvl/model_20100904_226530663.uvl,Constraints,After reduction,simplified_constraints,constraints_before_after_histogram.pdf,3
dataset_20/uvl/model_20100904_330653656.uvl,Constraints,After reduction,simplified_constraints,constraints_before_after_histogram.pdf,1
dataset_20/uvl/model_20100927_1382418986.uvl,Constraints,After reduction,simplified_constraints,constraints_before_after_histogram.pdf,2
dataset_20/uvl/model_20101020_1809093990.uvl,Constraints,After reduction,simplified_constraints,constraints_before_after_histogram.pdf,0
dataset_20/uvl/model_20101024_1938793748.uvl,Constraints,After reduction,simplified_constraints,constraints_before_after_histogram.pdf,3
dataset_20/uvl/model_20101104_260803083.uvl,Constraints,After reduction,simplified_constraints,constraints_before_after_histogram.pdf,4
dataset_20/uvl/model_20101109_1698100628.uvl,Constraints,After reduction,simplified_constraints,constraints_before_after_histogram.pdf,9
dataset_20/uvl/model_20101110_1749898936.uvl,Constraints,After reduction,simplified_constraints,constraints_before_after_histogram.pdf,8
dataset_20/uvl/model_20101111_156018899.uvl,Constraints,After reduction,simplified_constraints,constraints_before_after_histogram.pdf,1
dataset_20/uvl/model_20101111_1790887308.uvl,Constraints,After reduction,simplified_constraints,constraints_before_after_histogram.pdf,2
dataset_20/uvl/model_20101112_864228137.uvl,Constraints,After reduction,simplified_constraints,constraints_before_after_histogram.pdf,1
dataset_20/uvl/model_20101115_2000504462.uvl,Constraints,After reduction,simplified_constraints,constraints_before_after_histogram.pdf,0
dataset_20/uvl/model_20101116_1022976130.uvl,Constraints,After reduction,simplified_constraints,constraints_before_after_histogram.pdf,2
dataset_20/uvl/model_20101117_1571856147.uvl,Constraints,After reduction,simplified_constraints,constraints_before_after_histogram.pdf,1
dataset_20/uvl/model_20101117_2128796258.uvl,Constraints,After reduction,simplified_constraints,constraints_before_after_histogram.pdf,42
dataset_20/uvl/model_20101119_1472596180.uvl,Constraints,After reduction,simplified_constraints,constraints_before_after_histogram.pdf,4
dataset_20/uvl/model_20101120_2091447559.uvl,Constraints,After reduction,simplified_constraints,constraints_before_after_histogram.pdf,0
dataset_20/uvl/model_20101123_920943759.uvl,Constraints,After reduction,simplified_constraints,constraints_before_after_histogram.pdf,1
dataset_20/uvl/model_20101124_661702924.uvl,Constraints,After reduction,simplified_constraints,constraints_before_after_histogram.pdf,15
dataset_20/uvl/model_20101208_1056693380.uvl,Constraints,After reduction,simplified_constraints,constraints_before_after_histogram.pdf,0
dataset_20/uvl/model_20110116_381192414.uvl,Constraints,After reduction,simplified_constraints,constraints_before_after_histogram.pdf,1
dataset_20/uvl/model_20110124_2116036381.uvl,Constraints,After reduction,simplified_constraints,constraints_before_after_histogram.pdf,1
dataset_20/uvl/model_20110127_1318390760.uvl,Constraints,After reduction,simplified_constraints,constraints_before_after_histogram.pdf,5
dataset_20/uvl/model_20110130_639381749.uvl,Constraints,After reduction,simplified_constraints,constraints_before_after_histogram.pdf,0
dataset_20/uvl/model_20110203_1382675896.uvl,Constraints,After reduction,simplified_constraints,constraints_before_after_histogram.pdf,0
dataset_20/uvl/model_20110203_2097159983.uvl,Constraints,After reduction,simplified_constraints,constraints_before_after_histogram.pdf,2
dataset_20/uvl/model_20110207_906076676.uvl,Constraints,After reduction,simplified_constraints,constraints_before_after_histogram.pdf,8
dataset_20/uvl/model_20110214_751339643.uvl,Constraints,After reduction,simplified_constraints,constraints_before_after_histogram.pdf,0
dataset_20/uvl/model_20110216_1027109687.uvl,Constraints,After reduction,simplified_constraints,constraints_before_after_histogram.pdf,4
dataset_20/uvl/model_20110216_608697455.uvl,Constraints,After reduction,simplified_constraints,constraints_before_after_histogram.pdf,4
dataset_20/uvl/model_20110222_2078967171.uvl,Constraints,After reduction,simplified_constraints,constraints_before_after_histogram.pdf,5
dataset_20/uvl/model_20110301_216655728.uvl,Constraints,After reduction,simplified_constraints,constraints_before_after_histogram.pdf,0
dataset_20/uvl/model_20110306_314567479.uvl,Constraints,After reduction,simplified_constraints,constraints_before_after_histogram.pdf,0
dataset_20/uvl/model_20110310_1849309646.uvl,Constraints,After reduction,simplified_constraints,constraints_before_after_histogram.pdf,8
dataset_20/uvl/model_20110318_225131257.uvl,Constraints,After reduction,simplified_constraints,constraints_before_after_histogram.pdf,0
dataset_20/uvl/model_20110323_789959080.uvl,Constraints,After reduction,simplified_constraints,constraints_before_after_histogram.pdf,0
dataset_20/uvl/model_20110328_1177934440.uvl,Constraints,After reduction,simplified_constraints,constraints_before_after_histogram.pdf,3
dataset_20/uvl/model_20110329_10104623.uvl,Constraints,After reduction,simplified_constraints,constraints_before_after_histogram.pdf,13
dataset_20/uvl/model_20110330_919429247.uvl,Constraints,After reduction,simplified_constraints,constraints_before_after_histogram.pdf,6
dataset_20/uvl/model_20110401_868452735.uvl,Constraints,After reduction,simplified_constraints,constraints_before_after_histogram.pdf,4
dataset_20/uvl/model_20110406_1047532859.uvl,Constraints,After reduction,simplified_constraints,constraints_before_after_histogram.pdf,4
dataset_20/uvl/model_20110406_353034837.uvl,Constraints,After reduction,simplified_constraints,constraints_before_after_histogram.pdf,15
dataset_20/uvl/model_20110406_656545830.uvl,Constraints,After reduction,simplified_constraints,constraints_before_after_histogram.pdf,2
dataset_20/uvl/model_20110407_1283128166.uvl,Constraints,After reduction,simplified_constraints,constraints_before_after_histogram.pdf,5
dataset_20/uvl/model_20110428_1131293346.uvl,Constraints,After reduction,simplified_constraints,constraints_before_after_histogram.pdf,0
dataset_20/uvl/model_20110428_553405269.uvl,Constraints,After reduction,simplified_constraints,constraints_before_after_histogram.pdf,14
dataset_20/uvl/model_20110507_674768061.uvl,Constraints,After reduction,simplified_constraints,constraints_before_after_histogram.pdf,18
dataset_20/uvl/model_20110516_1331478109.uvl,Constraints,After reduction,simplified_constraints,constraints_before_after_histogram.pdf,53
dataset_20/uvl/model_20110519_1142211980.uvl,Constraints,After reduction,simplified_constraints,constraints_before_after_histogram.pdf,5
dataset_20/uvl/model_20110519_503436691.uvl,Constraints,After reduction,simplified_constraints,constraints_before_after_histogram.pdf,1
dataset_20/uvl/model_20110525_1619420630.uvl,Constraints,After reduction,simplified_constraints,constraints_before_after_histogram.pdf,17
dataset_20/uvl/model_20110525_564104612.uvl,Constraints,After reduction,simplified_constraints,constraints_before_after_histogram.pdf,6
dataset_20/uvl/model_20110525_928187171.uvl,Constraints,After reduction,simplified_constraints,constraints_before_after_histogram.pdf,0
dataset_20/uvl/model_20110527_1847306763.uvl,Constraints,After reduction,simplified_constraints,constraints_before_after_histogram.pdf,26
dataset_20/uvl/model_20110601_1103941862.uvl,Constraints,After reduction,simplified_constraints,constraints_before_after_histogram.pdf,2
dataset_20/uvl/model_20110605_1465859222.uvl,Constraints,After reduction,simplified_constraints,constraints_before_after_histogram.pdf,1
dataset_20/uvl/model_20110622_260389190.uvl,Constraints,After reduction,simplified_constraints,constraints_before_after_histogram.pdf,1
dataset_20/uvl/model_20110704_328391695.uvl,Constraints,After reduction,simplified_constraints,constraints_before_after_histogram.pdf,59
dataset_20/uvl/model_20110704_555218409.uvl,Constraints,After reduction,simplified_constraints,constraints_before_after_histogram.pdf,0
dataset_20/uvl/model_20110712_1373520081.uvl,Constraints,After reduction,simplified_constraints,constraints_before_after_histogram.pdf,5
dataset_20/uvl/model_20110715_945252556.uvl,Constraints,After reduction,simplified_constraints,constraints_before_after_histogram.pdf,1
dataset_20/uvl/model_20110718_866950306.uvl,Constraints,After reduction,simplified_constraints,constraints_before_after_histogram.pdf,1
dataset_20/uvl/model_20110722_419227445.uvl,Constraints,After reduction,simplified_constraints,constraints_before_after_histogram.pdf,0
dataset_20/uvl/model_20110725_452580960.uvl,Constraints,After reduction,simplified_constraints,constraints_before_after_histogram.pdf,11
dataset_20/uvl/model_20110809_1799855518.uvl,Constraints,After reduction,simplified_constraints,constraints_before_after_histogram.pdf,29
dataset_20/uvl/model_20110823_1386366267.uvl,Constraints,After reduction,simplified_constraints,constraints_before_after_histogram.pdf,1
dataset_20/uvl/model_20110823_553386338.uvl,Constraints,After reduction,simplified_constraints,constraints_before_after_histogram.pdf,0
dataset_20/uvl/model_20110826_1180494500.uvl,Constraints,After reduction,simplified_constraints,constraints_before_after_histogram.pdf,0
dataset_20/uvl/model_20110826_1555954181.uvl,Constraints,After reduction,simplified_constraints,constraints_before_after_histogram.pdf,0
dataset_20/uvl/model_20110826_1574631601.uvl,Constraints,After reduction,simplified_constraints,constraints_before_after_histogram.pdf,0
dataset_20/uvl/model_20110826_1744501275.uvl,Constraints,After reduction,simplified_constraints,constraints_before_after_histogram.pdf,0
dataset_20/uvl/model_20110826_252647654.uvl,Constraints,After reduction,simplified_constraints,constraints_before_after_histogram.pdf,0
dataset_20/uvl/model_20110826_819334011.uvl,Constraints,After reduction,simplified_constraints,constraints_before_after_histogram.pdf,0
dataset_20/uvl/model_20110915_1159959623.uvl,Constraints,After reduction,simplified_constraints,constraints_before_after_histogram.pdf,7
dataset_20/uvl/model_20110919_127780100.uvl,Constraints,After reduction,simplified_constraints,constraints_before_after_histogram.pdf,9
dataset_20/uvl/model_20110925_62365838.uvl,Constraints,After reduction,simplified_constraints,constraints_before_after_histogram.pdf,2
dataset_20/uvl/model_20110926_400852996.uvl,Constraints,After reduction,simplified_constraints,constraints_before_after_histogram.pdf,2
dataset_20/uvl/model_20110926_608554224.uvl,Constraints,After reduction,simplified_constraints,constraints_before_after_histogram.pdf,1
dataset_20/uvl/model_20111020_455520177.uvl,Constraints,After reduction,simplified_constraints,constraints_before_after_histogram.pdf,1
dataset_20/uvl/model_20111025_1408959776.uvl,Constraints,After reduction,simplified_constraints,constraints_before_after_histogram.pdf,0
dataset_20/uvl/model_20111027_1380540076.uvl,Constraints,After reduction,simplified_constraints,constraints_before_after_histogram.pdf,0
dataset_20/uvl/model_20111027_668940289.uvl,Constraints,After reduction,simplified_constraints,constraints_before_after_histogram.pdf,6
dataset_20/uvl/model_20111027_966072474.uvl,Constraints,After reduction,simplified_constraints,constraints_before_after_histogram.pdf,0
dataset_20/uvl/model_20111029_1654942500.uvl,Constraints,After reduction,simplified_constraints,constraints_before_after_histogram.pdf,9
dataset_20/uvl/model_20111031_386778867.uvl,Constraints,After reduction,simplified_constraints,constraints_before_after_histogram.pdf,29
dataset_20/uvl/model_20111111_1026730216.uvl,Constraints,After reduction,simplified_constraints,constraints_before_after_histogram.pdf,14
dataset_20/uvl/model_20111129_1932950448.uvl,Constraints,After reduction,simplified_constraints,constraints_before_after_histogram.pdf,0
dataset_20/uvl/model_20111130_1614470655.uvl,Constraints,After reduction,simplified_constraints,constraints_before_after_histogram.pdf,9
dataset_20/uvl/model_20111201_1252018702.uvl,Constraints,After reduction,simplified_constraints,constraints_before_after_histogram.pdf,18
dataset_20/uvl/model_20111201_372659565.uvl,Constraints,After reduction,simplified_constraints,constraints_before_after_histogram.pdf,16
dataset_20/uvl/model_20111214_733452875.uvl,Constraints,After reduction,simplified_constraints,constraints_before_after_histogram.pdf,0
dataset_20/uvl/model_20111220_1184087779.uvl,Constraints,After reduction,simplified_constraints,constraints_before_after_histogram.pdf,16
dataset_20/uvl/model_20111220_1450733948.uvl,Constraints,After reduction,simplified_constraints,constraints_before_after_histogram.pdf,372
dataset_20/uvl/model_20120109_1808102333.uvl,Constraints,After reduction,simplified_constraints,constraints_before_after_histogram.pdf,2
dataset_20/uvl/model_20120110_1094246588.uvl,Constraints,After reduction,simplified_constraints,constraints_before_after_histogram.pdf,7
dataset_20/uvl/model_20120110_1256867454.uvl,Constraints,After reduction,simplified_constraints,constraints_before_after_histogram.pdf,7
dataset_20/uvl/model_20120110_139114401.uvl,Constraints,After reduction,simplified_constraints,constraints_before_after_histogram.pdf,7
dataset_20/uvl/model_20120110_1719396361.uvl,Constraints,After reduction,simplified_constraints,constraints_before_after_histogram.pdf,7
dataset_20/uvl/model_20120110_1754443954.uvl,Constraints,After reduction,simplified_constraints,constraints_before_after_histogram.pdf,6
dataset_20/uvl/model_20120110_855603964.uvl,Constraints,After reduction,simplified_constraints,constraints_before_after_histogram.pdf,7
dataset_20/uvl/model_20120111_1667229430.uvl,Constraints,After reduction,simplified_constraints,constraints_before_after_histogram.pdf,2
dataset_20/uvl/model_20120113_1803352101.uvl,Constraints,After reduction,simplified_constraints,constraints_before_after_histogram.pdf,17
dataset_20/uvl/model_20120113_1950870026.uvl,Constraints,After reduction,simplified_constraints,constraints_before_after_histogram.pdf,2
dataset_20/uvl/model_20120122_258977494.uvl,Constraints,After reduction,simplified_constraints,constraints_before_after_histogram.pdf,13
dataset_20/uvl/model_20120124_94644767.uvl,Constraints,After reduction,simplified_constraints,constraints_before_after_histogram.pdf,1
dataset_20/uvl/model_20120130_333619036.uvl,Constraints,After reduction,simplified_constraints,constraints_before_after_histogram.pdf,1
dataset_20/uvl/model_20120201_1444061231.uvl,Constraints,After reduction,simplified_constraints,constraints_before_after_histogram.pdf,26
dataset_20/uvl/model_20120201_865979127.uvl,Constraints,After reduction,simplified_constraints,constraints_before_after_histogram.pdf,27
dataset_20/uvl/model_20120201_899753062.uvl,Constraints,After reduction,simplified_constraints,constraints_before_after_histogram.pdf,35
dataset_20/uvl/model_20120202_114979109.uvl,Constraints,After reduction,simplified_constraints,constraints_before_after_histogram.pdf,14
dataset_20/uvl/model_20120202_1596034358.uvl,Constraints,After reduction,simplified_constraints,constraints_before_after_histogram.pdf,2
dataset_20/uvl/model_20120205_24117969.uvl,Constraints,After reduction,simplified_constraints,constraints_before_after_histogram.pdf,0
dataset_20/uvl/model_20120229_1103715736.uvl,Constraints,After reduction,simplified_constraints,constraints_before_after_histogram.pdf,1
dataset_20/uvl/model_20120314_1438691117.uvl,Constraints,After reduction,simplified_constraints,constraints_before_after_histogram.pdf,0
dataset_20/uvl/model_20120328_1227899142.uvl,Constraints,After reduction,simplified_constraints,constraints_before_after_histogram.pdf,3
dataset_20/uvl/model_20120328_1309817018.uvl,Constraints,After reduction,simplified_constraints,constraints_before_after_histogram.pdf,8
dataset_20/uvl/model_20120328_1357539597.uvl,Constraints,After reduction,simplified_constraints,constraints_before_after_histogram.pdf,1
dataset_20/uvl/model_20120328_1373483522.uvl,Constraints,After reduction,simplified_constraints,constraints_before_after_histogram.pdf,1
dataset_20/uvl/model_20120328_1412454948.uvl,Constraints,After reduction,simplified_constraints,constraints_before_after_histogram.pdf,6
dataset_20/uvl/model_20120328_1667195252.uvl,Constraints,After reduction,simplified_constraints,constraints_before_after_histogram.pdf,1
dataset_20/uvl/model_20120328_1814590478.uvl,Constraints,After reduction,simplified_constraints,constraints_before_after_histogram.pdf,6
dataset_20/uvl/model_20120328_1974817485.uvl,Constraints,After reduction,simplified_constraints,constraints_before_after_histogram.pdf,21
dataset_20/uvl/model_20120328_288933955.uvl,Constraints,After reduction,simplified_constraints,constraints_before_after_histogram.pdf,1
dataset_20/uvl/model_20120328_361613983.uvl,Constraints,After reduction,simplified_constraints,constraints_before_after_histogram.pdf,2
dataset_20/uvl/model_20120328_523540818.uvl,Constraints,After reduction,simplified_constraints,constraints_before_after_histogram.pdf,0
dataset_20/uvl/model_20120328_573707444.uvl,Constraints,After reduction,simplified_constraints,constraints_before_after_histogram.pdf,16
dataset_20/uvl/model_20120328_593032745.uvl,Constraints,After reduction,simplified_constraints,constraints_before_after_histogram.pdf,1
dataset_20/uvl/model_20120328_663906927.uvl,Constraints,After reduction,simplified_constraints,constraints_before_after_histogram.pdf,2
dataset_20/uvl/model_20120328_794090001.uvl,Constraints,After reduction,simplified_constraints,constraints_before_after_histogram.pdf,1
dataset_20/uvl/model_20120328_810464459.uvl,Constraints,After reduction,simplified_constraints,constraints_before_after_histogram.pdf,0
dataset_20/uvl/model_20120329_788560154.uvl,Constraints,After reduction,simplified_constraints,constraints_before_after_histogram.pdf,53
dataset_20/uvl/model_20120408_404695779.uvl,Constraints,After reduction,simplified_constraints,constraints_before_after_histogram.pdf,23
dataset_20/uvl/model_20120411_196667302.uvl,Constraints,After reduction,simplified_constraints,constraints_before_after_histogram.pdf,15
dataset_20/uvl/model_20120412_1314362396.uvl,Constraints,After reduction,simplified_constraints,constraints_before_after_histogram.pdf,0
dataset_20/uvl/model_20120418_828883554.uvl,Constraints,After reduction,simplified_constraints,constraints_before_after_histogram.pdf,51
dataset_20/uvl/model_20120419_1397354511.uvl,Constraints,After reduction,simplified_constraints,constraints_before_after_histogram.pdf,6
dataset_20/uvl/model_20120422_1648870831.uvl,Constraints,After reduction,simplified_constraints,constraints_before_after_histogram.pdf,2
dataset_20/uvl/model_20120422_2100930135.uvl,Constraints,After reduction,simplified_constraints,constraints_before_after_histogram.pdf,3
dataset_20/uvl/model_20120423_1196408273.uvl,Constraints,After reduction,simplified_constraints,constraints_before_after_histogram.pdf,4
dataset_20/uvl/model_20120423_1625073325.uvl,Constraints,After reduction,simplified_constraints,constraints_before_after_histogram.pdf,39
dataset_20/uvl/model_20120424_1703152596.uvl,Constraints,After reduction,simplified_constraints,constraints_before_after_histogram.pdf,7
dataset_20/uvl/model_20120425_1998125226.uvl,Constraints,After reduction,simplified_constraints,constraints_before_after_histogram.pdf,3
dataset_20/uvl/model_20120510_220834497.uvl,Constraints,After reduction,simplified_constraints,constraints_before_after_histogram.pdf,6
dataset_20/uvl/model_20120512_712347860.uvl,Constraints,After reduction,simplified_constraints,constraints_before_after_histogram.pdf,1
dataset_20/uvl/model_20120513_373795895.uvl,Constraints,After reduction,simplified_constraints,constraints_before_after_histogram.pdf,1
dataset_20/uvl/model_20120515_1862354569.uvl,Constraints,After reduction,simplified_constraints,constraints_before_after_histogram.pdf,1
dataset_20/uvl/model_20120522_87989914.uvl,Constraints,After reduction,simplified_constraints,constraints_before_after_histogram.pdf,103
dataset_20/uvl/model_20120528_1294065815.uvl,Constraints,After reduction,simplified_constraints,constraints_before_after_histogram.pdf,0
dataset_20/uvl/model_20120529_2101702978.uvl,Constraints,After reduction,simplified_constraints,constraints_before_after_histogram.pdf,60
dataset_20/uvl/model_20120531_2078087379.uvl,Constraints,After reduction,simplified_constraints,constraints_before_after_histogram.pdf,5
dataset_20/uvl/model_20120609_84195762.uvl,Constraints,After reduction,simplified_constraints,constraints_before_after_histogram.pdf,0
dataset_20/uvl/model_20120627_1512389149.uvl,Constraints,After reduction,simplified_constraints,constraints_before_after_histogram.pdf,2
dataset_20/uvl/model_20120701_1498696792.uvl,Constraints,After reduction,simplified_constraints,constraints_before_after_histogram.pdf,0
dataset_20/uvl/model_20120701_899073101.uvl,Constraints,After reduction,simplified_constraints,constraints_before_after_histogram.pdf,0
dataset_20/uvl/model_20120705_77954373.uvl,Constraints,After reduction,simplified_constraints,constraints_before_after_histogram.pdf,21
dataset_20/uvl/model_20120710_919309758.uvl,Constraints,After reduction,simplified_constraints,constraints_before_after_histogram.pdf,8
dataset_20/uvl/model_20120717_770767926.uvl,Constraints,After reduction,simplified_constraints,constraints_before_after_histogram.pdf,0
dataset_20/uvl/model_20120718_813832704.uvl,Constraints,After reduction,simplified_constraints,constraints_before_after_histogram.pdf,1
dataset_20/uvl/model_20120722_2065280700.uvl,Constraints,After reduction,simplified_constraints,constraints_before_after_histogram.pdf,1
dataset_20/uvl/model_20120725_1460954667.uvl,Constraints,After reduction,simplified_constraints,constraints_before_after_histogram.pdf,2
dataset_20/uvl/model_20120728_275737618.uvl,Constraints,After reduction,simplified_constraints,constraints_before_after_histogram.pdf,2
dataset_20/uvl/model_20120731_787433291.uvl,Constraints,After reduction,simplified_constraints,constraints_before_after_histogram.pdf,16
dataset_20/uvl/model_20120801_1784537083.uvl,Constraints,After reduction,simplified_constraints,constraints_before_after_histogram.pdf,1
dataset_20/uvl/model_20120806_904481092.uvl,Constraints,After reduction,simplified_constraints,constraints_before_after_histogram.pdf,5
dataset_20/uvl/model_20120822_650185552.uvl,Constraints,After reduction,simplified_constraints,constraints_before_after_histogram.pdf,8
dataset_20/uvl/model_20120823_304633016.uvl,Constraints,After reduction,simplified_constraints,constraints_before_after_histogram.pdf,5
dataset_20/uvl/model_20120824_761159432.uvl,Constraints,After reduction,simplified_constraints,constraints_before_after_histogram.pdf,6
dataset_20/uvl/model_20120828_1516795545.uvl,Constraints,After reduction,simplified_constraints,constraints_before_after_histogram.pdf,1
dataset_20/uvl/model_20120829_1418879889.uvl,Constraints,After reduction,simplified_constraints,constraints_before_after_histogram.pdf,1
dataset_20/uvl/model_20120829_191972511.uvl,Constraints,After reduction,simplified_constraints,constraints_before_after_histogram.pdf,72
dataset_20/uvl/model_20120829_28461699.uvl,Constraints,After reduction,simplified_constraints,constraints_before_after_histogram.pdf,4
dataset_20/uvl/model_20120829_881090911.uvl,Constraints,After reduction,simplified_constraints,constraints_before_after_histogram.pdf,0
dataset_20/uvl/model_20120902_865058601.uvl,Constraints,After reduction,simplified_constraints,constraints_before_after_histogram.pdf,2
dataset_20/uvl/model_20120904_1604580471.uvl,Constraints,After reduction,simplified_constraints,constraints_before_after_histogram.pdf,8
dataset_20/uvl/model_20120905_104354355.uvl,Constraints,After reduction,simplified_constraints,constraints_before_after_histogram.pdf,0
dataset_20/uvl/model_20120909_341305614.uvl,Constraints,After reduction,simplified_constraints,constraints_before_after_histogram.pdf,5
dataset_20/uvl/model_20120915_487659597.uvl,Constraints,After reduction,simplified_constraints,constraints_before_after_histogram.pdf,7
dataset_20/uvl/model_20120920_383492576.uvl,Constraints,After reduction,simplified_constraints,constraints_before_after_histogram.pdf,1
dataset_20/uvl/model_20121015_1348696629.uvl,Constraints,After reduction,simplified_constraints,constraints_before_after_histogram.pdf,1
dataset_20/uvl/model_20121017_2007593800.uvl,Constraints,After reduction,simplified_constraints,constraints_before_after_histogram.pdf,5
dataset_20/uvl/model_20121018_1186774722.uvl,Constraints,After reduction,simplified_constraints,constraints_before_after_histogram.pdf,1
dataset_20/uvl/model_20121018_1495134161.uvl,Constraints,After reduction,simplified_constraints,constraints_before_after_histogram.pdf,5
dataset_20/uvl/model_20121018_1550648286.uvl,Constraints,After reduction,simplified_constraints,constraints_before_after_histogram.pdf,1
dataset_20/uvl/model_20121018_1578042435.uvl,Constraints,After reduction,simplified_constraints,constraints_before_after_histogram.pdf,6
dataset_20/uvl/model_20121018_1639434192.uvl,Constraints,After reduction,simplified_constraints,constraints_before_after_histogram.pdf,5
dataset_20/uvl/model_20121018_1701181193.uvl,Constraints,After reduction,simplified_constraints,constraints_before_after_histogram.pdf,5
dataset_20/uvl/model_20121018_1875808662.uvl,Constraints,After reduction,simplified_constraints,constraints_before_after_histogram.pdf,1
dataset_20/uvl/model_20121018_1970318852.uvl,Constraints,After reduction,simplified_constraints,constraints_before_after_histogram.pdf,1
dataset_20/uvl/model_20121018_201916182.uvl,Constraints,After reduction,simplified_constraints,constraints_before_after_histogram.pdf,1
dataset_20/uvl/model_20121018_242475712.uvl,Constraints,After reduction,simplified_constraints,constraints_before_after_histogram.pdf,1
dataset_20/uvl/model_20121018_271963732.uvl,Constraints,After reduction,simplified_constraints,constraints_before_after_histogram.pdf,1
dataset_20/uvl/model_20121018_436901160.uvl,Constraints,After reduction,simplified_constraints,constraints_before_after_histogram.pdf,1
dataset_20/uvl/model_20121018_795335675.uvl,Constraints,After reduction,simplified_constraints,constraints_before_after_histogram.pdf,1
dataset_20/uvl/model_20121018_820869482.uvl,Constraints,After reduction,simplified_constraints,constraints_before_after_histogram.pdf,1
dataset_20/uvl/model_20121018_880874071.uvl,Constraints,After reduction,simplified_constraints,constraints_before_after_histogram.pdf,1
dataset_20/uvl/model_20121019_1128529660.uvl,Constraints,After reduction,simplified_constraints,constraints_before_after_histogram.pdf,6
dataset_20/uvl/model_20121023_1328975384.uvl,Constraints,After reduction,simplified_constraints,constraints_before_after_histogram.pdf,1
dataset_20/uvl/model_20121023_356761254.uvl,Constraints,After reduction,simplified_constraints,constraints_before_after_histogram.pdf,0
dataset_20/uvl/model_20121025_1453237615.uvl,Constraints,After reduction,simplified_constraints,constraints_before_after_histogram.pdf,0
dataset_20/uvl/model_20121025_1656878048.uvl,Constraints,After reduction,simplified_constraints,constraints_before_after_histogram.pdf,0
dataset_20/uvl/model_20121026_334751192.uvl,Constraints,After reduction,simplified_constraints,constraints_before_after_histogram.pdf,0
dataset_20/uvl/model_20121102_443205816.uvl,Constraints,After reduction,simplified_constraints,constraints_before_after_histogram.pdf,4
dataset_20/uvl/model_20121102_768518520.uvl,Constraints,After reduction,simplified_constraints,constraints_before_after_histogram.pdf,0
dataset_20/uvl/model_20121106_1816491064.uvl,Constraints,After reduction,simplified_constraints,constraints_before_after_histogram.pdf,1
dataset_20/uvl/model_20121123_1014773113.uvl,Constraints,After reduction,simplified_constraints,constraints_before_after_histogram.pdf,1
dataset_20/uvl/model_20121123_1047250318.uvl,Constraints,After reduction,simplified_constraints,constraints_before_after_histogram.pdf,2
dataset_20/uvl/model_20121123_1266693931.uvl,Constraints,After reduction,simplified_constraints,constraints_before_after_histogram.pdf,1
dataset_20/uvl/model_20121123_1445508018.uvl,Constraints,After reduction,simplified_constraints,constraints_before_after_histogram.pdf,1
dataset_20/uvl/model_20121123_1588832561.uvl,Constraints,After reduction,simplified_constraints,constraints_before_after_histogram.pdf,0
dataset_20/uvl/model_20121123_1668268132.uvl,Constraints,After reduction,simplified_constraints,constraints_before_after_histogram.pdf,8
dataset_20/uvl/model_20121123_1672558767.uvl,Constraints,After reduction,simplified_constraints,constraints_before_after_histogram.pdf,1
dataset_20/uvl/model_20121123_1692800929.uvl,Constraints,After reduction,simplified_constraints,constraints_before_after_histogram.pdf,1
dataset_20/uvl/model_20121123_1807427529.uvl,Constraints,After reduction,simplified_constraints,constraints_before_after_histogram.pdf,1
dataset_20/uvl/model_20121123_2085968892.uvl,Constraints,After reduction,simplified_constraints,constraints_before_after_histogram.pdf,0
dataset_20/uvl/model_20121123_388334786.uvl,Constraints,After reduction,simplified_constraints,constraints_before_after_histogram.pdf,2
dataset_20/uvl/model_20121123_638033800.uvl,Constraints,After reduction,simplified_constraints,constraints_before_after_histogram.pdf,0
dataset_20/uvl/model_20121123_913179730.uvl,Constraints,After reduction,simplified_constraints,constraints_before_after_histogram.pdf,6
dataset_20/uvl/model_20121212_1167666293.uvl,Constraints,After reduction,simplified_constraints,constraints_before_after_histogram.pdf,1
dataset_20/uvl/model_20121212_425431925.uvl,Constraints,After reduction,simplified_constraints,constraints_before_after_histogram.pdf,1
dataset_20/uvl/model_20121213_681234650.uvl,Constraints,After reduction,simplified_constraints,constraints_before_after_histogram.pdf,0
dataset_20/uvl/model_20121214_211817376.uvl,Constraints,After reduction,simplified_constraints,constraints_before_after_histogram.pdf,7
dataset_20/uvl/model_20121219_1714348674.uvl,Constraints,After reduction,simplified_constraints,constraints_before_after_histogram.pdf,0
dataset_20/uvl/model_20121219_629525870.uvl,Constraints,After reduction,simplified_constraints,constraints_before_after_histogram.pdf,4
dataset_20/uvl/model_20130105_1019508207.uvl,Constraints,After reduction,simplified_constraints,constraints_before_after_histogram.pdf,5
dataset_20/uvl/model_20130106_749900457.uvl,Constraints,After reduction,simplified_constraints,constraints_before_after_histogram.pdf,21
dataset_20/uvl/model_20130115_768867592.uvl,Constraints,After reduction,simplified_constraints,constraints_before_after_histogram.pdf,0
dataset_20/uvl/model_20130116_1542765516.uvl,Constraints,After reduction,simplified_constraints,constraints_before_after_histogram.pdf,0
dataset_20/uvl/model_20130116_382639902.uvl,Constraints,After reduction,simplified_constraints,constraints_before_after_histogram.pdf,32
dataset_20/uvl/model_20130117_2075912065.uvl,Constraints,After reduction,simplified_constraints,constraints_before_after_histogram.pdf,0
dataset_20/uvl/model_20130121_710180273.uvl,Constraints,After reduction,simplified_constraints,constraints_before_after_histogram.pdf,0
dataset_20/uvl/model_20130122_1064508817.uvl,Constraints,After reduction,simplified_constraints,constraints_before_after_histogram.pdf,0
dataset_20/uvl/model_20130122_243381566.uvl,Constraints,After reduction,simplified_constraints,constraints_before_after_histogram.pdf,1
dataset_20/uvl/model_20130122_92211527.uvl,Constraints,After reduction,simplified_constraints,constraints_before_after_histogram.pdf,6
dataset_20/uvl/model_20130123_686198065.uvl,Constraints,After reduction,simplified_constraints,constraints_before_after_histogram.pdf,0
dataset_20/uvl/model_20130125_189285641.uvl,Constraints,After reduction,simplified_constraints,constraints_before_after_histogram.pdf,1
dataset_20/uvl/model_20130219_1778040846.uvl,Constraints,After reduction,simplified_constraints,constraints_before_after_histogram.pdf,0
dataset_20/uvl/model_20130220_406091727.uvl,Constraints,After reduction,simplified_constraints,constraints_before_after_histogram.pdf,9
dataset_20/uvl/model_20130224_1469220523.uvl,Constraints,After reduction,simplified_constraints,constraints_before_after_histogram.pdf,1
dataset_20/uvl/model_20130226_1908057354.uvl,Constraints,After reduction,simplified_constraints,constraints_before_after_histogram.pdf,10
dataset_20/uvl/model_20130302_1361528923.uvl,Constraints,After reduction,simplified_constraints,constraints_before_after_histogram.pdf,3
dataset_20/uvl/model_20130302_379367837.uvl,Constraints,After reduction,simplified_constraints,constraints_before_after_histogram.pdf,1
dataset_20/uvl/model_20130305_204544380.uvl,Constraints,After reduction,simplified_constraints,constraints_before_after_histogram.pdf,2
dataset_20/uvl/model_20130305_522520932.uvl,Constraints,After reduction,simplified_constraints,constraints_before_after_histogram.pdf,9
dataset_20/uvl/model_20130307_609838668.uvl,Constraints,After reduction,simplified_constraints,constraints_before_after_histogram.pdf,20
dataset_20/uvl/model_20130309_1354780318.uvl,Constraints,After reduction,simplified_constraints,constraints_before_after_histogram.pdf,5
dataset_20/uvl/model_20130311_1184229274.uvl,Constraints,After reduction,simplified_constraints,constraints_before_after_histogram.pdf,1
dataset_20/uvl/model_20130324_1541392486.uvl,Constraints,After reduction,simplified_constraints,constraints_before_after_histogram.pdf,17
dataset_20/uvl/model_20130410_2115212559.uvl,Constraints,After reduction,simplified_constraints,constraints_before_after_histogram.pdf,0
dataset_20/uvl/model_20130414_861625706.uvl,Constraints,After reduction,simplified_constraints,constraints_before_after_histogram.pdf,2
dataset_20/uvl/model_20130418_1158438101.uvl,Constraints,After reduction,simplified_constraints,constraints_before_after_histogram.pdf,21
dataset_20/uvl/model_20130418_1960440366.uvl,Constraints,After reduction,simplified_constraints,constraints_before_after_histogram.pdf,6
dataset_20/uvl/model_20130422_1348727660.uvl,Constraints,After reduction,simplified_constraints,constraints_before_after_histogram.pdf,1
dataset_20/uvl/model_20130422_139902368.uvl,Constraints,After reduction,simplified_constraints,constraints_before_after_histogram.pdf,0
dataset_20/uvl/model_20130426_1685243628.uvl,Constraints,After reduction,simplified_constraints,constraints_before_after_histogram.pdf,0
dataset_20/uvl/model_20130508_1842381745.uvl,Constraints,After reduction,simplified_constraints,constraints_before_after_histogram.pdf,1
dataset_20/uvl/model_20130510_203163945.uvl,Constraints,After reduction,simplified_constraints,constraints_before_after_histogram.pdf,5
dataset_20/uvl/model_20130522_1326579656.uvl,Constraints,After reduction,simplified_constraints,constraints_before_after_histogram.pdf,4
dataset_20/uvl/model_20130522_2044729096.uvl,Constraints,After reduction,simplified_constraints,constraints_before_after_histogram.pdf,8
dataset_20/uvl/model_20130529_1162054266.uvl,Constraints,After reduction,simplified_constraints,constraints_before_after_histogram.pdf,1
dataset_20/uvl/model_20130529_1165512118.uvl,Constraints,After reduction,simplified_constraints,constraints_before_after_histogram.pdf,0
dataset_20/uvl/model_20130529_1187431770.uvl,Constraints,After reduction,simplified_constraints,constraints_before_after_histogram.pdf,1
dataset_20/uvl/model_20130529_167247656.uvl,Constraints,After reduction,simplified_constraints,constraints_before_after_histogram.pdf,1
dataset_20/uvl/model_20130529_1911302663.uvl,Constraints,After reduction,simplified_constraints,constraints_before_after_histogram.pdf,1
dataset_20/uvl/model_20130529_2135483929.uvl,Constraints,After reduction,simplified_constraints,constraints_before_after_histogram.pdf,3
dataset_20/uvl/model_20130529_51708559.uvl,Constraints,After reduction,simplified_constraints,constraints_before_after_histogram.pdf,3
dataset_20/uvl/model_20130529_552715089.uvl,Constraints,After reduction,simplified_constraints,constraints_before_after_histogram.pdf,6
dataset_20/uvl/model_20130604_1500555803.uvl,Constraints,After reduction,simplified_constraints,constraints_before_after_histogram.pdf,0
dataset_20/uvl/model_20130619_405989942.uvl,Constraints,After reduction,simplified_constraints,constraints_before_after_histogram.pdf,0
dataset_20/uvl/model_20130621_2143921379.uvl,Constraints,After reduction,simplified_constraints,constraints_before_after_histogram.pdf,13
dataset_20/uvl/model_20130627_888588099.uvl,Constraints,After reduction,simplified_constraints,constraints_before_after_histogram.pdf,2
dataset_20/uvl/model_20130703_1107240012.uvl,Constraints,After reduction,simplified_constraints,constraints_before_after_histogram.pdf,47
dataset_20/uvl/model_20130716_384525556.uvl,Constraints,After reduction,simplified_constraints,constraints_before_after_histogram.pdf,5
dataset_20/uvl/model_20130722_443972122.uvl,Constraints,After reduction,simplified_constraints,constraints_before_after_histogram.pdf,0
dataset_20/uvl/model_20130725_1746580783.uvl,Constraints,After reduction,simplified_constraints,constraints_before_after_histogram.pdf,2
dataset_20/uvl/model_20130725_1929838118.uvl,Constraints,After reduction,simplified_constraints,constraints_before_after_histogram.pdf,41
dataset_20/uvl/model_20130725_608010428.uvl,Constraints,After reduction,simplified_constraints,constraints_before_after_histogram.pdf,0
dataset_20/uvl/model_20130726_597280131.uvl,Constraints,After reduction,simplified_constraints,constraints_before_after_histogram.pdf,38
dataset_20/uvl/model_20130731_2029107317.uvl,Constraints,After reduction,simplified_constraints,constraints_before_after_histogram.pdf,18
dataset_20/uvl/model_20130807_1787614695.uvl,Constraints,After reduction,simplified_constraints,constraints_before_after_histogram.pdf,0
dataset_20/uvl/model_20130808_465499656.uvl,Constraints,After reduction,simplified_constraints,constraints_before_after_histogram.pdf,0
dataset_20/uvl/model_20130809_353548541.uvl,Constraints,After reduction,simplified_constraints,constraints_before_after_histogram.pdf,5
dataset_20/uvl/model_20130811_391981530.uvl,Constraints,After reduction,simplified_constraints,constraints_before_after_histogram.pdf,17
dataset_20/uvl/model_20130812_1882708509.uvl,Constraints,After reduction,simplified_constraints,constraints_before_after_histogram.pdf,16
dataset_20/uvl/model_20130812_690840910.uvl,Constraints,After reduction,simplified_constraints,constraints_before_after_histogram.pdf,8
dataset_20/uvl/model_20130815_1890929461.uvl,Constraints,After reduction,simplified_constraints,constraints_before_after_histogram.pdf,23
dataset_20/uvl/model_20130818_278315719.uvl,Constraints,After reduction,simplified_constraints,constraints_before_after_histogram.pdf,0
dataset_20/uvl/model_20130820_1465112187.uvl,Constraints,After reduction,simplified_constraints,constraints_before_after_histogram.pdf,0
dataset_20/uvl/model_20130821_1446947208.uvl,Constraints,After reduction,simplified_constraints,constraints_before_after_histogram.pdf,0
dataset_20/uvl/model_20130821_361829065.uvl,Constraints,After reduction,simplified_constraints,constraints_before_after_histogram.pdf,0
dataset_20/uvl/model_20130821_470005647.uvl,Constraints,After reduction,simplified_constraints,constraints_before_after_histogram.pdf,0
dataset_20/uvl/model_20130908_1057721135.uvl,Constraints,After reduction,simplified_constraints,constraints_before_after_histogram.pdf,0
dataset_20/uvl/model_20130908_1070185514.uvl,Constraints,After reduction,simplified_constraints,constraints_before_after_histogram.pdf,124
dataset_20/uvl/model_20130908_2094539725.uvl,Constraints,After reduction,simplified_constraints,constraints_before_after_histogram.pdf,4
dataset_20/uvl/model_20130911_2001583567.uvl,Constraints,After reduction,simplified_constraints,constraints_before_after_histogram.pdf,17
dataset_20/uvl/model_20130916_1001858303.uvl,Constraints,After reduction,simplified_constraints,constraints_before_after_histogram.pdf,1
dataset_20/uvl/model_20130916_1112744253.uvl,Constraints,After reduction,simplified_constraints,constraints_before_after_histogram.pdf,1
dataset_20/uvl/model_20130916_1448418245.uvl,Constraints,After reduction,simplified_constraints,constraints_before_after_histogram.pdf,1
dataset_20/uvl/model_20130916_1467348272.uvl,Constraints,After reduction,simplified_constraints,constraints_before_after_histogram.pdf,1
dataset_20/uvl/model_20130916_156611854.uvl,Constraints,After reduction,simplified_constraints,constraints_before_after_histogram.pdf,5
dataset_20/uvl/model_20130916_1649901124.uvl,Constraints,After reduction,simplified_constraints,constraints_before_after_histogram.pdf,0
dataset_20/uvl/model_20130916_1894002979.uvl,Constraints,After reduction,simplified_constraints,constraints_before_after_histogram.pdf,1
dataset_20/uvl/model_20130916_1980915056.uvl,Constraints,After reduction,simplified_constraints,constraints_before_after_histogram.pdf,1
dataset_20/uvl/model_20130916_1983257725.uvl,Constraints,After reduction,simplified_constraints,constraints_before_after_histogram.pdf,0
dataset_20/uvl/model_20130916_2072761889.uvl,Constraints,After reduction,simplified_constraints,constraints_before_after_histogram.pdf,1
dataset_20/uvl/model_20130916_302923469.uvl,Constraints,After reduction,simplified_constraints,constraints_before_after_histogram.pdf,2
dataset_20/uvl/model_20130916_330769314.uvl,Constraints,After reduction,simplified_constraints,constraints_before_after_histogram.pdf,1
dataset_20/uvl/model_20130916_552778902.uvl,Constraints,After reduction,simplified_constraints,constraints_before_after_histogram.pdf,1
dataset_20/uvl/model_20130916_667715515.uvl,Constraints,After reduction,simplified_constraints,constraints_before_after_histogram.pdf,1
dataset_20/uvl/model_20130916_882364260.uvl,Constraints,After reduction,simplified_constraints,constraints_before_after_histogram.pdf,1
dataset_20/uvl/model_20130916_894347834.uvl,Constraints,After reduction,simplified_constraints,constraints_before_after_histogram.pdf,1
dataset_20/uvl/model_20130917_1805517149.uvl,Constraints,After reduction,simplified_constraints,constraints_before_after_histogram.pdf,4
dataset_20/uvl/model_20130917_737900063.uvl,Constraints,After reduction,simplified_constraints,constraints_before_after_histogram.pdf,6
dataset_20/uvl/model_20131016_1224723724.uvl,Constraints,After reduction,simplified_constraints,constraints_before_after_histogram.pdf,1
dataset_20/uvl/model_20131028_1719041666.uvl,Constraints,After reduction,simplified_constraints,constraints_before_after_histogram.pdf,0
dataset_20/uvl/model_20131109_2060894287.uvl,Constraints,After reduction,simplified_constraints,constraints_before_after_histogram.pdf,8
dataset_20/uvl/model_20131111_1434736548.uvl,Constraints,After reduction,simplified_constraints,constraints_before_after_histogram.pdf,9
dataset_20/uvl/model_20131111_1486670620.uvl,Constraints,After reduction,simplified_constraints,constraints_before_after_histogram.pdf,1
dataset_20/uvl/model_20131112_1165253679.uvl,Constraints,After reduction,simplified_constraints,constraints_before_after_histogram.pdf,3
dataset_20/uvl/model_20131112_1191150070.uvl,Constraints,After reduction,simplified_constraints,constraints_before_after_histogram.pdf,3
dataset_20/uvl/model_20131112_1315617761.uvl,Constraints,After reduction,simplified_constraints,constraints_before_after_histogram.pdf,8
dataset_20/uvl/model_20131112_1353790761.uvl,Constraints,After reduction,simplified_constraints,constraints_before_after_histogram.pdf,9
dataset_20/uvl/model_20131112_1399418967.uvl,Constraints,After reduction,simplified_constraints,constraints_before_after_histogram.pdf,12
dataset_20/uvl/model_20131112_1591180910.uvl,Constraints,After reduction,simplified_constraints,constraints_before_after_histogram.pdf,11
dataset_20/uvl/model_20131112_1592384504.uvl,Constraints,After reduction,simplified_constraints,constraints_before_after_histogram.pdf,4
dataset_20/uvl/model_20131112_1617262618.uvl,Constraints,After reduction,simplified_constraints,constraints_before_after_histogram.pdf,0
dataset_20/uvl/model_20131112_1630582425.uvl,Constraints,After reduction,simplified_constraints,constraints_before_after_histogram.pdf,16
dataset_20/uvl/model_20131112_1825068383.uvl,Constraints,After reduction,simplified_constraints,constraints_before_after_histogram.pdf,8
dataset_20/uvl/model_20131112_1840652917.uvl,Constraints,After reduction,simplified_constraints,constraints_before_after_histogram.pdf,0
dataset_20/uvl/model_20131112_1855381012.uvl,Constraints,After reduction,simplified_constraints,constraints_before_after_histogram.pdf,4
dataset_20/uvl/model_20131112_2028027455.uvl,Constraints,After reduction,simplified_constraints,constraints_before_after_histogram.pdf,1
dataset_20/uvl/model_20131112_330151541.uvl,Constraints,After reduction,simplified_constraints,constraints_before_after_histogram.pdf,5
dataset_20/uvl/model_20131112_356575914.uvl,Constraints,After reduction,simplified_constraints,constraints_before_after_histogram.pdf,12
dataset_20/uvl/model_20131112_605989901.uvl,Constraints,After reduction,simplified_constraints,constraints_before_after_histogram.pdf,10
dataset_20/uvl/model_20131112_64627122.uvl,Constraints,After reduction,simplified_constraints,constraints_before_after_histogram.pdf,1
dataset_20/uvl/model_20131112_817529963.uvl,Constraints,After reduction,simplified_constraints,constraints_before_after_histogram.pdf,2
dataset_20/uvl/model_20131112_832913408.uvl,Constraints,After reduction,simplified_constraints,constraints_before_after_histogram.pdf,0
dataset_20/uvl/model_20131112_990013628.uvl,Constraints,After reduction,simplified_constraints,constraints_before_after_histogram.pdf,0
dataset_20/uvl/model_20131113_2067550021.uvl,Constraints,After reduction,simplified_constraints,constraints_before_after_histogram.pdf,8
dataset_20/uvl/model_20131114_87095598.uvl,Constraints,After reduction,simplified_constraints,constraints_before_after_histogram.pdf,13
dataset_20/uvl/model_20131121_194495737.uvl,Constraints,After reduction,simplified_constraints,constraints_before_after_histogram.pdf,7
dataset_20/uvl/model_20131122_1083650489.uvl,Constraints,After reduction,simplified_constraints,constraints_before_after_histogram.pdf,0
dataset_20/uvl/model_20131122_1241273029.uvl,Constraints,After reduction,simplified_constraints,constraints_before_after_histogram.pdf,0
dataset_20/uvl/model_20131122_1558809462.uvl,Constraints,After reduction,simplified_constraints,constraints_before_after_histogram.pdf,1
dataset_20/uvl/model_20131122_1573422851.uvl,Constraints,After reduction,simplified_constraints,constraints_before_after_histogram.pdf,2
dataset_20/uvl/model_20131122_1877947099.uvl,Constraints,After reduction,simplified_constraints,constraints_before_after_histogram.pdf,2
dataset_20/uvl/model_20131122_224574976.uvl,Constraints,After reduction,simplified_constraints,constraints_before_after_histogram.pdf,0
dataset_20/uvl/model_20131122_23346211.uvl,Constraints,After reduction,simplified_constraints,constraints_before_after_histogram.pdf,2
dataset_20/uvl/model_20131122_641443746.uvl,Constraints,After reduction,simplified_constraints,constraints_before_after_histogram.pdf,0
dataset_20/uvl/model_20131122_913576973.uvl,Constraints,After reduction,simplified_constraints,constraints_before_after_histogram.pdf,1
dataset_20/uvl/model_20131124_646639708.uvl,Constraints,After reduction,simplified_constraints,constraints_before_after_histogram.pdf,1
dataset_20/uvl/model_20131125_731391866.uvl,Constraints,After reduction,simplified_constraints,constraints_before_after_histogram.pdf,1
dataset_20/uvl/model_20131128_2046989275.uvl,Constraints,After reduction,simplified_constraints,constraints_before_after_histogram.pdf,0
dataset_20/uvl/model_20131129_1765219729.uvl,Constraints,After reduction,simplified_constraints,constraints_before_after_histogram.pdf,7
dataset_20/uvl/model_20131129_1795005487.uvl,Constraints,After reduction,simplified_constraints,constraints_before_after_histogram.pdf,7
dataset_20/uvl/model_20131129_2135897376.uvl,Constraints,After reduction,simplified_constraints,constraints_before_after_histogram.pdf,7
dataset_20/uvl/model_20131201_820966647.uvl,Constraints,After reduction,simplified_constraints,constraints_before_after_histogram.pdf,1
dataset_20/uvl/model_20131202_1494824194.uvl,Constraints,After reduction,simplified_constraints,constraints_before_after_histogram.pdf,0
dataset_20/uvl/model_20131202_1575628003.uvl,Constraints,After reduction,simplified_constraints,constraints_before_after_histogram.pdf,0
dataset_20/uvl/model_20131202_1775789712.uvl,Constraints,After reduction,simplified_constraints,constraints_before_after_histogram.pdf,4
dataset_20/uvl/model_20131202_533920013.uvl,Constraints,After reduction,simplified_constraints,constraints_before_after_histogram.pdf,0
dataset_20/uvl/model_20131202_715513367.uvl,Constraints,After reduction,simplified_constraints,constraints_before_after_histogram.pdf,0
dataset_20/uvl/model_20131203_151571988.uvl,Constraints,After reduction,simplified_constraints,constraints_before_after_histogram.pdf,8
dataset_20/uvl/model_20131206_656913635.uvl,Constraints,After reduction,simplified_constraints,constraints_before_after_histogram.pdf,2
dataset_20/uvl/model_20131206_684654596.uvl,Constraints,After reduction,simplified_constraints,constraints_before_after_histogram.pdf,7
dataset_20/uvl/model_20131210_413521746.uvl,Constraints,After reduction,simplified_constraints,constraints_before_after_histogram.pdf,7
dataset_20/uvl/model_20131217_806985744.uvl,Constraints,After reduction,simplified_constraints,constraints_before_after_histogram.pdf,7
dataset_20/uvl/model_20140101_941325443.uvl,Constraints,After reduction,simplified_constraints,constraints_before_after_histogram.pdf,0
dataset_20/uvl/model_20140109_637429284.uvl,Constraints,After reduction,simplified_constraints,constraints_before_after_histogram.pdf,5
dataset_20/uvl/model_20140130_912999540.uvl,Constraints,After reduction,simplified_constraints,constraints_before_after_histogram.pdf,2
dataset_20/uvl/model_20140205_954857783.uvl,Constraints,After reduction,simplified_constraints,constraints_before_after_histogram.pdf,7
dataset_20/uvl/model_20140207_1303140975.uvl,Constraints,After reduction,simplified_constraints,constraints_before_after_histogram.pdf,0
dataset_20/uvl/model_20140209_1382642350.uvl,Constraints,After reduction,simplified_constraints,constraints_before_after_histogram.pdf,53
dataset_20/uvl/model_20140209_1802656178.uvl,Constraints,After reduction,simplified_constraints,constraints_before_after_histogram.pdf,18
dataset_20/uvl/model_20140209_34267674.uvl,Constraints,After reduction,simplified_constraints,constraints_before_after_histogram.pdf,35
dataset_20/uvl/model_20140209_576830157.uvl,Constraints,After reduction,simplified_constraints,constraints_before_after_histogram.pdf,14
dataset_20/uvl/model_20140209_738203734.uvl,Constraints,After reduction,simplified_constraints,constraints_before_after_histogram.pdf,25
dataset_20/uvl/model_20140223_789634838.uvl,Constraints,After reduction,simplified_constraints,constraints_before_after_histogram.pdf,7
dataset_20/uvl/model_20140225_1829795152.uvl,Constraints,After reduction,simplified_constraints,constraints_before_after_histogram.pdf,6
dataset_20/uvl/model_20140227_386614568.uvl,Constraints,After reduction,simplified_constraints,constraints_before_after_histogram.pdf,46
dataset_20/uvl/model_20140227_661956564.uvl,Constraints,After reduction,simplified_constraints,constraints_before_after_histogram.pdf,18
dataset_20/uvl/model_20140301_728202228.uvl,Constraints,After reduction,simplified_constraints,constraints_before_after_histogram.pdf,12
dataset_20/uvl/model_20140303_1487935744.uvl,Constraints,After reduction,simplified_constraints,constraints_before_after_histogram.pdf,0
dataset_20/uvl/model_20140305_1485634182.uvl,Constraints,After reduction,simplified_constraints,constraints_before_after_histogram.pdf,8
dataset_20/uvl/model_20140305_1745306436.uvl,Constraints,After reduction,simplified_constraints,constraints_before_after_histogram.pdf,20
dataset_20/uvl/model_20140305_850513381.uvl,Constraints,After reduction,simplified_constraints,constraints_before_after_histogram.pdf,21
dataset_20/uvl/model_20140306_1313194877.uvl,Constraints,After reduction,simplified_constraints,constraints_before_after_histogram.pdf,1
dataset_20/uvl/model_20140306_1607259562.uvl,Constraints,After reduction,simplified_constraints,constraints_before_after_histogram.pdf,7
dataset_20/uvl/model_20140306_1994550432.uvl,Constraints,After reduction,simplified_constraints,constraints_before_after_histogram.pdf,5
dataset_20/uvl/model_20140310_1022041880.uvl,Constraints,After reduction,simplified_constraints,constraints_before_after_histogram.pdf,15
dataset_20/uvl/model_20140310_1916029542.uvl,Constraints,After reduction,simplified_constraints,constraints_before_after_histogram.pdf,144
dataset_20/uvl/model_20140319_1506613330.uvl,Constraints,After reduction,simplified_constraints,constraints_before_after_histogram.pdf,5
dataset_20/uvl/model_20140320_391816142.uvl,Constraints,After reduction,simplified_constraints,constraints_before_after_histogram.pdf,0
dataset_20/uvl/model_20140321_1655023261.uvl,Constraints,After reduction,simplified_constraints,constraints_before_after_histogram.pdf,0
dataset_20/uvl/model_20140322_1340045027.uvl,Constraints,After reduction,simplified_constraints,constraints_before_after_histogram.pdf,0
dataset_20/uvl/model_20140324_1142291623.uvl,Constraints,After reduction,simplified_constraints,constraints_before_after_histogram.pdf,1
dataset_20/uvl/model_20140326_1693773444.uvl,Constraints,After reduction,simplified_constraints,constraints_before_after_histogram.pdf,9
dataset_20/uvl/model_20140326_183546394.uvl,Constraints,After reduction,simplified_constraints,constraints_before_after_histogram.pdf,0
dataset_20/uvl/model_20140326_801743865.uvl,Constraints,After reduction,simplified_constraints,constraints_before_after_histogram.pdf,7
dataset_20/uvl/model_20140328_1965511118.uvl,Constraints,After reduction,simplified_constraints,constraints_before_after_histogram.pdf,0
dataset_20/uvl/model_20140401_1527258088.uvl,Constraints,After reduction,simplified_constraints,constraints_before_after_histogram.pdf,8
dataset_20/uvl/model_20140402_1108338221.uvl,Constraints,After reduction,simplified_constraints,constraints_before_after_histogram.pdf,0
dataset_20/uvl/model_20140403_1254324003.uvl,Constraints,After reduction,simplified_constraints,constraints_before_after_histogram.pdf,0
dataset_20/uvl/model_20140403_1425048263.uvl,Constraints,After reduction,simplified_constraints,constraints_before_after_histogram.pdf,2
dataset_20/uvl/model_20140403_1688136935.uvl,Constraints,After reduction,simplified_constraints,constraints_before_after_histogram.pdf,3
dataset_20/uvl/model_20140408_1553357169.uvl,Constraints,After reduction,simplified_constraints,constraints_before_after_histogram.pdf,8
dataset_20/uvl/model_20140409_1370428339.uvl,Constraints,After reduction,simplified_constraints,constraints_before_after_histogram.pdf,12
dataset_20/uvl/model_20140410_1285833987.uvl,Constraints,After reduction,simplified_constraints,constraints_before_after_histogram.pdf,10
dataset_20/uvl/model_20140410_1905141388.uvl,Constraints,After reduction,simplified_constraints,constraints_before_after_histogram.pdf,3
dataset_20/uvl/model_20140410_454790336.uvl,Constraints,After reduction,simplified_constraints,constraints_before_after_histogram.pdf,7
dataset_20/uvl/model_20140411_114609198.uvl,Constraints,After reduction,simplified_constraints,constraints_before_after_histogram.pdf,7
dataset_20/uvl/model_20140411_1148485857.uvl,Constraints,After reduction,simplified_constraints,constraints_before_after_histogram.pdf,12
dataset_20/uvl/model_20140411_1742095150.uvl,Constraints,After reduction,simplified_constraints,constraints_before_after_histogram.pdf,12
dataset_20/uvl/model_20140411_279155356.uvl,Constraints,After reduction,simplified_constraints,constraints_before_after_histogram.pdf,1
dataset_20/uvl/model_20140420_1899694432.uvl,Constraints,After reduction,simplified_constraints,constraints_before_after_histogram.pdf,10
dataset_20/uvl/model_20140421_782765396.uvl,Constraints,After reduction,simplified_constraints,constraints_before_after_histogram.pdf,0
dataset_20/uvl/model_20140422_1825362104.uvl,Constraints,After reduction,simplified_constraints,constraints_before_after_histogram.pdf,0
dataset_20/uvl/model_20140422_2137156564.uvl,Constraints,After reduction,simplified_constraints,constraints_before_after_histogram.pdf,11
dataset_20/uvl/model_20140423_1716161596.uvl,Constraints,After reduction,simplified_constraints,constraints_before_after_histogram.pdf,16
dataset_20/uvl/model_20140423_1890396897.uvl,Constraints,After reduction,simplified_constraints,constraints_before_after_histogram.pdf,11
dataset_20/uvl/model_20140423_277886534.uvl,Constraints,After reduction,simplified_constraints,constraints_before_after_histogram.pdf,7
dataset_20/uvl/model_20140423_813378270.uvl,Constraints,After reduction,simplified_constraints,constraints_before_after_histogram.pdf,14
dataset_20/uvl/model_20140423_969548559.uvl,Constraints,After reduction,simplified_constraints,constraints_before_after_histogram.pdf,4
dataset_20/uvl/model_20140424_1672030888.uvl,Constraints,After reduction,simplified_constraints,constraints_before_after_histogram.pdf,3
dataset_20/uvl/model_20140425_366530615.uvl,Constraints,After reduction,simplified_constraints,constraints_before_after_histogram.pdf,5
dataset_20/uvl/model_20140427_1594857347.uvl,Constraints,After reduction,simplified_constraints,constraints_before_after_histogram.pdf,0
dataset_20/uvl/model_20140428_1043688075.uvl,Constraints,After reduction,simplified_constraints,constraints_before_after_histogram.pdf,6
dataset_20/uvl/model_20140428_1127346099.uvl,Constraints,After reduction,simplified_constraints,constraints_before_after_histogram.pdf,5
dataset_20/uvl/model_20140428_1301432646.uvl,Constraints,After reduction,simplified_constraints,constraints_before_after_histogram.pdf,5
dataset_20/uvl/model_20140428_1917957920.uvl,Constraints,After reduction,simplified_constraints,constraints_before_after_histogram.pdf,4
dataset_20/uvl/model_20140430_1345238885.uvl,Constraints,After reduction,simplified_constraints,constraints_before_after_histogram.pdf,2
dataset_20/uvl/model_20140430_1532303117.uvl,Constraints,After reduction,simplified_constraints,constraints_before_after_histogram.pdf,12
dataset_20/uvl/model_20140503_110898123.uvl,Constraints,After reduction,simplified_constraints,constraints_before_after_histogram.pdf,7
dataset_20/uvl/model_20140503_2024413965.uvl,Constraints,After reduction,simplified_constraints,constraints_before_after_histogram.pdf,1
dataset_20/uvl/model_20140508_530056624.uvl,Constraints,After reduction,simplified_constraints,constraints_before_after_histogram.pdf,13
dataset_20/uvl/model_20140508_536536644.uvl,Constraints,After reduction,simplified_constraints,constraints_before_after_histogram.pdf,16
dataset_20/uvl/model_20140509_978687642.uvl,Constraints,After reduction,simplified_constraints,constraints_before_after_histogram.pdf,0
dataset_20/uvl/model_20140511_603377022.uvl,Constraints,After reduction,simplified_constraints,constraints_before_after_histogram.pdf,0
dataset_20/uvl/model_20140514_1151327844.uvl,Constraints,After reduction,simplified_constraints,constraints_before_after_histogram.pdf,17
dataset_20/uvl/model_20140524_520707568.uvl,Constraints,After reduction,simplified_constraints,constraints_before_after_histogram.pdf,0
dataset_20/uvl/model_20140530_1262796172.uvl,Constraints,After reduction,simplified_constraints,constraints_before_after_histogram.pdf,0
dataset_20/uvl/model_20140604_731553244.uvl,Constraints,After reduction,simplified_constraints,constraints_before_after_histogram.pdf,3
dataset_20/uvl/model_20140605_572628146.uvl,Constraints,After reduction,simplified_constraints,constraints_before_after_histogram.pdf,0
dataset_20/uvl/model_20140613_1129301242.uvl,Constraints,After reduction,simplified_constraints,constraints_before_after_histogram.pdf,1
dataset_20/uvl/model_20140613_2054294739.uvl,Constraints,After reduction,simplified_constraints,constraints_before_after_histogram.pdf,3
dataset_20/uvl/model_20140614_1407759983.uvl,Constraints,After reduction,simplified_constraints,constraints_before_after_histogram.pdf,3
dataset_20/uvl/model_20140614_1599125118.uvl,Constraints,After reduction,simplified_constraints,constraints_before_after_histogram.pdf,0
dataset_20/uvl/model_20140614_1989695192.uvl,Constraints,After reduction,simplified_constraints,constraints_before_after_histogram.pdf,13
dataset_20/uvl/model_20140614_2029282468.uvl,Constraints,After reduction,simplified_constraints,constraints_before_after_histogram.pdf,2
dataset_20/uvl/model_20140614_436006902.uvl,Constraints,After reduction,simplified_constraints,constraints_before_after_histogram.pdf,18
dataset_20/uvl/model_20140614_81946339.uvl,Constraints,After reduction,simplified_constraints,constraints_before_after_histogram.pdf,2
dataset_20/uvl/model_20140615_1417385367.uvl,Constraints,After reduction,simplified_constraints,constraints_before_after_histogram.pdf,1
dataset_20/uvl/model_20140615_1477062295.uvl,Constraints,After reduction,simplified_constraints,constraints_before_after_histogram.pdf,10
dataset_20/uvl/model_20140615_1755551630.uvl,Constraints,After reduction,simplified_constraints,constraints_before_after_histogram.pdf,1
dataset_20/uvl/model_20140628_1177734570.uvl,Constraints,After reduction,simplified_constraints,constraints_before_after_histogram.pdf,16
dataset_20/uvl/model_20140629_1128400878.uvl,Constraints,After reduction,simplified_constraints,constraints_before_after_histogram.pdf,15
dataset_20/uvl/model_20140630_1564361664.uvl,Constraints,After reduction,simplified_constraints,constraints_before_after_histogram.pdf,0
dataset_20/uvl/model_20140710_2059561340.uvl,Constraints,After reduction,simplified_constraints,constraints_before_after_histogram.pdf,10
dataset_20/uvl/model_20140728_1532422166.uvl,Constraints,After reduction,simplified_constraints,constraints_before_after_histogram.pdf,44
dataset_20/uvl/model_20140801_240918546.uvl,Constraints,After reduction,simplified_constraints,constraints_before_after_histogram.pdf,29
dataset_20/uvl/model_20140819_1020837515.uvl,Constraints,After reduction,simplified_constraints,constraints_before_after_histogram.pdf,3
dataset_20/uvl/model_20140819_1738890661.uvl,Constraints,After reduction,simplified_constraints,constraints_before_after_histogram.pdf,0
dataset_20/uvl/model_20140819_2062208658.uvl,Constraints,After reduction,simplified_constraints,constraints_before_after_histogram.pdf,0
dataset_20/uvl/model_20140819_424669215.uvl,Constraints,After reduction,simplified_constraints,constraints_before_after_histogram.pdf,0
dataset_20/uvl/model_20140819_535519547.uvl,Constraints,After reduction,simplified_constraints,constraints_before_after_histogram.pdf,0
dataset_20/uvl/model_20140819_709073537.uvl,Constraints,After reduction,simplified_constraints,constraints_before_after_histogram.pdf,0
dataset_20/uvl/model_20140819_914542251.uvl,Constraints,After reduction,simplified_constraints,constraints_before_after_histogram.pdf,5
dataset_20/uvl/model_20140819_940483638.uvl,Constraints,After reduction,simplified_constraints,constraints_before_after_histogram.pdf,1
dataset_20/uvl/model_20140820_1349433690.uvl,Constraints,After reduction,simplified_constraints,constraints_before_after_histogram.pdf,0
dataset_20/uvl/model_20140823_1972464026.uvl,Constraints,After reduction,simplified_constraints,constraints_before_after_histogram.pdf,0
dataset_20/uvl/model_20140824_1421620261.uvl,Constraints,After reduction,simplified_constraints,constraints_before_after_histogram.pdf,13
dataset_20/uvl/model_20140824_1698583194.uvl,Constraints,After reduction,simplified_constraints,constraints_before_after_histogram.pdf,0
dataset_20/uvl/model_20140824_2115796112.uvl,Constraints,After reduction,simplified_constraints,constraints_before_after_histogram.pdf,3
dataset_20/uvl/model_20140824_525404983.uvl,Constraints,After reduction,simplified_constraints,constraints_before_after_histogram.pdf,0
dataset_20/uvl/model_20140825_2017008690.uvl,Constraints,After reduction,simplified_constraints,constraints_before_after_histogram.pdf,3
dataset_20/uvl/model_20140826_2051139991.uvl,Constraints,After reduction,simplified_constraints,constraints_before_after_histogram.pdf,0
dataset_20/uvl/model_20140902_941000321.uvl,Constraints,After reduction,simplified_constraints,constraints_before_after_histogram.pdf,1
dataset_20/uvl/model_20140905_2124104947.uvl,Constraints,After reduction,simplified_constraints,constraints_before_after_histogram.pdf,1
dataset_20/uvl/model_20140905_372428255.uvl,Constraints,After reduction,simplified_constraints,constraints_before_after_histogram.pdf,7
dataset_20/uvl/model_20140914_1816201365.uvl,Constraints,After reduction,simplified_constraints,constraints_before_after_histogram.pdf,3
dataset_20/uvl/model_20140914_775838300.uvl,Constraints,After reduction,simplified_constraints,constraints_before_after_histogram.pdf,0
dataset_20/uvl/model_20140917_195564800.uvl,Constraints,After reduction,simplified_constraints,constraints_before_after_histogram.pdf,0
dataset_20/uvl/model_20140925_285704903.uvl,Constraints,After reduction,simplified_constraints,constraints_before_after_histogram.pdf,6
dataset_20/uvl/model_20141006_1946000492.uvl,Constraints,After reduction,simplified_constraints,constraints_before_after_histogram.pdf,6
dataset_20/uvl/model_20141017_1234330746.uvl,Constraints,After reduction,simplified_constraints,constraints_before_after_histogram.pdf,16
dataset_20/uvl/model_20141018_2078980023.uvl,Constraints,After reduction,simplified_constraints,constraints_before_after_histogram.pdf,60
dataset_20/uvl/model_20141018_811394530.uvl,Constraints,After reduction,simplified_constraints,constraints_before_after_histogram.pdf,14
dataset_20/uvl/model_20141021_386995832.uvl,Constraints,After reduction,simplified_constraints,constraints_before_after_histogram.pdf,1
dataset_20/uvl/model_20141023_1082000051.uvl,Constraints,After reduction,simplified_constraints,constraints_before_after_histogram.pdf,5
dataset_20/uvl/model_20141023_1600573567.uvl,Constraints,After reduction,simplified_constraints,constraints_before_after_histogram.pdf,1
dataset_20/uvl/model_20141023_437365215.uvl,Constraints,After reduction,simplified_constraints,constraints_before_after_histogram.pdf,9
dataset_20/uvl/model_20141029_1107505375.uvl,Constraints,After reduction,simplified_constraints,constraints_before_after_histogram.pdf,0
dataset_20/uvl/model_20141029_1924517902.uvl,Constraints,After reduction,simplified_constraints,constraints_before_after_histogram.pdf,1
dataset_20/uvl/model_20141030_1194865372.uvl,Constraints,After reduction,simplified_constraints,constraints_before_after_histogram.pdf,5
dataset_20/uvl/model_20141030_1477913256.uvl,Constraints,After reduction,simplified_constraints,constraints_before_after_histogram.pdf,0
dataset_20/uvl/model_20141102_1778359466.uvl,Constraints,After reduction,simplified_constraints,constraints_before_after_histogram.pdf,1
dataset_20/uvl/model_20141103_285596543.uvl,Constraints,After reduction,simplified_constraints,constraints_before_after_histogram.pdf,4
dataset_20/uvl/model_20141103_771283347.uvl,Constraints,After reduction,simplified_constraints,constraints_before_after_histogram.pdf,8
dataset_20/uvl/model_20141104_1527188029.uvl,Constraints,After reduction,simplified_constraints,constraints_before_after_histogram.pdf,0
dataset_20/uvl/model_20141106_1014782772.uvl,Constraints,After reduction,simplified_constraints,constraints_before_after_histogram.pdf,2
dataset_20/uvl/model_20141106_309720283.uvl,Constraints,After reduction,simplified_constraints,constraints_before_after_histogram.pdf,3
dataset_20/uvl/model_20141106_687094706.uvl,Constraints,After reduction,simplified_constraints,constraints_before_after_histogram.pdf,3
dataset_20/uvl/model_20141107_377655341.uvl,Constraints,After reduction,simplified_constraints,constraints_before_after_histogram.pdf,2
dataset_20/uvl/model_20141107_655975442.uvl,Constraints,After reduction,simplified_constraints,constraints_before_after_histogram.pdf,6
dataset_20/uvl/model_20141108_202761108.uvl,Constraints,After reduction,simplified_constraints,constraints_before_after_histogram.pdf,5
dataset_20/uvl/model_20141108_701198022.uvl,Constraints,After reduction,simplified_constraints,constraints_before_after_histogram.pdf,0
dataset_20/uvl/model_20141109_1274255950.uvl,Constraints,After reduction,simplified_constraints,constraints_before_after_histogram.pdf,2
dataset_20/uvl/model_20141111_2120296387.uvl,Constraints,After reduction,simplified_constraints,constraints_before_after_histogram.pdf,15
dataset_20/uvl/model_20141113_1414990983.uvl,Constraints,After reduction,simplified_constraints,constraints_before_after_histogram.pdf,2
dataset_20/uvl/model_20141113_346832425.uvl,Constraints,After reduction,simplified_constraints,constraints_before_after_histogram.pdf,13
dataset_20/uvl/model_20141114_653359930.uvl,Constraints,After reduction,simplified_constraints,constraints_before_after_histogram.pdf,11
dataset_20/uvl/model_20141116_913921823.uvl,Constraints,After reduction,simplified_constraints,constraints_before_after_histogram.pdf,11
dataset_20/uvl/model_20141119_1459706454.uvl,Constraints,After reduction,simplified_constraints,constraints_before_after_histogram.pdf,0
dataset_20/uvl/model_20141119_1676144838.uvl,Constraints,After reduction,simplified_constraints,constraints_before_after_histogram.pdf,0
dataset_20/uvl/model_20141129_1031364.uvl,Constraints,After reduction,simplified_constraints,constraints_before_after_histogram.pdf,5
dataset_20/uvl/model_20141129_1141626102.uvl,Constraints,After reduction,simplified_constraints,constraints_before_after_histogram.pdf,3
dataset_20/uvl/model_20141129_1168519534.uvl,Constraints,After reduction,simplified_constraints,constraints_before_after_histogram.pdf,8
dataset_20/uvl/model_20141129_1642511009.uvl,Constraints,After reduction,simplified_constraints,constraints_before_after_histogram.pdf,43
dataset_20/uvl/model_20141129_2117240468.uvl,Constraints,After reduction,simplified_constraints,constraints_before_after_histogram.pdf,5
dataset_20/uvl/model_20141129_264528063.uvl,Constraints,After reduction,simplified_constraints,constraints_before_after_histogram.pdf,4
dataset_20/uvl/model_20141129_6569546.uvl,Constraints,After reduction,simplified_constraints,constraints_before_after_histogram.pdf,13
dataset_20/uvl/model_20141129_966803644.uvl,Constraints,After reduction,simplified_constraints,constraints_before_after_histogram.pdf,0
dataset_20/uvl/model_20141202_104116345.uvl,Constraints,After reduction,simplified_constraints,constraints_before_after_histogram.pdf,7
dataset_20/uvl/model_20141202_107430422.uvl,Constraints,After reduction,simplified_constraints,constraints_before_after_histogram.pdf,5
dataset_20/uvl/model_20141205_2005181775.uvl,Constraints,After reduction,simplified_constraints,constraints_before_after_histogram.pdf,15
dataset_20/uvl/model_20141212_523199394.uvl,Constraints,After reduction,simplified_constraints,constraints_before_after_histogram.pdf,6
dataset_20/uvl/model_20150105_1168070568.uvl,Constraints,After reduction,simplified_constraints,constraints_before_after_histogram.pdf,0
dataset_20/uvl/model_20150109_425963323.uvl,Constraints,After reduction,simplified_constraints,constraints_before_after_histogram.pdf,15
dataset_20/uvl/model_20150114_50814742.uvl,Constraints,After reduction,simplified_constraints,constraints_before_after_histogram.pdf,29
dataset_20/uvl/model_20150120_214372699.uvl,Constraints,After reduction,simplified_constraints,constraints_before_after_histogram.pdf,1
dataset_20/uvl/model_20150208_1225865238.uvl,Constraints,After reduction,simplified_constraints,constraints_before_after_histogram.pdf,58
dataset_20/uvl/model_20150208_2120373387.uvl,Constraints,After reduction,simplified_constraints,constraints_before_after_histogram.pdf,23
dataset_20/uvl/model_20150209_1183047948.uvl,Constraints,After reduction,simplified_constraints,constraints_before_after_histogram.pdf,45
dataset_20/uvl/model_20150212_1516383976.uvl,Constraints,After reduction,simplified_constraints,constraints_before_after_histogram.pdf,9
dataset_20/uvl/model_20150222_2069201003.uvl,Constraints,After reduction,simplified_constraints,constraints_before_after_histogram.pdf,2
dataset_20/uvl/model_20150222_409043024.uvl,Constraints,After reduction,simplified_constraints,constraints_before_after_histogram.pdf,29
dataset_20/uvl/model_20150223_339293957.uvl,Constraints,After reduction,simplified_constraints,constraints_before_after_histogram.pdf,12
dataset_20/uvl/model_20150223_771673981.uvl,Constraints,After reduction,simplified_constraints,constraints_before_after_histogram.pdf,12
dataset_20/uvl/model_20150226_64791123.uvl,Constraints,After reduction,simplified_constraints,constraints_before_after_histogram.pdf,2
dataset_20/uvl/model_20150228_222823272.uvl,Constraints,After reduction,simplified_constraints,constraints_before_after_histogram.pdf,13
dataset_20/uvl/model_20150228_41303449.uvl,Constraints,After reduction,simplified_constraints,constraints_before_after_histogram.pdf,2
dataset_20/uvl/model_20150301_1821356180.uvl,Constraints,After reduction,simplified_constraints,constraints_before_after_histogram.pdf,7
dataset_20/uvl/model_20150301_300492477.uvl,Constraints,After reduction,simplified_constraints,constraints_before_after_histogram.pdf,6
dataset_20/uvl/model_20150301_527193150.uvl,Constraints,After reduction,simplified_constraints,constraints_before_after_histogram.pdf,0
dataset_20/uvl/model_20150302_1660900120.uvl,Constraints,After reduction,simplified_constraints,constraints_before_after_histogram.pdf,4
dataset_20/uvl/model_20150304_173081072.uvl,Constraints,After reduction,simplified_constraints,constraints_before_after_histogram.pdf,7
dataset_20/uvl/model_20150304_617127008.uvl,Constraints,After reduction,simplified_constraints,constraints_before_after_histogram.pdf,25
dataset_20/uvl/model_20150305_15208156.uvl,Constraints,After reduction,simplified_constraints,constraints_before_after_histogram.pdf,4
dataset_20/uvl/model_20150305_837831991.uvl,Constraints,After reduction,simplified_constraints,constraints_before_after_histogram.pdf,14
dataset_20/uvl/model_20150305_94122420.uvl,Constraints,After reduction,simplified_constraints,constraints_before_after_histogram.pdf,4
dataset_20/uvl/model_20150306_503606823.uvl,Constraints,After reduction,simplified_constraints,constraints_before_after_histogram.pdf,0
dataset_20/uvl/model_20150307_1251635490.uvl,Constraints,After reduction,simplified_constraints,constraints_before_after_histogram.pdf,2
dataset_20/uvl/model_20150309_1129343473.uvl,Constraints,After reduction,simplified_constraints,constraints_before_after_histogram.pdf,7
dataset_20/uvl/model_20150309_1544990511.uvl,Constraints,After reduction,simplified_constraints,constraints_before_after_histogram.pdf,0
dataset_20/uvl/model_20150309_670536624.uvl,Constraints,After reduction,simplified_constraints,constraints_before_after_histogram.pdf,12
dataset_20/uvl/model_20150310_1159520762.uvl,Constraints,After reduction,simplified_constraints,constraints_before_after_histogram.pdf,11
dataset_20/uvl/model_20150310_1191030699.uvl,Constraints,After reduction,simplified_constraints,constraints_before_after_histogram.pdf,5
dataset_20/uvl/model_20150310_1642957582.uvl,Constraints,After reduction,simplified_constraints,constraints_before_after_histogram.pdf,7
dataset_20/uvl/model_20150310_563618715.uvl,Constraints,After reduction,simplified_constraints,constraints_before_after_histogram.pdf,7
dataset_20/uvl/model_20150320_593593000.uvl,Constraints,After reduction,simplified_constraints,constraints_before_after_histogram.pdf,2
dataset_20/uvl/model_20150330_63301402.uvl,Constraints,After reduction,simplified_constraints,constraints_before_after_histogram.pdf,5
dataset_20/uvl/model_20150411_1026005127.uvl,Constraints,After reduction,simplified_constraints,constraints_before_after_histogram.pdf,2
dataset_20/uvl/model_20150411_1055039600.uvl,Constraints,After reduction,simplified_constraints,constraints_before_after_histogram.pdf,20
dataset_20/uvl/model_20150411_1378086632.uvl,Constraints,After reduction,simplified_constraints,constraints_before_after_histogram.pdf,9
dataset_20/uvl/model_20150414_2125272166.uvl,Constraints,After reduction,simplified_constraints,constraints_before_after_histogram.pdf,11
dataset_20/uvl/model_20150416_264061404.uvl,Constraints,After reduction,simplified_constraints,constraints_before_after_histogram.pdf,14
dataset_20/uvl/model_20150419_1225785874.uvl,Constraints,After reduction,simplified_constraints,constraints_before_after_histogram.pdf,0
dataset_20/uvl/model_20150423_1415525319.uvl,Constraints,After reduction,simplified_constraints,constraints_before_after_histogram.pdf,8
dataset_20/uvl/model_20150423_1422172417.uvl,Constraints,After reduction,simplified_constraints,constraints_before_after_histogram.pdf,0
dataset_20/uvl/model_20150425_1862491910.uvl,Constraints,After reduction,simplified_constraints,constraints_before_after_histogram.pdf,17
dataset_20/uvl/model_20150427_2103265175.uvl,Constraints,After reduction,simplified_constraints,constraints_before_after_histogram.pdf,8
dataset_20/uvl/model_20150428_2048110240.uvl,Constraints,After reduction,simplified_constraints,constraints_before_after_histogram.pdf,3
dataset_20/uvl/model_20150429_343028682.uvl,Constraints,After reduction,simplified_constraints,constraints_before_after_histogram.pdf,14
dataset_20/uvl/model_20150505_1728564449.uvl,Constraints,After reduction,simplified_constraints,constraints_before_after_histogram.pdf,0
dataset_20/uvl/model_20150506_2068045691.uvl,Constraints,After reduction,simplified_constraints,constraints_before_after_histogram.pdf,0
dataset_20/uvl/model_20150506_306101537.uvl,Constraints,After reduction,simplified_constraints,constraints_before_after_histogram.pdf,0
dataset_20/uvl/model_20150507_1665248699.uvl,Constraints,After reduction,simplified_constraints,constraints_before_after_histogram.pdf,2
dataset_20/uvl/model_20150507_425070085.uvl,Constraints,After reduction,simplified_constraints,constraints_before_after_histogram.pdf,1
dataset_20/uvl/model_20150509_1341412445.uvl,Constraints,After reduction,simplified_constraints,constraints_before_after_histogram.pdf,6
dataset_20/uvl/model_20150512_534005467.uvl,Constraints,After reduction,simplified_constraints,constraints_before_after_histogram.pdf,8
dataset_20/uvl/model_20150515_2045521211.uvl,Constraints,After reduction,simplified_constraints,constraints_before_after_histogram.pdf,4
dataset_20/uvl/model_20150521_1423870525.uvl,Constraints,After reduction,simplified_constraints,constraints_before_after_histogram.pdf,5
dataset_20/uvl/model_20150521_1988107963.uvl,Constraints,After reduction,simplified_constraints,constraints_before_after_histogram.pdf,4
dataset_20/uvl/model_20150523_1701783178.uvl,Constraints,After reduction,simplified_constraints,constraints_before_after_histogram.pdf,1
dataset_20/uvl/model_20150523_372542452.uvl,Constraints,After reduction,simplified_constraints,constraints_before_after_histogram.pdf,52
dataset_20/uvl/model_20150527_1979644627.uvl,Constraints,After reduction,simplified_constraints,constraints_before_after_histogram.pdf,21
dataset_20/uvl/model_20150527_2051574410.uvl,Constraints,After reduction,simplified_constraints,constraints_before_after_histogram.pdf,1
dataset_20/uvl/model_20150527_830434674.uvl,Constraints,After reduction,simplified_constraints,constraints_before_after_histogram.pdf,0
dataset_20/uvl/model_20150529_550903687.uvl,Constraints,After reduction,simplified_constraints,constraints_before_after_histogram.pdf,3
dataset_20/uvl/model_20150610_685576256.uvl,Constraints,After reduction,simplified_constraints,constraints_before_after_histogram.pdf,4
dataset_20/uvl/model_20150611_1748318240.uvl,Constraints,After reduction,simplified_constraints,constraints_before_after_histogram.pdf,1
dataset_20/uvl/model_20150611_578706116.uvl,Constraints,After reduction,simplified_constraints,constraints_before_after_histogram.pdf,2
dataset_20/uvl/model_20150612_1719519345.uvl,Constraints,After reduction,simplified_constraints,constraints_before_after_histogram.pdf,0
dataset_20/uvl/model_20150614_1325491211.uvl,Constraints,After reduction,simplified_constraints,constraints_before_after_histogram.pdf,4
dataset_20/uvl/model_20150616_1287606127.uvl,Constraints,After reduction,simplified_constraints,constraints_before_after_histogram.pdf,1
dataset_20/uvl/model_20150616_314969910.uvl,Constraints,After reduction,simplified_constraints,constraints_before_after_histogram.pdf,4
dataset_20/uvl/model_20150616_74187279.uvl,Constraints,After reduction,simplified_constraints,constraints_before_after_histogram.pdf,4
dataset_20/uvl/model_20150620_2057636397.uvl,Constraints,After reduction,simplified_constraints,constraints_before_after_histogram.pdf,0
dataset_20/uvl/model_20150621_1174641946.uvl,Constraints,After reduction,simplified_constraints,constraints_before_after_histogram.pdf,11
dataset_20/uvl/model_20150621_2090653675.uvl,Constraints,After reduction,simplified_constraints,constraints_before_after_histogram.pdf,0
dataset_20/uvl/model_20150624_1191374126.uvl,Constraints,After reduction,simplified_constraints,constraints_before_after_histogram.pdf,1
dataset_20/uvl/model_20150625_1923523971.uvl,Constraints,After reduction,simplified_constraints,constraints_before_after_histogram.pdf,9
dataset_20/uvl/model_20150701_451946642.uvl,Constraints,After reduction,simplified_constraints,constraints_before_after_histogram.pdf,4
dataset_20/uvl/model_20150703_1928436983.uvl,Constraints,After reduction,simplified_constraints,constraints_before_after_histogram.pdf,0
dataset_20/uvl/model_20150713_1448325014.uvl,Constraints,After reduction,simplified_constraints,constraints_before_after_histogram.pdf,16
dataset_20/uvl/model_20150715_1425609053.uvl,Constraints,After reduction,simplified_constraints,constraints_before_after_histogram.pdf,0
dataset_20/uvl/model_20150715_75174593.uvl,Constraints,After reduction,simplified_constraints,constraints_before_after_histogram.pdf,6
dataset_20/uvl/model_20150720_1580995178.uvl,Constraints,After reduction,simplified_constraints,constraints_before_after_histogram.pdf,4
dataset_20/uvl/model_20151102_2085331426.uvl,Constraints,After reduction,simplified_constraints,constraints_before_after_histogram.pdf,25
dataset_20/uvl/model_20151103_1678219280.uvl,Constraints,After reduction,simplified_constraints,constraints_before_after_histogram.pdf,1
dataset_20/uvl/model_20151106_857588743.uvl,Constraints,After reduction,simplified_constraints,constraints_before_after_histogram.pdf,8
dataset_20/uvl/model_20151111_460133826.uvl,Constraints,After reduction,simplified_constraints,constraints_before_after_histogram.pdf,4
dataset_20/uvl/model_20151116_762410606.uvl,Constraints,After reduction,simplified_constraints,constraints_before_after_histogram.pdf,1
dataset_20/uvl/model_20151117_1411945431.uvl,Constraints,After reduction,simplified_constraints,constraints_before_after_histogram.pdf,0
dataset_20/uvl/model_20151119_424700280.uvl,Constraints,After reduction,simplified_constraints,constraints_before_after_histogram.pdf,2
dataset_20/uvl/model_20151119_825568988.uvl,Constraints,After reduction,simplified_constraints,constraints_before_after_histogram.pdf,0
dataset_20/uvl/model_20151122_103763227.uvl,Constraints,After reduction,simplified_constraints,constraints_before_after_histogram.pdf,741
dataset_20/uvl/model_20151124_1131991591.uvl,Constraints,After reduction,simplified_constraints,constraints_before_after_histogram.pdf,0
dataset_20/uvl/model_20151127_885194761.uvl,Constraints,After reduction,simplified_constraints,constraints_before_after_histogram.pdf,9
dataset_20/uvl/model_20151201_896154285.uvl,Constraints,After reduction,simplified_constraints,constraints_before_after_histogram.pdf,2
dataset_20/uvl/model_20151202_1529785580.uvl,Constraints,After reduction,simplified_constraints,constraints_before_after_histogram.pdf,9
dataset_20/uvl/model_20151216_1220822165.uvl,Constraints,After reduction,simplified_constraints,constraints_before_after_histogram.pdf,1
dataset_20/uvl/model_20160103_2012826523.uvl,Constraints,After reduction,simplified_constraints,constraints_before_after_histogram.pdf,70
dataset_20/uvl/model_20160106_443157632.uvl,Constraints,After reduction,simplified_constraints,constraints_before_after_histogram.pdf,0
dataset_20/uvl/model_20160111_1033692827.uvl,Constraints,After reduction,simplified_constraints,constraints_before_after_histogram.pdf,6
dataset_20/uvl/model_20160121_1141972007.uvl,Constraints,After reduction,simplified_constraints,constraints_before_after_histogram.pdf,2
dataset_20/uvl/model_20160122_407616496.uvl,Constraints,After reduction,simplified_constraints,constraints_before_after_histogram.pdf,13
dataset_20/uvl/model_20160123_368502373.uvl,Constraints,After reduction,simplified_constraints,constraints_before_after_histogram.pdf,0
dataset_20/uvl/model_20160125_1378351345.uvl,Constraints,After reduction,simplified_constraints,constraints_before_after_histogram.pdf,93
dataset_20/uvl/model_20160125_59009200.uvl,Constraints,After reduction,simplified_constraints,constraints_before_after_histogram.pdf,5
dataset_20/uvl/model_20160221_544170906.uvl,Constraints,After reduction,simplified_constraints,constraints_before_after_histogram.pdf,2
dataset_20/uvl/model_20160225_2040495200.uvl,Constraints,After reduction,simplified_constraints,constraints_before_after_histogram.pdf,72
dataset_20/uvl/model_20160225_419189676.uvl,Constraints,After reduction,simplified_constraints,constraints_before_after_histogram.pdf,13
dataset_20/uvl/model_20160227_1275602559.uvl,Constraints,After reduction,simplified_constraints,constraints_before_after_histogram.pdf,70
dataset_20/uvl/model_20160227_1389842098.uvl,Constraints,After reduction,simplified_constraints,constraints_before_after_histogram.pdf,12
dataset_20/uvl/model_20160229_1590940306.uvl,Constraints,After reduction,simplified_constraints,constraints_before_after_histogram.pdf,15
dataset_20/uvl/model_20160229_171128808.uvl,Constraints,After reduction,simplified_constraints,constraints_before_after_histogram.pdf,46
dataset_20/uvl/model_20160229_1734203468.uvl,Constraints,After reduction,simplified_constraints,constraints_before_after_histogram.pdf,60
dataset_20/uvl/model_20160229_490224198.uvl,Constraints,After reduction,simplified_constraints,constraints_before_after_histogram.pdf,36
dataset_20/uvl/model_20160229_707006027.uvl,Constraints,After reduction,simplified_constraints,constraints_before_after_histogram.pdf,0
dataset_20/uvl/model_20160301_1978418899.uvl,Constraints,After reduction,simplified_constraints,constraints_before_after_histogram.pdf,3
dataset_20/uvl/model_20160301_235863217.uvl,Constraints,After reduction,simplified_constraints,constraints_before_after_histogram.pdf,2
dataset_20/uvl/model_20160303_1635209528.uvl,Constraints,After reduction,simplified_constraints,constraints_before_after_histogram.pdf,2
dataset_20/uvl/model_20160303_1645051071.uvl,Constraints,After reduction,simplified_constraints,constraints_before_after_histogram.pdf,7
dataset_20/uvl/model_20160304_1567363129.uvl,Constraints,After reduction,simplified_constraints,constraints_before_after_histogram.pdf,6
dataset_20/uvl/model_20160304_165509543.uvl,Constraints,After reduction,simplified_constraints,constraints_before_after_histogram.pdf,24
dataset_20/uvl/model_20160304_168615633.uvl,Constraints,After reduction,simplified_constraints,constraints_before_after_histogram.pdf,13
dataset_20/uvl/model_20160307_1341241097.uvl,Constraints,After reduction,simplified_constraints,constraints_before_after_histogram.pdf,8
dataset_20/uvl/model_20160308_190029672.uvl,Constraints,After reduction,simplified_constraints,constraints_before_after_histogram.pdf,3
dataset_20/uvl/model_20160308_79396455.uvl,Constraints,After reduction,simplified_constraints,constraints_before_after_histogram.pdf,22
dataset_20/uvl/model_20160308_993894457.uvl,Constraints,After reduction,simplified_constraints,constraints_before_after_histogram.pdf,1
dataset_20/uvl/model_20160309_1721210506.uvl,Constraints,After reduction,simplified_constraints,constraints_before_after_histogram.pdf,1
dataset_20/uvl/model_20160309_77134368.uvl,Constraints,After reduction,simplified_constraints,constraints_before_after_histogram.pdf,1
dataset_20/uvl/model_20160311_1359424486.uvl,Constraints,After reduction,simplified_constraints,constraints_before_after_histogram.pdf,0
dataset_20/uvl/model_20160311_358715911.uvl,Constraints,After reduction,simplified_constraints,constraints_before_after_histogram.pdf,0
dataset_20/uvl/model_20160315_505457800.uvl,Constraints,After reduction,simplified_constraints,constraints_before_after_histogram.pdf,1
dataset_20/uvl/model_20160315_697003579.uvl,Constraints,After reduction,simplified_constraints,constraints_before_after_histogram.pdf,5
dataset_20/uvl/model_20160317_1483846003.uvl,Constraints,After reduction,simplified_constraints,constraints_before_after_histogram.pdf,1
dataset_20/uvl/model_20160322_2014722365.uvl,Constraints,After reduction,simplified_constraints,constraints_before_after_histogram.pdf,7
dataset_20/uvl/model_20160329_1092215724.uvl,Constraints,After reduction,simplified_constraints,constraints_before_after_histogram.pdf,10
dataset_20/uvl/model_20160329_1144142418.uvl,Constraints,After reduction,simplified_constraints,constraints_before_after_histogram.pdf,12
dataset_20/uvl/model_20160329_1152124785.uvl,Constraints,After reduction,simplified_constraints,constraints_before_after_histogram.pdf,0
dataset_20/uvl/model_20160329_1368375444.uvl,Constraints,After reduction,simplified_constraints,constraints_before_after_histogram.pdf,26
dataset_20/uvl/model_20160329_1491802197.uvl,Constraints,After reduction,simplified_constraints,constraints_before_after_histogram.pdf,4
dataset_20/uvl/model_20160329_160417479.uvl,Constraints,After reduction,simplified_constraints,constraints_before_after_histogram.pdf,4
dataset_20/uvl/model_20160329_1691896941.uvl,Constraints,After reduction,simplified_constraints,constraints_before_after_histogram.pdf,5
dataset_20/uvl/model_20160329_174305764.uvl,Constraints,After reduction,simplified_constraints,constraints_before_after_histogram.pdf,11
dataset_20/uvl/model_20160329_1999221629.uvl,Constraints,After reduction,simplified_constraints,constraints_before_after_histogram.pdf,5
dataset_20/uvl/model_20160329_2023954051.uvl,Constraints,After reduction,simplified_constraints,constraints_before_after_histogram.pdf,16
dataset_20/uvl/model_20160329_268958808.uvl,Constraints,After reduction,simplified_constraints,constraints_before_after_histogram.pdf,6
dataset_20/uvl/model_20160329_304357596.uvl,Constraints,After reduction,simplified_constraints,constraints_before_after_histogram.pdf,12
dataset_20/uvl/model_20160329_578011837.uvl,Constraints,After reduction,simplified_constraints,constraints_before_after_histogram.pdf,4
dataset_20/uvl/model_20160329_736279509.uvl,Constraints,After reduction,simplified_constraints,constraints_before_after_histogram.pdf,0
dataset_20/uvl/model_20160329_864839294.uvl,Constraints,After reduction,simplified_constraints,constraints_before_after_histogram.pdf,2
dataset_20/uvl/model_20160329_925786350.uvl,Constraints,After reduction,simplified_constraints,constraints_before_after_histogram.pdf,0
dataset_20/uvl/model_20160329_926312476.uvl,Constraints,After reduction,simplified_constraints,constraints_before_after_histogram.pdf,9
dataset_20/uvl/model_20160330_1191432205.uvl,Constraints,After reduction,simplified_constraints,constraints_before_after_histogram.pdf,0
dataset_20/uvl/model_20160330_1233914245.uvl,Constraints,After reduction,simplified_constraints,constraints_before_after_histogram.pdf,8
dataset_20/uvl/model_20160330_1306243394.uvl,Constraints,After reduction,simplified_constraints,constraints_before_after_histogram.pdf,4
dataset_20/uvl/model_20160330_1356575467.uvl,Constraints,After reduction,simplified_constraints,constraints_before_after_histogram.pdf,1
dataset_20/uvl/model_20160330_149443721.uvl,Constraints,After reduction,simplified_constraints,constraints_before_after_histogram.pdf,0
dataset_20/uvl/model_20160330_1632759327.uvl,Constraints,After reduction,simplified_constraints,constraints_before_after_histogram.pdf,12
dataset_20/uvl/model_20160330_1784601624.uvl,Constraints,After reduction,simplified_constraints,constraints_before_after_histogram.pdf,0
dataset_20/uvl/model_20160330_1846251072.uvl,Constraints,After reduction,simplified_constraints,constraints_before_after_histogram.pdf,2
dataset_20/uvl/model_20160330_218438641.uvl,Constraints,After reduction,simplified_constraints,constraints_before_after_histogram.pdf,12
dataset_20/uvl/model_20160330_387052519.uvl,Constraints,After reduction,simplified_constraints,constraints_before_after_histogram.pdf,12
dataset_20/uvl/model_20160330_469153666.uvl,Constraints,After reduction,simplified_constraints,constraints_before_after_histogram.pdf,2
dataset_20/uvl/model_20160330_511669656.uvl,Constraints,After reduction,simplified_constraints,constraints_before_after_histogram.pdf,6
dataset_20/uvl/model_20160330_888130075.uvl,Constraints,After reduction,simplified_constraints,constraints_before_after_histogram.pdf,3
dataset_20/uvl/model_20160330_925748995.uvl,Constraints,After reduction,simplified_constraints,constraints_before_after_histogram.pdf,8
dataset_20/uvl/model_20160330_999254735.uvl,Constraints,After reduction,simplified_constraints,constraints_before_after_histogram.pdf,0
dataset_20/uvl/model_20160411_1158715394.uvl,Constraints,After reduction,simplified_constraints,constraints_before_after_histogram.pdf,1
dataset_20/uvl/model_20160420_1926809017.uvl,Constraints,After reduction,simplified_constraints,constraints_before_after_histogram.pdf,24
dataset_20/uvl/model_20160420_474055968.uvl,Constraints,After reduction,simplified_constraints,constraints_before_after_histogram.pdf,120
dataset_20/uvl/model_20160426_744600320.uvl,Constraints,After reduction,simplified_constraints,constraints_before_after_histogram.pdf,0
dataset_20/uvl/model_20160428_283258262.uvl,Constraints,After reduction,simplified_constraints,constraints_before_after_histogram.pdf,3
dataset_20/uvl/model_20160429_2024552354.uvl,Constraints,After reduction,simplified_constraints,constraints_before_after_histogram.pdf,0
dataset_20/uvl/model_20160502_1352812691.uvl,Constraints,After reduction,simplified_constraints,constraints_before_after_histogram.pdf,3
dataset_20/uvl/model_20160502_596671432.uvl,Constraints,After reduction,simplified_constraints,constraints_before_after_histogram.pdf,5
dataset_20/uvl/model_20160503_1174916821.uvl,Constraints,After reduction,simplified_constraints,constraints_before_after_histogram.pdf,5
dataset_20/uvl/model_20160504_1687809818.uvl,Constraints,After reduction,simplified_constraints,constraints_before_after_histogram.pdf,5
dataset_20/uvl/model_20160504_18344306.uvl,Constraints,After reduction,simplified_constraints,constraints_before_after_histogram.pdf,2
dataset_20/uvl/model_20160504_814917052.uvl,Constraints,After reduction,simplified_constraints,constraints_before_after_histogram.pdf,10
dataset_20/uvl/model_20160506_174377233.uvl,Constraints,After reduction,simplified_constraints,constraints_before_after_histogram.pdf,76
dataset_20/uvl/model_20160508_265400900.uvl,Constraints,After reduction,simplified_constraints,constraints_before_after_histogram.pdf,10
dataset_20/uvl/model_20160512_1688304541.uvl,Constraints,After reduction,simplified_constraints,constraints_before_after_histogram.pdf,4
dataset_20/uvl/model_20160519_1235536625.uvl,Constraints,After reduction,simplified_constraints,constraints_before_after_histogram.pdf,203
dataset_20/uvl/model_20160519_1444507509.uvl,Constraints,After reduction,simplified_constraints,constraints_before_after_histogram.pdf,92
dataset_20/uvl/model_20160520_681202886.uvl,Constraints,After reduction,simplified_constraints,constraints_before_after_histogram.pdf,1
dataset_20/uvl/model_20160524_3029237.uvl,Constraints,After reduction,simplified_constraints,constraints_before_after_histogram.pdf,3
dataset_20/uvl/model_20160527_1098137653.uvl,Constraints,After reduction,simplified_constraints,constraints_before_after_histogram.pdf,4
dataset_20/uvl/model_20160531_1105256806.uvl,Constraints,After reduction,simplified_constraints,constraints_before_after_histogram.pdf,10
dataset_20/uvl/model_20160531_486171149.uvl,Constraints,After reduction,simplified_constraints,constraints_before_after_histogram.pdf,206
dataset_20/uvl/model_20160531_990808801.uvl,Constraints,After reduction,simplified_constraints,constraints_before_after_histogram.pdf,0
dataset_20/uvl/model_20160603_398155586.uvl,Constraints,After reduction,simplified_constraints,constraints_before_after_histogram.pdf,18
dataset_20/uvl/model_20160606_235281629.uvl,Constraints,After reduction,simplified_constraints,constraints_before_after_histogram.pdf,0
dataset_20/uvl/model_20160606_412121552.uvl,Constraints,After reduction,simplified_constraints,constraints_before_after_histogram.pdf,0
dataset_20/uvl/model_20160608_755102753.uvl,Constraints,After reduction,simplified_constraints,constraints_before_after_histogram.pdf,0
dataset_20/uvl/model_20160620_457730604.uvl,Constraints,After reduction,simplified_constraints,constraints_before_after_histogram.pdf,0
dataset_20/uvl/model_20160621_993334585.uvl,Constraints,After reduction,simplified_constraints,constraints_before_after_histogram.pdf,0
dataset_20/uvl/model_20160623_1415871890.uvl,Constraints,After reduction,simplified_constraints,constraints_before_after_histogram.pdf,12
dataset_20/uvl/model_20160629_1032137585.uvl,Constraints,After reduction,simplified_constraints,constraints_before_after_histogram.pdf,13
dataset_20/uvl/model_20160712_1875218337.uvl,Constraints,After reduction,simplified_constraints,constraints_before_after_histogram.pdf,0
dataset_20/uvl/model_20160716_1943328700.uvl,Constraints,After reduction,simplified_constraints,constraints_before_after_histogram.pdf,3
dataset_20/uvl/model_20160721_1827988269.uvl,Constraints,After reduction,simplified_constraints,constraints_before_after_histogram.pdf,5
dataset_20/uvl/model_20160721_972954567.uvl,Constraints,After reduction,simplified_constraints,constraints_before_after_histogram.pdf,1
dataset_20/uvl/model_20160726_1855902901.uvl,Constraints,After reduction,simplified_constraints,constraints_before_after_histogram.pdf,0
dataset_20/uvl/model_20160812_1476754989.uvl,Constraints,After reduction,simplified_constraints,constraints_before_after_histogram.pdf,7
dataset_20/uvl/model_20160813_60083737.uvl,Constraints,After reduction,simplified_constraints,constraints_before_after_histogram.pdf,0
dataset_20/uvl/model_20160821_1946133193.uvl,Constraints,After reduction,simplified_constraints,constraints_before_after_histogram.pdf,3
dataset_20/uvl/model_20160822_713171625.uvl,Constraints,After reduction,simplified_constraints,constraints_before_after_histogram.pdf,8
dataset_20/uvl/model_20160824_2005849052.uvl,Constraints,After reduction,simplified_constraints,constraints_before_after_histogram.pdf,0
dataset_20/uvl/model_20160905_338518821.uvl,Constraints,After reduction,simplified_constraints,constraints_before_after_histogram.pdf,1
dataset_20/uvl/model_20160905_774306083.uvl,Constraints,After reduction,simplified_constraints,constraints_before_after_histogram.pdf,0
dataset_20/uvl/model_20160906_1914580505.uvl,Constraints,After reduction,simplified_constraints,constraints_before_after_histogram.pdf,7
dataset_20/uvl/model_20160906_802533043.uvl,Constraints,After reduction,simplified_constraints,constraints_before_after_histogram.pdf,5
dataset_20/uvl/model_20160906_881197553.uvl,Constraints,After reduction,simplified_constraints,constraints_before_after_histogram.pdf,5
dataset_20/uvl/model_20160907_1816738180.uvl,Constraints,After reduction,simplified_constraints,constraints_before_after_histogram.pdf,5
dataset_20/uvl/model_20160911_493856736.uvl,Constraints,After reduction,simplified_constraints,constraints_before_after_histogram.pdf,54
dataset_20/uvl/model_20160912_1428022317.uvl,Constraints,After reduction,simplified_constraints,constraints_before_after_histogram.pdf,15
dataset_20/uvl/model_20160912_772295854.uvl,Constraints,After reduction,simplified_constraints,constraints_before_after_histogram.pdf,0
dataset_20/uvl/model_20160913_2142740300.uvl,Constraints,After reduction,simplified_constraints,constraints_before_after_histogram.pdf,44
dataset_20/uvl/model_20160913_245590430.uvl,Constraints,After reduction,simplified_constraints,constraints_before_after_histogram.pdf,34
dataset_20/uvl/model_20160913_269001380.uvl,Constraints,After reduction,simplified_constraints,constraints_before_after_histogram.pdf,61
dataset_20/uvl/model_20160913_482611615.uvl,Constraints,After reduction,simplified_constraints,constraints_before_after_histogram.pdf,30
dataset_20/uvl/model_20160913_600398973.uvl,Constraints,After reduction,simplified_constraints,constraints_before_after_histogram.pdf,37
dataset_20/uvl/model_20160917_824197127.uvl,Constraints,After reduction,simplified_constraints,constraints_before_after_histogram.pdf,4
dataset_20/uvl/model_20160919_1142576711.uvl,Constraints,After reduction,simplified_constraints,constraints_before_after_histogram.pdf,3
dataset_20/uvl/model_20160919_422339066.uvl,Constraints,After reduction,simplified_constraints,constraints_before_after_histogram.pdf,14
dataset_20/uvl/model_20160919_825563014.uvl,Constraints,After reduction,simplified_constraints,constraints_before_after_histogram.pdf,1
dataset_20/uvl/model_20160921_24535453.uvl,Constraints,After reduction,simplified_constraints,constraints_before_after_histogram.pdf,1
dataset_20/uvl/model_20160925_2087627141.uvl,Constraints,After reduction,simplified_constraints,constraints_before_after_histogram.pdf,9
dataset_20/uvl/model_20160926_106687243.uvl,Constraints,After reduction,simplified_constraints,constraints_before_after_histogram.pdf,11
dataset_20/uvl/model_20160926_2009081259.uvl,Constraints,After reduction,simplified_constraints,constraints_before_after_histogram.pdf,0
dataset_20/uvl/model_20161003_680973994.uvl,Constraints,After reduction,simplified_constraints,constraints_before_after_histogram.pdf,8
dataset_20/uvl/model_20161012_1497804026.uvl,Constraints,After reduction,simplified_constraints,constraints_before_after_histogram.pdf,0
dataset_20/uvl/model_20161018_1395239714.uvl,Constraints,After reduction,simplified_constraints,constraints_before_after_histogram.pdf,0
dataset_20/uvl/model_20161025_210874268.uvl,Constraints,After reduction,simplified_constraints,constraints_before_after_histogram.pdf,0
dataset_20/uvl/model_20161101_1188178549.uvl,Constraints,After reduction,simplified_constraints,constraints_before_after_histogram.pdf,3
dataset_20/uvl/model_20161101_1287284082.uvl,Constraints,After reduction,simplified_constraints,constraints_before_after_histogram.pdf,0
dataset_20/uvl/model_20161107_2119549052.uvl,Constraints,After reduction,simplified_constraints,constraints_before_after_histogram.pdf,1
dataset_20/uvl/model_20161107_751073207.uvl,Constraints,After reduction,simplified_constraints,constraints_before_after_histogram.pdf,1
dataset_20/uvl/model_20161109_258969269.uvl,Constraints,After reduction,simplified_constraints,constraints_before_after_histogram.pdf,2
dataset_20/uvl/model_20161117_1407262512.uvl,Constraints,After reduction,simplified_constraints,constraints_before_after_histogram.pdf,1
dataset_20/uvl/model_20161118_1167269407.uvl,Constraints,After reduction,simplified_constraints,constraints_before_after_histogram.pdf,279
dataset_20/uvl/model_20161122_1255346120.uvl,Constraints,After reduction,simplified_constraints,constraints_before_after_histogram.pdf,13
dataset_20/uvl/model_20161123_1530983999.uvl,Constraints,After reduction,simplified_constraints,constraints_before_after_histogram.pdf,0
dataset_20/uvl/model_20161124_135805624.uvl,Constraints,After reduction,simplified_constraints,constraints_before_after_histogram.pdf,3
dataset_20/uvl/model_20161125_1777261352.uvl,Constraints,After reduction,simplified_constraints,constraints_before_after_histogram.pdf,64
dataset_20/uvl/model_20161127_1823059506.uvl,Constraints,After reduction,simplified_constraints,constraints_before_after_histogram.pdf,723
dataset_20/uvl/model_20161128_1478224089.uvl,Constraints,After reduction,simplified_constraints,constraints_before_after_histogram.pdf,2
dataset_20/uvl/model_20161128_2006303576.uvl,Constraints,After reduction,simplified_constraints,constraints_before_after_histogram.pdf,54
dataset_20/uvl/model_20161128_2133107865.uvl,Constraints,After reduction,simplified_constraints,constraints_before_after_histogram.pdf,2
dataset_20/uvl/model_20161128_844678202.uvl,Constraints,After reduction,simplified_constraints,constraints_before_after_histogram.pdf,2
dataset_20/uvl/model_20161207_285955518.uvl,Constraints,After reduction,simplified_constraints,constraints_before_after_histogram.pdf,5
dataset_20/uvl/model_20161209_758532997.uvl,Constraints,After reduction,simplified_constraints,constraints_before_after_histogram.pdf,37
dataset_20/uvl/model_20161212_1631452800.uvl,Constraints,After reduction,simplified_constraints,constraints_before_after_histogram.pdf,7
dataset_20/uvl/model_20161213_651973816.uvl,Constraints,After reduction,simplified_constraints,constraints_before_after_histogram.pdf,7
dataset_20/uvl/model_20170115_352040991.uvl,Constraints,After reduction,simplified_constraints,constraints_before_after_histogram.pdf,1
dataset_20/uvl/model_20170131_61369545.uvl,Constraints,After reduction,simplified_constraints,constraints_before_after_histogram.pdf,0
dataset_20/uvl/model_20170206_852070049.uvl,Constraints,After reduction,simplified_constraints,constraints_before_after_histogram.pdf,2
dataset_20/uvl/model_20170215_1278541927.uvl,Constraints,After reduction,simplified_constraints,constraints_before_after_histogram.pdf,6
dataset_20/uvl/model_20170215_1976164448.uvl,Constraints,After reduction,simplified_constraints,constraints_before_after_histogram.pdf,3
dataset_20/uvl/model_20170219_358603289.uvl,Constraints,After reduction,simplified_constraints,constraints_before_after_histogram.pdf,8
dataset_20/uvl/model_20170221_1848353506.uvl,Constraints,After reduction,simplified_constraints,constraints_before_after_histogram.pdf,748
dataset_20/uvl/model_20170228_1437582980.uvl,Constraints,After reduction,simplified_constraints,constraints_before_after_histogram.pdf,0
dataset_20/uvl/model_20170228_2078125436.uvl,Constraints,After reduction,simplified_constraints,constraints_before_after_histogram.pdf,11
dataset_20/uvl/model_20170301_235251685.uvl,Constraints,After reduction,simplified_constraints,constraints_before_after_histogram.pdf,8
dataset_20/uvl/model_20170308_1789444441.uvl,Constraints,After reduction,simplified_constraints,constraints_before_after_histogram.pdf,0
dataset_20/uvl/model_20170310_195700687.uvl,Constraints,After reduction,simplified_constraints,constraints_before_after_histogram.pdf,56
dataset_20/uvl/model_20170310_2069806245.uvl,Constraints,After reduction,simplified_constraints,constraints_before_after_histogram.pdf,53
dataset_20/uvl/model_20170310_906013336.uvl,Constraints,After reduction,simplified_constraints,constraints_before_after_histogram.pdf,61
dataset_20/uvl/model_20170311_1316290182.uvl,Constraints,After reduction,simplified_constraints,constraints_before_after_histogram.pdf,60
dataset_20/uvl/model_20170312_968402737.uvl,Constraints,After reduction,simplified_constraints,constraints_before_after_histogram.pdf,55
dataset_20/uvl/model_20170313_143405764.uvl,Constraints,After reduction,simplified_constraints,constraints_before_after_histogram.pdf,50
dataset_20/uvl/model_20170313_788976149.uvl,Constraints,After reduction,simplified_constraints,constraints_before_after_histogram.pdf,6
dataset_20/uvl/model_20170315_1174513943.uvl,Constraints,After reduction,simplified_constraints,constraints_before_after_histogram.pdf,1
dataset_20/uvl/model_20170315_692595151.uvl,Constraints,After reduction,simplified_constraints,constraints_before_after_histogram.pdf,37
dataset_20/uvl/model_20170316_1293936491.uvl,Constraints,After reduction,simplified_constraints,constraints_before_after_histogram.pdf,0
dataset_20/uvl/model_20170316_1430061931.uvl,Constraints,After reduction,simplified_constraints,constraints_before_after_histogram.pdf,203
dataset_20/uvl/model_20170316_174511349.uvl,Constraints,After reduction,simplified_constraints,constraints_before_after_histogram.pdf,3
dataset_20/uvl/model_20170317_1165725.uvl,Constraints,After reduction,simplified_constraints,constraints_before_after_histogram.pdf,0
dataset_20/uvl/model_20170320_149190356.uvl,Constraints,After reduction,simplified_constraints,constraints_before_after_histogram.pdf,0
dataset_20/uvl/model_20170320_1505333083.uvl,Constraints,After reduction,simplified_constraints,constraints_before_after_histogram.pdf,44
dataset_20/uvl/model_20170320_772300106.uvl,Constraints,After reduction,simplified_constraints,constraints_before_after_histogram.pdf,0
dataset_20/uvl/model_20170321_1279222212.uvl,Constraints,After reduction,simplified_constraints,constraints_before_after_histogram.pdf,0
dataset_20/uvl/model_20170321_1774846112.uvl,Constraints,After reduction,simplified_constraints,constraints_before_after_histogram.pdf,153
dataset_20/uvl/model_20170322_711096381.uvl,Constraints,After reduction,simplified_constraints,constraints_before_after_histogram.pdf,0
dataset_20/uvl/model_20170328_1485540940.uvl,Constraints,After reduction,simplified_constraints,constraints_before_after_histogram.pdf,132
dataset_20/uvl/model_20170328_418838667.uvl,Constraints,After reduction,simplified_constraints,constraints_before_after_histogram.pdf,164
dataset_20/uvl/model_20170402_1978825740.uvl,Constraints,After reduction,simplified_constraints,constraints_before_after_histogram.pdf,325
dataset_20/uvl/model_20170402_765751837.uvl,Constraints,After reduction,simplified_constraints,constraints_before_after_histogram.pdf,110
dataset_20/uvl/model_20170404_1821671055.uvl,Constraints,After reduction,simplified_constraints,constraints_before_after_histogram.pdf,9
dataset_20/uvl/model_20170405_957299568.uvl,Constraints,After reduction,simplified_constraints,constraints_before_after_histogram.pdf,124
dataset_20/uvl/model_20170410_971411480.uvl,Constraints,After reduction,simplified_constraints,constraints_before_after_histogram.pdf,11
dataset_20/uvl/model_20170414_1751865819.uvl,Constraints,After reduction,simplified_constraints,constraints_before_after_histogram.pdf,7
dataset_20/uvl/model_20170419_185164278.uvl,Constraints,After reduction,simplified_constraints,constraints_before_after_histogram.pdf,11
dataset_20/uvl/model_20170420_1165511748.uvl,Constraints,After reduction,simplified_constraints,constraints_before_after_histogram.pdf,13
dataset_20/uvl/model_20170424_781699396.uvl,Constraints,After reduction,simplified_constraints,constraints_before_after_histogram.pdf,193
dataset_20/uvl/model_20170502_101132737.uvl,Constraints,After reduction,simplified_constraints,constraints_before_after_histogram.pdf,10
dataset_20/uvl/model_20170504_370000031.uvl,Constraints,After reduction,simplified_constraints,constraints_before_after_histogram.pdf,16
dataset_20/uvl/model_20170505_1428478521.uvl,Constraints,After reduction,simplified_constraints,constraints_before_after_histogram.pdf,5
dataset_20/uvl/model_20170505_1995894898.uvl,Constraints,After reduction,simplified_constraints,constraints_before_after_histogram.pdf,11
dataset_20/uvl/model_20170510_174347414.uvl,Constraints,After reduction,simplified_constraints,constraints_before_after_histogram.pdf,2
dataset_20/uvl/model_20170512_1532934104.uvl,Constraints,After reduction,simplified_constraints,constraints_before_after_histogram.pdf,0
dataset_20/uvl/model_20170517_1276361560.uvl,Constraints,After reduction,simplified_constraints,constraints_before_after_histogram.pdf,7
dataset_20/uvl/model_20170517_1468714593.uvl,Constraints,After reduction,simplified_constraints,constraints_before_after_histogram.pdf,7
dataset_20/uvl/model_20170517_1986241278.uvl,Constraints,After reduction,simplified_constraints,constraints_before_after_histogram.pdf,7
dataset_20/uvl/model_20170518_1713871521.uvl,Constraints,After reduction,simplified_constraints,constraints_before_after_histogram.pdf,4
dataset_20/uvl/model_20170518_711240246.uvl,Constraints,After reduction,simplified_constraints,constraints_before_after_histogram.pdf,0
dataset_20/uvl/model_20170527_1802227256.uvl,Constraints,After reduction,simplified_constraints,constraints_before_after_histogram.pdf,0
dataset_20/uvl/model_20170528_1427439246.uvl,Constraints,After reduction,simplified_constraints,constraints_before_after_histogram.pdf,2
dataset_20/uvl/model_20170607_1389753102.uvl,Constraints,After reduction,simplified_constraints,constraints_before_after_histogram.pdf,1
dataset_20/uvl/model_20170618_724645944.uvl,Constraints,After reduction,simplified_constraints,constraints_before_after_histogram.pdf,1
dataset_20/uvl/model_20170627_231083922.uvl,Constraints,After reduction,simplified_constraints,constraints_before_after_histogram.pdf,2
dataset_20/uvl/model_20170702_979744088.uvl,Constraints,After reduction,simplified_constraints,constraints_before_after_histogram.pdf,0
dataset_20/uvl/model_20170703_1893075315.uvl,Constraints,After reduction,simplified_constraints,constraints_before_after_histogram.pdf,1
dataset_20/uvl/model_20170704_1299892151.uvl,Constraints,After reduction,simplified_constraints,constraints_before_after_histogram.pdf,0
dataset_20/uvl/model_20170706_1181552122.uvl,Constraints,After reduction,simplified_constraints,constraints_before_after_histogram.pdf,6
dataset_20/uvl/model_20170706_1588900401.uvl,Constraints,After reduction,simplified_constraints,constraints_before_after_histogram.pdf,1
dataset_20/uvl/model_20170718_2017313962.uvl,Constraints,After reduction,simplified_constraints,constraints_before_after_histogram.pdf,0
dataset_20/uvl/model_20170720_160368734.uvl,Constraints,After reduction,simplified_constraints,constraints_before_after_histogram.pdf,0
dataset_20/uvl/model_20170809_1734454576.uvl,Constraints,After reduction,simplified_constraints,constraints_before_after_histogram.pdf,0
dataset_20/uvl/model_20170814_699386305.uvl,Constraints,After reduction,simplified_constraints,constraints_before_after_histogram.pdf,0
dataset_20/uvl/model_20170818_1523700786.uvl,Constraints,After reduction,simplified_constraints,constraints_before_after_histogram.pdf,1
dataset_20/uvl/model_20170818_812208818.uvl,Constraints,After reduction,simplified_constraints,constraints_before_after_histogram.pdf,1
dataset_20/uvl/model_20170821_2117231347.uvl,Constraints,After reduction,simplified_constraints,constraints_before_after_histogram.pdf,35
dataset_20/uvl/model_20170821_744427680.uvl,Constraints,After reduction,simplified_constraints,constraints_before_after_histogram.pdf,25
dataset_20/uvl/model_20170904_444361354.uvl,Constraints,After reduction,simplified_constraints,constraints_before_after_histogram.pdf,9
dataset_20/uvl/model_20170904_998227463.uvl,Constraints,After reduction,simplified_constraints,constraints_before_after_histogram.pdf,9
dataset_20/uvl/model_20170911_1850240044.uvl,Constraints,After reduction,simplified_constraints,constraints_before_after_histogram.pdf,3
dataset_20/uvl/model_20170916_132089042.uvl,Constraints,After reduction,simplified_constraints,constraints_before_after_histogram.pdf,38
dataset_20/uvl/model_20170916_973590519.uvl,Constraints,After reduction,simplified_constraints,constraints_before_after_histogram.pdf,55
dataset_20/uvl/model_20170918_1157652981.uvl,Constraints,After reduction,simplified_constraints,constraints_before_after_histogram.pdf,52
dataset_20/uvl/model_20170918_191476099.uvl,Constraints,After reduction,simplified_constraints,constraints_before_after_histogram.pdf,1
dataset_20/uvl/model_20170918_1996976409.uvl,Constraints,After reduction,simplified_constraints,constraints_before_after_histogram.pdf,3
dataset_20/uvl/model_20170918_2076946141.uvl,Constraints,After reduction,simplified_constraints,constraints_before_after_histogram.pdf,21
dataset_20/uvl/model_20170918_446567907.uvl,Constraints,After reduction,simplified_constraints,constraints_before_after_histogram.pdf,46
dataset_20/uvl/model_20170919_1393589103.uvl,Constraints,After reduction,simplified_constraints,constraints_before_after_histogram.pdf,48
dataset_20/uvl/model_20170919_1425490791.uvl,Constraints,After reduction,simplified_constraints,constraints_before_after_histogram.pdf,39
dataset_20/uvl/model_20170919_1946252337.uvl,Constraints,After reduction,simplified_constraints,constraints_before_after_histogram.pdf,66
dataset_20/uvl/model_20170919_303553909.uvl,Constraints,After reduction,simplified_constraints,constraints_before_after_histogram.pdf,61
dataset_20/uvl/model_20170919_414938854.uvl,Constraints,After reduction,simplified_constraints,constraints_before_after_histogram.pdf,32
dataset_20/uvl/model_20170921_244476382.uvl,Constraints,After reduction,simplified_constraints,constraints_before_after_histogram.pdf,55
dataset_20/uvl/model_20170925_1698983864.uvl,Constraints,After reduction,simplified_constraints,constraints_before_after_histogram.pdf,0
dataset_20/uvl/model_20170926_1539445221.uvl,Constraints,After reduction,simplified_constraints,constraints_before_after_histogram.pdf,5
dataset_20/uvl/model_20170926_289427240.uvl,Constraints,After reduction,simplified_constraints,constraints_before_after_histogram.pdf,1
dataset_20/uvl/model_20170927_2140419024.uvl,Constraints,After reduction,simplified_constraints,constraints_before_after_histogram.pdf,24
dataset_20/uvl/model_20170930_228024571.uvl,Constraints,After reduction,simplified_constraints,constraints_before_after_histogram.pdf,66
dataset_20/uvl/model_20171005_1407702877.uvl,Constraints,After reduction,simplified_constraints,constraints_before_after_histogram.pdf,3
dataset_20/uvl/model_20171005_1816009957.uvl,Constraints,After reduction,simplified_constraints,constraints_before_after_histogram.pdf,11
dataset_20/uvl/model_20171005_661289758.uvl,Constraints,After reduction,simplified_constraints,constraints_before_after_histogram.pdf,0
dataset_20/uvl/model_20171008_377237228.uvl,Constraints,After reduction,simplified_constraints,constraints_before_after_histogram.pdf,5
dataset_20/uvl/model_20171010_332868283.uvl,Constraints,After reduction,simplified_constraints,constraints_before_after_histogram.pdf,0
dataset_20/uvl/model_20171012_404282969.uvl,Constraints,After reduction,simplified_constraints,constraints_before_after_histogram.pdf,1
dataset_20/uvl/model_20171012_432118074.uvl,Constraints,After reduction,simplified_constraints,constraints_before_after_histogram.pdf,0
dataset_20/uvl/model_20171012_484328807.uvl,Constraints,After reduction,simplified_constraints,constraints_before_after_histogram.pdf,0
dataset_20/uvl/model_20171014_936370428.uvl,Constraints,After reduction,simplified_constraints,constraints_before_after_histogram.pdf,1
dataset_20/uvl/model_20171016_1973576375.uvl,Constraints,After reduction,simplified_constraints,constraints_before_after_histogram.pdf,3
dataset_20/uvl/model_20171016_2132568250.uvl,Constraints,After reduction,simplified_constraints,constraints_before_after_histogram.pdf,0
dataset_20/uvl/model_20171016_777651910.uvl,Constraints,After reduction,simplified_constraints,constraints_before_after_histogram.pdf,2
dataset_20/uvl/model_20171018_1720986032.uvl,Constraints,After reduction,simplified_constraints,constraints_before_after_histogram.pdf,14
dataset_20/uvl/model_20171020_786614820.uvl,Constraints,After reduction,simplified_constraints,constraints_before_after_histogram.pdf,0
dataset_20/uvl/model_20171021_192017753.uvl,Constraints,After reduction,simplified_constraints,constraints_before_after_histogram.pdf,5
dataset_20/uvl/model_20171028_1906143627.uvl,Constraints,After reduction,simplified_constraints,constraints_before_after_histogram.pdf,2
dataset_20/uvl/model_20171029_1247758730.uvl,Constraints,After reduction,simplified_constraints,constraints_before_after_histogram.pdf,0
dataset_20/uvl/model_20171029_714150136.uvl,Constraints,After reduction,simplified_constraints,constraints_before_after_histogram.pdf,0
dataset_20/uvl/model_20171108_1643056811.uvl,Constraints,After reduction,simplified_constraints,constraints_before_after_histogram.pdf,14
dataset_20/uvl/model_20171109_1740328562.uvl,Constraints,After reduction,simplified_constraints,constraints_before_after_histogram.pdf,21
dataset_20/uvl/model_20171128_2320585.uvl,Constraints,After reduction,simplified_constraints,constraints_before_after_histogram.pdf,1
dataset_20/uvl/model_20171129_847069382.uvl,Constraints,After reduction,simplified_constraints,constraints_before_after_histogram.pdf,14
dataset_20/uvl/model_20171202_671836466.uvl,Constraints,After reduction,simplified_constraints,constraints_before_after_histogram.pdf,0
dataset_20/uvl/model_20171204_404453510.uvl,Constraints,After reduction,simplified_constraints,constraints_before_after_histogram.pdf,1
dataset_20/uvl/model_20171207_1015871671.uvl,Constraints,After reduction,simplified_constraints,constraints_before_after_histogram.pdf,0
dataset_20/uvl/model_20171207_711618687.uvl,Constraints,After reduction,simplified_constraints,constraints_before_after_histogram.pdf,0
dataset_20/uvl/model_20171208_504832504.uvl,Constraints,After reduction,simplified_constraints,constraints_before_after_histogram.pdf,5
dataset_20/uvl/model_20171213_638254090.uvl,Constraints,After reduction,simplified_constraints,constraints_before_after_histogram.pdf,1
dataset_20/uvl/model_20180110_870365297.uvl,Constraints,After reduction,simplified_constraints,constraints_before_after_histogram.pdf,3
dataset_20/uvl/model_20180122_1429516018.uvl,Constraints,After reduction,simplified_constraints,constraints_before_after_histogram.pdf,51
dataset_20/uvl/model_20180126_2070362475.uvl,Constraints,After reduction,simplified_constraints,constraints_before_after_histogram.pdf,12
dataset_20/uvl/model_20180214_1066016479.uvl,Constraints,After reduction,simplified_constraints,constraints_before_after_histogram.pdf,58
dataset_20/uvl/model_20180222_1531590612.uvl,Constraints,After reduction,simplified_constraints,constraints_before_after_histogram.pdf,0
dataset_20/uvl/model_20180222_1576024243.uvl,Constraints,After reduction,simplified_constraints,constraints_before_after_histogram.pdf,4
dataset_20/uvl/model_20180222_1790291836.uvl,Constraints,After reduction,simplified_constraints,constraints_before_after_histogram.pdf,12
dataset_20/uvl/model_20180222_1813103418.uvl,Constraints,After reduction,simplified_constraints,constraints_before_after_histogram.pdf,22
dataset_20/uvl/model_20180222_1895267586.uvl,Constraints,After reduction,simplified_constraints,constraints_before_after_histogram.pdf,3
dataset_20/uvl/model_20180222_1925875374.uvl,Constraints,After reduction,simplified_constraints,constraints_before_after_histogram.pdf,4
dataset_20/uvl/model_20180222_524224426.uvl,Constraints,After reduction,simplified_constraints,constraints_before_after_histogram.pdf,0
dataset_20/uvl/model_20180222_786472237.uvl,Constraints,After reduction,simplified_constraints,constraints_before_after_histogram.pdf,8
dataset_20/uvl/model_20180226_492552032.uvl,Constraints,After reduction,simplified_constraints,constraints_before_after_histogram.pdf,8
dataset_20/uvl/model_20180227_1765307019.uvl,Constraints,After reduction,simplified_constraints,constraints_before_after_histogram.pdf,86
dataset_20/uvl/model_20180301_203291309.uvl,Constraints,After reduction,simplified_constraints,constraints_before_after_histogram.pdf,0
dataset_20/uvl/model_20180302_974887082.uvl,Constraints,After reduction,simplified_constraints,constraints_before_after_histogram.pdf,23
dataset_20/uvl/model_20180304_1150769979.uvl,Constraints,After reduction,simplified_constraints,constraints_before_after_histogram.pdf,53
dataset_20/uvl/model_20180304_290046860.uvl,Constraints,After reduction,simplified_constraints,constraints_before_after_histogram.pdf,46
dataset_20/uvl/model_20180305_1393570452.uvl,Constraints,After reduction,simplified_constraints,constraints_before_after_histogram.pdf,49
dataset_20/uvl/model_20180305_1565538092.uvl,Constraints,After reduction,simplified_constraints,constraints_before_after_histogram.pdf,50
dataset_20/uvl/model_20180305_2101436905.uvl,Constraints,After reduction,simplified_constraints,constraints_before_after_histogram.pdf,45
dataset_20/uvl/model_20180306_1110315637.uvl,Constraints,After reduction,simplified_constraints,constraints_before_after_histogram.pdf,58
dataset_20/uvl/model_20180306_1553572984.uvl,Constraints,After reduction,simplified_constraints,constraints_before_after_histogram.pdf,0
dataset_20/uvl/model_20180306_1625675392.uvl,Constraints,After reduction,simplified_constraints,constraints_before_after_histogram.pdf,44
dataset_20/uvl/model_20180306_177892963.uvl,Constraints,After reduction,simplified_constraints,constraints_before_after_histogram.pdf,16
dataset_20/uvl/model_20180306_1851656621.uvl,Constraints,After reduction,simplified_constraints,constraints_before_after_histogram.pdf,45
dataset_20/uvl/model_20180306_422218475.uvl,Constraints,After reduction,simplified_constraints,constraints_before_after_histogram.pdf,42
dataset_20/uvl/model_20180306_73619671.uvl,Constraints,After reduction,simplified_constraints,constraints_before_after_histogram.pdf,51
dataset_20/uvl/model_20180306_832754487.uvl,Constraints,After reduction,simplified_constraints,constraints_before_after_histogram.pdf,63
dataset_20/uvl/model_20180307_2144246090.uvl,Constraints,After reduction,simplified_constraints,constraints_before_after_histogram.pdf,22
dataset_20/uvl/model_20180311_1112468126.uvl,Constraints,After reduction,simplified_constraints,constraints_before_after_histogram.pdf,3
dataset_20/uvl/model_20180403_1861855205.uvl,Constraints,After reduction,simplified_constraints,constraints_before_after_histogram.pdf,0
dataset_20/uvl/model_20180407_489573335.uvl,Constraints,After reduction,simplified_constraints,constraints_before_after_histogram.pdf,8
dataset_20/uvl/model_20180409_394573881.uvl,Constraints,After reduction,simplified_constraints,constraints_before_after_histogram.pdf,0
dataset_20/uvl/model_20180411_122889136.uvl,Constraints,After reduction,simplified_constraints,constraints_before_after_histogram.pdf,0
dataset_20/uvl/model_20180509_988672632.uvl,Constraints,After reduction,simplified_constraints,constraints_before_after_histogram.pdf,25
dataset_20/uvl/model_20180511_622669496.uvl,Constraints,After reduction,simplified_constraints,constraints_before_after_histogram.pdf,0
dataset_20/uvl/model_20180511_935028612.uvl,Constraints,After reduction,simplified_constraints,constraints_before_after_histogram.pdf,5
dataset_20/uvl/model_20180512_143602565.uvl,Constraints,After reduction,simplified_constraints,constraints_before_after_histogram.pdf,2
dataset_20/uvl/model_20180512_276218752.uvl,Constraints,After reduction,simplified_constraints,constraints_before_after_histogram.pdf,0
dataset_20/uvl/model_20180512_316263333.uvl,Constraints,After reduction,simplified_constraints,constraints_before_after_histogram.pdf,6
dataset_20/uvl/model_20180512_409172439.uvl,Constraints,After reduction,simplified_constraints,constraints_before_after_histogram.pdf,2
dataset_20/uvl/model_20180512_419383167.uvl,Constraints,After reduction,simplified_constraints,constraints_before_after_histogram.pdf,0
dataset_20/uvl/model_20180512_427876131.uvl,Constraints,After reduction,simplified_constraints,constraints_before_after_histogram.pdf,2
dataset_20/uvl/model_20180512_660942805.uvl,Constraints,After reduction,simplified_constraints,constraints_before_after_histogram.pdf,0
dataset_20/uvl/model_20180512_733862721.uvl,Constraints,After reduction,simplified_constraints,constraints_before_after_histogram.pdf,8
dataset_20/uvl/model_20180512_775268148.uvl,Constraints,After reduction,simplified_constraints,constraints_before_after_histogram.pdf,8
dataset_20/uvl/model_20180512_810540422.uvl,Constraints,After reduction,simplified_constraints,constraints_before_after_histogram.pdf,5
dataset_20/uvl/model_20180512_893377341.uvl,Constraints,After reduction,simplified_constraints,constraints_before_after_histogram.pdf,13
dataset_20/uvl/model_20180513_39795521.uvl,Constraints,After reduction,simplified_constraints,constraints_before_after_histogram.pdf,4
dataset_20/uvl/model_20180514_1722608288.uvl,Constraints,After reduction,simplified_constraints,constraints_before_after_histogram.pdf,9
dataset_20/uvl/model_20180514_381391194.uvl,Constraints,After reduction,simplified_constraints,constraints_before_after_histogram.pdf,0
dataset_20/uvl/model_20180530_1810935889.uvl,Constraints,After reduction,simplified_constraints,constraints_before_after_histogram.pdf,2
dataset_20/uvl/model_20180611_1112345807.uvl,Constraints,After reduction,simplified_constraints,constraints_before_after_histogram.pdf,0
dataset_20/uvl/model_20180611_1140870617.uvl,Constraints,After reduction,simplified_constraints,constraints_before_after_histogram.pdf,0
dataset_20/uvl/model_20180611_1800915628.uvl,Constraints,After reduction,simplified_constraints,constraints_before_after_histogram.pdf,0
dataset_20/uvl/model_20180611_848416665.uvl,Constraints,After reduction,simplified_constraints,constraints_before_after_histogram.pdf,0
dataset_20/uvl/model_20180612_1244406232.uvl,Constraints,After reduction,simplified_constraints,constraints_before_after_histogram.pdf,1
dataset_20/uvl/model_20180612_712325117.uvl,Constraints,After reduction,simplified_constraints,constraints_before_after_histogram.pdf,0
dataset_20/uvl/model_20180613_78021145.uvl,Constraints,After reduction,simplified_constraints,constraints_before_after_histogram.pdf,3
dataset_20/uvl/model_20180618_656757926.uvl,Constraints,After reduction,simplified_constraints,constraints_before_after_histogram.pdf,0
dataset_20/uvl/model_20180705_2136123533.uvl,Constraints,After reduction,simplified_constraints,constraints_before_after_histogram.pdf,1
dataset_20/uvl/model_20180708_1907991672.uvl,Constraints,After reduction,simplified_constraints,constraints_before_after_histogram.pdf,14
dataset_20/uvl/model_20180713_1002093829.uvl,Constraints,After reduction,simplified_constraints,constraints_before_after_histogram.pdf,7
dataset_20/uvl/model_20180729_2071913647.uvl,Constraints,After reduction,simplified_constraints,constraints_before_after_histogram.pdf,6
dataset_20/uvl/model_20180729_701594854.uvl,Constraints,After reduction,simplified_constraints,constraints_before_after_histogram.pdf,4
dataset_20/uvl/model_20180729_778045288.uvl,Constraints,After reduction,simplified_constraints,constraints_before_after_histogram.pdf,3
dataset_20/uvl/model_20180815_1120231956.uvl,Constraints,After reduction,simplified_constraints,constraints_before_after_histogram.pdf,8
dataset_20/uvl/model_20180819_995624779.uvl,Constraints,After reduction,simplified_constraints,constraints_before_after_histogram.pdf,2
dataset_20/uvl/model_20180911_126281571.uvl,Constraints,After reduction,simplified_constraints,constraints_before_after_histogram.pdf,7
dataset_20/uvl/model_20180913_1045465294.uvl,Constraints,After reduction,simplified_constraints,constraints_before_after_histogram.pdf,5
dataset_20/uvl/model_20180913_872907572.uvl,Constraints,After reduction,simplified_constraints,constraints_before_after_histogram.pdf,0
dataset_20/uvl/model_20180917_1978871462.uvl,Constraints,After reduction,simplified_constraints,constraints_before_after_histogram.pdf,1
dataset_20/uvl/model_20180927_642324190.uvl,Constraints,After reduction,simplified_constraints,constraints_before_after_histogram.pdf,1
dataset_20/uvl/model_20180930_1153905679.uvl,Constraints,After reduction,simplified_constraints,constraints_before_after_histogram.pdf,4
dataset_20/uvl/model_20181005_1705175151.uvl,Constraints,After reduction,simplified_constraints,constraints_before_after_histogram.pdf,1
dataset_20/uvl/model_20181016_583005690.uvl,Constraints,After reduction,simplified_constraints,constraints_before_after_histogram.pdf,3
dataset_20/uvl/model_20181019_994429580.uvl,Constraints,After reduction,simplified_constraints,constraints_before_after_histogram.pdf,2
dataset_20/uvl/model_20181024_611767532.uvl,Constraints,After reduction,simplified_constraints,constraints_before_after_histogram.pdf,2
dataset_20/uvl/model_20181029_2093756359.uvl,Constraints,After reduction,simplified_constraints,constraints_before_after_histogram.pdf,0
dataset_20/uvl/model_20181103_2077285196.uvl,Constraints,After reduction,simplified_constraints,constraints_before_after_histogram.pdf,3
dataset_20/uvl/model_20181104_43638915.uvl,Constraints,After reduction,simplified_constraints,constraints_before_after_histogram.pdf,5
dataset_20/uvl/model_20181118_1641295184.uvl,Constraints,After reduction,simplified_constraints,constraints_before_after_histogram.pdf,1
dataset_20/uvl/model_20181119_2037159342.uvl,Constraints,After reduction,simplified_constraints,constraints_before_after_histogram.pdf,5
dataset_20/uvl/model_20181205_2097248492.uvl,Constraints,After reduction,simplified_constraints,constraints_before_after_histogram.pdf,9
dataset_20/uvl/model_20181219_1343761699.uvl,Constraints,After reduction,simplified_constraints,constraints_before_after_histogram.pdf,38
dataset_20/uvl/model_20190108_414883666.uvl,Constraints,After reduction,simplified_constraints,constraints_before_after_histogram.pdf,0
dataset_20/uvl/model_20190117_1837815772.uvl,Constraints,After reduction,simplified_constraints,constraints_before_after_histogram.pdf,4
dataset_20/uvl/model_20190122_546529784.uvl,Constraints,After reduction,simplified_constraints,constraints_before_after_histogram.pdf,1
dataset_20/uvl/model_20190124_988857604.uvl,Constraints,After reduction,simplified_constraints,constraints_before_after_histogram.pdf,6
dataset_20/uvl/model_20190128_1522973155.uvl,Constraints,After reduction,simplified_constraints,constraints_before_after_histogram.pdf,3
dataset_20/uvl/model_20190129_1004578234.uvl,Constraints,After reduction,simplified_constraints,constraints_before_after_histogram.pdf,1
dataset_20/uvl/model_20190203_959278211.uvl,Constraints,After reduction,simplified_constraints,constraints_before_after_histogram.pdf,0
dataset_20/uvl/model_20190214_582844610.uvl,Constraints,After reduction,simplified_constraints,constraints_before_after_histogram.pdf,3
dataset_20/uvl/model_20190219_265960660.uvl,Constraints,After reduction,simplified_constraints,constraints_before_after_histogram.pdf,32
dataset_20/uvl/model_20190220_184230257.uvl,Constraints,After reduction,simplified_constraints,constraints_before_after_histogram.pdf,13
dataset_20/uvl/model_20190221_1604245950.uvl,Constraints,After reduction,simplified_constraints,constraints_before_after_histogram.pdf,3
dataset_20/uvl/model_20190223_1159148955.uvl,Constraints,After reduction,simplified_constraints,constraints_before_after_histogram.pdf,9
dataset_20/uvl/model_20190223_1275185141.uvl,Constraints,After reduction,simplified_constraints,constraints_before_after_histogram.pdf,12
dataset_20/uvl/model_20190223_2023041805.uvl,Constraints,After reduction,simplified_constraints,constraints_before_after_histogram.pdf,25
dataset_20/uvl/model_20190223_2034909826.uvl,Constraints,After reduction,simplified_constraints,constraints_before_after_histogram.pdf,56
dataset_20/uvl/model_20190228_1201197026.uvl,Constraints,After reduction,simplified_constraints,constraints_before_after_histogram.pdf,1
dataset_20/uvl/model_20190304_818967793.uvl,Constraints,After reduction,simplified_constraints,constraints_before_after_histogram.pdf,4
dataset_20/uvl/model_20190326_164569423.uvl,Constraints,After reduction,simplified_constraints,constraints_before_after_histogram.pdf,0
dataset_20/uvl/model_20190328_829158427.uvl,Constraints,After reduction,simplified_constraints,constraints_before_after_histogram.pdf,7
dataset_20/uvl/model_20190413_1966613868.uvl,Constraints,After reduction,simplified_constraints,constraints_before_after_histogram.pdf,259
dataset_20/uvl/model_20190416_284413958.uvl,Constraints,After reduction,simplified_constraints,constraints_before_after_histogram.pdf,5
dataset_20/uvl/model_20190416_545039882.uvl,Constraints,After reduction,simplified_constraints,constraints_before_after_histogram.pdf,0
dataset_20/uvl/model_20190416_886742925.uvl,Constraints,After reduction,simplified_constraints,constraints_before_after_histogram.pdf,0
dataset_20/uvl/model_20190430_2137275351.uvl,Constraints,After reduction,simplified_constraints,constraints_before_after_histogram.pdf,9
dataset_20/uvl/model_20190430_348224224.uvl,Constraints,After reduction,simplified_constraints,constraints_before_after_histogram.pdf,7
dataset_20/uvl/model_20190502_109355269.uvl,Constraints,After reduction,simplified_constraints,constraints_before_after_histogram.pdf,3
dataset_20/uvl/model_20190502_1338968023.uvl,Constraints,After reduction,simplified_constraints,constraints_before_after_histogram.pdf,0
dataset_20/uvl/model_20190503_1463982406.uvl,Constraints,After reduction,simplified_constraints,constraints_before_after_histogram.pdf,7
dataset_20/uvl/model_20190504_755268837.uvl,Constraints,After reduction,simplified_constraints,constraints_before_after_histogram.pdf,14
dataset_20/uvl/model_20190510_1232864614.uvl,Constraints,After reduction,simplified_constraints,constraints_before_after_histogram.pdf,6
dataset_20/uvl/model_20190510_899437477.uvl,Constraints,After reduction,simplified_constraints,constraints_before_after_histogram.pdf,5
dataset_20/uvl/model_20190513_110684557.uvl,Constraints,After reduction,simplified_constraints,constraints_before_after_histogram.pdf,3
dataset_20/uvl/model_20190513_1749709644.uvl,Constraints,After reduction,simplified_constraints,constraints_before_after_histogram.pdf,3
dataset_20/uvl/model_20190513_1805648090.uvl,Constraints,After reduction,simplified_constraints,constraints_before_after_histogram.pdf,2
dataset_20/uvl/model_20190513_215044614.uvl,Constraints,After reduction,simplified_constraints,constraints_before_after_histogram.pdf,0
dataset_20/uvl/model_20190513_554652357.uvl,Constraints,After reduction,simplified_constraints,constraints_before_after_histogram.pdf,0
dataset_20/uvl/model_20190513_639238065.uvl,Constraints,After reduction,simplified_constraints,constraints_before_after_histogram.pdf,1
dataset_20/uvl/model_20190514_850677966.uvl,Constraints,After reduction,simplified_constraints,constraints_before_after_histogram.pdf,4
dataset_20/uvl/model_20190522_227919886.uvl,Constraints,After reduction,simplified_constraints,constraints_before_after_histogram.pdf,4
dataset_20/uvl/model_20190526_2060834946.uvl,Constraints,After reduction,simplified_constraints,constraints_before_after_histogram.pdf,1
dataset_20/uvl/model_20190616_1868431112.uvl,Constraints,After reduction,simplified_constraints,constraints_before_after_histogram.pdf,18
dataset_20/uvl/model_20190619_50728308.uvl,Constraints,After reduction,simplified_constraints,constraints_before_after_histogram.pdf,0
dataset_20/uvl/model_20190624_198695067.uvl,Constraints,After reduction,simplified_constraints,constraints_before_after_histogram.pdf,0
dataset_20/uvl/model_20190730_1957937065.uvl,Constraints,After reduction,simplified_constraints,constraints_before_after_histogram.pdf,3
dataset_20/uvl/model_20190805_1041162508.uvl,Constraints,After reduction,simplified_constraints,constraints_before_after_histogram.pdf,0
dataset_20/uvl/model_20190824_1440931285.uvl,Constraints,After reduction,simplified_constraints,constraints_before_after_histogram.pdf,3
dataset_20/uvl/model_20190825_1083955002.uvl,Constraints,After reduction,simplified_constraints,constraints_before_after_histogram.pdf,3
dataset_20/uvl/model_20190904_400441788.uvl,Constraints,After reduction,simplified_constraints,constraints_before_after_histogram.pdf,139
dataset_20/uvl/model_20190913_1052617154.uvl,Constraints,After reduction,simplified_constraints,constraints_before_after_histogram.pdf,0
dataset_20/uvl/model_20190914_1323674619.uvl,Constraints,After reduction,simplified_constraints,constraints_before_after_histogram.pdf,0
dataset_20/uvl/model_20190915_1211977272.uvl,Constraints,After reduction,simplified_constraints,constraints_before_after_histogram.pdf,0
dataset_20/uvl/model_20190915_1647283170.uvl,Constraints,After reduction,simplified_constraints,constraints_before_after_histogram.pdf,0
dataset_20/uvl/model_20190915_38921055.uvl,Constraints,After reduction,simplified_constraints,constraints_before_after_histogram.pdf,0
dataset_20/uvl/model_20190916_1591625575.uvl,Constraints,After reduction,simplified_constraints,constraints_before_after_histogram.pdf,88
dataset_20/uvl/model_20190916_1777637747.uvl,Constraints,After reduction,simplified_constraints,constraints_before_after_histogram.pdf,0
dataset_20/uvl/model_20190916_233719618.uvl,Constraints,After reduction,simplified_constraints,constraints_before_after_histogram.pdf,0
dataset_20/uvl/model_20190916_779041735.uvl,Constraints,After reduction,simplified_constraints,constraints_before_after_histogram.pdf,45
dataset_20/uvl/model_20190917_1294871534.uvl,Constraints,After reduction,simplified_constraints,constraints_before_after_histogram.pdf,7
dataset_20/uvl/model_20190917_1352548057.uvl,Constraints,After reduction,simplified_constraints,constraints_before_after_histogram.pdf,16
dataset_20/uvl/model_20190917_1484600794.uvl,Constraints,After reduction,simplified_constraints,constraints_before_after_histogram.pdf,7
dataset_20/uvl/model_20190917_1598073515.uvl,Constraints,After reduction,simplified_constraints,constraints_before_after_histogram.pdf,0
dataset_20/uvl/model_20190917_1679843058.uvl,Constraints,After reduction,simplified_constraints,constraints_before_after_histogram.pdf,0
dataset_20/uvl/model_20190917_1844149588.uvl,Constraints,After reduction,simplified_constraints,constraints_before_after_histogram.pdf,155
dataset_20/uvl/model_20190917_1855142600.uvl,Constraints,After reduction,simplified_constraints,constraints_before_after_histogram.pdf,5
dataset_20/uvl/model_20190917_1882445879.uvl,Constraints,After reduction,simplified_constraints,constraints_before_after_histogram.pdf,0
dataset_20/uvl/model_20190917_383002664.uvl,Constraints,After reduction,simplified_constraints,constraints_before_after_histogram.pdf,94
dataset_20/uvl/model_20190917_490456110.uvl,Constraints,After reduction,simplified_constraints,constraints_before_after_histogram.pdf,37
dataset_20/uvl/model_20190917_512190943.uvl,Constraints,After reduction,simplified_constraints,constraints_before_after_histogram.pdf,23
dataset_20/uvl/model_20190917_552843992.uvl,Constraints,After reduction,simplified_constraints,constraints_before_after_histogram.pdf,7
dataset_20/uvl/model_20190917_595353381.uvl,Constraints,After reduction,simplified_constraints,constraints_before_after_histogram.pdf,0
dataset_20/uvl/model_20190917_659690280.uvl,Constraints,After reduction,simplified_constraints,constraints_before_after_histogram.pdf,0
dataset_20/uvl/model_20190917_729866659.uvl,Constraints,After reduction,simplified_constraints,constraints_before_after_histogram.pdf,9
dataset_20/uvl/model_20190917_75070341.uvl,Constraints,After reduction,simplified_constraints,constraints_before_after_histogram.pdf,78
dataset_20/uvl/model_20190917_80747458.uvl,Constraints,After reduction,simplified_constraints,constraints_before_after_histogram.pdf,0
dataset_20/uvl/model_20190917_896971240.uvl,Constraints,After reduction,simplified_constraints,constraints_before_after_histogram.pdf,72
dataset_20/uvl/model_20190918_1569717148.uvl,Constraints,After reduction,simplified_constraints,constraints_before_after_histogram.pdf,0
dataset_20/uvl/model_20190919_887233558.uvl,Constraints,After reduction,simplified_constraints,constraints_before_after_histogram.pdf,0
dataset_20/uvl/model_20190920_1330526555.uvl,Constraints,After reduction,simplified_constraints,constraints_before_after_histogram.pdf,0
dataset_20/uvl/model_20190920_56721129.uvl,Constraints,After reduction,simplified_constraints,constraints_before_after_histogram.pdf,0
dataset_20/uvl/model_20190920_579117949.uvl,Constraints,After reduction,simplified_constraints,constraints_before_after_histogram.pdf,0
dataset_20/uvl/model_20190921_1186818003.uvl,Constraints,After reduction,simplified_constraints,constraints_before_after_histogram.pdf,1
dataset_20/uvl/model_20190922_1316746975.uvl,Constraints,After reduction,simplified_constraints,constraints_before_after_histogram.pdf,0
dataset_20/uvl/model_20190922_230985682.uvl,Constraints,After reduction,simplified_constraints,constraints_before_after_histogram.pdf,0
dataset_20/uvl/model_20190922_267709941.uvl,Constraints,After reduction,simplified_constraints,constraints_before_after_histogram.pdf,0
dataset_20/uvl/model_20190922_499979669.uvl,Constraints,After reduction,simplified_constraints,constraints_before_after_histogram.pdf,4
dataset_20/uvl/model_20190922_718247414.uvl,Constraints,After reduction,simplified_constraints,constraints_before_after_histogram.pdf,0
dataset_20/uvl/model_20190922_729177560.uvl,Constraints,After reduction,simplified_constraints,constraints_before_after_histogram.pdf,0
dataset_20/uvl/model_20190929_1773228224.uvl,Constraints,After reduction,simplified_constraints,constraints_before_after_histogram.pdf,8
dataset_20/uvl/model_20191012_1432325334.uvl,Constraints,After reduction,simplified_constraints,constraints_before_after_histogram.pdf,23
dataset_20/uvl/model_20191016_1243022077.uvl,Constraints,After reduction,simplified_constraints,constraints_before_after_histogram.pdf,0
dataset_20/uvl/model_20191111_1176325905.uvl,Constraints,After reduction,simplified_constraints,constraints_before_after_histogram.pdf,0
dataset_20/uvl/model_20191115_635910941.uvl,Constraints,After reduction,simplified_constraints,constraints_before_after_histogram.pdf,0
dataset_20/uvl/model_20191119_1702487696.uvl,Constraints,After reduction,simplified_constraints,constraints_before_after_histogram.pdf,0
dataset_20/uvl/model_20191126_842054213.uvl,Constraints,After reduction,simplified_constraints,constraints_before_after_histogram.pdf,4
dataset_20/uvl/model_20200120_1111265554.uvl,Constraints,After reduction,simplified_constraints,constraints_before_after_histogram.pdf,0
dataset_20/uvl/model_20200121_827473084.uvl,Constraints,After reduction,simplified_constraints,constraints_before_after_histogram.pdf,0
dataset_20/uvl/model_20200128_1154759905.uvl,Constraints,After reduction,simplified_constraints,constraints_before_after_histogram.pdf,4
dataset_20/uvl/model_20200128_1186233455.uvl,Constraints,After reduction,simplified_constraints,constraints_before_after_histogram.pdf,4
dataset_20/uvl/model_20200128_1669015551.uvl,Constraints,After reduction,simplified_constraints,constraints_before_after_histogram.pdf,0
dataset_20/uvl/model_20200128_23228584.uvl,Constraints,After reduction,simplified_constraints,constraints_before_after_histogram.pdf,4
dataset_20/uvl/model_20200128_745414394.uvl,Constraints,After reduction,simplified_constraints,constraints_before_after_histogram.pdf,0
dataset_20/uvl/model_20200212_1763855182.uvl,Constraints,After reduction,simplified_constraints,constraints_before_after_histogram.pdf,0
dataset_20/uvl/model_20200225_1125771038.uvl,Constraints,After reduction,simplified_constraints,constraints_before_after_histogram.pdf,20
dataset_20/uvl/model_20200316_153170359.uvl,Constraints,After reduction,simplified_constraints,constraints_before_after_histogram.pdf,113
dataset_20/uvl/model_20200320_13307140.uvl,Constraints,After reduction,simplified_constraints,constraints_before_after_histogram.pdf,0
dataset_20/uvl/model_20200403_1286696698.uvl,Constraints,After reduction,simplified_constraints,constraints_before_after_histogram.pdf,26
dataset_20/uvl/model_20200403_1474941211.uvl,Constraints,After reduction,simplified_constraints,constraints_before_after_histogram.pdf,1
dataset_20/uvl/model_20200412_2136556876.uvl,Constraints,After reduction,simplified_constraints,constraints_before_after_histogram.pdf,0
dataset_20/uvl/model_20200413_90255108.uvl,Constraints,After reduction,simplified_constraints,constraints_before_after_histogram.pdf,57
dataset_20/uvl/model_20200425_1144751894.uvl,Constraints,After reduction,simplified_constraints,constraints_before_after_histogram.pdf,0
dataset_20/uvl/model_20200503_927740000.uvl,Constraints,After reduction,simplified_constraints,constraints_before_after_histogram.pdf,4
dataset_20/uvl/model_20200513_1559879338.uvl,Constraints,After reduction,simplified_constraints,constraints_before_after_histogram.pdf,1
dataset_20/uvl/model_20200517_1501498720.uvl,Constraints,After reduction,simplified_constraints,constraints_before_after_histogram.pdf,3
dataset_20/uvl/model_20200524_149606280.uvl,Constraints,After reduction,simplified_constraints,constraints_before_after_histogram.pdf,19
dataset_20/uvl/model_20200609_1715293706.uvl,Constraints,After reduction,simplified_constraints,constraints_before_after_histogram.pdf,7
dataset_20/uvl/model_20200619_2057881785.uvl,Constraints,After reduction,simplified_constraints,constraints_before_after_histogram.pdf,13
dataset_20/uvl/model_20200621_929471783.uvl,Constraints,After reduction,simplified_constraints,constraints_before_after_histogram.pdf,8
dataset_20/uvl/model_20200728_429027371.uvl,Constraints,After reduction,simplified_constraints,constraints_before_after_histogram.pdf,15
dataset_20/uvl/model_20200810_1006372985.uvl,Constraints,After reduction,simplified_constraints,constraints_before_after_histogram.pdf,3
dataset_20/uvl/model_20200810_1274447969.uvl,Constraints,After reduction,simplified_constraints,constraints_before_after_histogram.pdf,1
dataset_20/uvl/model_20200810_1407499848.uvl,Constraints,After reduction,simplified_constraints,constraints_before_after_histogram.pdf,4
dataset_20/uvl/model_20200810_1487197226.uvl,Constraints,After reduction,simplified_constraints,constraints_before_after_histogram.pdf,2
dataset_20/uvl/model_20200810_1781368898.uvl,Constraints,After reduction,simplified_constraints,constraints_before_after_histogram.pdf,0
dataset_20/uvl/model_20200810_1943380085.uvl,Constraints,After reduction,simplified_constraints,constraints_before_after_histogram.pdf,10
dataset_20/uvl/model_20200810_903664942.uvl,Constraints,After reduction,simplified_constraints,constraints_before_after_histogram.pdf,5
dataset_20/uvl/model_20200810_956997411.uvl,Constraints,After reduction,simplified_constraints,constraints_before_after_histogram.pdf,10
dataset_20/uvl/model_20200811_1911664133.uvl,Constraints,After reduction,simplified_constraints,constraints_before_after_histogram.pdf,6
dataset_20/uvl/model_20200811_368165701.uvl,Constraints,After reduction,simplified_constraints,constraints_before_after_histogram.pdf,0
dataset_20/uvl/model_20200813_1618100589.uvl,Constraints,After reduction,simplified_constraints,constraints_before_after_histogram.pdf,1
dataset_20/uvl/model_20200815_1845054862.uvl,Constraints,After reduction,simplified_constraints,constraints_before_after_histogram.pdf,10
dataset_20/uvl/model_20200815_41086763.uvl,Constraints,After reduction,simplified_constraints,constraints_before_after_histogram.pdf,4
dataset_20/uvl/model_20200815_433256797.uvl,Constraints,After reduction,simplified_constraints,constraints_before_after_histogram.pdf,7
dataset_20/uvl/model_20200815_582760962.uvl,Constraints,After reduction,simplified_constraints,constraints_before_after_histogram.pdf,0
dataset_20/uvl/model_20200816_1246721801.uvl,Constraints,After reduction,simplified_constraints,constraints_before_after_histogram.pdf,0
dataset_20/uvl/model_20200816_33425673.uvl,Constraints,After reduction,simplified_constraints,constraints_before_after_histogram.pdf,7
dataset_20/uvl/model_20200817_129447612.uvl,Constraints,After reduction,simplified_constraints,constraints_before_after_histogram.pdf,4
dataset_20/uvl/model_20200817_1333981485.uvl,Constraints,After reduction,simplified_constraints,constraints_before_after_histogram.pdf,9
dataset_20/uvl/model_20200819_498504850.uvl,Constraints,After reduction,simplified_constraints,constraints_before_after_histogram.pdf,5
dataset_20/uvl/model_20200819_710049424.uvl,Constraints,After reduction,simplified_constraints,constraints_before_after_histogram.pdf,14
dataset_20/uvl/model_20200819_795623217.uvl,Constraints,After reduction,simplified_constraints,constraints_before_after_histogram.pdf,20
dataset_20/uvl/model_20200829_1325519775.uvl,Constraints,After reduction,simplified_constraints,constraints_before_after_histogram.pdf,0
dataset_20/uvl/model_20200901_1356822502.uvl,Constraints,After reduction,simplified_constraints,constraints_before_after_histogram.pdf,15
dataset_20/uvl/model_20200901_1590540568.uvl,Constraints,After reduction,simplified_constraints,constraints_before_after_histogram.pdf,22
dataset_20/uvl/model_20200901_1615961503.uvl,Constraints,After reduction,simplified_constraints,constraints_before_after_histogram.pdf,15
dataset_20/uvl/model_20200901_164722413.uvl,Constraints,After reduction,simplified_constraints,constraints_before_after_histogram.pdf,0
dataset_20/uvl/model_20200901_2052923297.uvl,Constraints,After reduction,simplified_constraints,constraints_before_after_histogram.pdf,0
dataset_20/uvl/model_20200901_328439811.uvl,Constraints,After reduction,simplified_constraints,constraints_before_after_histogram.pdf,29
dataset_20/uvl/model_20200901_40084439.uvl,Constraints,After reduction,simplified_constraints,constraints_before_after_histogram.pdf,0
dataset_20/uvl/model_20200901_93573304.uvl,Constraints,After reduction,simplified_constraints,constraints_before_after_histogram.pdf,15
dataset_20/uvl/model_20200907_1296105910.uvl,Constraints,After reduction,simplified_constraints,constraints_before_after_histogram.pdf,30
dataset_20/uvl/model_20200907_1598312227.uvl,Constraints,After reduction,simplified_constraints,constraints_before_after_histogram.pdf,1
dataset_20/uvl/model_20200907_1678285822.uvl,Constraints,After reduction,simplified_constraints,constraints_before_after_histogram.pdf,6
dataset_20/uvl/model_20200909_844580970.uvl,Constraints,After reduction,simplified_constraints,constraints_before_after_histogram.pdf,17
dataset_20/uvl/model_20200919_469515687.uvl,Constraints,After reduction,simplified_constraints,constraints_before_after_histogram.pdf,6
dataset_20/uvl/model_20201002_1982652571.uvl,Constraints,After reduction,simplified_constraints,constraints_before_after_histogram.pdf,1
dataset_20/uvl/model_20201007_667063467.uvl,Constraints,After reduction,simplified_constraints,constraints_before_after_histogram.pdf,15
dataset_20/uvl/model_20201010_633615094.uvl,Constraints,After reduction,simplified_constraints,constraints_before_after_histogram.pdf,2
dataset_20/uvl/model_20201011_1804341944.uvl,Constraints,After reduction,simplified_constraints,constraints_before_after_histogram.pdf,0
dataset_20/uvl/model_20220910_809454030.uvl,Constraints,After reduction,simplified_constraints,constraints_before_after_histogram.pdf,14
dataset_20/uvl/model_20221004_622223252.uvl,Constraints,After reduction,simplified_constraints,constraints_before_after_histogram.pdf,0
dataset_20/uvl/model_20221009_1635938665.uvl,Constraints,After reduction,simplified_constraints,constraints_before_after_histogram.pdf,6
dataset_20/uvl/model_20221010_1477134717.uvl,Constraints,After reduction,simplified_constraints,constraints_before_after_histogram.pdf,5
dataset_20/uvl/model_20221013_1054303307.uvl,Constraints,After reduction,simplified_constraints,constraints_before_after_histogram.pdf,24
dataset_20/uvl/model_20221015_510481451.uvl,Constraints,After reduction,simplified_constraints,constraints_before_after_histogram.pdf,3
dataset_20/uvl/model_20221017_1844403757.uvl,Constraints,After reduction,simplified_constraints,constraints_before_after_histogram.pdf,0
dataset_20/uvl/model_20221018_544175819.uvl,Constraints,After reduction,simplified_constraints,constraints_before_after_histogram.pdf,4
dataset_20/uvl/model_20221025_2010292001.uvl,Constraints,After reduction,simplified_constraints,constraints_before_after_histogram.pdf,0
dataset_20/uvl/model_20221026_1860047321.uvl,Constraints,After reduction,simplified_constraints,constraints_before_after_histogram.pdf,43
dataset_20/uvl/model_20221029_568257220.uvl,Constraints,After reduction,simplified_constraints,constraints_before_after_histogram.pdf,14
dataset_20/uvl/model_20221031_340330235.uvl,Constraints,After reduction,simplified_constraints,constraints_before_after_histogram.pdf,0
dataset_20/uvl/model_20221101_871584152.uvl,Constraints,After reduction,simplified_constraints,constraints_before_after_histogram.pdf,40
dataset_20/uvl/model_20221102_1308706395.uvl,Constraints,After reduction,simplified_constraints,constraints_before_after_histogram.pdf,5
dataset_20/uvl/model_20221109_1435495840.uvl,Constraints,After reduction,simplified_constraints,constraints_before_after_histogram.pdf,3
dataset_20/uvl/model_20221114_1363146415.uvl,Constraints,After reduction,simplified_constraints,constraints_before_after_histogram.pdf,3
dataset_20/uvl/model_20221122_1612835830.uvl,Constraints,After reduction,simplified_constraints,constraints_before_after_histogram.pdf,11
dataset_20/uvl/model_20221125_1235088379.uvl,Constraints,After reduction,simplified_constraints,constraints_before_after_histogram.pdf,8
dataset_20/uvl/model_20221208_1038664369.uvl,Constraints,After reduction,simplified_constraints,constraints_before_after_histogram.pdf,6
dataset_20/uvl/model_20221208_1116778716.uvl,Constraints,After reduction,simplified_constraints,constraints_before_after_histogram.pdf,5
dataset_20/uvl/model_20221220_1576677705.uvl,Constraints,After reduction,simplified_constraints,constraints_before_after_histogram.pdf,13
dataset_20/uvl/model_20221229_1000010819.uvl,Constraints,After reduction,simplified_constraints,constraints_before_after_histogram.pdf,1
dataset_20/uvl/model_20221229_2070974785.uvl,Constraints,After reduction,simplified_constraints,constraints_before_after_histogram.pdf,1
dataset_20/uvl/model_20230120_1200060194.uvl,Constraints,After reduction,simplified_constraints,constraints_before_after_histogram.pdf,0
dataset_20/uvl/model_20230228_1021126902.uvl,Constraints,After reduction,simplified_constraints,constraints_before_after_histogram.pdf,1
dataset_20/uvl/model_20230313_612090761.uvl,Constraints,After reduction,simplified_constraints,constraints_before_after_histogram.pdf,3
dataset_20/uvl/model_20230322_1023477919.uvl,Constraints,After reduction,simplified_constraints,constraints_before_after_histogram.pdf,3
dataset_20/uvl/model_20230322_1028761227.uvl,Constraints,After reduction,simplified_constraints,constraints_before_after_histogram.pdf,1
dataset_20/uvl/model_20230322_1036375763.uvl,Constraints,After reduction,simplified_constraints,constraints_before_after_histogram.pdf,2
dataset_20/uvl/model_20230322_1194175451.uvl,Constraints,After reduction,simplified_constraints,constraints_before_after_histogram.pdf,0
dataset_20/uvl/model_20230322_1299985155.uvl,Constraints,After reduction,simplified_constraints,constraints_before_after_histogram.pdf,176
dataset_20/uvl/model_20230322_1548752135.uvl,Constraints,After reduction,simplified_constraints,constraints_before_after_histogram.pdf,8
dataset_20/uvl/model_20230322_1573076538.uvl,Constraints,After reduction,simplified_constraints,constraints_before_after_histogram.pdf,0
dataset_20/uvl/model_20230322_1814026223.uvl,Constraints,After reduction,simplified_constraints,constraints_before_after_histogram.pdf,6
dataset_20/uvl/model_20230322_1855764436.uvl,Constraints,After reduction,simplified_constraints,constraints_before_after_histogram.pdf,5
dataset_20/uvl/model_20230322_1882971454.uvl,Constraints,After reduction,simplified_constraints,constraints_before_after_histogram.pdf,1
dataset_20/uvl/model_20230322_1887635433.uvl,Constraints,After reduction,simplified_constraints,constraints_before_after_histogram.pdf,5
dataset_20/uvl/model_20230322_1914329788.uvl,Constraints,After reduction,simplified_constraints,constraints_before_after_histogram.pdf,5
dataset_20/uvl/model_20230322_2049733851.uvl,Constraints,After reduction,simplified_constraints,constraints_before_after_histogram.pdf,4
dataset_20/uvl/model_20230322_2065877531.uvl,Constraints,After reduction,simplified_constraints,constraints_before_after_histogram.pdf,1
dataset_20/uvl/model_20230322_208918165.uvl,Constraints,After reduction,simplified_constraints,constraints_before_after_histogram.pdf,2
dataset_20/uvl/model_20230322_242202942.uvl,Constraints,After reduction,simplified_constraints,constraints_before_after_histogram.pdf,1
dataset_20/uvl/model_20230322_307237036.uvl,Constraints,After reduction,simplified_constraints,constraints_before_after_histogram.pdf,12
dataset_20/uvl/model_20230322_310895789.uvl,Constraints,After reduction,simplified_constraints,constraints_before_after_histogram.pdf,1
dataset_20/uvl/model_20230322_342259021.uvl,Constraints,After reduction,simplified_constraints,constraints_before_after_histogram.pdf,7
dataset_20/uvl/model_20230322_413432441.uvl,Constraints,After reduction,simplified_constraints,constraints_before_after_histogram.pdf,0
dataset_20/uvl/model_20230322_492815120.uvl,Constraints,After reduction,simplified_constraints,constraints_before_after_histogram.pdf,24
dataset_20/uvl/model_20230322_497943934.uvl,Constraints,After reduction,simplified_constraints,constraints_before_after_histogram.pdf,2
dataset_20/uvl/model_20230322_572568226.uvl,Constraints,After reduction,simplified_constraints,constraints_before_after_histogram.pdf,9
dataset_20/uvl/model_20230322_604627146.uvl,Constraints,After reduction,simplified_constraints,constraints_before_after_histogram.pdf,8
dataset_20/uvl/model_20230322_61558144.uvl,Constraints,After reduction,simplified_constraints,constraints_before_after_histogram.pdf,0
dataset_20/uvl/model_20230322_729074756.uvl,Constraints,After reduction,simplified_constraints,constraints_before_after_histogram.pdf,12
dataset_20/uvl/model_20230322_774285627.uvl,Constraints,After reduction,simplified_constraints,constraints_before_after_histogram.pdf,4
dataset_20/uvl/model_20230322_812446738.uvl,Constraints,After reduction,simplified_constraints,constraints_before_after_histogram.pdf,4
dataset_20/uvl/model_20230322_928718925.uvl,Constraints,After reduction,simplified_constraints,constraints_before_after_histogram.pdf,8
dataset_20/uvl/model_20230323_1102049462.uvl,Constraints,After reduction,simplified_constraints,constraints_before_after_histogram.pdf,0
dataset_20/uvl/model_20230323_1108197556.uvl,Constraints,After reduction,simplified_constraints,constraints_before_after_histogram.pdf,4
dataset_20/uvl/model_20230323_1971213764.uvl,Constraints,After reduction,simplified_constraints,constraints_before_after_histogram.pdf,8
dataset_20/uvl/model_20230323_425392427.uvl,Constraints,After reduction,simplified_constraints,constraints_before_after_histogram.pdf,7
dataset_20/uvl/model_20230323_58681865.uvl,Constraints,After reduction,simplified_constraints,constraints_before_after_histogram.pdf,4
dataset_20/uvl/model_20230323_642188361.uvl,Constraints,After reduction,simplified_constraints,constraints_before_after_histogram.pdf,2
dataset_20/uvl/model_20230323_867226898.uvl,Constraints,After reduction,simplified_constraints,constraints_before_after_histogram.pdf,4
dataset_20/uvl/model_20230323_901833353.uvl,Constraints,After reduction,simplified_constraints,constraints_before_after_histogram.pdf,30
dataset_20/uvl/model_20230422_2139223494.uvl,Constraints,After reduction,simplified_constraints,constraints_before_after_histogram.pdf,49
dataset_20/uvl/model_20230423_1943321532.uvl,Constraints,After reduction,simplified_constraints,constraints_before_after_histogram.pdf,1
dataset_20/uvl/model_20230426_159926820.uvl,Constraints,After reduction,simplified_constraints,constraints_before_after_histogram.pdf,34
dataset_20/uvl/model_20230505_1739075744.uvl,Constraints,After reduction,simplified_constraints,constraints_before_after_histogram.pdf,9
dataset_20/uvl/model_20230608_1658584159.uvl,Constraints,After reduction,simplified_constraints,constraints_before_after_histogram.pdf,1
dataset_20/uvl/model_20230609_1502711362.uvl,Constraints,After reduction,simplified_constraints,constraints_before_after_histogram.pdf,0
dataset_20/uvl/model_20230613_1168762973.uvl,Constraints,After reduction,simplified_constraints,constraints_before_after_histogram.pdf,11
dataset_20/uvl/model_20230615_1063099089.uvl,Constraints,After reduction,simplified_constraints,constraints_before_after_histogram.pdf,30
dataset_20/uvl/model_20230615_743611401.uvl,Constraints,After reduction,simplified_constraints,constraints_before_after_histogram.pdf,4
dataset_20/uvl/model_20230615_784426434.uvl,Constraints,After reduction,simplified_constraints,constraints_before_after_histogram.pdf,1
dataset_20/uvl/model_20230616_862941800.uvl,Constraints,After reduction,simplified_constraints,constraints_before_after_histogram.pdf,11
dataset_20/uvl/model_20230630_666266911.uvl,Constraints,After reduction,simplified_constraints,constraints_before_after_histogram.pdf,2
dataset_20/uvl/movies_app_fm.uvl,Constraints,After reduction,simplified_constraints,constraints_before_after_histogram.pdf,0
dataset_20/uvl/smart_home_fm.uvl,Constraints,After reduction,simplified_constraints,constraints_before_after_histogram.pdf,0
dataset_20/uvl/stack_fm.uvl,Constraints,After reduction,simplified_constraints,constraints_before_after_histogram.pdf,7
dataset_3/uvl/dm_HICSSDM.csv.uvl,Constraints,After reduction,simplified_constraints,constraints_before_after_histogram.pdf,0
dataset_4/uvl/dm_eShop_DM.csv.uvl,Constraints,After reduction,simplified_constraints,constraints_before_after_histogram.pdf,4
dataset_42/uvl/step1 Determine the information you need to display.uvl,Constraints,After reduction,simplified_constraints,constraints_before_after_histogram.pdf,64
dataset_42/uvl/step2 Select the best means to display the information (tables).uvl,Constraints,After reduction,simplified_constraints,constraints_before_after_histogram.pdf,9
"dataset_42/uvl/step3 Design the display to show the information simply, clearly and accurately (graphs).uvl",Constraints,After reduction,simplified_constraints,constraints_before_after_histogram.pdf,0
dataset_42/uvl/step4 Select the implementation for the visualization (graphs).uvl,Constraints,After reduction,simplified_constraints,constraints_before_after_histogram.pdf,12
dataset_42/uvl/step4 Select the implementation for the visualization (tables).uvl,Constraints,After reduction,simplified_constraints,constraints_before_after_histogram.pdf,12
dataset_43/uvl/model.uvl,Constraints,After reduction,simplified_constraints,constraints_before_after_histogram.pdf,2
dataset_44/uvl/software_strategies.uvl,Constraints,After reduction,simplified_constraints,constraints_before_after_histogram.pdf,24
dataset_45/uvl/SGPL.uvl,Constraints,After reduction,simplified_constraints,constraints_before_after_histogram.pdf,73
dataset_46/uvl/miband1.uvl,Constraints,After reduction,simplified_constraints,constraints_before_after_histogram.pdf,0
dataset_46/uvl/miband1_planned.uvl,Constraints,After reduction,simplified_constraints,constraints_before_after_histogram.pdf,0
dataset_46/uvl/miband1_realized.uvl,Constraints,After reduction,simplified_constraints,constraints_before_after_histogram.pdf,0
dataset_46/uvl/miband1s.uvl,Constraints,After reduction,simplified_constraints,constraints_before_after_histogram.pdf,0
dataset_46/uvl/miband1s_planned.uvl,Constraints,After reduction,simplified_constraints,constraints_before_after_histogram.pdf,0
dataset_46/uvl/miband1s_realized.uvl,Constraints,After reduction,simplified_constraints,constraints_before_after_histogram.pdf,0
dataset_46/uvl/miband2.uvl,Constraints,After reduction,simplified_constraints,constraints_before_after_histogram.pdf,2
dataset_46/uvl/miband2_planned.uvl,Constraints,After reduction,simplified_constraints,constraints_before_after_histogram.pdf,4
dataset_46/uvl/miband2_realized.uvl,Constraints,After reduction,simplified_constraints,constraints_before_after_histogram.pdf,4
dataset_46/uvl/miband3.uvl,Constraints,After reduction,simplified_constraints,constraints_before_after_histogram.pdf,4
dataset_46/uvl/miband3_planned.uvl,Constraints,After reduction,simplified_constraints,constraints_before_after_histogram.pdf,5
dataset_46/uvl/miband3_realized.uvl,Constraints,After reduction,simplified_constraints,constraints_before_after_histogram.pdf,3
dataset_46/uvl/miband4.uvl,Constraints,After reduction,simplified_constraints,constraints_before_after_histogram.pdf,17
dataset_46/uvl/miband4_planned.uvl,Constraints,After reduction,simplified_constraints,constraints_before_after_histogram.pdf,10
dataset_46/uvl/miband4_realized.uvl,Constraints,After reduction,simplified_constraints,constraints_before_after_histogram.pdf,19
dataset_46/uvl/miband5.uvl,Constraints,After reduction,simplified_constraints,constraints_before_after_histogram.pdf,27
dataset_46/uvl/miband5_planned.uvl,Constraints,After reduction,simplified_constraints,constraints_before_after_histogram.pdf,10
dataset_46/uvl/miband5_realized.uvl,Constraints,After reduction,simplified_constraints,constraints_before_after_histogram.pdf,17
dataset_46/uvl/miband6.uvl,Constraints,After reduction,simplified_constraints,constraints_before_after_histogram.pdf,28
dataset_46/uvl/miband6_planned.uvl,Constraints,After reduction,simplified_constraints,constraints_before_after_histogram.pdf,10
dataset_46/uvl/miband6_realized.uvl,Constraints,After reduction,simplified_constraints,constraints_before_after_histogram.pdf,27
dataset_46/uvl/miband7.uvl,Constraints,After reduction,simplified_constraints,constraints_before_after_histogram.pdf,26
dataset_46/uvl/miband7_planned.uvl,Constraints,After reduction,simplified_constraints,constraints_before_after_histogram.pdf,14
dataset_46/uvl/miband7_realized.uvl,Constraints,After reduction,simplified_constraints,constraints_before_after_histogram.pdf,28
dataset_46/uvl/miband8.uvl,Constraints,After reduction,simplified_constraints,constraints_before_after_histogram.pdf,25
dataset_46/uvl/miband8_planned.uvl,Constraints,After reduction,simplified_constraints,constraints_before_after_histogram.pdf,19
dataset_46/uvl/miband8_realized.uvl,Constraints,After reduction,simplified_constraints,constraints_before_after_histogram.pdf,27
dataset_48/uvl/REAL-FM-4.uvl,Constraints,After reduction,simplified_constraints,constraints_before_after_histogram.pdf,59
dataset_48/uvl/busybox-1.18.0.uvl,Constraints,After reduction,simplified_constraints,constraints_before_after_histogram.pdf,63
dataset_48/uvl/ea2468.uvl,Constraints,After reduction,simplified_constraints,constraints_before_after_histogram.pdf,1089
dataset_49/uvl/REAL-FM-4.uvl,Constraints,After reduction,simplified_constraints,constraints_before_after_histogram.pdf,59
dataset_49/uvl/REAL-FM-7.uvl,Constraints,After reduction,simplified_constraints,constraints_before_after_histogram.pdf,2
dataset_49/uvl/arcade-game.uvl,Constraints,After reduction,simplified_constraints,constraints_before_after_histogram.pdf,36
dataset_49/uvl/busybox-1.18.0.uvl,Constraints,After reduction,simplified_constraints,constraints_before_after_histogram.pdf,63
dataset_49/uvl/ea2468.uvl,Constraints,After reduction,simplified_constraints,constraints_before_after_histogram.pdf,1089
dataset_49/uvl/fqa.uvl,Constraints,After reduction,simplified_constraints,constraints_before_after_histogram.pdf,12
dataset_5/uvl/berkeleydb.uvl,Constraints,After reduction,simplified_constraints,constraints_before_after_histogram.pdf,27
dataset_50/uvl/SGPL.uvl,Constraints,After reduction,simplified_constraints,constraints_before_after_histogram.pdf,73
dataset_51/uvl/SGPL_reduced.uvl,Constraints,After reduction,simplified_constraints,constraints_before_after_histogram.pdf,9
dataset_52/uvl/CDI.uvl,Constraints,After reduction,simplified_constraints,constraints_before_after_histogram.pdf,24
dataset_56/uvl/TankWar_gft.uvl,Constraints,After reduction,simplified_constraints,constraints_before_after_histogram.pdf,6
dataset_57/uvl/Bausatz_2025_Ingredients.uvl,Constraints,After reduction,simplified_constraints,constraints_before_after_histogram.pdf,0
dataset_57/uvl/Bausatz_2025_Spirits.uvl,Constraints,After reduction,simplified_constraints,constraints_before_after_histogram.pdf,0
dataset_57/uvl/Bibra_2025_Bases.uvl,Constraints,After reduction,simplified_constraints,constraints_before_after_histogram.pdf,0
dataset_57/uvl/Bibra_2025_Dressings.uvl,Constraints,After reduction,simplified_constraints,constraints_before_after_histogram.pdf,0
dataset_57/uvl/Bibra_2025_FinalTouch.uvl,Constraints,After reduction,simplified_constraints,constraints_before_after_histogram.pdf,0
dataset_57/uvl/Bibra_2025_Ingredients.uvl,Constraints,After reduction,simplified_constraints,constraints_before_after_histogram.pdf,0
dataset_57/uvl/Bibra_2025_Marinades.uvl,Constraints,After reduction,simplified_constraints,constraints_before_after_histogram.pdf,0
dataset_57/uvl/Bibra_2025_Proteins.uvl,Constraints,After reduction,simplified_constraints,constraints_before_after_histogram.pdf,0
dataset_57/uvl/Fuengirola_Pizzas.uvl,Constraints,After reduction,simplified_constraints,constraints_before_after_histogram.pdf,51
dataset_57/uvl/JustSalad_2025_Additions.uvl,Constraints,After reduction,simplified_constraints,constraints_before_after_histogram.pdf,0
dataset_57/uvl/NamasteRincon_Pizza.uvl,Constraints,After reduction,simplified_constraints,constraints_before_after_histogram.pdf,2
dataset_57/uvl/Turkish_2025_Ingredients.uvl,Constraints,After reduction,simplified_constraints,constraints_before_after_histogram.pdf,0
dataset_58/uvl/IngredientsFM.uvl,Constraints,After reduction,simplified_constraints,constraints_before_after_histogram.pdf,0
dataset_6/uvl/financialservices01.uvl,Constraints,After reduction,simplified_constraints,constraints_before_after_histogram.pdf,2406
dataset_61/uvl/model-v1.uvl,Constraints,After reduction,simplified_constraints,constraints_before_after_histogram.pdf,12
dataset_61/uvl/model-v2.uvl,Constraints,After reduction,simplified_constraints,constraints_before_after_histogram.pdf,12
dataset_61/uvl/model-v3.uvl,Constraints,After reduction,simplified_constraints,constraints_before_after_histogram.pdf,133
dataset_61/uvl/model-v4.uvl,Constraints,After reduction,simplified_constraints,constraints_before_after_histogram.pdf,136
dataset_61/uvl/model-v5.uvl,Constraints,After reduction,simplified_constraints,constraints_before_after_histogram.pdf,292
dataset_61/uvl/model-v6.uvl,Constraints,After reduction,simplified_constraints,constraints_before_after_histogram.pdf,1993
dataset_61/uvl/model-v8.uvl,Constraints,After reduction,simplified_constraints,constraints_before_after_histogram.pdf,1396
dataset_7/uvl/2017-05-22.uvl,Constraints,After reduction,simplified_constraints,constraints_before_after_histogram.pdf,1872
dataset_7/uvl/2017-09-28.uvl,Constraints,After reduction,simplified_constraints,constraints_before_after_histogram.pdf,2521
dataset_7/uvl/2017-10-20.uvl,Constraints,After reduction,simplified_constraints,constraints_before_after_histogram.pdf,2464
dataset_7/uvl/2017-11-20.uvl,Constraints,After reduction,simplified_constraints,constraints_before_after_histogram.pdf,3084
dataset_7/uvl/2017-12-22.uvl,Constraints,After reduction,simplified_constraints,constraints_before_after_histogram.pdf,3310
dataset_7/uvl/2018-01-23.uvl,Constraints,After reduction,simplified_constraints,constraints_before_after_histogram.pdf,3555
dataset_7/uvl/2018-02-20.uvl,Constraints,After reduction,simplified_constraints,constraints_before_after_histogram.pdf,3987
dataset_7/uvl/2018-03-26.uvl,Constraints,After reduction,simplified_constraints,constraints_before_after_histogram.pdf,3685
dataset_7/uvl/2018-04-23.uvl,Constraints,After reduction,simplified_constraints,constraints_before_after_histogram.pdf,2294
dataset_7/uvl/2018-05-09.uvl,Constraints,After reduction,simplified_constraints,constraints_before_after_histogram.pdf,2406
dataset_70/uvl/strategies.uvl,Constraints,After reduction,simplified_constraints,constraints_before_after_histogram.pdf,24
dataset_72/uvl/An_Instrument_for_Measuring Variability_Thinking.uvl,Constraints,After reduction,simplified_constraints,constraints_before_after_histogram.pdf,9
dataset_73/uvl/Dashboard.uvl,Constraints,After reduction,simplified_constraints,constraints_before_after_histogram.pdf,11
dataset_74/uvl/sample_splent_app.uvl,Constraints,After reduction,simplified_constraints,constraints_before_after_histogram.pdf,2
dataset_75/uvl/sample_splent_app.uvl,Constraints,After reduction,simplified_constraints,constraints_before_after_histogram.pdf,2
dataset_78/uvl/FitApp.uvl,Constraints,After reduction,simplified_constraints,constraints_before_after_histogram.pdf,16
dataset_78/uvl/FitnessApp.uvl,Constraints,After reduction,simplified_constraints,constraints_before_after_histogram.pdf,24
dataset_78/uvl/GpsPort.uvl,Constraints,After reduction,simplified_constraints,constraints_before_after_histogram.pdf,3
dataset_78/uvl/MonumentosZaragoza.uvl,Constraints,After reduction,simplified_constraints,constraints_before_after_histogram.pdf,4
dataset_78/uvl/SdaWorld.uvl,Constraints,After reduction,simplified_constraints,constraints_before_after_histogram.pdf,0
dataset_79/uvl/CasetViejaEscuela.uvl,Constraints,After reduction,simplified_constraints,constraints_before_after_histogram.pdf,4
dataset_79/uvl/FinTrack.uvl,Constraints,After reduction,simplified_constraints,constraints_before_after_histogram.pdf,6
dataset_80/uvl/propeller.uvl,Constraints,After reduction,simplified_constraints,constraints_before_after_histogram.pdf,30
dataset_81/uvl/sample_splent_app.uvl,Constraints,After reduction,simplified_constraints,constraints_before_after_histogram.pdf,5
dataset_82/uvl/sample_splent_app.uvl,Constraints,After reduction,simplified_constraints,constraints_before_after_histogram.pdf,4
dataset_87/uvl/cms_spl.uvl,Constraints,After reduction,simplified_constraints,constraints_before_after_histogram.pdf,8
dataset_88/uvl/marketplace_spl.uvl,Constraints,After reduction,simplified_constraints,constraints_before_after_histogram.pdf,1
dataset_89/uvl/demo_spl.uvl,Constraints,After reduction,simplified_constraints,constraints_before_after_histogram.pdf,0
dataset_90/uvl/demo_spl.uvl,Constraints,After reduction,simplified_constraints,constraints_before_after_histogram.pdf,0
dataset_91/uvl/demo_spl.uvl,Constraints,After reduction,simplified_constraints,constraints_before_after_histogram.pdf,0
dataset_92/uvl/openwiki_spl.uvl,Constraints,After reduction,simplified_constraints,constraints_before_after_histogram.pdf,2
dataset_93/uvl/openwiki_spl.uvl,Constraints,After reduction,simplified_constraints,constraints_before_after_histogram.pdf,3
dataset_94/uvl/cms_spl.uvl,Constraints,After reduction,simplified_constraints,constraints_before_after_histogram.pdf,13
dataset_95/uvl/cms_spl.uvl,Constraints,After reduction,simplified_constraints,constraints_before_after_histogram.pdf,14
dataset_96/uvl/cms_spl.uvl,Constraints,After reduction,simplified_constraints,constraints_before_after_histogram.pdf,14
dataset_97/uvl/cms_spl.uvl,Constraints,After reduction,simplified_constraints,constraints_before_after_histogram.pdf,14
dataset_1/uvl/dm_mobile_phone.csv.uvl,Features,Before reduction,original_features,features_before_after_histogram.pdf,11
dataset_10/uvl/automotive01.uvl,Features,Before reduction,original_features,features_before_after_histogram.pdf,2513
dataset_11/uvl/XSEngine.uvl,Features,Before reduction,original_features,features_before_after_histogram.pdf,1273
dataset_11/uvl/aaed2000.uvl,Features,Before reduction,original_features,features_before_after_histogram.pdf,1298
dataset_11/uvl/adder.uvl,Features,Before reduction,original_features,features_before_after_histogram.pdf,1285
dataset_11/uvl/adderII.uvl,Features,Before reduction,original_features,features_before_after_histogram.pdf,1289
dataset_11/uvl/aeb.uvl,Features,Before reduction,original_features,features_before_after_histogram.pdf,1226
dataset_11/uvl/aim711.uvl,Features,Before reduction,original_features,features_before_after_histogram.pdf,1277
dataset_11/uvl/aki3068net.uvl,Features,Before reduction,original_features,features_before_after_histogram.pdf,1220
dataset_11/uvl/am31_sim.uvl,Features,Before reduction,original_features,features_before_after_histogram.pdf,1178
dataset_11/uvl/asb.uvl,Features,Before reduction,original_features,features_before_after_histogram.pdf,1244
dataset_11/uvl/asb2305.uvl,Features,Before reduction,original_features,features_before_after_histogram.pdf,1255
dataset_11/uvl/assabet.uvl,Features,Before reduction,original_features,features_before_after_histogram.pdf,1279
dataset_11/uvl/at91sam7sek.uvl,Features,Before reduction,original_features,features_before_after_histogram.pdf,1309
dataset_11/uvl/at91sam7xek.uvl,Features,Before reduction,original_features,features_before_after_histogram.pdf,1332
dataset_11/uvl/atlas_mips32_4kc.uvl,Features,Before reduction,original_features,features_before_after_histogram.pdf,1229
dataset_11/uvl/atlas_mips64_5kc.uvl,Features,Before reduction,original_features,features_before_after_histogram.pdf,1222
dataset_11/uvl/brutus.uvl,Features,Before reduction,original_features,features_before_after_histogram.pdf,1234
dataset_11/uvl/calm16_ceb.uvl,Features,Before reduction,original_features,features_before_after_histogram.pdf,1186
dataset_11/uvl/calm32_ceb.uvl,Features,Before reduction,original_features,features_before_after_histogram.pdf,1186
dataset_11/uvl/ceb_v850.uvl,Features,Before reduction,original_features,features_before_after_histogram.pdf,1202
dataset_11/uvl/cerf.uvl,Features,Before reduction,original_features,features_before_after_histogram.pdf,1289
dataset_11/uvl/cerfpda.uvl,Features,Before reduction,original_features,features_before_after_histogram.pdf,1304
dataset_11/uvl/cma230.uvl,Features,Before reduction,original_features,features_before_after_histogram.pdf,1225
dataset_11/uvl/cma28x.uvl,Features,Before reduction,original_features,features_before_after_histogram.pdf,1217
dataset_11/uvl/cme555.uvl,Features,Before reduction,original_features,features_before_after_histogram.pdf,1279
dataset_11/uvl/cq7708.uvl,Features,Before reduction,original_features,features_before_after_histogram.pdf,1252
dataset_11/uvl/cq7750.uvl,Features,Before reduction,original_features,features_before_after_histogram.pdf,1281
dataset_11/uvl/csb281.uvl,Features,Before reduction,original_features,features_before_after_histogram.pdf,1246
dataset_11/uvl/dreamcast.uvl,Features,Before reduction,original_features,features_before_after_histogram.pdf,1266
dataset_11/uvl/e7t.uvl,Features,Before reduction,original_features,features_before_after_histogram.pdf,1280
dataset_11/uvl/ea2468.uvl,Features,Before reduction,original_features,features_before_after_histogram.pdf,1408
dataset_11/uvl/eb40.uvl,Features,Before reduction,original_features,features_before_after_histogram.pdf,1253
dataset_11/uvl/eb40a.uvl,Features,Before reduction,original_features,features_before_after_histogram.pdf,1254
dataset_11/uvl/eb42.uvl,Features,Before reduction,original_features,features_before_after_histogram.pdf,1247
dataset_11/uvl/eb55.uvl,Features,Before reduction,original_features,features_before_after_histogram.pdf,1283
dataset_11/uvl/ebsa285.uvl,Features,Before reduction,original_features,features_before_after_histogram.pdf,1258
dataset_11/uvl/ec555.uvl,Features,Before reduction,original_features,features_before_after_histogram.pdf,1280
dataset_11/uvl/edb7xxx.uvl,Features,Before reduction,original_features,features_before_after_histogram.pdf,1259
dataset_11/uvl/edosk2674.uvl,Features,Before reduction,original_features,features_before_after_histogram.pdf,1207
dataset_11/uvl/excalibur_arm9.uvl,Features,Before reduction,original_features,features_before_after_histogram.pdf,1247
dataset_11/uvl/fads.uvl,Features,Before reduction,original_features,features_before_after_histogram.pdf,1200
dataset_11/uvl/flexanet.uvl,Features,Before reduction,original_features,features_before_after_histogram.pdf,1278
dataset_11/uvl/frv400.uvl,Features,Before reduction,original_features,features_before_after_histogram.pdf,1251
dataset_11/uvl/gps4020.uvl,Features,Before reduction,original_features,features_before_after_histogram.pdf,1226
dataset_11/uvl/grg.uvl,Features,Before reduction,original_features,features_before_after_histogram.pdf,1254
dataset_11/uvl/h8300h_sim.uvl,Features,Before reduction,original_features,features_before_after_histogram.pdf,1195
dataset_11/uvl/h8max.uvl,Features,Before reduction,original_features,features_before_after_histogram.pdf,1215
dataset_11/uvl/h8s_sim.uvl,Features,Before reduction,original_features,features_before_after_histogram.pdf,1196
dataset_11/uvl/hs7729pci.uvl,Features,Before reduction,original_features,features_before_after_histogram.pdf,1312
dataset_11/uvl/innovator.uvl,Features,Before reduction,original_features,features_before_after_histogram.pdf,1270
dataset_11/uvl/integrator_arm7.uvl,Features,Before reduction,original_features,features_before_after_histogram.pdf,1272
dataset_11/uvl/integrator_arm9.uvl,Features,Before reduction,original_features,features_before_after_histogram.pdf,1281
dataset_11/uvl/ipaq.uvl,Features,Before reduction,original_features,features_before_after_histogram.pdf,1271
dataset_11/uvl/iq80310.uvl,Features,Before reduction,original_features,features_before_after_histogram.pdf,1271
dataset_11/uvl/iq80321.uvl,Features,Before reduction,original_features,features_before_after_histogram.pdf,1269
dataset_11/uvl/ixdp425.uvl,Features,Before reduction,original_features,features_before_after_histogram.pdf,1260
dataset_11/uvl/jmr3904.uvl,Features,Before reduction,original_features,features_before_after_histogram.pdf,1212
dataset_11/uvl/jtst.uvl,Features,Before reduction,original_features,features_before_after_histogram.pdf,1254
dataset_11/uvl/linux.uvl,Features,Before reduction,original_features,features_before_after_histogram.pdf,1245
dataset_11/uvl/lpcmt.uvl,Features,Before reduction,original_features,features_before_after_histogram.pdf,1262
dataset_11/uvl/m5272c3.uvl,Features,Before reduction,original_features,features_before_after_histogram.pdf,1336
dataset_11/uvl/mac7100evb.uvl,Features,Before reduction,original_features,features_before_after_histogram.pdf,1247
dataset_11/uvl/mace1.uvl,Features,Before reduction,original_features,features_before_after_histogram.pdf,1247
dataset_11/uvl/malta_mips32_4kc.uvl,Features,Before reduction,original_features,features_before_after_histogram.pdf,1245
dataset_11/uvl/malta_mips64_5kc.uvl,Features,Before reduction,original_features,features_before_after_histogram.pdf,1245
dataset_11/uvl/mb93091.uvl,Features,Before reduction,original_features,features_before_after_histogram.pdf,1263
dataset_11/uvl/mb93093.uvl,Features,Before reduction,original_features,features_before_after_histogram.pdf,1243
dataset_11/uvl/mbx.uvl,Features,Before reduction,original_features,features_before_after_histogram.pdf,1308
dataset_11/uvl/mcb2100.uvl,Features,Before reduction,original_features,features_before_after_histogram.pdf,1262
dataset_11/uvl/moab.uvl,Features,Before reduction,original_features,features_before_after_histogram.pdf,1291
dataset_11/uvl/mpc50.uvl,Features,Before reduction,original_features,features_before_after_histogram.pdf,1226
dataset_11/uvl/nano.uvl,Features,Before reduction,original_features,features_before_after_histogram.pdf,1278
dataset_11/uvl/npwr.uvl,Features,Before reduction,original_features,features_before_after_histogram.pdf,1271
dataset_11/uvl/ocelot.uvl,Features,Before reduction,original_features,features_before_after_histogram.pdf,1279
dataset_11/uvl/olpce2294.uvl,Features,Before reduction,original_features,features_before_after_histogram.pdf,1287
dataset_11/uvl/olpch2294.uvl,Features,Before reduction,original_features,features_before_after_histogram.pdf,1274
dataset_11/uvl/olpcl2294.uvl,Features,Before reduction,original_features,features_before_after_histogram.pdf,1286
dataset_11/uvl/p2106.uvl,Features,Before reduction,original_features,features_before_after_histogram.pdf,1262
dataset_11/uvl/pati.uvl,Features,Before reduction,original_features,features_before_after_histogram.pdf,1261
dataset_11/uvl/pc_i82544.uvl,Features,Before reduction,original_features,features_before_after_histogram.pdf,1272
dataset_11/uvl/pc_i82559.uvl,Features,Before reduction,original_features,features_before_after_histogram.pdf,1272
dataset_11/uvl/pc_rltk8139.uvl,Features,Before reduction,original_features,features_before_after_histogram.pdf,1270
dataset_11/uvl/pc_usb_d12.uvl,Features,Before reduction,original_features,features_before_after_histogram.pdf,1294
dataset_11/uvl/pc_vmWare.uvl,Features,Before reduction,original_features,features_before_after_histogram.pdf,1268
dataset_11/uvl/phycore.uvl,Features,Before reduction,original_features,features_before_after_histogram.pdf,1287
dataset_11/uvl/phycore229x.uvl,Features,Before reduction,original_features,features_before_after_histogram.pdf,1373
dataset_11/uvl/picasso.uvl,Features,Before reduction,original_features,features_before_after_histogram.pdf,1261
dataset_11/uvl/pid.uvl,Features,Before reduction,original_features,features_before_after_histogram.pdf,1242
dataset_11/uvl/prpmc1100.uvl,Features,Before reduction,original_features,features_before_after_histogram.pdf,1236
dataset_11/uvl/psim.uvl,Features,Before reduction,original_features,features_before_after_histogram.pdf,1194
dataset_11/uvl/rattler.uvl,Features,Before reduction,original_features,features_before_after_histogram.pdf,1324
dataset_11/uvl/ref4955.uvl,Features,Before reduction,original_features,features_before_after_histogram.pdf,1231
dataset_11/uvl/refidt334.uvl,Features,Before reduction,original_features,features_before_after_histogram.pdf,1276
dataset_11/uvl/sa1100mm.uvl,Features,Before reduction,original_features,features_before_after_histogram.pdf,1235
dataset_11/uvl/sam7ex256.uvl,Features,Before reduction,original_features,features_before_after_histogram.pdf,1345
dataset_11/uvl/se7751.uvl,Features,Before reduction,original_features,features_before_after_histogram.pdf,1309
dataset_11/uvl/se77x9.uvl,Features,Before reduction,original_features,features_before_after_histogram.pdf,1333
dataset_11/uvl/sh4_202_md.uvl,Features,Before reduction,original_features,features_before_after_histogram.pdf,1272
dataset_11/uvl/sh7708.uvl,Features,Before reduction,original_features,features_before_after_histogram.pdf,1267
dataset_11/uvl/skmb91302.uvl,Features,Before reduction,original_features,features_before_after_histogram.pdf,1230
dataset_11/uvl/sleb.uvl,Features,Before reduction,original_features,features_before_after_histogram.pdf,1201
dataset_11/uvl/smdk2410.uvl,Features,Before reduction,original_features,features_before_after_histogram.pdf,1279
dataset_11/uvl/snds.uvl,Features,Before reduction,original_features,features_before_after_histogram.pdf,1231
dataset_11/uvl/sparc_erc32.uvl,Features,Before reduction,original_features,features_before_after_histogram.pdf,1181
dataset_11/uvl/sparc_leon.uvl,Features,Before reduction,original_features,features_before_after_histogram.pdf,1181
dataset_11/uvl/sparclite_sim.uvl,Features,Before reduction,original_features,features_before_after_histogram.pdf,1181
dataset_11/uvl/stb.uvl,Features,Before reduction,original_features,features_before_after_histogram.pdf,1265
dataset_11/uvl/stdeval1.uvl,Features,Before reduction,original_features,features_before_after_histogram.pdf,1203
dataset_11/uvl/stm3210e_eval.uvl,Features,Before reduction,original_features,features_before_after_histogram.pdf,1283
dataset_11/uvl/ts1000.uvl,Features,Before reduction,original_features,features_before_after_histogram.pdf,1310
dataset_11/uvl/ts6.uvl,Features,Before reduction,original_features,features_before_after_histogram.pdf,1253
dataset_11/uvl/tx39_sim.uvl,Features,Before reduction,original_features,features_before_after_histogram.pdf,1192
dataset_11/uvl/uE250.uvl,Features,Before reduction,original_features,features_before_after_histogram.pdf,1262
dataset_11/uvl/vads.uvl,Features,Before reduction,original_features,features_before_after_histogram.pdf,1253
dataset_11/uvl/viper.uvl,Features,Before reduction,original_features,features_before_after_histogram.pdf,1314
dataset_11/uvl/vrc4373.uvl,Features,Before reduction,original_features,features_before_after_histogram.pdf,1260
dataset_11/uvl/vrc4375.uvl,Features,Before reduction,original_features,features_before_after_histogram.pdf,1271
dataset_12/uvl/axTLS.uvl,Features,Before reduction,original_features,features_before_after_histogram.pdf,96
dataset_12/uvl/uClibc.uvl,Features,Before reduction,original_features,features_before_after_histogram.pdf,313
dataset_12/uvl/uClinux-base.uvl,Features,Before reduction,original_features,features_before_after_histogram.pdf,380
dataset_12/uvl/uClinux-distribution.uvl,Features,Before reduction,original_features,features_before_after_histogram.pdf,1580
dataset_16/uvl/chat_system.uvl,Features,Before reduction,original_features,features_before_after_histogram.pdf,10
dataset_17/uvl/ovm_MPPL.ovm.uvl,Features,Before reduction,original_features,features_before_after_histogram.pdf,10
dataset_18/uvl/ovm_OnlineShop.ovm.uvl,Features,Before reduction,original_features,features_before_after_histogram.pdf,14
dataset_2/uvl/dm_ASEJ1.csv.uvl,Features,Before reduction,original_features,features_before_after_histogram.pdf,109
dataset_2/uvl/dm_DOPLERTools.csv.uvl,Features,Before reduction,original_features,features_before_after_histogram.pdf,50
dataset_2/uvl/dm_DissModel.csv.uvl,Features,Before reduction,original_features,features_before_after_histogram.pdf,116
dataset_20/uvl/DELL-LAPTOP-NOTEBOOK-FM.uvl,Features,Before reduction,original_features,features_before_after_histogram.pdf,47
dataset_20/uvl/REAL-FM-1.uvl,Features,Before reduction,original_features,features_before_after_histogram.pdf,88
dataset_20/uvl/REAL-FM-10.uvl,Features,Before reduction,original_features,features_before_after_histogram.pdf,14
dataset_20/uvl/REAL-FM-11.uvl,Features,Before reduction,original_features,features_before_after_histogram.pdf,67
dataset_20/uvl/REAL-FM-12.uvl,Features,Before reduction,original_features,features_before_after_histogram.pdf,14
dataset_20/uvl/REAL-FM-13.uvl,Features,Before reduction,original_features,features_before_after_histogram.pdf,12
dataset_20/uvl/REAL-FM-14.uvl,Features,Before reduction,original_features,features_before_after_histogram.pdf,18
dataset_20/uvl/REAL-FM-15.uvl,Features,Before reduction,original_features,features_before_after_histogram.pdf,25
dataset_20/uvl/REAL-FM-16.uvl,Features,Before reduction,original_features,features_before_after_histogram.pdf,26
dataset_20/uvl/REAL-FM-17.uvl,Features,Before reduction,original_features,features_before_after_histogram.pdf,25
dataset_20/uvl/REAL-FM-18.uvl,Features,Before reduction,original_features,features_before_after_histogram.pdf,44
dataset_20/uvl/REAL-FM-19.uvl,Features,Before reduction,original_features,features_before_after_histogram.pdf,30
dataset_20/uvl/REAL-FM-2.uvl,Features,Before reduction,original_features,features_before_after_histogram.pdf,23
dataset_20/uvl/REAL-FM-20.uvl,Features,Before reduction,original_features,features_before_after_histogram.pdf,44
dataset_20/uvl/REAL-FM-3.uvl,Features,Before reduction,original_features,features_before_after_histogram.pdf,43
dataset_20/uvl/REAL-FM-4.uvl,Features,Before reduction,original_features,features_before_after_histogram.pdf,290
dataset_20/uvl/REAL-FM-5.uvl,Features,Before reduction,original_features,features_before_after_histogram.pdf,17
dataset_20/uvl/REAL-FM-6.uvl,Features,Before reduction,original_features,features_before_after_histogram.pdf,11
dataset_20/uvl/REAL-FM-7.uvl,Features,Before reduction,original_features,features_before_after_histogram.pdf,14
dataset_20/uvl/REAL-FM-8.uvl,Features,Before reduction,original_features,features_before_after_histogram.pdf,17
dataset_20/uvl/REAL-FM-9.uvl,Features,Before reduction,original_features,features_before_after_histogram.pdf,14
dataset_20/uvl/aircraft_fm.uvl,Features,Before reduction,original_features,features_before_after_histogram.pdf,13
dataset_20/uvl/arcade_game_pl_fm.uvl,Features,Before reduction,original_features,features_before_after_histogram.pdf,61
dataset_20/uvl/car_fm.uvl,Features,Before reduction,original_features,features_before_after_histogram.pdf,14
dataset_20/uvl/cfdp_library_fm.uvl,Features,Before reduction,original_features,features_before_after_histogram.pdf,13
dataset_20/uvl/connector_fm.uvl,Features,Before reduction,original_features,features_before_after_histogram.pdf,20
dataset_20/uvl/fame_dbms_fm.uvl,Features,Before reduction,original_features,features_before_after_histogram.pdf,21
dataset_20/uvl/model_20090801_1908323193.uvl,Features,Before reduction,original_features,features_before_after_histogram.pdf,13
dataset_20/uvl/model_20091009_1552375070.uvl,Features,Before reduction,original_features,features_before_after_histogram.pdf,37
dataset_20/uvl/model_20091015_449909368.uvl,Features,Before reduction,original_features,features_before_after_histogram.pdf,10
dataset_20/uvl/model_20091109_376438407.uvl,Features,Before reduction,original_features,features_before_after_histogram.pdf,22
dataset_20/uvl/model_20091129_1734444143.uvl,Features,Before reduction,original_features,features_before_after_histogram.pdf,12
dataset_20/uvl/model_20091205_755658379.uvl,Features,Before reduction,original_features,features_before_after_histogram.pdf,94
dataset_20/uvl/model_20091206_1647557456.uvl,Features,Before reduction,original_features,features_before_after_histogram.pdf,10
dataset_20/uvl/model_20091210_241985787.uvl,Features,Before reduction,original_features,features_before_after_histogram.pdf,16
dataset_20/uvl/model_20091210_993249741.uvl,Features,Before reduction,original_features,features_before_after_histogram.pdf,29
dataset_20/uvl/model_20091219_494647199.uvl,Features,Before reduction,original_features,features_before_after_histogram.pdf,11
dataset_20/uvl/model_20091225_1547989376.uvl,Features,Before reduction,original_features,features_before_after_histogram.pdf,29
dataset_20/uvl/model_20100106_985255768.uvl,Features,Before reduction,original_features,features_before_after_histogram.pdf,20
dataset_20/uvl/model_20100213_206550190.uvl,Features,Before reduction,original_features,features_before_after_histogram.pdf,38
dataset_20/uvl/model_20100216_713947806.uvl,Features,Before reduction,original_features,features_before_after_histogram.pdf,12
dataset_20/uvl/model_20100308_1032655961.uvl,Features,Before reduction,original_features,features_before_after_histogram.pdf,15
dataset_20/uvl/model_20100308_1355834007.uvl,Features,Before reduction,original_features,features_before_after_histogram.pdf,20
dataset_20/uvl/model_20100321_1548012375.uvl,Features,Before reduction,original_features,features_before_after_histogram.pdf,18
dataset_20/uvl/model_20100322_955726153.uvl,Features,Before reduction,original_features,features_before_after_histogram.pdf,20
dataset_20/uvl/model_20100324_1996898492.uvl,Features,Before reduction,original_features,features_before_after_histogram.pdf,11
dataset_20/uvl/model_20100325_298677687.uvl,Features,Before reduction,original_features,features_before_after_histogram.pdf,10
dataset_20/uvl/model_20100326_770562654.uvl,Features,Before reduction,original_features,features_before_after_histogram.pdf,27
dataset_20/uvl/model_20100412_337845737.uvl,Features,Before reduction,original_features,features_before_after_histogram.pdf,10
dataset_20/uvl/model_20100415_240595643.uvl,Features,Before reduction,original_features,features_before_after_histogram.pdf,31
dataset_20/uvl/model_20100415_947132043.uvl,Features,Before reduction,original_features,features_before_after_histogram.pdf,31
dataset_20/uvl/model_20100416_811483774.uvl,Features,Before reduction,original_features,features_before_after_histogram.pdf,16
dataset_20/uvl/model_20100529_1010171189.uvl,Features,Before reduction,original_features,features_before_after_histogram.pdf,22
dataset_20/uvl/model_20100607_746327867.uvl,Features,Before reduction,original_features,features_before_after_histogram.pdf,20
dataset_20/uvl/model_20100624_2076952989.uvl,Features,Before reduction,original_features,features_before_after_histogram.pdf,17
dataset_20/uvl/model_20100625_251719781.uvl,Features,Before reduction,original_features,features_before_after_histogram.pdf,16
dataset_20/uvl/model_20100712_329430908.uvl,Features,Before reduction,original_features,features_before_after_histogram.pdf,20
dataset_20/uvl/model_20100719_944437142.uvl,Features,Before reduction,original_features,features_before_after_histogram.pdf,29
dataset_20/uvl/model_20100730_1366577700.uvl,Features,Before reduction,original_features,features_before_after_histogram.pdf,32
dataset_20/uvl/model_20100805_1484639410.uvl,Features,Before reduction,original_features,features_before_after_histogram.pdf,31
dataset_20/uvl/model_20100822_281357717.uvl,Features,Before reduction,original_features,features_before_after_histogram.pdf,15
dataset_20/uvl/model_20100824_837146809.uvl,Features,Before reduction,original_features,features_before_after_histogram.pdf,22
dataset_20/uvl/model_20100829_787258873.uvl,Features,Before reduction,original_features,features_before_after_histogram.pdf,57
dataset_20/uvl/model_20100830_561967343.uvl,Features,Before reduction,original_features,features_before_after_histogram.pdf,32
dataset_20/uvl/model_20100831_1378118837.uvl,Features,Before reduction,original_features,features_before_after_histogram.pdf,35
dataset_20/uvl/model_20100904_226530663.uvl,Features,Before reduction,original_features,features_before_after_histogram.pdf,38
dataset_20/uvl/model_20100904_330653656.uvl,Features,Before reduction,original_features,features_before_after_histogram.pdf,10
dataset_20/uvl/model_20100927_1382418986.uvl,Features,Before reduction,original_features,features_before_after_histogram.pdf,10
dataset_20/uvl/model_20101020_1809093990.uvl,Features,Before reduction,original_features,features_before_after_histogram.pdf,20
dataset_20/uvl/model_20101024_1938793748.uvl,Features,Before reduction,original_features,features_before_after_histogram.pdf,29
dataset_20/uvl/model_20101104_260803083.uvl,Features,Before reduction,original_features,features_before_after_histogram.pdf,11
dataset_20/uvl/model_20101109_1698100628.uvl,Features,Before reduction,original_features,features_before_after_histogram.pdf,15
dataset_20/uvl/model_20101110_1749898936.uvl,Features,Before reduction,original_features,features_before_after_histogram.pdf,19
dataset_20/uvl/model_20101111_156018899.uvl,Features,Before reduction,original_features,features_before_after_histogram.pdf,12
dataset_20/uvl/model_20101111_1790887308.uvl,Features,Before reduction,original_features,features_before_after_histogram.pdf,10
dataset_20/uvl/model_20101112_864228137.uvl,Features,Before reduction,original_features,features_before_after_histogram.pdf,137
dataset_20/uvl/model_20101115_2000504462.uvl,Features,Before reduction,original_features,features_before_after_histogram.pdf,72
dataset_20/uvl/model_20101116_1022976130.uvl,Features,Before reduction,original_features,features_before_after_histogram.pdf,34
dataset_20/uvl/model_20101117_1571856147.uvl,Features,Before reduction,original_features,features_before_after_histogram.pdf,10
dataset_20/uvl/model_20101117_2128796258.uvl,Features,Before reduction,original_features,features_before_after_histogram.pdf,72
dataset_20/uvl/model_20101119_1472596180.uvl,Features,Before reduction,original_features,features_before_after_histogram.pdf,25
dataset_20/uvl/model_20101120_2091447559.uvl,Features,Before reduction,original_features,features_before_after_histogram.pdf,20
dataset_20/uvl/model_20101123_920943759.uvl,Features,Before reduction,original_features,features_before_after_histogram.pdf,15
dataset_20/uvl/model_20101124_661702924.uvl,Features,Before reduction,original_features,features_before_after_histogram.pdf,15
dataset_20/uvl/model_20101208_1056693380.uvl,Features,Before reduction,original_features,features_before_after_histogram.pdf,25
dataset_20/uvl/model_20110116_381192414.uvl,Features,Before reduction,original_features,features_before_after_histogram.pdf,60
dataset_20/uvl/model_20110124_2116036381.uvl,Features,Before reduction,original_features,features_before_after_histogram.pdf,18
dataset_20/uvl/model_20110127_1318390760.uvl,Features,Before reduction,original_features,features_before_after_histogram.pdf,13
dataset_20/uvl/model_20110130_639381749.uvl,Features,Before reduction,original_features,features_before_after_histogram.pdf,12
dataset_20/uvl/model_20110203_1382675896.uvl,Features,Before reduction,original_features,features_before_after_histogram.pdf,14
dataset_20/uvl/model_20110203_2097159983.uvl,Features,Before reduction,original_features,features_before_after_histogram.pdf,18
dataset_20/uvl/model_20110207_906076676.uvl,Features,Before reduction,original_features,features_before_after_histogram.pdf,12
dataset_20/uvl/model_20110214_751339643.uvl,Features,Before reduction,original_features,features_before_after_histogram.pdf,56
dataset_20/uvl/model_20110216_1027109687.uvl,Features,Before reduction,original_features,features_before_after_histogram.pdf,12
dataset_20/uvl/model_20110216_608697455.uvl,Features,Before reduction,original_features,features_before_after_histogram.pdf,14
dataset_20/uvl/model_20110222_2078967171.uvl,Features,Before reduction,original_features,features_before_after_histogram.pdf,48
dataset_20/uvl/model_20110301_216655728.uvl,Features,Before reduction,original_features,features_before_after_histogram.pdf,10
dataset_20/uvl/model_20110306_314567479.uvl,Features,Before reduction,original_features,features_before_after_histogram.pdf,14
dataset_20/uvl/model_20110310_1849309646.uvl,Features,Before reduction,original_features,features_before_after_histogram.pdf,23
dataset_20/uvl/model_20110318_225131257.uvl,Features,Before reduction,original_features,features_before_after_histogram.pdf,15
dataset_20/uvl/model_20110323_789959080.uvl,Features,Before reduction,original_features,features_before_after_histogram.pdf,15
dataset_20/uvl/model_20110328_1177934440.uvl,Features,Before reduction,original_features,features_before_after_histogram.pdf,18
dataset_20/uvl/model_20110329_10104623.uvl,Features,Before reduction,original_features,features_before_after_histogram.pdf,41
dataset_20/uvl/model_20110330_919429247.uvl,Features,Before reduction,original_features,features_before_after_histogram.pdf,25
dataset_20/uvl/model_20110401_868452735.uvl,Features,Before reduction,original_features,features_before_after_histogram.pdf,14
dataset_20/uvl/model_20110406_1047532859.uvl,Features,Before reduction,original_features,features_before_after_histogram.pdf,29
dataset_20/uvl/model_20110406_353034837.uvl,Features,Before reduction,original_features,features_before_after_histogram.pdf,40
dataset_20/uvl/model_20110406_656545830.uvl,Features,Before reduction,original_features,features_before_after_histogram.pdf,17
dataset_20/uvl/model_20110407_1283128166.uvl,Features,Before reduction,original_features,features_before_after_histogram.pdf,51
dataset_20/uvl/model_20110428_1131293346.uvl,Features,Before reduction,original_features,features_before_after_histogram.pdf,13
dataset_20/uvl/model_20110428_553405269.uvl,Features,Before reduction,original_features,features_before_after_histogram.pdf,37
dataset_20/uvl/model_20110507_674768061.uvl,Features,Before reduction,original_features,features_before_after_histogram.pdf,40
dataset_20/uvl/model_20110516_1331478109.uvl,Features,Before reduction,original_features,features_before_after_histogram.pdf,88
dataset_20/uvl/model_20110519_1142211980.uvl,Features,Before reduction,original_features,features_before_after_histogram.pdf,14
dataset_20/uvl/model_20110519_503436691.uvl,Features,Before reduction,original_features,features_before_after_histogram.pdf,11
dataset_20/uvl/model_20110525_1619420630.uvl,Features,Before reduction,original_features,features_before_after_histogram.pdf,45
dataset_20/uvl/model_20110525_564104612.uvl,Features,Before reduction,original_features,features_before_after_histogram.pdf,27
dataset_20/uvl/model_20110525_928187171.uvl,Features,Before reduction,original_features,features_before_after_histogram.pdf,14
dataset_20/uvl/model_20110527_1847306763.uvl,Features,Before reduction,original_features,features_before_after_histogram.pdf,63
dataset_20/uvl/model_20110601_1103941862.uvl,Features,Before reduction,original_features,features_before_after_histogram.pdf,12
dataset_20/uvl/model_20110605_1465859222.uvl,Features,Before reduction,original_features,features_before_after_histogram.pdf,17
dataset_20/uvl/model_20110622_260389190.uvl,Features,Before reduction,original_features,features_before_after_histogram.pdf,12
dataset_20/uvl/model_20110704_328391695.uvl,Features,Before reduction,original_features,features_before_after_histogram.pdf,172
dataset_20/uvl/model_20110704_555218409.uvl,Features,Before reduction,original_features,features_before_after_histogram.pdf,11
dataset_20/uvl/model_20110712_1373520081.uvl,Features,Before reduction,original_features,features_before_after_histogram.pdf,66
dataset_20/uvl/model_20110715_945252556.uvl,Features,Before reduction,original_features,features_before_after_histogram.pdf,32
dataset_20/uvl/model_20110718_866950306.uvl,Features,Before reduction,original_features,features_before_after_histogram.pdf,20
dataset_20/uvl/model_20110722_419227445.uvl,Features,Before reduction,original_features,features_before_after_histogram.pdf,25
dataset_20/uvl/model_20110725_452580960.uvl,Features,Before reduction,original_features,features_before_after_histogram.pdf,34
dataset_20/uvl/model_20110809_1799855518.uvl,Features,Before reduction,original_features,features_before_after_histogram.pdf,25
dataset_20/uvl/model_20110823_1386366267.uvl,Features,Before reduction,original_features,features_before_after_histogram.pdf,15
dataset_20/uvl/model_20110823_553386338.uvl,Features,Before reduction,original_features,features_before_after_histogram.pdf,21
dataset_20/uvl/model_20110826_1180494500.uvl,Features,Before reduction,original_features,features_before_after_histogram.pdf,24
dataset_20/uvl/model_20110826_1555954181.uvl,Features,Before reduction,original_features,features_before_after_histogram.pdf,24
dataset_20/uvl/model_20110826_1574631601.uvl,Features,Before reduction,original_features,features_before_after_histogram.pdf,52
dataset_20/uvl/model_20110826_1744501275.uvl,Features,Before reduction,original_features,features_before_after_histogram.pdf,24
dataset_20/uvl/model_20110826_252647654.uvl,Features,Before reduction,original_features,features_before_after_histogram.pdf,24
dataset_20/uvl/model_20110826_819334011.uvl,Features,Before reduction,original_features,features_before_after_histogram.pdf,24
dataset_20/uvl/model_20110915_1159959623.uvl,Features,Before reduction,original_features,features_before_after_histogram.pdf,10
dataset_20/uvl/model_20110919_127780100.uvl,Features,Before reduction,original_features,features_before_after_histogram.pdf,37
dataset_20/uvl/model_20110925_62365838.uvl,Features,Before reduction,original_features,features_before_after_histogram.pdf,23
dataset_20/uvl/model_20110926_400852996.uvl,Features,Before reduction,original_features,features_before_after_histogram.pdf,36
dataset_20/uvl/model_20110926_608554224.uvl,Features,Before reduction,original_features,features_before_after_histogram.pdf,30
dataset_20/uvl/model_20111020_455520177.uvl,Features,Before reduction,original_features,features_before_after_histogram.pdf,11
dataset_20/uvl/model_20111025_1408959776.uvl,Features,Before reduction,original_features,features_before_after_histogram.pdf,13
dataset_20/uvl/model_20111027_1380540076.uvl,Features,Before reduction,original_features,features_before_after_histogram.pdf,10
dataset_20/uvl/model_20111027_668940289.uvl,Features,Before reduction,original_features,features_before_after_histogram.pdf,29
dataset_20/uvl/model_20111027_966072474.uvl,Features,Before reduction,original_features,features_before_after_histogram.pdf,10
dataset_20/uvl/model_20111029_1654942500.uvl,Features,Before reduction,original_features,features_before_after_histogram.pdf,37
dataset_20/uvl/model_20111031_386778867.uvl,Features,Before reduction,original_features,features_before_after_histogram.pdf,25
dataset_20/uvl/model_20111111_1026730216.uvl,Features,Before reduction,original_features,features_before_after_histogram.pdf,37
dataset_20/uvl/model_20111129_1932950448.uvl,Features,Before reduction,original_features,features_before_after_histogram.pdf,13
dataset_20/uvl/model_20111130_1614470655.uvl,Features,Before reduction,original_features,features_before_after_histogram.pdf,77
dataset_20/uvl/model_20111201_1252018702.uvl,Features,Before reduction,original_features,features_before_after_histogram.pdf,61
dataset_20/uvl/model_20111201_372659565.uvl,Features,Before reduction,original_features,features_before_after_histogram.pdf,61
dataset_20/uvl/model_20111214_733452875.uvl,Features,Before reduction,original_features,features_before_after_histogram.pdf,15
dataset_20/uvl/model_20111220_1184087779.uvl,Features,Before reduction,original_features,features_before_after_histogram.pdf,15
dataset_20/uvl/model_20111220_1450733948.uvl,Features,Before reduction,original_features,features_before_after_histogram.pdf,41
dataset_20/uvl/model_20120109_1808102333.uvl,Features,Before reduction,original_features,features_before_after_histogram.pdf,18
dataset_20/uvl/model_20120110_1094246588.uvl,Features,Before reduction,original_features,features_before_after_histogram.pdf,10
dataset_20/uvl/model_20120110_1256867454.uvl,Features,Before reduction,original_features,features_before_after_histogram.pdf,10
dataset_20/uvl/model_20120110_139114401.uvl,Features,Before reduction,original_features,features_before_after_histogram.pdf,10
dataset_20/uvl/model_20120110_1719396361.uvl,Features,Before reduction,original_features,features_before_after_histogram.pdf,10
dataset_20/uvl/model_20120110_1754443954.uvl,Features,Before reduction,original_features,features_before_after_histogram.pdf,10
dataset_20/uvl/model_20120110_855603964.uvl,Features,Before reduction,original_features,features_before_after_histogram.pdf,10
dataset_20/uvl/model_20120111_1667229430.uvl,Features,Before reduction,original_features,features_before_after_histogram.pdf,24
dataset_20/uvl/model_20120113_1803352101.uvl,Features,Before reduction,original_features,features_before_after_histogram.pdf,43
dataset_20/uvl/model_20120113_1950870026.uvl,Features,Before reduction,original_features,features_before_after_histogram.pdf,10
dataset_20/uvl/model_20120122_258977494.uvl,Features,Before reduction,original_features,features_before_after_histogram.pdf,19
dataset_20/uvl/model_20120124_94644767.uvl,Features,Before reduction,original_features,features_before_after_histogram.pdf,12
dataset_20/uvl/model_20120130_333619036.uvl,Features,Before reduction,original_features,features_before_after_histogram.pdf,31
dataset_20/uvl/model_20120201_1444061231.uvl,Features,Before reduction,original_features,features_before_after_histogram.pdf,38
dataset_20/uvl/model_20120201_865979127.uvl,Features,Before reduction,original_features,features_before_after_histogram.pdf,28
dataset_20/uvl/model_20120201_899753062.uvl,Features,Before reduction,original_features,features_before_after_histogram.pdf,27
dataset_20/uvl/model_20120202_114979109.uvl,Features,Before reduction,original_features,features_before_after_histogram.pdf,22
dataset_20/uvl/model_20120202_1596034358.uvl,Features,Before reduction,original_features,features_before_after_histogram.pdf,10
dataset_20/uvl/model_20120205_24117969.uvl,Features,Before reduction,original_features,features_before_after_histogram.pdf,34
dataset_20/uvl/model_20120229_1103715736.uvl,Features,Before reduction,original_features,features_before_after_histogram.pdf,14
dataset_20/uvl/model_20120314_1438691117.uvl,Features,Before reduction,original_features,features_before_after_histogram.pdf,13
dataset_20/uvl/model_20120328_1227899142.uvl,Features,Before reduction,original_features,features_before_after_histogram.pdf,21
dataset_20/uvl/model_20120328_1309817018.uvl,Features,Before reduction,original_features,features_before_after_histogram.pdf,14
dataset_20/uvl/model_20120328_1357539597.uvl,Features,Before reduction,original_features,features_before_after_histogram.pdf,18
dataset_20/uvl/model_20120328_1373483522.uvl,Features,Before reduction,original_features,features_before_after_histogram.pdf,13
dataset_20/uvl/model_20120328_1412454948.uvl,Features,Before reduction,original_features,features_before_after_histogram.pdf,36
dataset_20/uvl/model_20120328_1667195252.uvl,Features,Before reduction,original_features,features_before_after_histogram.pdf,24
dataset_20/uvl/model_20120328_1814590478.uvl,Features,Before reduction,original_features,features_before_after_histogram.pdf,36
dataset_20/uvl/model_20120328_1974817485.uvl,Features,Before reduction,original_features,features_before_after_histogram.pdf,13
dataset_20/uvl/model_20120328_288933955.uvl,Features,Before reduction,original_features,features_before_after_histogram.pdf,17
dataset_20/uvl/model_20120328_361613983.uvl,Features,Before reduction,original_features,features_before_after_histogram.pdf,16
dataset_20/uvl/model_20120328_523540818.uvl,Features,Before reduction,original_features,features_before_after_histogram.pdf,10
dataset_20/uvl/model_20120328_573707444.uvl,Features,Before reduction,original_features,features_before_after_histogram.pdf,34
dataset_20/uvl/model_20120328_593032745.uvl,Features,Before reduction,original_features,features_before_after_histogram.pdf,19
dataset_20/uvl/model_20120328_663906927.uvl,Features,Before reduction,original_features,features_before_after_histogram.pdf,28
dataset_20/uvl/model_20120328_794090001.uvl,Features,Before reduction,original_features,features_before_after_histogram.pdf,22
dataset_20/uvl/model_20120328_810464459.uvl,Features,Before reduction,original_features,features_before_after_histogram.pdf,17
dataset_20/uvl/model_20120329_788560154.uvl,Features,Before reduction,original_features,features_before_after_histogram.pdf,55
dataset_20/uvl/model_20120408_404695779.uvl,Features,Before reduction,original_features,features_before_after_histogram.pdf,70
dataset_20/uvl/model_20120411_196667302.uvl,Features,Before reduction,original_features,features_before_after_histogram.pdf,26
dataset_20/uvl/model_20120412_1314362396.uvl,Features,Before reduction,original_features,features_before_after_histogram.pdf,12
dataset_20/uvl/model_20120418_828883554.uvl,Features,Before reduction,original_features,features_before_after_histogram.pdf,52
dataset_20/uvl/model_20120419_1397354511.uvl,Features,Before reduction,original_features,features_before_after_histogram.pdf,20
dataset_20/uvl/model_20120422_1648870831.uvl,Features,Before reduction,original_features,features_before_after_histogram.pdf,14
dataset_20/uvl/model_20120422_2100930135.uvl,Features,Before reduction,original_features,features_before_after_histogram.pdf,25
dataset_20/uvl/model_20120423_1196408273.uvl,Features,Before reduction,original_features,features_before_after_histogram.pdf,16
dataset_20/uvl/model_20120423_1625073325.uvl,Features,Before reduction,original_features,features_before_after_histogram.pdf,32
dataset_20/uvl/model_20120424_1703152596.uvl,Features,Before reduction,original_features,features_before_after_histogram.pdf,59
dataset_20/uvl/model_20120425_1998125226.uvl,Features,Before reduction,original_features,features_before_after_histogram.pdf,71
dataset_20/uvl/model_20120510_220834497.uvl,Features,Before reduction,original_features,features_before_after_histogram.pdf,53
dataset_20/uvl/model_20120512_712347860.uvl,Features,Before reduction,original_features,features_before_after_histogram.pdf,13
dataset_20/uvl/model_20120513_373795895.uvl,Features,Before reduction,original_features,features_before_after_histogram.pdf,14
dataset_20/uvl/model_20120515_1862354569.uvl,Features,Before reduction,original_features,features_before_after_histogram.pdf,15
dataset_20/uvl/model_20120522_87989914.uvl,Features,Before reduction,original_features,features_before_after_histogram.pdf,35
dataset_20/uvl/model_20120528_1294065815.uvl,Features,Before reduction,original_features,features_before_after_histogram.pdf,13
dataset_20/uvl/model_20120529_2101702978.uvl,Features,Before reduction,original_features,features_before_after_histogram.pdf,35
dataset_20/uvl/model_20120531_2078087379.uvl,Features,Before reduction,original_features,features_before_after_histogram.pdf,17
dataset_20/uvl/model_20120609_84195762.uvl,Features,Before reduction,original_features,features_before_after_histogram.pdf,26
dataset_20/uvl/model_20120627_1512389149.uvl,Features,Before reduction,original_features,features_before_after_histogram.pdf,11
dataset_20/uvl/model_20120701_1498696792.uvl,Features,Before reduction,original_features,features_before_after_histogram.pdf,11
dataset_20/uvl/model_20120701_899073101.uvl,Features,Before reduction,original_features,features_before_after_histogram.pdf,11
dataset_20/uvl/model_20120705_77954373.uvl,Features,Before reduction,original_features,features_before_after_histogram.pdf,22
dataset_20/uvl/model_20120710_919309758.uvl,Features,Before reduction,original_features,features_before_after_histogram.pdf,19
dataset_20/uvl/model_20120717_770767926.uvl,Features,Before reduction,original_features,features_before_after_histogram.pdf,11
dataset_20/uvl/model_20120718_813832704.uvl,Features,Before reduction,original_features,features_before_after_histogram.pdf,11
dataset_20/uvl/model_20120722_2065280700.uvl,Features,Before reduction,original_features,features_before_after_histogram.pdf,13
dataset_20/uvl/model_20120725_1460954667.uvl,Features,Before reduction,original_features,features_before_after_histogram.pdf,97
dataset_20/uvl/model_20120728_275737618.uvl,Features,Before reduction,original_features,features_before_after_histogram.pdf,14
dataset_20/uvl/model_20120731_787433291.uvl,Features,Before reduction,original_features,features_before_after_histogram.pdf,43
dataset_20/uvl/model_20120801_1784537083.uvl,Features,Before reduction,original_features,features_before_after_histogram.pdf,12
dataset_20/uvl/model_20120806_904481092.uvl,Features,Before reduction,original_features,features_before_after_histogram.pdf,17
dataset_20/uvl/model_20120822_650185552.uvl,Features,Before reduction,original_features,features_before_after_histogram.pdf,25
dataset_20/uvl/model_20120823_304633016.uvl,Features,Before reduction,original_features,features_before_after_histogram.pdf,16
dataset_20/uvl/model_20120824_761159432.uvl,Features,Before reduction,original_features,features_before_after_histogram.pdf,23
dataset_20/uvl/model_20120828_1516795545.uvl,Features,Before reduction,original_features,features_before_after_histogram.pdf,13
dataset_20/uvl/model_20120829_1418879889.uvl,Features,Before reduction,original_features,features_before_after_histogram.pdf,10
dataset_20/uvl/model_20120829_191972511.uvl,Features,Before reduction,original_features,features_before_after_histogram.pdf,168
dataset_20/uvl/model_20120829_28461699.uvl,Features,Before reduction,original_features,features_before_after_histogram.pdf,11
dataset_20/uvl/model_20120829_881090911.uvl,Features,Before reduction,original_features,features_before_after_histogram.pdf,10
dataset_20/uvl/model_20120902_865058601.uvl,Features,Before reduction,original_features,features_before_after_histogram.pdf,19
dataset_20/uvl/model_20120904_1604580471.uvl,Features,Before reduction,original_features,features_before_after_histogram.pdf,13
dataset_20/uvl/model_20120905_104354355.uvl,Features,Before reduction,original_features,features_before_after_histogram.pdf,13
dataset_20/uvl/model_20120909_341305614.uvl,Features,Before reduction,original_features,features_before_after_histogram.pdf,32
dataset_20/uvl/model_20120915_487659597.uvl,Features,Before reduction,original_features,features_before_after_histogram.pdf,20
dataset_20/uvl/model_20120920_383492576.uvl,Features,Before reduction,original_features,features_before_after_histogram.pdf,11
dataset_20/uvl/model_20121015_1348696629.uvl,Features,Before reduction,original_features,features_before_after_histogram.pdf,10
dataset_20/uvl/model_20121017_2007593800.uvl,Features,Before reduction,original_features,features_before_after_histogram.pdf,10
dataset_20/uvl/model_20121018_1186774722.uvl,Features,Before reduction,original_features,features_before_after_histogram.pdf,16
dataset_20/uvl/model_20121018_1495134161.uvl,Features,Before reduction,original_features,features_before_after_histogram.pdf,17
dataset_20/uvl/model_20121018_1550648286.uvl,Features,Before reduction,original_features,features_before_after_histogram.pdf,16
dataset_20/uvl/model_20121018_1578042435.uvl,Features,Before reduction,original_features,features_before_after_histogram.pdf,17
dataset_20/uvl/model_20121018_1639434192.uvl,Features,Before reduction,original_features,features_before_after_histogram.pdf,17
dataset_20/uvl/model_20121018_1701181193.uvl,Features,Before reduction,original_features,features_before_after_histogram.pdf,17
dataset_20/uvl/model_20121018_1875808662.uvl,Features,Before reduction,original_features,features_before_after_histogram.pdf,16
dataset_20/uvl/model_20121018_1970318852.uvl,Features,Before reduction,original_features,features_before_after_histogram.pdf,16
dataset_20/uvl/model_20121018_201916182.uvl,Features,Before reduction,original_features,features_before_after_histogram.pdf,16
dataset_20/uvl/model_20121018_242475712.uvl,Features,Before reduction,original_features,features_before_after_histogram.pdf,16
dataset_20/uvl/model_20121018_271963732.uvl,Features,Before reduction,original_features,features_before_after_histogram.pdf,16
dataset_20/uvl/model_20121018_436901160.uvl,Features,Before reduction,original_features,features_before_after_histogram.pdf,16
dataset_20/uvl/model_20121018_795335675.uvl,Features,Before reduction,original_features,features_before_after_histogram.pdf,16
dataset_20/uvl/model_20121018_820869482.uvl,Features,Before reduction,original_features,features_before_after_histogram.pdf,16
dataset_20/uvl/model_20121018_880874071.uvl,Features,Before reduction,original_features,features_before_after_histogram.pdf,16
dataset_20/uvl/model_20121019_1128529660.uvl,Features,Before reduction,original_features,features_before_after_histogram.pdf,14
dataset_20/uvl/model_20121023_1328975384.uvl,Features,Before reduction,original_features,features_before_after_histogram.pdf,14
dataset_20/uvl/model_20121023_356761254.uvl,Features,Before reduction,original_features,features_before_after_histogram.pdf,12
dataset_20/uvl/model_20121025_1453237615.uvl,Features,Before reduction,original_features,features_before_after_histogram.pdf,20
dataset_20/uvl/model_20121025_1656878048.uvl,Features,Before reduction,original_features,features_before_after_histogram.pdf,26
dataset_20/uvl/model_20121026_334751192.uvl,Features,Before reduction,original_features,features_before_after_histogram.pdf,28
dataset_20/uvl/model_20121102_443205816.uvl,Features,Before reduction,original_features,features_before_after_histogram.pdf,26
dataset_20/uvl/model_20121102_768518520.uvl,Features,Before reduction,original_features,features_before_after_histogram.pdf,14
dataset_20/uvl/model_20121106_1816491064.uvl,Features,Before reduction,original_features,features_before_after_histogram.pdf,23
dataset_20/uvl/model_20121123_1014773113.uvl,Features,Before reduction,original_features,features_before_after_histogram.pdf,16
dataset_20/uvl/model_20121123_1047250318.uvl,Features,Before reduction,original_features,features_before_after_histogram.pdf,16
dataset_20/uvl/model_20121123_1266693931.uvl,Features,Before reduction,original_features,features_before_after_histogram.pdf,16
dataset_20/uvl/model_20121123_1445508018.uvl,Features,Before reduction,original_features,features_before_after_histogram.pdf,16
dataset_20/uvl/model_20121123_1588832561.uvl,Features,Before reduction,original_features,features_before_after_histogram.pdf,16
dataset_20/uvl/model_20121123_1668268132.uvl,Features,Before reduction,original_features,features_before_after_histogram.pdf,13
dataset_20/uvl/model_20121123_1672558767.uvl,Features,Before reduction,original_features,features_before_after_histogram.pdf,15
dataset_20/uvl/model_20121123_1692800929.uvl,Features,Before reduction,original_features,features_before_after_histogram.pdf,16
dataset_20/uvl/model_20121123_1807427529.uvl,Features,Before reduction,original_features,features_before_after_histogram.pdf,17
dataset_20/uvl/model_20121123_2085968892.uvl,Features,Before reduction,original_features,features_before_after_histogram.pdf,17
dataset_20/uvl/model_20121123_388334786.uvl,Features,Before reduction,original_features,features_before_after_histogram.pdf,16
dataset_20/uvl/model_20121123_638033800.uvl,Features,Before reduction,original_features,features_before_after_histogram.pdf,14
dataset_20/uvl/model_20121123_913179730.uvl,Features,Before reduction,original_features,features_before_after_histogram.pdf,17
dataset_20/uvl/model_20121212_1167666293.uvl,Features,Before reduction,original_features,features_before_after_histogram.pdf,15
dataset_20/uvl/model_20121212_425431925.uvl,Features,Before reduction,original_features,features_before_after_histogram.pdf,16
dataset_20/uvl/model_20121213_681234650.uvl,Features,Before reduction,original_features,features_before_after_histogram.pdf,33
dataset_20/uvl/model_20121214_211817376.uvl,Features,Before reduction,original_features,features_before_after_histogram.pdf,14
dataset_20/uvl/model_20121219_1714348674.uvl,Features,Before reduction,original_features,features_before_after_histogram.pdf,10
dataset_20/uvl/model_20121219_629525870.uvl,Features,Before reduction,original_features,features_before_after_histogram.pdf,18
dataset_20/uvl/model_20130105_1019508207.uvl,Features,Before reduction,original_features,features_before_after_histogram.pdf,24
dataset_20/uvl/model_20130106_749900457.uvl,Features,Before reduction,original_features,features_before_after_histogram.pdf,21
dataset_20/uvl/model_20130115_768867592.uvl,Features,Before reduction,original_features,features_before_after_histogram.pdf,11
dataset_20/uvl/model_20130116_1542765516.uvl,Features,Before reduction,original_features,features_before_after_histogram.pdf,10
dataset_20/uvl/model_20130116_382639902.uvl,Features,Before reduction,original_features,features_before_after_histogram.pdf,31
dataset_20/uvl/model_20130117_2075912065.uvl,Features,Before reduction,original_features,features_before_after_histogram.pdf,13
dataset_20/uvl/model_20130121_710180273.uvl,Features,Before reduction,original_features,features_before_after_histogram.pdf,10
dataset_20/uvl/model_20130122_1064508817.uvl,Features,Before reduction,original_features,features_before_after_histogram.pdf,12
dataset_20/uvl/model_20130122_243381566.uvl,Features,Before reduction,original_features,features_before_after_histogram.pdf,14
dataset_20/uvl/model_20130122_92211527.uvl,Features,Before reduction,original_features,features_before_after_histogram.pdf,11
dataset_20/uvl/model_20130123_686198065.uvl,Features,Before reduction,original_features,features_before_after_histogram.pdf,40
dataset_20/uvl/model_20130125_189285641.uvl,Features,Before reduction,original_features,features_before_after_histogram.pdf,18
dataset_20/uvl/model_20130219_1778040846.uvl,Features,Before reduction,original_features,features_before_after_histogram.pdf,40
dataset_20/uvl/model_20130220_406091727.uvl,Features,Before reduction,original_features,features_before_after_histogram.pdf,43
dataset_20/uvl/model_20130224_1469220523.uvl,Features,Before reduction,original_features,features_before_after_histogram.pdf,10
dataset_20/uvl/model_20130226_1908057354.uvl,Features,Before reduction,original_features,features_before_after_histogram.pdf,16
dataset_20/uvl/model_20130302_1361528923.uvl,Features,Before reduction,original_features,features_before_after_histogram.pdf,10
dataset_20/uvl/model_20130302_379367837.uvl,Features,Before reduction,original_features,features_before_after_histogram.pdf,10
dataset_20/uvl/model_20130305_204544380.uvl,Features,Before reduction,original_features,features_before_after_histogram.pdf,13
dataset_20/uvl/model_20130305_522520932.uvl,Features,Before reduction,original_features,features_before_after_histogram.pdf,16
dataset_20/uvl/model_20130307_609838668.uvl,Features,Before reduction,original_features,features_before_after_histogram.pdf,176
dataset_20/uvl/model_20130309_1354780318.uvl,Features,Before reduction,original_features,features_before_after_histogram.pdf,11
dataset_20/uvl/model_20130311_1184229274.uvl,Features,Before reduction,original_features,features_before_after_histogram.pdf,11
dataset_20/uvl/model_20130324_1541392486.uvl,Features,Before reduction,original_features,features_before_after_histogram.pdf,51
dataset_20/uvl/model_20130410_2115212559.uvl,Features,Before reduction,original_features,features_before_after_histogram.pdf,11
dataset_20/uvl/model_20130414_861625706.uvl,Features,Before reduction,original_features,features_before_after_histogram.pdf,15
dataset_20/uvl/model_20130418_1158438101.uvl,Features,Before reduction,original_features,features_before_after_histogram.pdf,19
dataset_20/uvl/model_20130418_1960440366.uvl,Features,Before reduction,original_features,features_before_after_histogram.pdf,29
dataset_20/uvl/model_20130422_1348727660.uvl,Features,Before reduction,original_features,features_before_after_histogram.pdf,19
dataset_20/uvl/model_20130422_139902368.uvl,Features,Before reduction,original_features,features_before_after_histogram.pdf,40
dataset_20/uvl/model_20130426_1685243628.uvl,Features,Before reduction,original_features,features_before_after_histogram.pdf,16
dataset_20/uvl/model_20130508_1842381745.uvl,Features,Before reduction,original_features,features_before_after_histogram.pdf,16
dataset_20/uvl/model_20130510_203163945.uvl,Features,Before reduction,original_features,features_before_after_histogram.pdf,18
dataset_20/uvl/model_20130522_1326579656.uvl,Features,Before reduction,original_features,features_before_after_histogram.pdf,45
dataset_20/uvl/model_20130522_2044729096.uvl,Features,Before reduction,original_features,features_before_after_histogram.pdf,31
dataset_20/uvl/model_20130529_1162054266.uvl,Features,Before reduction,original_features,features_before_after_histogram.pdf,16
dataset_20/uvl/model_20130529_1165512118.uvl,Features,Before reduction,original_features,features_before_after_histogram.pdf,10
dataset_20/uvl/model_20130529_1187431770.uvl,Features,Before reduction,original_features,features_before_after_histogram.pdf,16
dataset_20/uvl/model_20130529_167247656.uvl,Features,Before reduction,original_features,features_before_after_histogram.pdf,16
dataset_20/uvl/model_20130529_1911302663.uvl,Features,Before reduction,original_features,features_before_after_histogram.pdf,16
dataset_20/uvl/model_20130529_2135483929.uvl,Features,Before reduction,original_features,features_before_after_histogram.pdf,16
dataset_20/uvl/model_20130529_51708559.uvl,Features,Before reduction,original_features,features_before_after_histogram.pdf,16
dataset_20/uvl/model_20130529_552715089.uvl,Features,Before reduction,original_features,features_before_after_histogram.pdf,17
dataset_20/uvl/model_20130604_1500555803.uvl,Features,Before reduction,original_features,features_before_after_histogram.pdf,13
dataset_20/uvl/model_20130619_405989942.uvl,Features,Before reduction,original_features,features_before_after_histogram.pdf,10
dataset_20/uvl/model_20130621_2143921379.uvl,Features,Before reduction,original_features,features_before_after_histogram.pdf,29
dataset_20/uvl/model_20130627_888588099.uvl,Features,Before reduction,original_features,features_before_after_histogram.pdf,17
dataset_20/uvl/model_20130703_1107240012.uvl,Features,Before reduction,original_features,features_before_after_histogram.pdf,64
dataset_20/uvl/model_20130716_384525556.uvl,Features,Before reduction,original_features,features_before_after_histogram.pdf,17
dataset_20/uvl/model_20130722_443972122.uvl,Features,Before reduction,original_features,features_before_after_histogram.pdf,12
dataset_20/uvl/model_20130725_1746580783.uvl,Features,Before reduction,original_features,features_before_after_histogram.pdf,16
dataset_20/uvl/model_20130725_1929838118.uvl,Features,Before reduction,original_features,features_before_after_histogram.pdf,41
dataset_20/uvl/model_20130725_608010428.uvl,Features,Before reduction,original_features,features_before_after_histogram.pdf,12
dataset_20/uvl/model_20130726_597280131.uvl,Features,Before reduction,original_features,features_before_after_histogram.pdf,47
dataset_20/uvl/model_20130731_2029107317.uvl,Features,Before reduction,original_features,features_before_after_histogram.pdf,76
dataset_20/uvl/model_20130807_1787614695.uvl,Features,Before reduction,original_features,features_before_after_histogram.pdf,13
dataset_20/uvl/model_20130808_465499656.uvl,Features,Before reduction,original_features,features_before_after_histogram.pdf,22
dataset_20/uvl/model_20130809_353548541.uvl,Features,Before reduction,original_features,features_before_after_histogram.pdf,57
dataset_20/uvl/model_20130811_391981530.uvl,Features,Before reduction,original_features,features_before_after_histogram.pdf,41
dataset_20/uvl/model_20130812_1882708509.uvl,Features,Before reduction,original_features,features_before_after_histogram.pdf,41
dataset_20/uvl/model_20130812_690840910.uvl,Features,Before reduction,original_features,features_before_after_histogram.pdf,30
dataset_20/uvl/model_20130815_1890929461.uvl,Features,Before reduction,original_features,features_before_after_histogram.pdf,56
dataset_20/uvl/model_20130818_278315719.uvl,Features,Before reduction,original_features,features_before_after_histogram.pdf,10
dataset_20/uvl/model_20130820_1465112187.uvl,Features,Before reduction,original_features,features_before_after_histogram.pdf,49
dataset_20/uvl/model_20130821_1446947208.uvl,Features,Before reduction,original_features,features_before_after_histogram.pdf,49
dataset_20/uvl/model_20130821_361829065.uvl,Features,Before reduction,original_features,features_before_after_histogram.pdf,30
dataset_20/uvl/model_20130821_470005647.uvl,Features,Before reduction,original_features,features_before_after_histogram.pdf,43
dataset_20/uvl/model_20130908_1057721135.uvl,Features,Before reduction,original_features,features_before_after_histogram.pdf,14
dataset_20/uvl/model_20130908_1070185514.uvl,Features,Before reduction,original_features,features_before_after_histogram.pdf,366
dataset_20/uvl/model_20130908_2094539725.uvl,Features,Before reduction,original_features,features_before_after_histogram.pdf,81
dataset_20/uvl/model_20130911_2001583567.uvl,Features,Before reduction,original_features,features_before_after_histogram.pdf,34
dataset_20/uvl/model_20130916_1001858303.uvl,Features,Before reduction,original_features,features_before_after_histogram.pdf,15
dataset_20/uvl/model_20130916_1112744253.uvl,Features,Before reduction,original_features,features_before_after_histogram.pdf,15
dataset_20/uvl/model_20130916_1448418245.uvl,Features,Before reduction,original_features,features_before_after_histogram.pdf,14
dataset_20/uvl/model_20130916_1467348272.uvl,Features,Before reduction,original_features,features_before_after_histogram.pdf,16
dataset_20/uvl/model_20130916_156611854.uvl,Features,Before reduction,original_features,features_before_after_histogram.pdf,17
dataset_20/uvl/model_20130916_1649901124.uvl,Features,Before reduction,original_features,features_before_after_histogram.pdf,16
dataset_20/uvl/model_20130916_1894002979.uvl,Features,Before reduction,original_features,features_before_after_histogram.pdf,16
dataset_20/uvl/model_20130916_1980915056.uvl,Features,Before reduction,original_features,features_before_after_histogram.pdf,15
dataset_20/uvl/model_20130916_1983257725.uvl,Features,Before reduction,original_features,features_before_after_histogram.pdf,16
dataset_20/uvl/model_20130916_2072761889.uvl,Features,Before reduction,original_features,features_before_after_histogram.pdf,15
dataset_20/uvl/model_20130916_302923469.uvl,Features,Before reduction,original_features,features_before_after_histogram.pdf,16
dataset_20/uvl/model_20130916_330769314.uvl,Features,Before reduction,original_features,features_before_after_histogram.pdf,17
dataset_20/uvl/model_20130916_552778902.uvl,Features,Before reduction,original_features,features_before_after_histogram.pdf,16
dataset_20/uvl/model_20130916_667715515.uvl,Features,Before reduction,original_features,features_before_after_histogram.pdf,16
dataset_20/uvl/model_20130916_882364260.uvl,Features,Before reduction,original_features,features_before_after_histogram.pdf,15
dataset_20/uvl/model_20130916_894347834.uvl,Features,Before reduction,original_features,features_before_after_histogram.pdf,15
dataset_20/uvl/model_20130917_1805517149.uvl,Features,Before reduction,original_features,features_before_after_histogram.pdf,13
dataset_20/uvl/model_20130917_737900063.uvl,Features,Before reduction,original_features,features_before_after_histogram.pdf,13
dataset_20/uvl/model_20131016_1224723724.uvl,Features,Before reduction,original_features,features_before_after_histogram.pdf,11
dataset_20/uvl/model_20131028_1719041666.uvl,Features,Before reduction,original_features,features_before_after_histogram.pdf,19
dataset_20/uvl/model_20131109_2060894287.uvl,Features,Before reduction,original_features,features_before_after_histogram.pdf,14
dataset_20/uvl/model_20131111_1434736548.uvl,Features,Before reduction,original_features,features_before_after_histogram.pdf,34
dataset_20/uvl/model_20131111_1486670620.uvl,Features,Before reduction,original_features,features_before_after_histogram.pdf,21
dataset_20/uvl/model_20131112_1165253679.uvl,Features,Before reduction,original_features,features_before_after_histogram.pdf,27
dataset_20/uvl/model_20131112_1191150070.uvl,Features,Before reduction,original_features,features_before_after_histogram.pdf,57
dataset_20/uvl/model_20131112_1315617761.uvl,Features,Before reduction,original_features,features_before_after_histogram.pdf,58
dataset_20/uvl/model_20131112_1353790761.uvl,Features,Before reduction,original_features,features_before_after_histogram.pdf,23
dataset_20/uvl/model_20131112_1399418967.uvl,Features,Before reduction,original_features,features_before_after_histogram.pdf,35
dataset_20/uvl/model_20131112_1591180910.uvl,Features,Before reduction,original_features,features_before_after_histogram.pdf,29
dataset_20/uvl/model_20131112_1592384504.uvl,Features,Before reduction,original_features,features_before_after_histogram.pdf,32
dataset_20/uvl/model_20131112_1617262618.uvl,Features,Before reduction,original_features,features_before_after_histogram.pdf,30
dataset_20/uvl/model_20131112_1630582425.uvl,Features,Before reduction,original_features,features_before_after_histogram.pdf,28
dataset_20/uvl/model_20131112_1825068383.uvl,Features,Before reduction,original_features,features_before_after_histogram.pdf,25
dataset_20/uvl/model_20131112_1840652917.uvl,Features,Before reduction,original_features,features_before_after_histogram.pdf,17
dataset_20/uvl/model_20131112_1855381012.uvl,Features,Before reduction,original_features,features_before_after_histogram.pdf,31
dataset_20/uvl/model_20131112_2028027455.uvl,Features,Before reduction,original_features,features_before_after_histogram.pdf,13
dataset_20/uvl/model_20131112_330151541.uvl,Features,Before reduction,original_features,features_before_after_histogram.pdf,21
dataset_20/uvl/model_20131112_356575914.uvl,Features,Before reduction,original_features,features_before_after_histogram.pdf,20
dataset_20/uvl/model_20131112_605989901.uvl,Features,Before reduction,original_features,features_before_after_histogram.pdf,25
dataset_20/uvl/model_20131112_64627122.uvl,Features,Before reduction,original_features,features_before_after_histogram.pdf,13
dataset_20/uvl/model_20131112_817529963.uvl,Features,Before reduction,original_features,features_before_after_histogram.pdf,40
dataset_20/uvl/model_20131112_832913408.uvl,Features,Before reduction,original_features,features_before_after_histogram.pdf,17
dataset_20/uvl/model_20131112_990013628.uvl,Features,Before reduction,original_features,features_before_after_histogram.pdf,10
dataset_20/uvl/model_20131113_2067550021.uvl,Features,Before reduction,original_features,features_before_after_histogram.pdf,42
dataset_20/uvl/model_20131114_87095598.uvl,Features,Before reduction,original_features,features_before_after_histogram.pdf,57
dataset_20/uvl/model_20131121_194495737.uvl,Features,Before reduction,original_features,features_before_after_histogram.pdf,12
dataset_20/uvl/model_20131122_1083650489.uvl,Features,Before reduction,original_features,features_before_after_histogram.pdf,15
dataset_20/uvl/model_20131122_1241273029.uvl,Features,Before reduction,original_features,features_before_after_histogram.pdf,18
dataset_20/uvl/model_20131122_1558809462.uvl,Features,Before reduction,original_features,features_before_after_histogram.pdf,26
dataset_20/uvl/model_20131122_1573422851.uvl,Features,Before reduction,original_features,features_before_after_histogram.pdf,15
dataset_20/uvl/model_20131122_1877947099.uvl,Features,Before reduction,original_features,features_before_after_histogram.pdf,15
dataset_20/uvl/model_20131122_224574976.uvl,Features,Before reduction,original_features,features_before_after_histogram.pdf,11
dataset_20/uvl/model_20131122_23346211.uvl,Features,Before reduction,original_features,features_before_after_histogram.pdf,15
dataset_20/uvl/model_20131122_641443746.uvl,Features,Before reduction,original_features,features_before_after_histogram.pdf,14
dataset_20/uvl/model_20131122_913576973.uvl,Features,Before reduction,original_features,features_before_after_histogram.pdf,23
dataset_20/uvl/model_20131124_646639708.uvl,Features,Before reduction,original_features,features_before_after_histogram.pdf,16
dataset_20/uvl/model_20131125_731391866.uvl,Features,Before reduction,original_features,features_before_after_histogram.pdf,18
dataset_20/uvl/model_20131128_2046989275.uvl,Features,Before reduction,original_features,features_before_after_histogram.pdf,15
dataset_20/uvl/model_20131129_1765219729.uvl,Features,Before reduction,original_features,features_before_after_histogram.pdf,14
dataset_20/uvl/model_20131129_1795005487.uvl,Features,Before reduction,original_features,features_before_after_histogram.pdf,10
dataset_20/uvl/model_20131129_2135897376.uvl,Features,Before reduction,original_features,features_before_after_histogram.pdf,10
dataset_20/uvl/model_20131201_820966647.uvl,Features,Before reduction,original_features,features_before_after_histogram.pdf,18
dataset_20/uvl/model_20131202_1494824194.uvl,Features,Before reduction,original_features,features_before_after_histogram.pdf,34
dataset_20/uvl/model_20131202_1575628003.uvl,Features,Before reduction,original_features,features_before_after_histogram.pdf,19
dataset_20/uvl/model_20131202_1775789712.uvl,Features,Before reduction,original_features,features_before_after_histogram.pdf,50
dataset_20/uvl/model_20131202_533920013.uvl,Features,Before reduction,original_features,features_before_after_histogram.pdf,19
dataset_20/uvl/model_20131202_715513367.uvl,Features,Before reduction,original_features,features_before_after_histogram.pdf,22
dataset_20/uvl/model_20131203_151571988.uvl,Features,Before reduction,original_features,features_before_after_histogram.pdf,54
dataset_20/uvl/model_20131206_656913635.uvl,Features,Before reduction,original_features,features_before_after_histogram.pdf,13
dataset_20/uvl/model_20131206_684654596.uvl,Features,Before reduction,original_features,features_before_after_histogram.pdf,12
dataset_20/uvl/model_20131210_413521746.uvl,Features,Before reduction,original_features,features_before_after_histogram.pdf,13
dataset_20/uvl/model_20131217_806985744.uvl,Features,Before reduction,original_features,features_before_after_histogram.pdf,11
dataset_20/uvl/model_20140101_941325443.uvl,Features,Before reduction,original_features,features_before_after_histogram.pdf,10
dataset_20/uvl/model_20140109_637429284.uvl,Features,Before reduction,original_features,features_before_after_histogram.pdf,11
dataset_20/uvl/model_20140130_912999540.uvl,Features,Before reduction,original_features,features_before_after_histogram.pdf,13
dataset_20/uvl/model_20140205_954857783.uvl,Features,Before reduction,original_features,features_before_after_histogram.pdf,11
dataset_20/uvl/model_20140207_1303140975.uvl,Features,Before reduction,original_features,features_before_after_histogram.pdf,12
dataset_20/uvl/model_20140209_1382642350.uvl,Features,Before reduction,original_features,features_before_after_histogram.pdf,41
dataset_20/uvl/model_20140209_1802656178.uvl,Features,Before reduction,original_features,features_before_after_histogram.pdf,26
dataset_20/uvl/model_20140209_34267674.uvl,Features,Before reduction,original_features,features_before_after_histogram.pdf,44
dataset_20/uvl/model_20140209_576830157.uvl,Features,Before reduction,original_features,features_before_after_histogram.pdf,27
dataset_20/uvl/model_20140209_738203734.uvl,Features,Before reduction,original_features,features_before_after_histogram.pdf,51
dataset_20/uvl/model_20140223_789634838.uvl,Features,Before reduction,original_features,features_before_after_histogram.pdf,26
dataset_20/uvl/model_20140225_1829795152.uvl,Features,Before reduction,original_features,features_before_after_histogram.pdf,14
dataset_20/uvl/model_20140227_386614568.uvl,Features,Before reduction,original_features,features_before_after_histogram.pdf,75
dataset_20/uvl/model_20140227_661956564.uvl,Features,Before reduction,original_features,features_before_after_histogram.pdf,47
dataset_20/uvl/model_20140301_728202228.uvl,Features,Before reduction,original_features,features_before_after_histogram.pdf,49
dataset_20/uvl/model_20140303_1487935744.uvl,Features,Before reduction,original_features,features_before_after_histogram.pdf,23
dataset_20/uvl/model_20140305_1485634182.uvl,Features,Before reduction,original_features,features_before_after_histogram.pdf,28
dataset_20/uvl/model_20140305_1745306436.uvl,Features,Before reduction,original_features,features_before_after_histogram.pdf,20
dataset_20/uvl/model_20140305_850513381.uvl,Features,Before reduction,original_features,features_before_after_histogram.pdf,63
dataset_20/uvl/model_20140306_1313194877.uvl,Features,Before reduction,original_features,features_before_after_histogram.pdf,32
dataset_20/uvl/model_20140306_1607259562.uvl,Features,Before reduction,original_features,features_before_after_histogram.pdf,43
dataset_20/uvl/model_20140306_1994550432.uvl,Features,Before reduction,original_features,features_before_after_histogram.pdf,12
dataset_20/uvl/model_20140310_1022041880.uvl,Features,Before reduction,original_features,features_before_after_histogram.pdf,88
dataset_20/uvl/model_20140310_1916029542.uvl,Features,Before reduction,original_features,features_before_after_histogram.pdf,144
dataset_20/uvl/model_20140319_1506613330.uvl,Features,Before reduction,original_features,features_before_after_histogram.pdf,16
dataset_20/uvl/model_20140320_391816142.uvl,Features,Before reduction,original_features,features_before_after_histogram.pdf,11
dataset_20/uvl/model_20140321_1655023261.uvl,Features,Before reduction,original_features,features_before_after_histogram.pdf,14
dataset_20/uvl/model_20140322_1340045027.uvl,Features,Before reduction,original_features,features_before_after_histogram.pdf,10
dataset_20/uvl/model_20140324_1142291623.uvl,Features,Before reduction,original_features,features_before_after_histogram.pdf,11
dataset_20/uvl/model_20140326_1693773444.uvl,Features,Before reduction,original_features,features_before_after_histogram.pdf,13
dataset_20/uvl/model_20140326_183546394.uvl,Features,Before reduction,original_features,features_before_after_histogram.pdf,11
dataset_20/uvl/model_20140326_801743865.uvl,Features,Before reduction,original_features,features_before_after_histogram.pdf,13
dataset_20/uvl/model_20140328_1965511118.uvl,Features,Before reduction,original_features,features_before_after_histogram.pdf,10
dataset_20/uvl/model_20140401_1527258088.uvl,Features,Before reduction,original_features,features_before_after_histogram.pdf,13
dataset_20/uvl/model_20140402_1108338221.uvl,Features,Before reduction,original_features,features_before_after_histogram.pdf,10
dataset_20/uvl/model_20140403_1254324003.uvl,Features,Before reduction,original_features,features_before_after_histogram.pdf,28
dataset_20/uvl/model_20140403_1425048263.uvl,Features,Before reduction,original_features,features_before_after_histogram.pdf,12
dataset_20/uvl/model_20140403_1688136935.uvl,Features,Before reduction,original_features,features_before_after_histogram.pdf,45
dataset_20/uvl/model_20140408_1553357169.uvl,Features,Before reduction,original_features,features_before_after_histogram.pdf,11
dataset_20/uvl/model_20140409_1370428339.uvl,Features,Before reduction,original_features,features_before_after_histogram.pdf,24
dataset_20/uvl/model_20140410_1285833987.uvl,Features,Before reduction,original_features,features_before_after_histogram.pdf,11
dataset_20/uvl/model_20140410_1905141388.uvl,Features,Before reduction,original_features,features_before_after_histogram.pdf,11
dataset_20/uvl/model_20140410_454790336.uvl,Features,Before reduction,original_features,features_before_after_histogram.pdf,11
dataset_20/uvl/model_20140411_114609198.uvl,Features,Before reduction,original_features,features_before_after_histogram.pdf,12
dataset_20/uvl/model_20140411_1148485857.uvl,Features,Before reduction,original_features,features_before_after_histogram.pdf,12
dataset_20/uvl/model_20140411_1742095150.uvl,Features,Before reduction,original_features,features_before_after_histogram.pdf,12
dataset_20/uvl/model_20140411_279155356.uvl,Features,Before reduction,original_features,features_before_after_histogram.pdf,11
dataset_20/uvl/model_20140420_1899694432.uvl,Features,Before reduction,original_features,features_before_after_histogram.pdf,55
dataset_20/uvl/model_20140421_782765396.uvl,Features,Before reduction,original_features,features_before_after_histogram.pdf,19
dataset_20/uvl/model_20140422_1825362104.uvl,Features,Before reduction,original_features,features_before_after_histogram.pdf,21
dataset_20/uvl/model_20140422_2137156564.uvl,Features,Before reduction,original_features,features_before_after_histogram.pdf,35
dataset_20/uvl/model_20140423_1716161596.uvl,Features,Before reduction,original_features,features_before_after_histogram.pdf,42
dataset_20/uvl/model_20140423_1890396897.uvl,Features,Before reduction,original_features,features_before_after_histogram.pdf,36
dataset_20/uvl/model_20140423_277886534.uvl,Features,Before reduction,original_features,features_before_after_histogram.pdf,21
dataset_20/uvl/model_20140423_813378270.uvl,Features,Before reduction,original_features,features_before_after_histogram.pdf,48
dataset_20/uvl/model_20140423_969548559.uvl,Features,Before reduction,original_features,features_before_after_histogram.pdf,49
dataset_20/uvl/model_20140424_1672030888.uvl,Features,Before reduction,original_features,features_before_after_histogram.pdf,65
dataset_20/uvl/model_20140425_366530615.uvl,Features,Before reduction,original_features,features_before_after_histogram.pdf,11
dataset_20/uvl/model_20140427_1594857347.uvl,Features,Before reduction,original_features,features_before_after_histogram.pdf,19
dataset_20/uvl/model_20140428_1043688075.uvl,Features,Before reduction,original_features,features_before_after_histogram.pdf,56
dataset_20/uvl/model_20140428_1127346099.uvl,Features,Before reduction,original_features,features_before_after_histogram.pdf,72
dataset_20/uvl/model_20140428_1301432646.uvl,Features,Before reduction,original_features,features_before_after_histogram.pdf,72
dataset_20/uvl/model_20140428_1917957920.uvl,Features,Before reduction,original_features,features_before_after_histogram.pdf,63
dataset_20/uvl/model_20140430_1345238885.uvl,Features,Before reduction,original_features,features_before_after_histogram.pdf,17
dataset_20/uvl/model_20140430_1532303117.uvl,Features,Before reduction,original_features,features_before_after_histogram.pdf,32
dataset_20/uvl/model_20140503_110898123.uvl,Features,Before reduction,original_features,features_before_after_histogram.pdf,16
dataset_20/uvl/model_20140503_2024413965.uvl,Features,Before reduction,original_features,features_before_after_histogram.pdf,16
dataset_20/uvl/model_20140508_530056624.uvl,Features,Before reduction,original_features,features_before_after_histogram.pdf,36
dataset_20/uvl/model_20140508_536536644.uvl,Features,Before reduction,original_features,features_before_after_histogram.pdf,36
dataset_20/uvl/model_20140509_978687642.uvl,Features,Before reduction,original_features,features_before_after_histogram.pdf,10
dataset_20/uvl/model_20140511_603377022.uvl,Features,Before reduction,original_features,features_before_after_histogram.pdf,15
dataset_20/uvl/model_20140514_1151327844.uvl,Features,Before reduction,original_features,features_before_after_histogram.pdf,43
dataset_20/uvl/model_20140524_520707568.uvl,Features,Before reduction,original_features,features_before_after_histogram.pdf,11
dataset_20/uvl/model_20140530_1262796172.uvl,Features,Before reduction,original_features,features_before_after_histogram.pdf,10
dataset_20/uvl/model_20140604_731553244.uvl,Features,Before reduction,original_features,features_before_after_histogram.pdf,14
dataset_20/uvl/model_20140605_572628146.uvl,Features,Before reduction,original_features,features_before_after_histogram.pdf,11
dataset_20/uvl/model_20140613_1129301242.uvl,Features,Before reduction,original_features,features_before_after_histogram.pdf,10
dataset_20/uvl/model_20140613_2054294739.uvl,Features,Before reduction,original_features,features_before_after_histogram.pdf,10
dataset_20/uvl/model_20140614_1407759983.uvl,Features,Before reduction,original_features,features_before_after_histogram.pdf,29
dataset_20/uvl/model_20140614_1599125118.uvl,Features,Before reduction,original_features,features_before_after_histogram.pdf,13
dataset_20/uvl/model_20140614_1989695192.uvl,Features,Before reduction,original_features,features_before_after_histogram.pdf,29
dataset_20/uvl/model_20140614_2029282468.uvl,Features,Before reduction,original_features,features_before_after_histogram.pdf,54
dataset_20/uvl/model_20140614_436006902.uvl,Features,Before reduction,original_features,features_before_after_histogram.pdf,25
dataset_20/uvl/model_20140614_81946339.uvl,Features,Before reduction,original_features,features_before_after_histogram.pdf,22
dataset_20/uvl/model_20140615_1417385367.uvl,Features,Before reduction,original_features,features_before_after_histogram.pdf,35
dataset_20/uvl/model_20140615_1477062295.uvl,Features,Before reduction,original_features,features_before_after_histogram.pdf,33
dataset_20/uvl/model_20140615_1755551630.uvl,Features,Before reduction,original_features,features_before_after_histogram.pdf,24
dataset_20/uvl/model_20140628_1177734570.uvl,Features,Before reduction,original_features,features_before_after_histogram.pdf,29
dataset_20/uvl/model_20140629_1128400878.uvl,Features,Before reduction,original_features,features_before_after_histogram.pdf,42
dataset_20/uvl/model_20140630_1564361664.uvl,Features,Before reduction,original_features,features_before_after_histogram.pdf,10
dataset_20/uvl/model_20140710_2059561340.uvl,Features,Before reduction,original_features,features_before_after_histogram.pdf,33
dataset_20/uvl/model_20140728_1532422166.uvl,Features,Before reduction,original_features,features_before_after_histogram.pdf,23
dataset_20/uvl/model_20140801_240918546.uvl,Features,Before reduction,original_features,features_before_after_histogram.pdf,22
dataset_20/uvl/model_20140819_1020837515.uvl,Features,Before reduction,original_features,features_before_after_histogram.pdf,63
dataset_20/uvl/model_20140819_1738890661.uvl,Features,Before reduction,original_features,features_before_after_histogram.pdf,10
dataset_20/uvl/model_20140819_2062208658.uvl,Features,Before reduction,original_features,features_before_after_histogram.pdf,26
dataset_20/uvl/model_20140819_424669215.uvl,Features,Before reduction,original_features,features_before_after_histogram.pdf,17
dataset_20/uvl/model_20140819_535519547.uvl,Features,Before reduction,original_features,features_before_after_histogram.pdf,13
dataset_20/uvl/model_20140819_709073537.uvl,Features,Before reduction,original_features,features_before_after_histogram.pdf,43
dataset_20/uvl/model_20140819_914542251.uvl,Features,Before reduction,original_features,features_before_after_histogram.pdf,62
dataset_20/uvl/model_20140819_940483638.uvl,Features,Before reduction,original_features,features_before_after_histogram.pdf,11
dataset_20/uvl/model_20140820_1349433690.uvl,Features,Before reduction,original_features,features_before_after_histogram.pdf,22
dataset_20/uvl/model_20140823_1972464026.uvl,Features,Before reduction,original_features,features_before_after_histogram.pdf,35
dataset_20/uvl/model_20140824_1421620261.uvl,Features,Before reduction,original_features,features_before_after_histogram.pdf,51
dataset_20/uvl/model_20140824_1698583194.uvl,Features,Before reduction,original_features,features_before_after_histogram.pdf,66
dataset_20/uvl/model_20140824_2115796112.uvl,Features,Before reduction,original_features,features_before_after_histogram.pdf,43
dataset_20/uvl/model_20140824_525404983.uvl,Features,Before reduction,original_features,features_before_after_histogram.pdf,47
dataset_20/uvl/model_20140825_2017008690.uvl,Features,Before reduction,original_features,features_before_after_histogram.pdf,58
dataset_20/uvl/model_20140826_2051139991.uvl,Features,Before reduction,original_features,features_before_after_histogram.pdf,31
dataset_20/uvl/model_20140902_941000321.uvl,Features,Before reduction,original_features,features_before_after_histogram.pdf,13
dataset_20/uvl/model_20140905_2124104947.uvl,Features,Before reduction,original_features,features_before_after_histogram.pdf,10
dataset_20/uvl/model_20140905_372428255.uvl,Features,Before reduction,original_features,features_before_after_histogram.pdf,13
dataset_20/uvl/model_20140914_1816201365.uvl,Features,Before reduction,original_features,features_before_after_histogram.pdf,37
dataset_20/uvl/model_20140914_775838300.uvl,Features,Before reduction,original_features,features_before_after_histogram.pdf,24
dataset_20/uvl/model_20140917_195564800.uvl,Features,Before reduction,original_features,features_before_after_histogram.pdf,16
dataset_20/uvl/model_20140925_285704903.uvl,Features,Before reduction,original_features,features_before_after_histogram.pdf,20
dataset_20/uvl/model_20141006_1946000492.uvl,Features,Before reduction,original_features,features_before_after_histogram.pdf,14
dataset_20/uvl/model_20141017_1234330746.uvl,Features,Before reduction,original_features,features_before_after_histogram.pdf,38
dataset_20/uvl/model_20141018_2078980023.uvl,Features,Before reduction,original_features,features_before_after_histogram.pdf,87
dataset_20/uvl/model_20141018_811394530.uvl,Features,Before reduction,original_features,features_before_after_histogram.pdf,23
dataset_20/uvl/model_20141021_386995832.uvl,Features,Before reduction,original_features,features_before_after_histogram.pdf,24
dataset_20/uvl/model_20141023_1082000051.uvl,Features,Before reduction,original_features,features_before_after_histogram.pdf,37
dataset_20/uvl/model_20141023_1600573567.uvl,Features,Before reduction,original_features,features_before_after_histogram.pdf,20
dataset_20/uvl/model_20141023_437365215.uvl,Features,Before reduction,original_features,features_before_after_histogram.pdf,35
dataset_20/uvl/model_20141029_1107505375.uvl,Features,Before reduction,original_features,features_before_after_histogram.pdf,12
dataset_20/uvl/model_20141029_1924517902.uvl,Features,Before reduction,original_features,features_before_after_histogram.pdf,53
dataset_20/uvl/model_20141030_1194865372.uvl,Features,Before reduction,original_features,features_before_after_histogram.pdf,48
dataset_20/uvl/model_20141030_1477913256.uvl,Features,Before reduction,original_features,features_before_after_histogram.pdf,12
dataset_20/uvl/model_20141102_1778359466.uvl,Features,Before reduction,original_features,features_before_after_histogram.pdf,23
dataset_20/uvl/model_20141103_285596543.uvl,Features,Before reduction,original_features,features_before_after_histogram.pdf,25
dataset_20/uvl/model_20141103_771283347.uvl,Features,Before reduction,original_features,features_before_after_histogram.pdf,10
dataset_20/uvl/model_20141104_1527188029.uvl,Features,Before reduction,original_features,features_before_after_histogram.pdf,140
dataset_20/uvl/model_20141106_1014782772.uvl,Features,Before reduction,original_features,features_before_after_histogram.pdf,17
dataset_20/uvl/model_20141106_309720283.uvl,Features,Before reduction,original_features,features_before_after_histogram.pdf,57
dataset_20/uvl/model_20141106_687094706.uvl,Features,Before reduction,original_features,features_before_after_histogram.pdf,65
dataset_20/uvl/model_20141107_377655341.uvl,Features,Before reduction,original_features,features_before_after_histogram.pdf,24
dataset_20/uvl/model_20141107_655975442.uvl,Features,Before reduction,original_features,features_before_after_histogram.pdf,10
dataset_20/uvl/model_20141108_202761108.uvl,Features,Before reduction,original_features,features_before_after_histogram.pdf,10
dataset_20/uvl/model_20141108_701198022.uvl,Features,Before reduction,original_features,features_before_after_histogram.pdf,11
dataset_20/uvl/model_20141109_1274255950.uvl,Features,Before reduction,original_features,features_before_after_histogram.pdf,11
dataset_20/uvl/model_20141111_2120296387.uvl,Features,Before reduction,original_features,features_before_after_histogram.pdf,51
dataset_20/uvl/model_20141113_1414990983.uvl,Features,Before reduction,original_features,features_before_after_histogram.pdf,46
dataset_20/uvl/model_20141113_346832425.uvl,Features,Before reduction,original_features,features_before_after_histogram.pdf,56
dataset_20/uvl/model_20141114_653359930.uvl,Features,Before reduction,original_features,features_before_after_histogram.pdf,32
dataset_20/uvl/model_20141116_913921823.uvl,Features,Before reduction,original_features,features_before_after_histogram.pdf,44
dataset_20/uvl/model_20141119_1459706454.uvl,Features,Before reduction,original_features,features_before_after_histogram.pdf,34
dataset_20/uvl/model_20141119_1676144838.uvl,Features,Before reduction,original_features,features_before_after_histogram.pdf,14
dataset_20/uvl/model_20141129_1031364.uvl,Features,Before reduction,original_features,features_before_after_histogram.pdf,12
dataset_20/uvl/model_20141129_1141626102.uvl,Features,Before reduction,original_features,features_before_after_histogram.pdf,12
dataset_20/uvl/model_20141129_1168519534.uvl,Features,Before reduction,original_features,features_before_after_histogram.pdf,12
dataset_20/uvl/model_20141129_1642511009.uvl,Features,Before reduction,original_features,features_before_after_histogram.pdf,34
dataset_20/uvl/model_20141129_2117240468.uvl,Features,Before reduction,original_features,features_before_after_histogram.pdf,12
dataset_20/uvl/model_20141129_264528063.uvl,Features,Before reduction,original_features,features_before_after_histogram.pdf,13
dataset_20/uvl/model_20141129_6569546.uvl,Features,Before reduction,original_features,features_before_after_histogram.pdf,25
dataset_20/uvl/model_20141129_966803644.uvl,Features,Before reduction,original_features,features_before_after_histogram.pdf,12
dataset_20/uvl/model_20141202_104116345.uvl,Features,Before reduction,original_features,features_before_after_histogram.pdf,10
dataset_20/uvl/model_20141202_107430422.uvl,Features,Before reduction,original_features,features_before_after_histogram.pdf,36
dataset_20/uvl/model_20141205_2005181775.uvl,Features,Before reduction,original_features,features_before_after_histogram.pdf,33
dataset_20/uvl/model_20141212_523199394.uvl,Features,Before reduction,original_features,features_before_after_histogram.pdf,15
dataset_20/uvl/model_20150105_1168070568.uvl,Features,Before reduction,original_features,features_before_after_histogram.pdf,17
dataset_20/uvl/model_20150109_425963323.uvl,Features,Before reduction,original_features,features_before_after_histogram.pdf,37
dataset_20/uvl/model_20150114_50814742.uvl,Features,Before reduction,original_features,features_before_after_histogram.pdf,33
dataset_20/uvl/model_20150120_214372699.uvl,Features,Before reduction,original_features,features_before_after_histogram.pdf,40
dataset_20/uvl/model_20150208_1225865238.uvl,Features,Before reduction,original_features,features_before_after_histogram.pdf,42
dataset_20/uvl/model_20150208_2120373387.uvl,Features,Before reduction,original_features,features_before_after_histogram.pdf,25
dataset_20/uvl/model_20150209_1183047948.uvl,Features,Before reduction,original_features,features_before_after_histogram.pdf,29
dataset_20/uvl/model_20150212_1516383976.uvl,Features,Before reduction,original_features,features_before_after_histogram.pdf,12
dataset_20/uvl/model_20150222_2069201003.uvl,Features,Before reduction,original_features,features_before_after_histogram.pdf,13
dataset_20/uvl/model_20150222_409043024.uvl,Features,Before reduction,original_features,features_before_after_histogram.pdf,52
dataset_20/uvl/model_20150223_339293957.uvl,Features,Before reduction,original_features,features_before_after_histogram.pdf,26
dataset_20/uvl/model_20150223_771673981.uvl,Features,Before reduction,original_features,features_before_after_histogram.pdf,26
dataset_20/uvl/model_20150226_64791123.uvl,Features,Before reduction,original_features,features_before_after_histogram.pdf,26
dataset_20/uvl/model_20150228_222823272.uvl,Features,Before reduction,original_features,features_before_after_histogram.pdf,37
dataset_20/uvl/model_20150228_41303449.uvl,Features,Before reduction,original_features,features_before_after_histogram.pdf,33
dataset_20/uvl/model_20150301_1821356180.uvl,Features,Before reduction,original_features,features_before_after_histogram.pdf,28
dataset_20/uvl/model_20150301_300492477.uvl,Features,Before reduction,original_features,features_before_after_histogram.pdf,33
dataset_20/uvl/model_20150301_527193150.uvl,Features,Before reduction,original_features,features_before_after_histogram.pdf,24
dataset_20/uvl/model_20150302_1660900120.uvl,Features,Before reduction,original_features,features_before_after_histogram.pdf,31
dataset_20/uvl/model_20150304_173081072.uvl,Features,Before reduction,original_features,features_before_after_histogram.pdf,20
dataset_20/uvl/model_20150304_617127008.uvl,Features,Before reduction,original_features,features_before_after_histogram.pdf,56
dataset_20/uvl/model_20150305_15208156.uvl,Features,Before reduction,original_features,features_before_after_histogram.pdf,30
dataset_20/uvl/model_20150305_837831991.uvl,Features,Before reduction,original_features,features_before_after_histogram.pdf,39
dataset_20/uvl/model_20150305_94122420.uvl,Features,Before reduction,original_features,features_before_after_histogram.pdf,31
dataset_20/uvl/model_20150306_503606823.uvl,Features,Before reduction,original_features,features_before_after_histogram.pdf,27
dataset_20/uvl/model_20150307_1251635490.uvl,Features,Before reduction,original_features,features_before_after_histogram.pdf,35
dataset_20/uvl/model_20150309_1129343473.uvl,Features,Before reduction,original_features,features_before_after_histogram.pdf,33
dataset_20/uvl/model_20150309_1544990511.uvl,Features,Before reduction,original_features,features_before_after_histogram.pdf,39
dataset_20/uvl/model_20150309_670536624.uvl,Features,Before reduction,original_features,features_before_after_histogram.pdf,22
dataset_20/uvl/model_20150310_1159520762.uvl,Features,Before reduction,original_features,features_before_after_histogram.pdf,35
dataset_20/uvl/model_20150310_1191030699.uvl,Features,Before reduction,original_features,features_before_after_histogram.pdf,30
dataset_20/uvl/model_20150310_1642957582.uvl,Features,Before reduction,original_features,features_before_after_histogram.pdf,29
dataset_20/uvl/model_20150310_563618715.uvl,Features,Before reduction,original_features,features_before_after_histogram.pdf,33
dataset_20/uvl/model_20150320_593593000.uvl,Features,Before reduction,original_features,features_before_after_histogram.pdf,13
dataset_20/uvl/model_20150330_63301402.uvl,Features,Before reduction,original_features,features_before_after_histogram.pdf,11
dataset_20/uvl/model_20150411_1026005127.uvl,Features,Before reduction,original_features,features_before_after_histogram.pdf,10
dataset_20/uvl/model_20150411_1055039600.uvl,Features,Before reduction,original_features,features_before_after_histogram.pdf,18
dataset_20/uvl/model_20150411_1378086632.uvl,Features,Before reduction,original_features,features_before_after_histogram.pdf,15
dataset_20/uvl/model_20150414_2125272166.uvl,Features,Before reduction,original_features,features_before_after_histogram.pdf,21
dataset_20/uvl/model_20150416_264061404.uvl,Features,Before reduction,original_features,features_before_after_histogram.pdf,47
dataset_20/uvl/model_20150419_1225785874.uvl,Features,Before reduction,original_features,features_before_after_histogram.pdf,11
dataset_20/uvl/model_20150423_1415525319.uvl,Features,Before reduction,original_features,features_before_after_histogram.pdf,27
dataset_20/uvl/model_20150423_1422172417.uvl,Features,Before reduction,original_features,features_before_after_histogram.pdf,14
dataset_20/uvl/model_20150425_1862491910.uvl,Features,Before reduction,original_features,features_before_after_histogram.pdf,80
dataset_20/uvl/model_20150427_2103265175.uvl,Features,Before reduction,original_features,features_before_after_histogram.pdf,56
dataset_20/uvl/model_20150428_2048110240.uvl,Features,Before reduction,original_features,features_before_after_histogram.pdf,11
dataset_20/uvl/model_20150429_343028682.uvl,Features,Before reduction,original_features,features_before_after_histogram.pdf,43
dataset_20/uvl/model_20150505_1728564449.uvl,Features,Before reduction,original_features,features_before_after_histogram.pdf,13
dataset_20/uvl/model_20150506_2068045691.uvl,Features,Before reduction,original_features,features_before_after_histogram.pdf,20
dataset_20/uvl/model_20150506_306101537.uvl,Features,Before reduction,original_features,features_before_after_histogram.pdf,33
dataset_20/uvl/model_20150507_1665248699.uvl,Features,Before reduction,original_features,features_before_after_histogram.pdf,15
dataset_20/uvl/model_20150507_425070085.uvl,Features,Before reduction,original_features,features_before_after_histogram.pdf,44
dataset_20/uvl/model_20150509_1341412445.uvl,Features,Before reduction,original_features,features_before_after_histogram.pdf,10
dataset_20/uvl/model_20150512_534005467.uvl,Features,Before reduction,original_features,features_before_after_histogram.pdf,31
dataset_20/uvl/model_20150515_2045521211.uvl,Features,Before reduction,original_features,features_before_after_histogram.pdf,25
dataset_20/uvl/model_20150521_1423870525.uvl,Features,Before reduction,original_features,features_before_after_histogram.pdf,16
dataset_20/uvl/model_20150521_1988107963.uvl,Features,Before reduction,original_features,features_before_after_histogram.pdf,17
dataset_20/uvl/model_20150523_1701783178.uvl,Features,Before reduction,original_features,features_before_after_histogram.pdf,23
dataset_20/uvl/model_20150523_372542452.uvl,Features,Before reduction,original_features,features_before_after_histogram.pdf,47
dataset_20/uvl/model_20150527_1979644627.uvl,Features,Before reduction,original_features,features_before_after_histogram.pdf,72
dataset_20/uvl/model_20150527_2051574410.uvl,Features,Before reduction,original_features,features_before_after_histogram.pdf,28
dataset_20/uvl/model_20150527_830434674.uvl,Features,Before reduction,original_features,features_before_after_histogram.pdf,34
dataset_20/uvl/model_20150529_550903687.uvl,Features,Before reduction,original_features,features_before_after_histogram.pdf,21
dataset_20/uvl/model_20150610_685576256.uvl,Features,Before reduction,original_features,features_before_after_histogram.pdf,15
dataset_20/uvl/model_20150611_1748318240.uvl,Features,Before reduction,original_features,features_before_after_histogram.pdf,14
dataset_20/uvl/model_20150611_578706116.uvl,Features,Before reduction,original_features,features_before_after_histogram.pdf,13
dataset_20/uvl/model_20150612_1719519345.uvl,Features,Before reduction,original_features,features_before_after_histogram.pdf,14
dataset_20/uvl/model_20150614_1325491211.uvl,Features,Before reduction,original_features,features_before_after_histogram.pdf,24
dataset_20/uvl/model_20150616_1287606127.uvl,Features,Before reduction,original_features,features_before_after_histogram.pdf,22
dataset_20/uvl/model_20150616_314969910.uvl,Features,Before reduction,original_features,features_before_after_histogram.pdf,26
dataset_20/uvl/model_20150616_74187279.uvl,Features,Before reduction,original_features,features_before_after_histogram.pdf,17
dataset_20/uvl/model_20150620_2057636397.uvl,Features,Before reduction,original_features,features_before_after_histogram.pdf,13
dataset_20/uvl/model_20150621_1174641946.uvl,Features,Before reduction,original_features,features_before_after_histogram.pdf,36
dataset_20/uvl/model_20150621_2090653675.uvl,Features,Before reduction,original_features,features_before_after_histogram.pdf,20
dataset_20/uvl/model_20150624_1191374126.uvl,Features,Before reduction,original_features,features_before_after_histogram.pdf,13
dataset_20/uvl/model_20150625_1923523971.uvl,Features,Before reduction,original_features,features_before_after_histogram.pdf,16
dataset_20/uvl/model_20150701_451946642.uvl,Features,Before reduction,original_features,features_before_after_histogram.pdf,22
dataset_20/uvl/model_20150703_1928436983.uvl,Features,Before reduction,original_features,features_before_after_histogram.pdf,10
dataset_20/uvl/model_20150713_1448325014.uvl,Features,Before reduction,original_features,features_before_after_histogram.pdf,32
dataset_20/uvl/model_20150715_1425609053.uvl,Features,Before reduction,original_features,features_before_after_histogram.pdf,12
dataset_20/uvl/model_20150715_75174593.uvl,Features,Before reduction,original_features,features_before_after_histogram.pdf,17
dataset_20/uvl/model_20150720_1580995178.uvl,Features,Before reduction,original_features,features_before_after_histogram.pdf,22
dataset_20/uvl/model_20151102_2085331426.uvl,Features,Before reduction,original_features,features_before_after_histogram.pdf,51
dataset_20/uvl/model_20151103_1678219280.uvl,Features,Before reduction,original_features,features_before_after_histogram.pdf,19
dataset_20/uvl/model_20151106_857588743.uvl,Features,Before reduction,original_features,features_before_after_histogram.pdf,21
dataset_20/uvl/model_20151111_460133826.uvl,Features,Before reduction,original_features,features_before_after_histogram.pdf,40
dataset_20/uvl/model_20151116_762410606.uvl,Features,Before reduction,original_features,features_before_after_histogram.pdf,29
dataset_20/uvl/model_20151117_1411945431.uvl,Features,Before reduction,original_features,features_before_after_histogram.pdf,22
dataset_20/uvl/model_20151119_424700280.uvl,Features,Before reduction,original_features,features_before_after_histogram.pdf,10
dataset_20/uvl/model_20151119_825568988.uvl,Features,Before reduction,original_features,features_before_after_histogram.pdf,19
dataset_20/uvl/model_20151122_103763227.uvl,Features,Before reduction,original_features,features_before_after_histogram.pdf,47
dataset_20/uvl/model_20151124_1131991591.uvl,Features,Before reduction,original_features,features_before_after_histogram.pdf,34
dataset_20/uvl/model_20151127_885194761.uvl,Features,Before reduction,original_features,features_before_after_histogram.pdf,36
dataset_20/uvl/model_20151201_896154285.uvl,Features,Before reduction,original_features,features_before_after_histogram.pdf,24
dataset_20/uvl/model_20151202_1529785580.uvl,Features,Before reduction,original_features,features_before_after_histogram.pdf,40
dataset_20/uvl/model_20151216_1220822165.uvl,Features,Before reduction,original_features,features_before_after_histogram.pdf,15
dataset_20/uvl/model_20160103_2012826523.uvl,Features,Before reduction,original_features,features_before_after_histogram.pdf,94
dataset_20/uvl/model_20160106_443157632.uvl,Features,Before reduction,original_features,features_before_after_histogram.pdf,13
dataset_20/uvl/model_20160111_1033692827.uvl,Features,Before reduction,original_features,features_before_after_histogram.pdf,61
dataset_20/uvl/model_20160121_1141972007.uvl,Features,Before reduction,original_features,features_before_after_histogram.pdf,20
dataset_20/uvl/model_20160122_407616496.uvl,Features,Before reduction,original_features,features_before_after_histogram.pdf,29
dataset_20/uvl/model_20160123_368502373.uvl,Features,Before reduction,original_features,features_before_after_histogram.pdf,10
dataset_20/uvl/model_20160125_1378351345.uvl,Features,Before reduction,original_features,features_before_after_histogram.pdf,38
dataset_20/uvl/model_20160125_59009200.uvl,Features,Before reduction,original_features,features_before_after_histogram.pdf,37
dataset_20/uvl/model_20160221_544170906.uvl,Features,Before reduction,original_features,features_before_after_histogram.pdf,11
dataset_20/uvl/model_20160225_2040495200.uvl,Features,Before reduction,original_features,features_before_after_histogram.pdf,50
dataset_20/uvl/model_20160225_419189676.uvl,Features,Before reduction,original_features,features_before_after_histogram.pdf,47
dataset_20/uvl/model_20160227_1275602559.uvl,Features,Before reduction,original_features,features_before_after_histogram.pdf,47
dataset_20/uvl/model_20160227_1389842098.uvl,Features,Before reduction,original_features,features_before_after_histogram.pdf,48
dataset_20/uvl/model_20160229_1590940306.uvl,Features,Before reduction,original_features,features_before_after_histogram.pdf,50
dataset_20/uvl/model_20160229_171128808.uvl,Features,Before reduction,original_features,features_before_after_histogram.pdf,48
dataset_20/uvl/model_20160229_1734203468.uvl,Features,Before reduction,original_features,features_before_after_histogram.pdf,48
dataset_20/uvl/model_20160229_490224198.uvl,Features,Before reduction,original_features,features_before_after_histogram.pdf,49
dataset_20/uvl/model_20160229_707006027.uvl,Features,Before reduction,original_features,features_before_after_histogram.pdf,13
dataset_20/uvl/model_20160301_1978418899.uvl,Features,Before reduction,original_features,features_before_after_histogram.pdf,24
dataset_20/uvl/model_20160301_235863217.uvl,Features,Before reduction,original_features,features_before_after_histogram.pdf,20
dataset_20/uvl/model_20160303_1635209528.uvl,Features,Before reduction,original_features,features_before_after_histogram.pdf,16
dataset_20/uvl/model_20160303_1645051071.uvl,Features,Before reduction,original_features,features_before_after_histogram.pdf,17
dataset_20/uvl/model_20160304_1567363129.uvl,Features,Before reduction,original_features,features_before_after_histogram.pdf,19
dataset_20/uvl/model_20160304_165509543.uvl,Features,Before reduction,original_features,features_before_after_histogram.pdf,43
dataset_20/uvl/model_20160304_168615633.uvl,Features,Before reduction,original_features,features_before_after_histogram.pdf,29
dataset_20/uvl/model_20160307_1341241097.uvl,Features,Before reduction,original_features,features_before_after_histogram.pdf,12
dataset_20/uvl/model_20160308_190029672.uvl,Features,Before reduction,original_features,features_before_after_histogram.pdf,33
dataset_20/uvl/model_20160308_79396455.uvl,Features,Before reduction,original_features,features_before_after_histogram.pdf,41
dataset_20/uvl/model_20160308_993894457.uvl,Features,Before reduction,original_features,features_before_after_histogram.pdf,10
dataset_20/uvl/model_20160309_1721210506.uvl,Features,Before reduction,original_features,features_before_after_histogram.pdf,14
dataset_20/uvl/model_20160309_77134368.uvl,Features,Before reduction,original_features,features_before_after_histogram.pdf,18
dataset_20/uvl/model_20160311_1359424486.uvl,Features,Before reduction,original_features,features_before_after_histogram.pdf,50
dataset_20/uvl/model_20160311_358715911.uvl,Features,Before reduction,original_features,features_before_after_histogram.pdf,26
dataset_20/uvl/model_20160315_505457800.uvl,Features,Before reduction,original_features,features_before_after_histogram.pdf,28
dataset_20/uvl/model_20160315_697003579.uvl,Features,Before reduction,original_features,features_before_after_histogram.pdf,27
dataset_20/uvl/model_20160317_1483846003.uvl,Features,Before reduction,original_features,features_before_after_histogram.pdf,46
dataset_20/uvl/model_20160322_2014722365.uvl,Features,Before reduction,original_features,features_before_after_histogram.pdf,54
dataset_20/uvl/model_20160329_1092215724.uvl,Features,Before reduction,original_features,features_before_after_histogram.pdf,17
dataset_20/uvl/model_20160329_1144142418.uvl,Features,Before reduction,original_features,features_before_after_histogram.pdf,54
dataset_20/uvl/model_20160329_1152124785.uvl,Features,Before reduction,original_features,features_before_after_histogram.pdf,21
dataset_20/uvl/model_20160329_1368375444.uvl,Features,Before reduction,original_features,features_before_after_histogram.pdf,33
dataset_20/uvl/model_20160329_1491802197.uvl,Features,Before reduction,original_features,features_before_after_histogram.pdf,20
dataset_20/uvl/model_20160329_160417479.uvl,Features,Before reduction,original_features,features_before_after_histogram.pdf,20
dataset_20/uvl/model_20160329_1691896941.uvl,Features,Before reduction,original_features,features_before_after_histogram.pdf,28
dataset_20/uvl/model_20160329_174305764.uvl,Features,Before reduction,original_features,features_before_after_histogram.pdf,44
dataset_20/uvl/model_20160329_1999221629.uvl,Features,Before reduction,original_features,features_before_after_histogram.pdf,24
dataset_20/uvl/model_20160329_2023954051.uvl,Features,Before reduction,original_features,features_before_after_histogram.pdf,24
dataset_20/uvl/model_20160329_268958808.uvl,Features,Before reduction,original_features,features_before_after_histogram.pdf,47
dataset_20/uvl/model_20160329_304357596.uvl,Features,Before reduction,original_features,features_before_after_histogram.pdf,23
dataset_20/uvl/model_20160329_578011837.uvl,Features,Before reduction,original_features,features_before_after_histogram.pdf,23
dataset_20/uvl/model_20160329_736279509.uvl,Features,Before reduction,original_features,features_before_after_histogram.pdf,14
dataset_20/uvl/model_20160329_864839294.uvl,Features,Before reduction,original_features,features_before_after_histogram.pdf,22
dataset_20/uvl/model_20160329_925786350.uvl,Features,Before reduction,original_features,features_before_after_histogram.pdf,31
dataset_20/uvl/model_20160329_926312476.uvl,Features,Before reduction,original_features,features_before_after_histogram.pdf,21
dataset_20/uvl/model_20160330_1191432205.uvl,Features,Before reduction,original_features,features_before_after_histogram.pdf,19
dataset_20/uvl/model_20160330_1233914245.uvl,Features,Before reduction,original_features,features_before_after_histogram.pdf,12
dataset_20/uvl/model_20160330_1306243394.uvl,Features,Before reduction,original_features,features_before_after_histogram.pdf,21
dataset_20/uvl/model_20160330_1356575467.uvl,Features,Before reduction,original_features,features_before_after_histogram.pdf,10
dataset_20/uvl/model_20160330_149443721.uvl,Features,Before reduction,original_features,features_before_after_histogram.pdf,30
dataset_20/uvl/model_20160330_1632759327.uvl,Features,Before reduction,original_features,features_before_after_histogram.pdf,19
dataset_20/uvl/model_20160330_1784601624.uvl,Features,Before reduction,original_features,features_before_after_histogram.pdf,25
dataset_20/uvl/model_20160330_1846251072.uvl,Features,Before reduction,original_features,features_before_after_histogram.pdf,39
dataset_20/uvl/model_20160330_218438641.uvl,Features,Before reduction,original_features,features_before_after_histogram.pdf,23
dataset_20/uvl/model_20160330_387052519.uvl,Features,Before reduction,original_features,features_before_after_histogram.pdf,21
dataset_20/uvl/model_20160330_469153666.uvl,Features,Before reduction,original_features,features_before_after_histogram.pdf,13
dataset_20/uvl/model_20160330_511669656.uvl,Features,Before reduction,original_features,features_before_after_histogram.pdf,15
dataset_20/uvl/model_20160330_888130075.uvl,Features,Before reduction,original_features,features_before_after_histogram.pdf,73
dataset_20/uvl/model_20160330_925748995.uvl,Features,Before reduction,original_features,features_before_after_histogram.pdf,16
dataset_20/uvl/model_20160330_999254735.uvl,Features,Before reduction,original_features,features_before_after_histogram.pdf,14
dataset_20/uvl/model_20160411_1158715394.uvl,Features,Before reduction,original_features,features_before_after_histogram.pdf,11
dataset_20/uvl/model_20160420_1926809017.uvl,Features,Before reduction,original_features,features_before_after_histogram.pdf,12
dataset_20/uvl/model_20160420_474055968.uvl,Features,Before reduction,original_features,features_before_after_histogram.pdf,96
dataset_20/uvl/model_20160426_744600320.uvl,Features,Before reduction,original_features,features_before_after_histogram.pdf,21
dataset_20/uvl/model_20160428_283258262.uvl,Features,Before reduction,original_features,features_before_after_histogram.pdf,40
dataset_20/uvl/model_20160429_2024552354.uvl,Features,Before reduction,original_features,features_before_after_histogram.pdf,12
dataset_20/uvl/model_20160502_1352812691.uvl,Features,Before reduction,original_features,features_before_after_histogram.pdf,38
dataset_20/uvl/model_20160502_596671432.uvl,Features,Before reduction,original_features,features_before_after_histogram.pdf,25
dataset_20/uvl/model_20160503_1174916821.uvl,Features,Before reduction,original_features,features_before_after_histogram.pdf,42
dataset_20/uvl/model_20160504_1687809818.uvl,Features,Before reduction,original_features,features_before_after_histogram.pdf,30
dataset_20/uvl/model_20160504_18344306.uvl,Features,Before reduction,original_features,features_before_after_histogram.pdf,13
dataset_20/uvl/model_20160504_814917052.uvl,Features,Before reduction,original_features,features_before_after_histogram.pdf,26
dataset_20/uvl/model_20160506_174377233.uvl,Features,Before reduction,original_features,features_before_after_histogram.pdf,40
dataset_20/uvl/model_20160508_265400900.uvl,Features,Before reduction,original_features,features_before_after_histogram.pdf,46
dataset_20/uvl/model_20160512_1688304541.uvl,Features,Before reduction,original_features,features_before_after_histogram.pdf,31
dataset_20/uvl/model_20160519_1235536625.uvl,Features,Before reduction,original_features,features_before_after_histogram.pdf,34
dataset_20/uvl/model_20160519_1444507509.uvl,Features,Before reduction,original_features,features_before_after_histogram.pdf,41
dataset_20/uvl/model_20160520_681202886.uvl,Features,Before reduction,original_features,features_before_after_histogram.pdf,11
dataset_20/uvl/model_20160524_3029237.uvl,Features,Before reduction,original_features,features_before_after_histogram.pdf,19
dataset_20/uvl/model_20160527_1098137653.uvl,Features,Before reduction,original_features,features_before_after_histogram.pdf,20
dataset_20/uvl/model_20160531_1105256806.uvl,Features,Before reduction,original_features,features_before_after_histogram.pdf,25
dataset_20/uvl/model_20160531_486171149.uvl,Features,Before reduction,original_features,features_before_after_histogram.pdf,35
dataset_20/uvl/model_20160531_990808801.uvl,Features,Before reduction,original_features,features_before_after_histogram.pdf,14
dataset_20/uvl/model_20160603_398155586.uvl,Features,Before reduction,original_features,features_before_after_histogram.pdf,15
dataset_20/uvl/model_20160606_235281629.uvl,Features,Before reduction,original_features,features_before_after_histogram.pdf,13
dataset_20/uvl/model_20160606_412121552.uvl,Features,Before reduction,original_features,features_before_after_histogram.pdf,14
dataset_20/uvl/model_20160608_755102753.uvl,Features,Before reduction,original_features,features_before_after_histogram.pdf,12
dataset_20/uvl/model_20160620_457730604.uvl,Features,Before reduction,original_features,features_before_after_histogram.pdf,20
dataset_20/uvl/model_20160621_993334585.uvl,Features,Before reduction,original_features,features_before_after_histogram.pdf,26
dataset_20/uvl/model_20160623_1415871890.uvl,Features,Before reduction,original_features,features_before_after_histogram.pdf,13
dataset_20/uvl/model_20160629_1032137585.uvl,Features,Before reduction,original_features,features_before_after_histogram.pdf,16
dataset_20/uvl/model_20160712_1875218337.uvl,Features,Before reduction,original_features,features_before_after_histogram.pdf,11
dataset_20/uvl/model_20160716_1943328700.uvl,Features,Before reduction,original_features,features_before_after_histogram.pdf,18
dataset_20/uvl/model_20160721_1827988269.uvl,Features,Before reduction,original_features,features_before_after_histogram.pdf,19
dataset_20/uvl/model_20160721_972954567.uvl,Features,Before reduction,original_features,features_before_after_histogram.pdf,10
dataset_20/uvl/model_20160726_1855902901.uvl,Features,Before reduction,original_features,features_before_after_histogram.pdf,12
dataset_20/uvl/model_20160812_1476754989.uvl,Features,Before reduction,original_features,features_before_after_histogram.pdf,10
dataset_20/uvl/model_20160813_60083737.uvl,Features,Before reduction,original_features,features_before_after_histogram.pdf,10
dataset_20/uvl/model_20160821_1946133193.uvl,Features,Before reduction,original_features,features_before_after_histogram.pdf,14
dataset_20/uvl/model_20160822_713171625.uvl,Features,Before reduction,original_features,features_before_after_histogram.pdf,28
dataset_20/uvl/model_20160824_2005849052.uvl,Features,Before reduction,original_features,features_before_after_histogram.pdf,21
dataset_20/uvl/model_20160905_338518821.uvl,Features,Before reduction,original_features,features_before_after_histogram.pdf,25
dataset_20/uvl/model_20160905_774306083.uvl,Features,Before reduction,original_features,features_before_after_histogram.pdf,14
dataset_20/uvl/model_20160906_1914580505.uvl,Features,Before reduction,original_features,features_before_after_histogram.pdf,31
dataset_20/uvl/model_20160906_802533043.uvl,Features,Before reduction,original_features,features_before_after_histogram.pdf,21
dataset_20/uvl/model_20160906_881197553.uvl,Features,Before reduction,original_features,features_before_after_histogram.pdf,18
dataset_20/uvl/model_20160907_1816738180.uvl,Features,Before reduction,original_features,features_before_after_histogram.pdf,10
dataset_20/uvl/model_20160911_493856736.uvl,Features,Before reduction,original_features,features_before_after_histogram.pdf,45
dataset_20/uvl/model_20160912_1428022317.uvl,Features,Before reduction,original_features,features_before_after_histogram.pdf,49
dataset_20/uvl/model_20160912_772295854.uvl,Features,Before reduction,original_features,features_before_after_histogram.pdf,18
dataset_20/uvl/model_20160913_2142740300.uvl,Features,Before reduction,original_features,features_before_after_histogram.pdf,48
dataset_20/uvl/model_20160913_245590430.uvl,Features,Before reduction,original_features,features_before_after_histogram.pdf,38
dataset_20/uvl/model_20160913_269001380.uvl,Features,Before reduction,original_features,features_before_after_histogram.pdf,49
dataset_20/uvl/model_20160913_482611615.uvl,Features,Before reduction,original_features,features_before_after_histogram.pdf,48
dataset_20/uvl/model_20160913_600398973.uvl,Features,Before reduction,original_features,features_before_after_histogram.pdf,48
dataset_20/uvl/model_20160917_824197127.uvl,Features,Before reduction,original_features,features_before_after_histogram.pdf,14
dataset_20/uvl/model_20160919_1142576711.uvl,Features,Before reduction,original_features,features_before_after_histogram.pdf,20
dataset_20/uvl/model_20160919_422339066.uvl,Features,Before reduction,original_features,features_before_after_histogram.pdf,50
dataset_20/uvl/model_20160919_825563014.uvl,Features,Before reduction,original_features,features_before_after_histogram.pdf,11
dataset_20/uvl/model_20160921_24535453.uvl,Features,Before reduction,original_features,features_before_after_histogram.pdf,29
dataset_20/uvl/model_20160925_2087627141.uvl,Features,Before reduction,original_features,features_before_after_histogram.pdf,47
dataset_20/uvl/model_20160926_106687243.uvl,Features,Before reduction,original_features,features_before_after_histogram.pdf,57
dataset_20/uvl/model_20160926_2009081259.uvl,Features,Before reduction,original_features,features_before_after_histogram.pdf,54
dataset_20/uvl/model_20161003_680973994.uvl,Features,Before reduction,original_features,features_before_after_histogram.pdf,53
dataset_20/uvl/model_20161012_1497804026.uvl,Features,Before reduction,original_features,features_before_after_histogram.pdf,13
dataset_20/uvl/model_20161018_1395239714.uvl,Features,Before reduction,original_features,features_before_after_histogram.pdf,11
dataset_20/uvl/model_20161025_210874268.uvl,Features,Before reduction,original_features,features_before_after_histogram.pdf,10
dataset_20/uvl/model_20161101_1188178549.uvl,Features,Before reduction,original_features,features_before_after_histogram.pdf,36
dataset_20/uvl/model_20161101_1287284082.uvl,Features,Before reduction,original_features,features_before_after_histogram.pdf,50
dataset_20/uvl/model_20161107_2119549052.uvl,Features,Before reduction,original_features,features_before_after_histogram.pdf,12
dataset_20/uvl/model_20161107_751073207.uvl,Features,Before reduction,original_features,features_before_after_histogram.pdf,11
dataset_20/uvl/model_20161109_258969269.uvl,Features,Before reduction,original_features,features_before_after_histogram.pdf,10
dataset_20/uvl/model_20161117_1407262512.uvl,Features,Before reduction,original_features,features_before_after_histogram.pdf,21
dataset_20/uvl/model_20161118_1167269407.uvl,Features,Before reduction,original_features,features_before_after_histogram.pdf,66
dataset_20/uvl/model_20161122_1255346120.uvl,Features,Before reduction,original_features,features_before_after_histogram.pdf,15
dataset_20/uvl/model_20161123_1530983999.uvl,Features,Before reduction,original_features,features_before_after_histogram.pdf,36
dataset_20/uvl/model_20161124_135805624.uvl,Features,Before reduction,original_features,features_before_after_histogram.pdf,37
dataset_20/uvl/model_20161125_1777261352.uvl,Features,Before reduction,original_features,features_before_after_histogram.pdf,33
dataset_20/uvl/model_20161127_1823059506.uvl,Features,Before reduction,original_features,features_before_after_histogram.pdf,69
dataset_20/uvl/model_20161128_1478224089.uvl,Features,Before reduction,original_features,features_before_after_histogram.pdf,77
dataset_20/uvl/model_20161128_2006303576.uvl,Features,Before reduction,original_features,features_before_after_histogram.pdf,96
dataset_20/uvl/model_20161128_2133107865.uvl,Features,Before reduction,original_features,features_before_after_histogram.pdf,68
dataset_20/uvl/model_20161128_844678202.uvl,Features,Before reduction,original_features,features_before_after_histogram.pdf,39
dataset_20/uvl/model_20161207_285955518.uvl,Features,Before reduction,original_features,features_before_after_histogram.pdf,54
dataset_20/uvl/model_20161209_758532997.uvl,Features,Before reduction,original_features,features_before_after_histogram.pdf,13
dataset_20/uvl/model_20161212_1631452800.uvl,Features,Before reduction,original_features,features_before_after_histogram.pdf,23
dataset_20/uvl/model_20161213_651973816.uvl,Features,Before reduction,original_features,features_before_after_histogram.pdf,21
dataset_20/uvl/model_20170115_352040991.uvl,Features,Before reduction,original_features,features_before_after_histogram.pdf,17
dataset_20/uvl/model_20170131_61369545.uvl,Features,Before reduction,original_features,features_before_after_histogram.pdf,39
dataset_20/uvl/model_20170206_852070049.uvl,Features,Before reduction,original_features,features_before_after_histogram.pdf,13
dataset_20/uvl/model_20170215_1278541927.uvl,Features,Before reduction,original_features,features_before_after_histogram.pdf,41
dataset_20/uvl/model_20170215_1976164448.uvl,Features,Before reduction,original_features,features_before_after_histogram.pdf,35
dataset_20/uvl/model_20170219_358603289.uvl,Features,Before reduction,original_features,features_before_after_histogram.pdf,62
dataset_20/uvl/model_20170221_1848353506.uvl,Features,Before reduction,original_features,features_before_after_histogram.pdf,210
dataset_20/uvl/model_20170228_1437582980.uvl,Features,Before reduction,original_features,features_before_after_histogram.pdf,10
dataset_20/uvl/model_20170228_2078125436.uvl,Features,Before reduction,original_features,features_before_after_histogram.pdf,34
dataset_20/uvl/model_20170301_235251685.uvl,Features,Before reduction,original_features,features_before_after_histogram.pdf,14
dataset_20/uvl/model_20170308_1789444441.uvl,Features,Before reduction,original_features,features_before_after_histogram.pdf,28
dataset_20/uvl/model_20170310_195700687.uvl,Features,Before reduction,original_features,features_before_after_histogram.pdf,47
dataset_20/uvl/model_20170310_2069806245.uvl,Features,Before reduction,original_features,features_before_after_histogram.pdf,49
dataset_20/uvl/model_20170310_906013336.uvl,Features,Before reduction,original_features,features_before_after_histogram.pdf,47
dataset_20/uvl/model_20170311_1316290182.uvl,Features,Before reduction,original_features,features_before_after_histogram.pdf,48
dataset_20/uvl/model_20170312_968402737.uvl,Features,Before reduction,original_features,features_before_after_histogram.pdf,49
dataset_20/uvl/model_20170313_143405764.uvl,Features,Before reduction,original_features,features_before_after_histogram.pdf,48
dataset_20/uvl/model_20170313_788976149.uvl,Features,Before reduction,original_features,features_before_after_histogram.pdf,12
dataset_20/uvl/model_20170315_1174513943.uvl,Features,Before reduction,original_features,features_before_after_histogram.pdf,18
dataset_20/uvl/model_20170315_692595151.uvl,Features,Before reduction,original_features,features_before_after_histogram.pdf,23
dataset_20/uvl/model_20170316_1293936491.uvl,Features,Before reduction,original_features,features_before_after_histogram.pdf,48
dataset_20/uvl/model_20170316_1430061931.uvl,Features,Before reduction,original_features,features_before_after_histogram.pdf,60
dataset_20/uvl/model_20170316_174511349.uvl,Features,Before reduction,original_features,features_before_after_histogram.pdf,16
dataset_20/uvl/model_20170317_1165725.uvl,Features,Before reduction,original_features,features_before_after_histogram.pdf,50
dataset_20/uvl/model_20170320_149190356.uvl,Features,Before reduction,original_features,features_before_after_histogram.pdf,50
dataset_20/uvl/model_20170320_1505333083.uvl,Features,Before reduction,original_features,features_before_after_histogram.pdf,47
dataset_20/uvl/model_20170320_772300106.uvl,Features,Before reduction,original_features,features_before_after_histogram.pdf,48
dataset_20/uvl/model_20170321_1279222212.uvl,Features,Before reduction,original_features,features_before_after_histogram.pdf,10
dataset_20/uvl/model_20170321_1774846112.uvl,Features,Before reduction,original_features,features_before_after_histogram.pdf,179
dataset_20/uvl/model_20170322_711096381.uvl,Features,Before reduction,original_features,features_before_after_histogram.pdf,10
dataset_20/uvl/model_20170328_1485540940.uvl,Features,Before reduction,original_features,features_before_after_histogram.pdf,451
dataset_20/uvl/model_20170328_418838667.uvl,Features,Before reduction,original_features,features_before_after_histogram.pdf,261
dataset_20/uvl/model_20170402_1978825740.uvl,Features,Before reduction,original_features,features_before_after_histogram.pdf,263
dataset_20/uvl/model_20170402_765751837.uvl,Features,Before reduction,original_features,features_before_after_histogram.pdf,329
dataset_20/uvl/model_20170404_1821671055.uvl,Features,Before reduction,original_features,features_before_after_histogram.pdf,13
dataset_20/uvl/model_20170405_957299568.uvl,Features,Before reduction,original_features,features_before_after_histogram.pdf,142
dataset_20/uvl/model_20170410_971411480.uvl,Features,Before reduction,original_features,features_before_after_histogram.pdf,11
dataset_20/uvl/model_20170414_1751865819.uvl,Features,Before reduction,original_features,features_before_after_histogram.pdf,77
dataset_20/uvl/model_20170419_185164278.uvl,Features,Before reduction,original_features,features_before_after_histogram.pdf,17
dataset_20/uvl/model_20170420_1165511748.uvl,Features,Before reduction,original_features,features_before_after_histogram.pdf,77
dataset_20/uvl/model_20170424_781699396.uvl,Features,Before reduction,original_features,features_before_after_histogram.pdf,142
dataset_20/uvl/model_20170502_101132737.uvl,Features,Before reduction,original_features,features_before_after_histogram.pdf,33
dataset_20/uvl/model_20170504_370000031.uvl,Features,Before reduction,original_features,features_before_after_histogram.pdf,36
dataset_20/uvl/model_20170505_1428478521.uvl,Features,Before reduction,original_features,features_before_after_histogram.pdf,24
dataset_20/uvl/model_20170505_1995894898.uvl,Features,Before reduction,original_features,features_before_after_histogram.pdf,32
dataset_20/uvl/model_20170510_174347414.uvl,Features,Before reduction,original_features,features_before_after_histogram.pdf,15
dataset_20/uvl/model_20170512_1532934104.uvl,Features,Before reduction,original_features,features_before_after_histogram.pdf,24
dataset_20/uvl/model_20170517_1276361560.uvl,Features,Before reduction,original_features,features_before_after_histogram.pdf,10
dataset_20/uvl/model_20170517_1468714593.uvl,Features,Before reduction,original_features,features_before_after_histogram.pdf,10
dataset_20/uvl/model_20170517_1986241278.uvl,Features,Before reduction,original_features,features_before_after_histogram.pdf,10
dataset_20/uvl/model_20170518_1713871521.uvl,Features,Before reduction,original_features,features_before_after_histogram.pdf,15
dataset_20/uvl/model_20170518_711240246.uvl,Features,Before reduction,original_features,features_before_after_histogram.pdf,36
dataset_20/uvl/model_20170527_1802227256.uvl,Features,Before reduction,original_features,features_before_after_histogram.pdf,11
dataset_20/uvl/model_20170528_1427439246.uvl,Features,Before reduction,original_features,features_before_after_histogram.pdf,10
dataset_20/uvl/model_20170607_1389753102.uvl,Features,Before reduction,original_features,features_before_after_histogram.pdf,13
dataset_20/uvl/model_20170618_724645944.uvl,Features,Before reduction,original_features,features_before_after_histogram.pdf,13
dataset_20/uvl/model_20170627_231083922.uvl,Features,Before reduction,original_features,features_before_after_histogram.pdf,14
dataset_20/uvl/model_20170702_979744088.uvl,Features,Before reduction,original_features,features_before_after_histogram.pdf,21
dataset_20/uvl/model_20170703_1893075315.uvl,Features,Before reduction,original_features,features_before_after_histogram.pdf,20
dataset_20/uvl/model_20170704_1299892151.uvl,Features,Before reduction,original_features,features_before_after_histogram.pdf,11
dataset_20/uvl/model_20170706_1181552122.uvl,Features,Before reduction,original_features,features_before_after_histogram.pdf,11
dataset_20/uvl/model_20170706_1588900401.uvl,Features,Before reduction,original_features,features_before_after_histogram.pdf,30
dataset_20/uvl/model_20170718_2017313962.uvl,Features,Before reduction,original_features,features_before_after_histogram.pdf,18
dataset_20/uvl/model_20170720_160368734.uvl,Features,Before reduction,original_features,features_before_after_histogram.pdf,14
dataset_20/uvl/model_20170809_1734454576.uvl,Features,Before reduction,original_features,features_before_after_histogram.pdf,15
dataset_20/uvl/model_20170814_699386305.uvl,Features,Before reduction,original_features,features_before_after_histogram.pdf,12
dataset_20/uvl/model_20170818_1523700786.uvl,Features,Before reduction,original_features,features_before_after_histogram.pdf,31
dataset_20/uvl/model_20170818_812208818.uvl,Features,Before reduction,original_features,features_before_after_histogram.pdf,31
dataset_20/uvl/model_20170821_2117231347.uvl,Features,Before reduction,original_features,features_before_after_histogram.pdf,28
dataset_20/uvl/model_20170821_744427680.uvl,Features,Before reduction,original_features,features_before_after_histogram.pdf,15
dataset_20/uvl/model_20170904_444361354.uvl,Features,Before reduction,original_features,features_before_after_histogram.pdf,46
dataset_20/uvl/model_20170904_998227463.uvl,Features,Before reduction,original_features,features_before_after_histogram.pdf,42
dataset_20/uvl/model_20170911_1850240044.uvl,Features,Before reduction,original_features,features_before_after_histogram.pdf,13
dataset_20/uvl/model_20170916_132089042.uvl,Features,Before reduction,original_features,features_before_after_histogram.pdf,48
dataset_20/uvl/model_20170916_973590519.uvl,Features,Before reduction,original_features,features_before_after_histogram.pdf,48
dataset_20/uvl/model_20170918_1157652981.uvl,Features,Before reduction,original_features,features_before_after_histogram.pdf,48
dataset_20/uvl/model_20170918_191476099.uvl,Features,Before reduction,original_features,features_before_after_histogram.pdf,48
dataset_20/uvl/model_20170918_1996976409.uvl,Features,Before reduction,original_features,features_before_after_histogram.pdf,33
dataset_20/uvl/model_20170918_2076946141.uvl,Features,Before reduction,original_features,features_before_after_histogram.pdf,16
dataset_20/uvl/model_20170918_446567907.uvl,Features,Before reduction,original_features,features_before_after_histogram.pdf,48
dataset_20/uvl/model_20170919_1393589103.uvl,Features,Before reduction,original_features,features_before_after_histogram.pdf,48
dataset_20/uvl/model_20170919_1425490791.uvl,Features,Before reduction,original_features,features_before_after_histogram.pdf,47
dataset_20/uvl/model_20170919_1946252337.uvl,Features,Before reduction,original_features,features_before_after_histogram.pdf,48
dataset_20/uvl/model_20170919_303553909.uvl,Features,Before reduction,original_features,features_before_after_histogram.pdf,49
dataset_20/uvl/model_20170919_414938854.uvl,Features,Before reduction,original_features,features_before_after_histogram.pdf,47
dataset_20/uvl/model_20170921_244476382.uvl,Features,Before reduction,original_features,features_before_after_histogram.pdf,47
dataset_20/uvl/model_20170925_1698983864.uvl,Features,Before reduction,original_features,features_before_after_histogram.pdf,19
dataset_20/uvl/model_20170926_1539445221.uvl,Features,Before reduction,original_features,features_before_after_histogram.pdf,14
dataset_20/uvl/model_20170926_289427240.uvl,Features,Before reduction,original_features,features_before_after_histogram.pdf,11
dataset_20/uvl/model_20170927_2140419024.uvl,Features,Before reduction,original_features,features_before_after_histogram.pdf,87
dataset_20/uvl/model_20170930_228024571.uvl,Features,Before reduction,original_features,features_before_after_histogram.pdf,62
dataset_20/uvl/model_20171005_1407702877.uvl,Features,Before reduction,original_features,features_before_after_histogram.pdf,28
dataset_20/uvl/model_20171005_1816009957.uvl,Features,Before reduction,original_features,features_before_after_histogram.pdf,10
dataset_20/uvl/model_20171005_661289758.uvl,Features,Before reduction,original_features,features_before_after_histogram.pdf,10
dataset_20/uvl/model_20171008_377237228.uvl,Features,Before reduction,original_features,features_before_after_histogram.pdf,43
dataset_20/uvl/model_20171010_332868283.uvl,Features,Before reduction,original_features,features_before_after_histogram.pdf,12
dataset_20/uvl/model_20171012_404282969.uvl,Features,Before reduction,original_features,features_before_after_histogram.pdf,25
dataset_20/uvl/model_20171012_432118074.uvl,Features,Before reduction,original_features,features_before_after_histogram.pdf,28
dataset_20/uvl/model_20171012_484328807.uvl,Features,Before reduction,original_features,features_before_after_histogram.pdf,36
dataset_20/uvl/model_20171014_936370428.uvl,Features,Before reduction,original_features,features_before_after_histogram.pdf,10
dataset_20/uvl/model_20171016_1973576375.uvl,Features,Before reduction,original_features,features_before_after_histogram.pdf,11
dataset_20/uvl/model_20171016_2132568250.uvl,Features,Before reduction,original_features,features_before_after_histogram.pdf,12
dataset_20/uvl/model_20171016_777651910.uvl,Features,Before reduction,original_features,features_before_after_histogram.pdf,27
dataset_20/uvl/model_20171018_1720986032.uvl,Features,Before reduction,original_features,features_before_after_histogram.pdf,130
dataset_20/uvl/model_20171020_786614820.uvl,Features,Before reduction,original_features,features_before_after_histogram.pdf,12
dataset_20/uvl/model_20171021_192017753.uvl,Features,Before reduction,original_features,features_before_after_histogram.pdf,17
dataset_20/uvl/model_20171028_1906143627.uvl,Features,Before reduction,original_features,features_before_after_histogram.pdf,13
dataset_20/uvl/model_20171029_1247758730.uvl,Features,Before reduction,original_features,features_before_after_histogram.pdf,10
dataset_20/uvl/model_20171029_714150136.uvl,Features,Before reduction,original_features,features_before_after_histogram.pdf,10
dataset_20/uvl/model_20171108_1643056811.uvl,Features,Before reduction,original_features,features_before_after_histogram.pdf,12
dataset_20/uvl/model_20171109_1740328562.uvl,Features,Before reduction,original_features,features_before_after_histogram.pdf,21
dataset_20/uvl/model_20171128_2320585.uvl,Features,Before reduction,original_features,features_before_after_histogram.pdf,14
dataset_20/uvl/model_20171129_847069382.uvl,Features,Before reduction,original_features,features_before_after_histogram.pdf,35
dataset_20/uvl/model_20171202_671836466.uvl,Features,Before reduction,original_features,features_before_after_histogram.pdf,14
dataset_20/uvl/model_20171204_404453510.uvl,Features,Before reduction,original_features,features_before_after_histogram.pdf,21
dataset_20/uvl/model_20171207_1015871671.uvl,Features,Before reduction,original_features,features_before_after_histogram.pdf,18
dataset_20/uvl/model_20171207_711618687.uvl,Features,Before reduction,original_features,features_before_after_histogram.pdf,13
dataset_20/uvl/model_20171208_504832504.uvl,Features,Before reduction,original_features,features_before_after_histogram.pdf,10
dataset_20/uvl/model_20171213_638254090.uvl,Features,Before reduction,original_features,features_before_after_histogram.pdf,11
dataset_20/uvl/model_20180110_870365297.uvl,Features,Before reduction,original_features,features_before_after_histogram.pdf,10
dataset_20/uvl/model_20180122_1429516018.uvl,Features,Before reduction,original_features,features_before_after_histogram.pdf,40
dataset_20/uvl/model_20180126_2070362475.uvl,Features,Before reduction,original_features,features_before_after_histogram.pdf,30
dataset_20/uvl/model_20180214_1066016479.uvl,Features,Before reduction,original_features,features_before_after_histogram.pdf,96
dataset_20/uvl/model_20180222_1531590612.uvl,Features,Before reduction,original_features,features_before_after_histogram.pdf,18
dataset_20/uvl/model_20180222_1576024243.uvl,Features,Before reduction,original_features,features_before_after_histogram.pdf,13
dataset_20/uvl/model_20180222_1790291836.uvl,Features,Before reduction,original_features,features_before_after_histogram.pdf,22
dataset_20/uvl/model_20180222_1813103418.uvl,Features,Before reduction,original_features,features_before_after_histogram.pdf,26
dataset_20/uvl/model_20180222_1895267586.uvl,Features,Before reduction,original_features,features_before_after_histogram.pdf,22
dataset_20/uvl/model_20180222_1925875374.uvl,Features,Before reduction,original_features,features_before_after_histogram.pdf,45
dataset_20/uvl/model_20180222_524224426.uvl,Features,Before reduction,original_features,features_before_after_histogram.pdf,26
dataset_20/uvl/model_20180222_786472237.uvl,Features,Before reduction,original_features,features_before_after_histogram.pdf,12
dataset_20/uvl/model_20180226_492552032.uvl,Features,Before reduction,original_features,features_before_after_histogram.pdf,11
dataset_20/uvl/model_20180227_1765307019.uvl,Features,Before reduction,original_features,features_before_after_histogram.pdf,116
dataset_20/uvl/model_20180301_203291309.uvl,Features,Before reduction,original_features,features_before_after_histogram.pdf,13
dataset_20/uvl/model_20180302_974887082.uvl,Features,Before reduction,original_features,features_before_after_histogram.pdf,122
dataset_20/uvl/model_20180304_1150769979.uvl,Features,Before reduction,original_features,features_before_after_histogram.pdf,48
dataset_20/uvl/model_20180304_290046860.uvl,Features,Before reduction,original_features,features_before_after_histogram.pdf,48
dataset_20/uvl/model_20180305_1393570452.uvl,Features,Before reduction,original_features,features_before_after_histogram.pdf,48
dataset_20/uvl/model_20180305_1565538092.uvl,Features,Before reduction,original_features,features_before_after_histogram.pdf,50
dataset_20/uvl/model_20180305_2101436905.uvl,Features,Before reduction,original_features,features_before_after_histogram.pdf,47
dataset_20/uvl/model_20180306_1110315637.uvl,Features,Before reduction,original_features,features_before_after_histogram.pdf,39
dataset_20/uvl/model_20180306_1553572984.uvl,Features,Before reduction,original_features,features_before_after_histogram.pdf,47
dataset_20/uvl/model_20180306_1625675392.uvl,Features,Before reduction,original_features,features_before_after_histogram.pdf,48
dataset_20/uvl/model_20180306_177892963.uvl,Features,Before reduction,original_features,features_before_after_histogram.pdf,45
dataset_20/uvl/model_20180306_1851656621.uvl,Features,Before reduction,original_features,features_before_after_histogram.pdf,49
dataset_20/uvl/model_20180306_422218475.uvl,Features,Before reduction,original_features,features_before_after_histogram.pdf,53
dataset_20/uvl/model_20180306_73619671.uvl,Features,Before reduction,original_features,features_before_after_histogram.pdf,48
dataset_20/uvl/model_20180306_832754487.uvl,Features,Before reduction,original_features,features_before_after_histogram.pdf,49
dataset_20/uvl/model_20180307_2144246090.uvl,Features,Before reduction,original_features,features_before_after_histogram.pdf,49
dataset_20/uvl/model_20180311_1112468126.uvl,Features,Before reduction,original_features,features_before_after_histogram.pdf,29
dataset_20/uvl/model_20180403_1861855205.uvl,Features,Before reduction,original_features,features_before_after_histogram.pdf,14
dataset_20/uvl/model_20180407_489573335.uvl,Features,Before reduction,original_features,features_before_after_histogram.pdf,109
dataset_20/uvl/model_20180409_394573881.uvl,Features,Before reduction,original_features,features_before_after_histogram.pdf,10
dataset_20/uvl/model_20180411_122889136.uvl,Features,Before reduction,original_features,features_before_after_histogram.pdf,26
dataset_20/uvl/model_20180509_988672632.uvl,Features,Before reduction,original_features,features_before_after_histogram.pdf,27
dataset_20/uvl/model_20180511_622669496.uvl,Features,Before reduction,original_features,features_before_after_histogram.pdf,18
dataset_20/uvl/model_20180511_935028612.uvl,Features,Before reduction,original_features,features_before_after_histogram.pdf,20
dataset_20/uvl/model_20180512_143602565.uvl,Features,Before reduction,original_features,features_before_after_histogram.pdf,37
dataset_20/uvl/model_20180512_276218752.uvl,Features,Before reduction,original_features,features_before_after_histogram.pdf,36
dataset_20/uvl/model_20180512_316263333.uvl,Features,Before reduction,original_features,features_before_after_histogram.pdf,41
dataset_20/uvl/model_20180512_409172439.uvl,Features,Before reduction,original_features,features_before_after_histogram.pdf,37
dataset_20/uvl/model_20180512_419383167.uvl,Features,Before reduction,original_features,features_before_after_histogram.pdf,36
dataset_20/uvl/model_20180512_427876131.uvl,Features,Before reduction,original_features,features_before_after_histogram.pdf,37
dataset_20/uvl/model_20180512_660942805.uvl,Features,Before reduction,original_features,features_before_after_histogram.pdf,36
dataset_20/uvl/model_20180512_733862721.uvl,Features,Before reduction,original_features,features_before_after_histogram.pdf,23
dataset_20/uvl/model_20180512_775268148.uvl,Features,Before reduction,original_features,features_before_after_histogram.pdf,24
dataset_20/uvl/model_20180512_810540422.uvl,Features,Before reduction,original_features,features_before_after_histogram.pdf,23
dataset_20/uvl/model_20180512_893377341.uvl,Features,Before reduction,original_features,features_before_after_histogram.pdf,24
dataset_20/uvl/model_20180513_39795521.uvl,Features,Before reduction,original_features,features_before_after_histogram.pdf,22
dataset_20/uvl/model_20180514_1722608288.uvl,Features,Before reduction,original_features,features_before_after_histogram.pdf,27
dataset_20/uvl/model_20180514_381391194.uvl,Features,Before reduction,original_features,features_before_after_histogram.pdf,20
dataset_20/uvl/model_20180530_1810935889.uvl,Features,Before reduction,original_features,features_before_after_histogram.pdf,11
dataset_20/uvl/model_20180611_1112345807.uvl,Features,Before reduction,original_features,features_before_after_histogram.pdf,10
dataset_20/uvl/model_20180611_1140870617.uvl,Features,Before reduction,original_features,features_before_after_histogram.pdf,10
dataset_20/uvl/model_20180611_1800915628.uvl,Features,Before reduction,original_features,features_before_after_histogram.pdf,10
dataset_20/uvl/model_20180611_848416665.uvl,Features,Before reduction,original_features,features_before_after_histogram.pdf,10
dataset_20/uvl/model_20180612_1244406232.uvl,Features,Before reduction,original_features,features_before_after_histogram.pdf,33
dataset_20/uvl/model_20180612_712325117.uvl,Features,Before reduction,original_features,features_before_after_histogram.pdf,15
dataset_20/uvl/model_20180613_78021145.uvl,Features,Before reduction,original_features,features_before_after_histogram.pdf,15
dataset_20/uvl/model_20180618_656757926.uvl,Features,Before reduction,original_features,features_before_after_histogram.pdf,11
dataset_20/uvl/model_20180705_2136123533.uvl,Features,Before reduction,original_features,features_before_after_histogram.pdf,10
dataset_20/uvl/model_20180708_1907991672.uvl,Features,Before reduction,original_features,features_before_after_histogram.pdf,24
dataset_20/uvl/model_20180713_1002093829.uvl,Features,Before reduction,original_features,features_before_after_histogram.pdf,23
dataset_20/uvl/model_20180729_2071913647.uvl,Features,Before reduction,original_features,features_before_after_histogram.pdf,24
dataset_20/uvl/model_20180729_701594854.uvl,Features,Before reduction,original_features,features_before_after_histogram.pdf,22
dataset_20/uvl/model_20180729_778045288.uvl,Features,Before reduction,original_features,features_before_after_histogram.pdf,31
dataset_20/uvl/model_20180815_1120231956.uvl,Features,Before reduction,original_features,features_before_after_histogram.pdf,26
dataset_20/uvl/model_20180819_995624779.uvl,Features,Before reduction,original_features,features_before_after_histogram.pdf,14
dataset_20/uvl/model_20180911_126281571.uvl,Features,Before reduction,original_features,features_before_after_histogram.pdf,10
dataset_20/uvl/model_20180913_1045465294.uvl,Features,Before reduction,original_features,features_before_after_histogram.pdf,10
dataset_20/uvl/model_20180913_872907572.uvl,Features,Before reduction,original_features,features_before_after_histogram.pdf,15
dataset_20/uvl/model_20180917_1978871462.uvl,Features,Before reduction,original_features,features_before_after_histogram.pdf,50
dataset_20/uvl/model_20180927_642324190.uvl,Features,Before reduction,original_features,features_before_after_histogram.pdf,51
dataset_20/uvl/model_20180930_1153905679.uvl,Features,Before reduction,original_features,features_before_after_histogram.pdf,27
dataset_20/uvl/model_20181005_1705175151.uvl,Features,Before reduction,original_features,features_before_after_histogram.pdf,26
dataset_20/uvl/model_20181016_583005690.uvl,Features,Before reduction,original_features,features_before_after_histogram.pdf,32
dataset_20/uvl/model_20181019_994429580.uvl,Features,Before reduction,original_features,features_before_after_histogram.pdf,10
dataset_20/uvl/model_20181024_611767532.uvl,Features,Before reduction,original_features,features_before_after_histogram.pdf,13
dataset_20/uvl/model_20181029_2093756359.uvl,Features,Before reduction,original_features,features_before_after_histogram.pdf,18
dataset_20/uvl/model_20181103_2077285196.uvl,Features,Before reduction,original_features,features_before_after_histogram.pdf,11
dataset_20/uvl/model_20181104_43638915.uvl,Features,Before reduction,original_features,features_before_after_histogram.pdf,10
dataset_20/uvl/model_20181118_1641295184.uvl,Features,Before reduction,original_features,features_before_after_histogram.pdf,12
dataset_20/uvl/model_20181119_2037159342.uvl,Features,Before reduction,original_features,features_before_after_histogram.pdf,23
dataset_20/uvl/model_20181205_2097248492.uvl,Features,Before reduction,original_features,features_before_after_histogram.pdf,19
dataset_20/uvl/model_20181219_1343761699.uvl,Features,Before reduction,original_features,features_before_after_histogram.pdf,20
dataset_20/uvl/model_20190108_414883666.uvl,Features,Before reduction,original_features,features_before_after_histogram.pdf,17
dataset_20/uvl/model_20190117_1837815772.uvl,Features,Before reduction,original_features,features_before_after_histogram.pdf,14
dataset_20/uvl/model_20190122_546529784.uvl,Features,Before reduction,original_features,features_before_after_histogram.pdf,18
dataset_20/uvl/model_20190124_988857604.uvl,Features,Before reduction,original_features,features_before_after_histogram.pdf,46
dataset_20/uvl/model_20190128_1522973155.uvl,Features,Before reduction,original_features,features_before_after_histogram.pdf,23
dataset_20/uvl/model_20190129_1004578234.uvl,Features,Before reduction,original_features,features_before_after_histogram.pdf,18
dataset_20/uvl/model_20190203_959278211.uvl,Features,Before reduction,original_features,features_before_after_histogram.pdf,27
dataset_20/uvl/model_20190214_582844610.uvl,Features,Before reduction,original_features,features_before_after_histogram.pdf,11
dataset_20/uvl/model_20190219_265960660.uvl,Features,Before reduction,original_features,features_before_after_histogram.pdf,178
dataset_20/uvl/model_20190220_184230257.uvl,Features,Before reduction,original_features,features_before_after_histogram.pdf,38
dataset_20/uvl/model_20190221_1604245950.uvl,Features,Before reduction,original_features,features_before_after_histogram.pdf,18
dataset_20/uvl/model_20190223_1159148955.uvl,Features,Before reduction,original_features,features_before_after_histogram.pdf,103
dataset_20/uvl/model_20190223_1275185141.uvl,Features,Before reduction,original_features,features_before_after_histogram.pdf,10
dataset_20/uvl/model_20190223_2023041805.uvl,Features,Before reduction,original_features,features_before_after_histogram.pdf,19
dataset_20/uvl/model_20190223_2034909826.uvl,Features,Before reduction,original_features,features_before_after_histogram.pdf,88
dataset_20/uvl/model_20190228_1201197026.uvl,Features,Before reduction,original_features,features_before_after_histogram.pdf,16
dataset_20/uvl/model_20190304_818967793.uvl,Features,Before reduction,original_features,features_before_after_histogram.pdf,29
dataset_20/uvl/model_20190326_164569423.uvl,Features,Before reduction,original_features,features_before_after_histogram.pdf,10
dataset_20/uvl/model_20190328_829158427.uvl,Features,Before reduction,original_features,features_before_after_histogram.pdf,14
dataset_20/uvl/model_20190413_1966613868.uvl,Features,Before reduction,original_features,features_before_after_histogram.pdf,42
dataset_20/uvl/model_20190416_284413958.uvl,Features,Before reduction,original_features,features_before_after_histogram.pdf,37
dataset_20/uvl/model_20190416_545039882.uvl,Features,Before reduction,original_features,features_before_after_histogram.pdf,21
dataset_20/uvl/model_20190416_886742925.uvl,Features,Before reduction,original_features,features_before_after_histogram.pdf,12
dataset_20/uvl/model_20190430_2137275351.uvl,Features,Before reduction,original_features,features_before_after_histogram.pdf,37
dataset_20/uvl/model_20190430_348224224.uvl,Features,Before reduction,original_features,features_before_after_histogram.pdf,33
dataset_20/uvl/model_20190502_109355269.uvl,Features,Before reduction,original_features,features_before_after_histogram.pdf,18
dataset_20/uvl/model_20190502_1338968023.uvl,Features,Before reduction,original_features,features_before_after_histogram.pdf,34
dataset_20/uvl/model_20190503_1463982406.uvl,Features,Before reduction,original_features,features_before_after_histogram.pdf,41
dataset_20/uvl/model_20190504_755268837.uvl,Features,Before reduction,original_features,features_before_after_histogram.pdf,43
dataset_20/uvl/model_20190510_1232864614.uvl,Features,Before reduction,original_features,features_before_after_histogram.pdf,12
dataset_20/uvl/model_20190510_899437477.uvl,Features,Before reduction,original_features,features_before_after_histogram.pdf,13
dataset_20/uvl/model_20190513_110684557.uvl,Features,Before reduction,original_features,features_before_after_histogram.pdf,10
dataset_20/uvl/model_20190513_1749709644.uvl,Features,Before reduction,original_features,features_before_after_histogram.pdf,20
dataset_20/uvl/model_20190513_1805648090.uvl,Features,Before reduction,original_features,features_before_after_histogram.pdf,10
dataset_20/uvl/model_20190513_215044614.uvl,Features,Before reduction,original_features,features_before_after_histogram.pdf,10
dataset_20/uvl/model_20190513_554652357.uvl,Features,Before reduction,original_features,features_before_after_histogram.pdf,10
dataset_20/uvl/model_20190513_639238065.uvl,Features,Before reduction,original_features,features_before_after_histogram.pdf,10
dataset_20/uvl/model_20190514_850677966.uvl,Features,Before reduction,original_features,features_before_after_histogram.pdf,25
dataset_20/uvl/model_20190522_227919886.uvl,Features,Before reduction,original_features,features_before_after_histogram.pdf,20
dataset_20/uvl/model_20190526_2060834946.uvl,Features,Before reduction,original_features,features_before_after_histogram.pdf,12
dataset_20/uvl/model_20190616_1868431112.uvl,Features,Before reduction,original_features,features_before_after_histogram.pdf,40
dataset_20/uvl/model_20190619_50728308.uvl,Features,Before reduction,original_features,features_before_after_histogram.pdf,19
dataset_20/uvl/model_20190624_198695067.uvl,Features,Before reduction,original_features,features_before_after_histogram.pdf,24
dataset_20/uvl/model_20190730_1957937065.uvl,Features,Before reduction,original_features,features_before_after_histogram.pdf,25
dataset_20/uvl/model_20190805_1041162508.uvl,Features,Before reduction,original_features,features_before_after_histogram.pdf,23
dataset_20/uvl/model_20190824_1440931285.uvl,Features,Before reduction,original_features,features_before_after_histogram.pdf,104
dataset_20/uvl/model_20190825_1083955002.uvl,Features,Before reduction,original_features,features_before_after_histogram.pdf,12
dataset_20/uvl/model_20190904_400441788.uvl,Features,Before reduction,original_features,features_before_after_histogram.pdf,625
dataset_20/uvl/model_20190913_1052617154.uvl,Features,Before reduction,original_features,features_before_after_histogram.pdf,21
dataset_20/uvl/model_20190914_1323674619.uvl,Features,Before reduction,original_features,features_before_after_histogram.pdf,61
dataset_20/uvl/model_20190915_1211977272.uvl,Features,Before reduction,original_features,features_before_after_histogram.pdf,22
dataset_20/uvl/model_20190915_1647283170.uvl,Features,Before reduction,original_features,features_before_after_histogram.pdf,10
dataset_20/uvl/model_20190915_38921055.uvl,Features,Before reduction,original_features,features_before_after_histogram.pdf,10
dataset_20/uvl/model_20190916_1591625575.uvl,Features,Before reduction,original_features,features_before_after_histogram.pdf,42
dataset_20/uvl/model_20190916_1777637747.uvl,Features,Before reduction,original_features,features_before_after_histogram.pdf,10
dataset_20/uvl/model_20190916_233719618.uvl,Features,Before reduction,original_features,features_before_after_histogram.pdf,10
dataset_20/uvl/model_20190916_779041735.uvl,Features,Before reduction,original_features,features_before_after_histogram.pdf,41
dataset_20/uvl/model_20190917_1294871534.uvl,Features,Before reduction,original_features,features_before_after_histogram.pdf,16
dataset_20/uvl/model_20190917_1352548057.uvl,Features,Before reduction,original_features,features_before_after_histogram.pdf,59
dataset_20/uvl/model_20190917_1484600794.uvl,Features,Before reduction,original_features,features_before_after_histogram.pdf,17
dataset_20/uvl/model_20190917_1598073515.uvl,Features,Before reduction,original_features,features_before_after_histogram.pdf,16
dataset_20/uvl/model_20190917_1679843058.uvl,Features,Before reduction,original_features,features_before_after_histogram.pdf,11
dataset_20/uvl/model_20190917_1844149588.uvl,Features,Before reduction,original_features,features_before_after_histogram.pdf,49
dataset_20/uvl/model_20190917_1855142600.uvl,Features,Before reduction,original_features,features_before_after_histogram.pdf,38
dataset_20/uvl/model_20190917_1882445879.uvl,Features,Before reduction,original_features,features_before_after_histogram.pdf,16
dataset_20/uvl/model_20190917_383002664.uvl,Features,Before reduction,original_features,features_before_after_histogram.pdf,43
dataset_20/uvl/model_20190917_490456110.uvl,Features,Before reduction,original_features,features_before_after_histogram.pdf,39
dataset_20/uvl/model_20190917_512190943.uvl,Features,Before reduction,original_features,features_before_after_histogram.pdf,45
dataset_20/uvl/model_20190917_552843992.uvl,Features,Before reduction,original_features,features_before_after_histogram.pdf,10
dataset_20/uvl/model_20190917_595353381.uvl,Features,Before reduction,original_features,features_before_after_histogram.pdf,13
dataset_20/uvl/model_20190917_659690280.uvl,Features,Before reduction,original_features,features_before_after_histogram.pdf,12
dataset_20/uvl/model_20190917_729866659.uvl,Features,Before reduction,original_features,features_before_after_histogram.pdf,83
dataset_20/uvl/model_20190917_75070341.uvl,Features,Before reduction,original_features,features_before_after_histogram.pdf,33
dataset_20/uvl/model_20190917_80747458.uvl,Features,Before reduction,original_features,features_before_after_histogram.pdf,16
dataset_20/uvl/model_20190917_896971240.uvl,Features,Before reduction,original_features,features_before_after_histogram.pdf,35
dataset_20/uvl/model_20190918_1569717148.uvl,Features,Before reduction,original_features,features_before_after_histogram.pdf,17
dataset_20/uvl/model_20190919_887233558.uvl,Features,Before reduction,original_features,features_before_after_histogram.pdf,17
dataset_20/uvl/model_20190920_1330526555.uvl,Features,Before reduction,original_features,features_before_after_histogram.pdf,10
dataset_20/uvl/model_20190920_56721129.uvl,Features,Before reduction,original_features,features_before_after_histogram.pdf,15
dataset_20/uvl/model_20190920_579117949.uvl,Features,Before reduction,original_features,features_before_after_histogram.pdf,13
dataset_20/uvl/model_20190921_1186818003.uvl,Features,Before reduction,original_features,features_before_after_histogram.pdf,15
dataset_20/uvl/model_20190922_1316746975.uvl,Features,Before reduction,original_features,features_before_after_histogram.pdf,22
dataset_20/uvl/model_20190922_230985682.uvl,Features,Before reduction,original_features,features_before_after_histogram.pdf,21
dataset_20/uvl/model_20190922_267709941.uvl,Features,Before reduction,original_features,features_before_after_histogram.pdf,35
dataset_20/uvl/model_20190922_499979669.uvl,Features,Before reduction,original_features,features_before_after_histogram.pdf,25
dataset_20/uvl/model_20190922_718247414.uvl,Features,Before reduction,original_features,features_before_after_histogram.pdf,12
dataset_20/uvl/model_20190922_729177560.uvl,Features,Before reduction,original_features,features_before_after_histogram.pdf,21
dataset_20/uvl/model_20190929_1773228224.uvl,Features,Before reduction,original_features,features_before_after_histogram.pdf,17
dataset_20/uvl/model_20191012_1432325334.uvl,Features,Before reduction,original_features,features_before_after_histogram.pdf,40
dataset_20/uvl/model_20191016_1243022077.uvl,Features,Before reduction,original_features,features_before_after_histogram.pdf,83
dataset_20/uvl/model_20191111_1176325905.uvl,Features,Before reduction,original_features,features_before_after_histogram.pdf,16
dataset_20/uvl/model_20191115_635910941.uvl,Features,Before reduction,original_features,features_before_after_histogram.pdf,37
dataset_20/uvl/model_20191119_1702487696.uvl,Features,Before reduction,original_features,features_before_after_histogram.pdf,24
dataset_20/uvl/model_20191126_842054213.uvl,Features,Before reduction,original_features,features_before_after_histogram.pdf,21
dataset_20/uvl/model_20200120_1111265554.uvl,Features,Before reduction,original_features,features_before_after_histogram.pdf,10
dataset_20/uvl/model_20200121_827473084.uvl,Features,Before reduction,original_features,features_before_after_histogram.pdf,17
dataset_20/uvl/model_20200128_1154759905.uvl,Features,Before reduction,original_features,features_before_after_histogram.pdf,23
dataset_20/uvl/model_20200128_1186233455.uvl,Features,Before reduction,original_features,features_before_after_histogram.pdf,23
dataset_20/uvl/model_20200128_1669015551.uvl,Features,Before reduction,original_features,features_before_after_histogram.pdf,23
dataset_20/uvl/model_20200128_23228584.uvl,Features,Before reduction,original_features,features_before_after_histogram.pdf,23
dataset_20/uvl/model_20200128_745414394.uvl,Features,Before reduction,original_features,features_before_after_histogram.pdf,23
dataset_20/uvl/model_20200212_1763855182.uvl,Features,Before reduction,original_features,features_before_after_histogram.pdf,12
dataset_20/uvl/model_20200225_1125771038.uvl,Features,Before reduction,original_features,features_before_after_histogram.pdf,43
dataset_20/uvl/model_20200316_153170359.uvl,Features,Before reduction,original_features,features_before_after_histogram.pdf,124
dataset_20/uvl/model_20200320_13307140.uvl,Features,Before reduction,original_features,features_before_after_histogram.pdf,10
dataset_20/uvl/model_20200403_1286696698.uvl,Features,Before reduction,original_features,features_before_after_histogram.pdf,37
dataset_20/uvl/model_20200403_1474941211.uvl,Features,Before reduction,original_features,features_before_after_histogram.pdf,14
dataset_20/uvl/model_20200412_2136556876.uvl,Features,Before reduction,original_features,features_before_after_histogram.pdf,12
dataset_20/uvl/model_20200413_90255108.uvl,Features,Before reduction,original_features,features_before_after_histogram.pdf,48
dataset_20/uvl/model_20200425_1144751894.uvl,Features,Before reduction,original_features,features_before_after_histogram.pdf,10
dataset_20/uvl/model_20200503_927740000.uvl,Features,Before reduction,original_features,features_before_after_histogram.pdf,21
dataset_20/uvl/model_20200513_1559879338.uvl,Features,Before reduction,original_features,features_before_after_histogram.pdf,11
dataset_20/uvl/model_20200517_1501498720.uvl,Features,Before reduction,original_features,features_before_after_histogram.pdf,11
dataset_20/uvl/model_20200524_149606280.uvl,Features,Before reduction,original_features,features_before_after_histogram.pdf,35
dataset_20/uvl/model_20200609_1715293706.uvl,Features,Before reduction,original_features,features_before_after_histogram.pdf,12
dataset_20/uvl/model_20200619_2057881785.uvl,Features,Before reduction,original_features,features_before_after_histogram.pdf,37
dataset_20/uvl/model_20200621_929471783.uvl,Features,Before reduction,original_features,features_before_after_histogram.pdf,11
dataset_20/uvl/model_20200728_429027371.uvl,Features,Before reduction,original_features,features_before_after_histogram.pdf,17
dataset_20/uvl/model_20200810_1006372985.uvl,Features,Before reduction,original_features,features_before_after_histogram.pdf,36
dataset_20/uvl/model_20200810_1274447969.uvl,Features,Before reduction,original_features,features_before_after_histogram.pdf,33
dataset_20/uvl/model_20200810_1407499848.uvl,Features,Before reduction,original_features,features_before_after_histogram.pdf,35
dataset_20/uvl/model_20200810_1487197226.uvl,Features,Before reduction,original_features,features_before_after_histogram.pdf,29
dataset_20/uvl/model_20200810_1781368898.uvl,Features,Before reduction,original_features,features_before_after_histogram.pdf,21
dataset_20/uvl/model_20200810_1943380085.uvl,Features,Before reduction,original_features,features_before_after_histogram.pdf,26
dataset_20/uvl/model_20200810_903664942.uvl,Features,Before reduction,original_features,features_before_after_histogram.pdf,25
dataset_20/uvl/model_20200810_956997411.uvl,Features,Before reduction,original_features,features_before_after_histogram.pdf,39
dataset_20/uvl/model_20200811_1911664133.uvl,Features,Before reduction,original_features,features_before_after_histogram.pdf,17
dataset_20/uvl/model_20200811_368165701.uvl,Features,Before reduction,original_features,features_before_after_histogram.pdf,11
dataset_20/uvl/model_20200813_1618100589.uvl,Features,Before reduction,original_features,features_before_after_histogram.pdf,28
dataset_20/uvl/model_20200815_1845054862.uvl,Features,Before reduction,original_features,features_before_after_histogram.pdf,39
dataset_20/uvl/model_20200815_41086763.uvl,Features,Before reduction,original_features,features_before_after_histogram.pdf,31
dataset_20/uvl/model_20200815_433256797.uvl,Features,Before reduction,original_features,features_before_after_histogram.pdf,39
dataset_20/uvl/model_20200815_582760962.uvl,Features,Before reduction,original_features,features_before_after_histogram.pdf,29
dataset_20/uvl/model_20200816_1246721801.uvl,Features,Before reduction,original_features,features_before_after_histogram.pdf,18
dataset_20/uvl/model_20200816_33425673.uvl,Features,Before reduction,original_features,features_before_after_histogram.pdf,39
dataset_20/uvl/model_20200817_129447612.uvl,Features,Before reduction,original_features,features_before_after_histogram.pdf,37
dataset_20/uvl/model_20200817_1333981485.uvl,Features,Before reduction,original_features,features_before_after_histogram.pdf,33
dataset_20/uvl/model_20200819_498504850.uvl,Features,Before reduction,original_features,features_before_after_histogram.pdf,31
dataset_20/uvl/model_20200819_710049424.uvl,Features,Before reduction,original_features,features_before_after_histogram.pdf,28
dataset_20/uvl/model_20200819_795623217.uvl,Features,Before reduction,original_features,features_before_after_histogram.pdf,26
dataset_20/uvl/model_20200829_1325519775.uvl,Features,Before reduction,original_features,features_before_after_histogram.pdf,22
dataset_20/uvl/model_20200901_1356822502.uvl,Features,Before reduction,original_features,features_before_after_histogram.pdf,38
dataset_20/uvl/model_20200901_1590540568.uvl,Features,Before reduction,original_features,features_before_after_histogram.pdf,38
dataset_20/uvl/model_20200901_1615961503.uvl,Features,Before reduction,original_features,features_before_after_histogram.pdf,38
dataset_20/uvl/model_20200901_164722413.uvl,Features,Before reduction,original_features,features_before_after_histogram.pdf,11
dataset_20/uvl/model_20200901_2052923297.uvl,Features,Before reduction,original_features,features_before_after_histogram.pdf,21
dataset_20/uvl/model_20200901_328439811.uvl,Features,Before reduction,original_features,features_before_after_histogram.pdf,35
dataset_20/uvl/model_20200901_40084439.uvl,Features,Before reduction,original_features,features_before_after_histogram.pdf,26
dataset_20/uvl/model_20200901_93573304.uvl,Features,Before reduction,original_features,features_before_after_histogram.pdf,38
dataset_20/uvl/model_20200907_1296105910.uvl,Features,Before reduction,original_features,features_before_after_histogram.pdf,35
dataset_20/uvl/model_20200907_1598312227.uvl,Features,Before reduction,original_features,features_before_after_histogram.pdf,130
dataset_20/uvl/model_20200907_1678285822.uvl,Features,Before reduction,original_features,features_before_after_histogram.pdf,63
dataset_20/uvl/model_20200909_844580970.uvl,Features,Before reduction,original_features,features_before_after_histogram.pdf,17
dataset_20/uvl/model_20200919_469515687.uvl,Features,Before reduction,original_features,features_before_after_histogram.pdf,20
dataset_20/uvl/model_20201002_1982652571.uvl,Features,Before reduction,original_features,features_before_after_histogram.pdf,15
dataset_20/uvl/model_20201007_667063467.uvl,Features,Before reduction,original_features,features_before_after_histogram.pdf,72
dataset_20/uvl/model_20201010_633615094.uvl,Features,Before reduction,original_features,features_before_after_histogram.pdf,12
dataset_20/uvl/model_20201011_1804341944.uvl,Features,Before reduction,original_features,features_before_after_histogram.pdf,59
dataset_20/uvl/model_20220910_809454030.uvl,Features,Before reduction,original_features,features_before_after_histogram.pdf,37
dataset_20/uvl/model_20221004_622223252.uvl,Features,Before reduction,original_features,features_before_after_histogram.pdf,26
dataset_20/uvl/model_20221009_1635938665.uvl,Features,Before reduction,original_features,features_before_after_histogram.pdf,42
dataset_20/uvl/model_20221010_1477134717.uvl,Features,Before reduction,original_features,features_before_after_histogram.pdf,51
dataset_20/uvl/model_20221013_1054303307.uvl,Features,Before reduction,original_features,features_before_after_histogram.pdf,66
dataset_20/uvl/model_20221015_510481451.uvl,Features,Before reduction,original_features,features_before_after_histogram.pdf,12
dataset_20/uvl/model_20221017_1844403757.uvl,Features,Before reduction,original_features,features_before_after_histogram.pdf,10
dataset_20/uvl/model_20221018_544175819.uvl,Features,Before reduction,original_features,features_before_after_histogram.pdf,29
dataset_20/uvl/model_20221025_2010292001.uvl,Features,Before reduction,original_features,features_before_after_histogram.pdf,22
dataset_20/uvl/model_20221026_1860047321.uvl,Features,Before reduction,original_features,features_before_after_histogram.pdf,103
dataset_20/uvl/model_20221029_568257220.uvl,Features,Before reduction,original_features,features_before_after_histogram.pdf,17
dataset_20/uvl/model_20221031_340330235.uvl,Features,Before reduction,original_features,features_before_after_histogram.pdf,35
dataset_20/uvl/model_20221101_871584152.uvl,Features,Before reduction,original_features,features_before_after_histogram.pdf,19
dataset_20/uvl/model_20221102_1308706395.uvl,Features,Before reduction,original_features,features_before_after_histogram.pdf,17
dataset_20/uvl/model_20221109_1435495840.uvl,Features,Before reduction,original_features,features_before_after_histogram.pdf,14
dataset_20/uvl/model_20221114_1363146415.uvl,Features,Before reduction,original_features,features_before_after_histogram.pdf,39
dataset_20/uvl/model_20221122_1612835830.uvl,Features,Before reduction,original_features,features_before_after_histogram.pdf,20
dataset_20/uvl/model_20221125_1235088379.uvl,Features,Before reduction,original_features,features_before_after_histogram.pdf,25
dataset_20/uvl/model_20221208_1038664369.uvl,Features,Before reduction,original_features,features_before_after_histogram.pdf,28
dataset_20/uvl/model_20221208_1116778716.uvl,Features,Before reduction,original_features,features_before_after_histogram.pdf,22
dataset_20/uvl/model_20221220_1576677705.uvl,Features,Before reduction,original_features,features_before_after_histogram.pdf,14
dataset_20/uvl/model_20221229_1000010819.uvl,Features,Before reduction,original_features,features_before_after_histogram.pdf,17
dataset_20/uvl/model_20221229_2070974785.uvl,Features,Before reduction,original_features,features_before_after_histogram.pdf,17
dataset_20/uvl/model_20230120_1200060194.uvl,Features,Before reduction,original_features,features_before_after_histogram.pdf,20
dataset_20/uvl/model_20230228_1021126902.uvl,Features,Before reduction,original_features,features_before_after_histogram.pdf,11
dataset_20/uvl/model_20230313_612090761.uvl,Features,Before reduction,original_features,features_before_after_histogram.pdf,13
dataset_20/uvl/model_20230322_1023477919.uvl,Features,Before reduction,original_features,features_before_after_histogram.pdf,73
dataset_20/uvl/model_20230322_1028761227.uvl,Features,Before reduction,original_features,features_before_after_histogram.pdf,18
dataset_20/uvl/model_20230322_1036375763.uvl,Features,Before reduction,original_features,features_before_after_histogram.pdf,40
dataset_20/uvl/model_20230322_1194175451.uvl,Features,Before reduction,original_features,features_before_after_histogram.pdf,34
dataset_20/uvl/model_20230322_1299985155.uvl,Features,Before reduction,original_features,features_before_after_histogram.pdf,31
dataset_20/uvl/model_20230322_1548752135.uvl,Features,Before reduction,original_features,features_before_after_histogram.pdf,45
dataset_20/uvl/model_20230322_1573076538.uvl,Features,Before reduction,original_features,features_before_after_histogram.pdf,17
dataset_20/uvl/model_20230322_1814026223.uvl,Features,Before reduction,original_features,features_before_after_histogram.pdf,20
dataset_20/uvl/model_20230322_1855764436.uvl,Features,Before reduction,original_features,features_before_after_histogram.pdf,26
dataset_20/uvl/model_20230322_1882971454.uvl,Features,Before reduction,original_features,features_before_after_histogram.pdf,21
dataset_20/uvl/model_20230322_1887635433.uvl,Features,Before reduction,original_features,features_before_after_histogram.pdf,32
dataset_20/uvl/model_20230322_1914329788.uvl,Features,Before reduction,original_features,features_before_after_histogram.pdf,32
dataset_20/uvl/model_20230322_2049733851.uvl,Features,Before reduction,original_features,features_before_after_histogram.pdf,24
dataset_20/uvl/model_20230322_2065877531.uvl,Features,Before reduction,original_features,features_before_after_histogram.pdf,26
dataset_20/uvl/model_20230322_208918165.uvl,Features,Before reduction,original_features,features_before_after_histogram.pdf,40
dataset_20/uvl/model_20230322_242202942.uvl,Features,Before reduction,original_features,features_before_after_histogram.pdf,19
dataset_20/uvl/model_20230322_307237036.uvl,Features,Before reduction,original_features,features_before_after_histogram.pdf,29
dataset_20/uvl/model_20230322_310895789.uvl,Features,Before reduction,original_features,features_before_after_histogram.pdf,26
dataset_20/uvl/model_20230322_342259021.uvl,Features,Before reduction,original_features,features_before_after_histogram.pdf,33
dataset_20/uvl/model_20230322_413432441.uvl,Features,Before reduction,original_features,features_before_after_histogram.pdf,22
dataset_20/uvl/model_20230322_492815120.uvl,Features,Before reduction,original_features,features_before_after_histogram.pdf,41
dataset_20/uvl/model_20230322_497943934.uvl,Features,Before reduction,original_features,features_before_after_histogram.pdf,40
dataset_20/uvl/model_20230322_572568226.uvl,Features,Before reduction,original_features,features_before_after_histogram.pdf,51
dataset_20/uvl/model_20230322_604627146.uvl,Features,Before reduction,original_features,features_before_after_histogram.pdf,22
dataset_20/uvl/model_20230322_61558144.uvl,Features,Before reduction,original_features,features_before_after_histogram.pdf,16
dataset_20/uvl/model_20230322_729074756.uvl,Features,Before reduction,original_features,features_before_after_histogram.pdf,29
dataset_20/uvl/model_20230322_774285627.uvl,Features,Before reduction,original_features,features_before_after_histogram.pdf,15
dataset_20/uvl/model_20230322_812446738.uvl,Features,Before reduction,original_features,features_before_after_histogram.pdf,34
dataset_20/uvl/model_20230322_928718925.uvl,Features,Before reduction,original_features,features_before_after_histogram.pdf,20
dataset_20/uvl/model_20230323_1102049462.uvl,Features,Before reduction,original_features,features_before_after_histogram.pdf,17
dataset_20/uvl/model_20230323_1108197556.uvl,Features,Before reduction,original_features,features_before_after_histogram.pdf,17
dataset_20/uvl/model_20230323_1971213764.uvl,Features,Before reduction,original_features,features_before_after_histogram.pdf,46
dataset_20/uvl/model_20230323_425392427.uvl,Features,Before reduction,original_features,features_before_after_histogram.pdf,33
dataset_20/uvl/model_20230323_58681865.uvl,Features,Before reduction,original_features,features_before_after_histogram.pdf,17
dataset_20/uvl/model_20230323_642188361.uvl,Features,Before reduction,original_features,features_before_after_histogram.pdf,23
dataset_20/uvl/model_20230323_867226898.uvl,Features,Before reduction,original_features,features_before_after_histogram.pdf,16
dataset_20/uvl/model_20230323_901833353.uvl,Features,Before reduction,original_features,features_before_after_histogram.pdf,74
dataset_20/uvl/model_20230422_2139223494.uvl,Features,Before reduction,original_features,features_before_after_histogram.pdf,37
dataset_20/uvl/model_20230423_1943321532.uvl,Features,Before reduction,original_features,features_before_after_histogram.pdf,27
dataset_20/uvl/model_20230426_159926820.uvl,Features,Before reduction,original_features,features_before_after_histogram.pdf,59
dataset_20/uvl/model_20230505_1739075744.uvl,Features,Before reduction,original_features,features_before_after_histogram.pdf,42
dataset_20/uvl/model_20230608_1658584159.uvl,Features,Before reduction,original_features,features_before_after_histogram.pdf,24
dataset_20/uvl/model_20230609_1502711362.uvl,Features,Before reduction,original_features,features_before_after_histogram.pdf,22
dataset_20/uvl/model_20230613_1168762973.uvl,Features,Before reduction,original_features,features_before_after_histogram.pdf,11
dataset_20/uvl/model_20230615_1063099089.uvl,Features,Before reduction,original_features,features_before_after_histogram.pdf,38
dataset_20/uvl/model_20230615_743611401.uvl,Features,Before reduction,original_features,features_before_after_histogram.pdf,24
dataset_20/uvl/model_20230615_784426434.uvl,Features,Before reduction,original_features,features_before_after_histogram.pdf,14
dataset_20/uvl/model_20230616_862941800.uvl,Features,Before reduction,original_features,features_before_after_histogram.pdf,30
dataset_20/uvl/model_20230630_666266911.uvl,Features,Before reduction,original_features,features_before_after_histogram.pdf,13
dataset_20/uvl/movies_app_fm.uvl,Features,Before reduction,original_features,features_before_after_histogram.pdf,13
dataset_20/uvl/smart_home_fm.uvl,Features,Before reduction,original_features,features_before_after_histogram.pdf,59
dataset_20/uvl/stack_fm.uvl,Features,Before reduction,original_features,features_before_after_histogram.pdf,17
dataset_3/uvl/dm_HICSSDM.csv.uvl,Features,Before reduction,original_features,features_before_after_histogram.pdf,28
dataset_4/uvl/dm_eShop_DM.csv.uvl,Features,Before reduction,original_features,features_before_after_histogram.pdf,13
dataset_42/uvl/step1 Determine the information you need to display.uvl,Features,Before reduction,original_features,features_before_after_histogram.pdf,12
dataset_42/uvl/step2 Select the best means to display the information (tables).uvl,Features,Before reduction,original_features,features_before_after_histogram.pdf,13
"dataset_42/uvl/step3 Design the display to show the information simply, clearly and accurately (graphs).uvl",Features,Before reduction,original_features,features_before_after_histogram.pdf,50
dataset_42/uvl/step4 Select the implementation for the visualization (graphs).uvl,Features,Before reduction,original_features,features_before_after_histogram.pdf,14
dataset_42/uvl/step4 Select the implementation for the visualization (tables).uvl,Features,Before reduction,original_features,features_before_after_histogram.pdf,14
dataset_43/uvl/model.uvl,Features,Before reduction,original_features,features_before_after_histogram.pdf,13
dataset_44/uvl/software_strategies.uvl,Features,Before reduction,original_features,features_before_after_histogram.pdf,57
dataset_45/uvl/SGPL.uvl,Features,Before reduction,original_features,features_before_after_histogram.pdf,94
dataset_46/uvl/miband1.uvl,Features,Before reduction,original_features,features_before_after_histogram.pdf,12
dataset_46/uvl/miband1_planned.uvl,Features,Before reduction,original_features,features_before_after_histogram.pdf,12
dataset_46/uvl/miband1_realized.uvl,Features,Before reduction,original_features,features_before_after_histogram.pdf,12
dataset_46/uvl/miband1s.uvl,Features,Before reduction,original_features,features_before_after_histogram.pdf,13
dataset_46/uvl/miband1s_planned.uvl,Features,Before reduction,original_features,features_before_after_histogram.pdf,13
dataset_46/uvl/miband1s_realized.uvl,Features,Before reduction,original_features,features_before_after_histogram.pdf,13
dataset_46/uvl/miband2.uvl,Features,Before reduction,original_features,features_before_after_histogram.pdf,21
dataset_46/uvl/miband2_planned.uvl,Features,Before reduction,original_features,features_before_after_histogram.pdf,21
dataset_46/uvl/miband2_realized.uvl,Features,Before reduction,original_features,features_before_after_histogram.pdf,21
dataset_46/uvl/miband3.uvl,Features,Before reduction,original_features,features_before_after_histogram.pdf,24
dataset_46/uvl/miband3_planned.uvl,Features,Before reduction,original_features,features_before_after_histogram.pdf,24
dataset_46/uvl/miband3_realized.uvl,Features,Before reduction,original_features,features_before_after_histogram.pdf,24
dataset_46/uvl/miband4.uvl,Features,Before reduction,original_features,features_before_after_histogram.pdf,31
dataset_46/uvl/miband4_planned.uvl,Features,Before reduction,original_features,features_before_after_histogram.pdf,31
dataset_46/uvl/miband4_realized.uvl,Features,Before reduction,original_features,features_before_after_histogram.pdf,31
dataset_46/uvl/miband5.uvl,Features,Before reduction,original_features,features_before_after_histogram.pdf,34
dataset_46/uvl/miband5_planned.uvl,Features,Before reduction,original_features,features_before_after_histogram.pdf,34
dataset_46/uvl/miband5_realized.uvl,Features,Before reduction,original_features,features_before_after_histogram.pdf,34
dataset_46/uvl/miband6.uvl,Features,Before reduction,original_features,features_before_after_histogram.pdf,35
dataset_46/uvl/miband6_planned.uvl,Features,Before reduction,original_features,features_before_after_histogram.pdf,35
dataset_46/uvl/miband6_realized.uvl,Features,Before reduction,original_features,features_before_after_histogram.pdf,35
dataset_46/uvl/miband7.uvl,Features,Before reduction,original_features,features_before_after_histogram.pdf,36
dataset_46/uvl/miband7_planned.uvl,Features,Before reduction,original_features,features_before_after_histogram.pdf,36
dataset_46/uvl/miband7_realized.uvl,Features,Before reduction,original_features,features_before_after_histogram.pdf,36
dataset_46/uvl/miband8.uvl,Features,Before reduction,original_features,features_before_after_histogram.pdf,37
dataset_46/uvl/miband8_planned.uvl,Features,Before reduction,original_features,features_before_after_histogram.pdf,37
dataset_46/uvl/miband8_realized.uvl,Features,Before reduction,original_features,features_before_after_histogram.pdf,37
dataset_48/uvl/REAL-FM-4.uvl,Features,Before reduction,original_features,features_before_after_histogram.pdf,291
dataset_48/uvl/busybox-1.18.0.uvl,Features,Before reduction,original_features,features_before_after_histogram.pdf,854
dataset_48/uvl/ea2468.uvl,Features,Before reduction,original_features,features_before_after_histogram.pdf,1408
dataset_49/uvl/REAL-FM-4.uvl,Features,Before reduction,original_features,features_before_after_histogram.pdf,291
dataset_49/uvl/REAL-FM-7.uvl,Features,Before reduction,original_features,features_before_after_histogram.pdf,14
dataset_49/uvl/arcade-game.uvl,Features,Before reduction,original_features,features_before_after_histogram.pdf,65
dataset_49/uvl/busybox-1.18.0.uvl,Features,Before reduction,original_features,features_before_after_histogram.pdf,854
dataset_49/uvl/ea2468.uvl,Features,Before reduction,original_features,features_before_after_histogram.pdf,1408
dataset_49/uvl/fqa.uvl,Features,Before reduction,original_features,features_before_after_histogram.pdf,179
dataset_5/uvl/berkeleydb.uvl,Features,Before reduction,original_features,features_before_after_histogram.pdf,76
dataset_50/uvl/SGPL.uvl,Features,Before reduction,original_features,features_before_after_histogram.pdf,94
dataset_51/uvl/SGPL_reduced.uvl,Features,Before reduction,original_features,features_before_after_histogram.pdf,46
dataset_52/uvl/CDI.uvl,Features,Before reduction,original_features,features_before_after_histogram.pdf,43
dataset_56/uvl/TankWar_gft.uvl,Features,Before reduction,original_features,features_before_after_histogram.pdf,37
dataset_57/uvl/Bausatz_2025_Ingredients.uvl,Features,Before reduction,original_features,features_before_after_histogram.pdf,60
dataset_57/uvl/Bausatz_2025_Spirits.uvl,Features,Before reduction,original_features,features_before_after_histogram.pdf,21
dataset_57/uvl/Bibra_2025_Bases.uvl,Features,Before reduction,original_features,features_before_after_histogram.pdf,6
dataset_57/uvl/Bibra_2025_Dressings.uvl,Features,Before reduction,original_features,features_before_after_histogram.pdf,15
dataset_57/uvl/Bibra_2025_FinalTouch.uvl,Features,Before reduction,original_features,features_before_after_histogram.pdf,13
dataset_57/uvl/Bibra_2025_Ingredients.uvl,Features,Before reduction,original_features,features_before_after_histogram.pdf,27
dataset_57/uvl/Bibra_2025_Marinades.uvl,Features,Before reduction,original_features,features_before_after_histogram.pdf,7
dataset_57/uvl/Bibra_2025_Proteins.uvl,Features,Before reduction,original_features,features_before_after_histogram.pdf,16
dataset_57/uvl/Fuengirola_Pizzas.uvl,Features,Before reduction,original_features,features_before_after_histogram.pdf,32
dataset_57/uvl/JustSalad_2025_Additions.uvl,Features,Before reduction,original_features,features_before_after_histogram.pdf,6
dataset_57/uvl/NamasteRincon_Pizza.uvl,Features,Before reduction,original_features,features_before_after_histogram.pdf,38
dataset_57/uvl/Turkish_2025_Ingredients.uvl,Features,Before reduction,original_features,features_before_after_histogram.pdf,27
dataset_58/uvl/IngredientsFM.uvl,Features,Before reduction,original_features,features_before_after_histogram.pdf,30
dataset_6/uvl/financialservices01.uvl,Features,Before reduction,original_features,features_before_after_histogram.pdf,771
dataset_61/uvl/model-v1.uvl,Features,Before reduction,original_features,features_before_after_histogram.pdf,19
dataset_61/uvl/model-v2.uvl,Features,Before reduction,original_features,features_before_after_histogram.pdf,19
dataset_61/uvl/model-v3.uvl,Features,Before reduction,original_features,features_before_after_histogram.pdf,26
dataset_61/uvl/model-v4.uvl,Features,Before reduction,original_features,features_before_after_histogram.pdf,27
dataset_61/uvl/model-v5.uvl,Features,Before reduction,original_features,features_before_after_histogram.pdf,37
dataset_61/uvl/model-v6.uvl,Features,Before reduction,original_features,features_before_after_histogram.pdf,61
dataset_61/uvl/model-v8.uvl,Features,Before reduction,original_features,features_before_after_histogram.pdf,65
dataset_7/uvl/2017-05-22.uvl,Features,Before reduction,original_features,features_before_after_histogram.pdf,557
dataset_7/uvl/2017-09-28.uvl,Features,Before reduction,original_features,features_before_after_histogram.pdf,704
dataset_7/uvl/2017-10-20.uvl,Features,Before reduction,original_features,features_before_after_histogram.pdf,712
dataset_7/uvl/2017-11-20.uvl,Features,Before reduction,original_features,features_before_after_histogram.pdf,711
dataset_7/uvl/2017-12-22.uvl,Features,Before reduction,original_features,features_before_after_histogram.pdf,716
dataset_7/uvl/2018-01-23.uvl,Features,Before reduction,original_features,features_before_after_histogram.pdf,712
dataset_7/uvl/2018-02-20.uvl,Features,Before reduction,original_features,features_before_after_histogram.pdf,759
dataset_7/uvl/2018-03-26.uvl,Features,Before reduction,original_features,features_before_after_histogram.pdf,771
dataset_7/uvl/2018-04-23.uvl,Features,Before reduction,original_features,features_before_after_histogram.pdf,774
dataset_7/uvl/2018-05-09.uvl,Features,Before reduction,original_features,features_before_after_histogram.pdf,771
dataset_70/uvl/strategies.uvl,Features,Before reduction,original_features,features_before_after_histogram.pdf,57
dataset_72/uvl/An_Instrument_for_Measuring Variability_Thinking.uvl,Features,Before reduction,original_features,features_before_after_histogram.pdf,16
dataset_73/uvl/Dashboard.uvl,Features,Before reduction,original_features,features_before_after_histogram.pdf,17
dataset_74/uvl/sample_splent_app.uvl,Features,Before reduction,original_features,features_before_after_histogram.pdf,8
dataset_75/uvl/sample_splent_app.uvl,Features,Before reduction,original_features,features_before_after_histogram.pdf,8
dataset_78/uvl/FitApp.uvl,Features,Before reduction,original_features,features_before_after_histogram.pdf,23
dataset_78/uvl/FitnessApp.uvl,Features,Before reduction,original_features,features_before_after_histogram.pdf,56
dataset_78/uvl/GpsPort.uvl,Features,Before reduction,original_features,features_before_after_histogram.pdf,29
dataset_78/uvl/MonumentosZaragoza.uvl,Features,Before reduction,original_features,features_before_after_histogram.pdf,34
dataset_78/uvl/SdaWorld.uvl,Features,Before reduction,original_features,features_before_after_histogram.pdf,16
dataset_79/uvl/CasetViejaEscuela.uvl,Features,Before reduction,original_features,features_before_after_histogram.pdf,20
dataset_79/uvl/FinTrack.uvl,Features,Before reduction,original_features,features_before_after_histogram.pdf,37
dataset_80/uvl/propeller.uvl,Features,Before reduction,original_features,features_before_after_histogram.pdf,32
dataset_81/uvl/sample_splent_app.uvl,Features,Before reduction,original_features,features_before_after_histogram.pdf,17
dataset_82/uvl/sample_splent_app.uvl,Features,Before reduction,original_features,features_before_after_histogram.pdf,15
dataset_87/uvl/cms_spl.uvl,Features,Before reduction,original_features,features_before_after_histogram.pdf,30
dataset_88/uvl/marketplace_spl.uvl,Features,Before reduction,original_features,features_before_after_histogram.pdf,14
dataset_89/uvl/demo_spl.uvl,Features,Before reduction,original_features,features_before_after_histogram.pdf,3
dataset_90/uvl/demo_spl.uvl,Features,Before reduction,original_features,features_before_after_histogram.pdf,3
dataset_91/uvl/demo_spl.uvl,Features,Before reduction,original_features,features_before_after_histogram.pdf,3
dataset_92/uvl/openwiki_spl.uvl,Features,Before reduction,original_features,features_before_after_histogram.pdf,21
dataset_93/uvl/openwiki_spl.uvl,Features,Before reduction,original_features,features_before_after_histogram.pdf,21
dataset_94/uvl/cms_spl.uvl,Features,Before reduction,original_features,features_before_after_histogram.pdf,33
dataset_95/uvl/cms_spl.uvl,Features,Before reduction,original_features,features_before_after_histogram.pdf,33
dataset_96/uvl/cms_spl.uvl,Features,Before reduction,original_features,features_before_after_histogram.pdf,34
dataset_97/uvl/cms_spl.uvl,Features,Before reduction,original_features,features_before_after_histogram.pdf,35
dataset_1/uvl/dm_mobile_phone.csv.uvl,Features,After reduction,simplified_features,features_before_after_histogram.pdf,11
dataset_10/uvl/automotive01.uvl,Features,After reduction,simplified_features,features_before_after_histogram.pdf,1713
dataset_11/uvl/XSEngine.uvl,Features,After reduction,simplified_features,features_before_after_histogram.pdf,668
dataset_11/uvl/aaed2000.uvl,Features,After reduction,simplified_features,features_before_after_histogram.pdf,680
dataset_11/uvl/adder.uvl,Features,After reduction,simplified_features,features_before_after_histogram.pdf,642
dataset_11/uvl/adderII.uvl,Features,After reduction,simplified_features,features_before_after_histogram.pdf,644
dataset_11/uvl/aeb.uvl,Features,After reduction,simplified_features,features_before_after_histogram.pdf,625
dataset_11/uvl/aim711.uvl,Features,After reduction,simplified_features,features_before_after_histogram.pdf,650
dataset_11/uvl/aki3068net.uvl,Features,After reduction,simplified_features,features_before_after_histogram.pdf,625
dataset_11/uvl/am31_sim.uvl,Features,After reduction,simplified_features,features_before_after_histogram.pdf,603
dataset_11/uvl/asb.uvl,Features,After reduction,simplified_features,features_before_after_histogram.pdf,651
dataset_11/uvl/asb2305.uvl,Features,After reduction,simplified_features,features_before_after_histogram.pdf,652
dataset_11/uvl/assabet.uvl,Features,After reduction,simplified_features,features_before_after_histogram.pdf,645
dataset_11/uvl/at91sam7sek.uvl,Features,After reduction,simplified_features,features_before_after_histogram.pdf,654
dataset_11/uvl/at91sam7xek.uvl,Features,After reduction,simplified_features,features_before_after_histogram.pdf,674
dataset_11/uvl/atlas_mips32_4kc.uvl,Features,After reduction,simplified_features,features_before_after_histogram.pdf,633
dataset_11/uvl/atlas_mips64_5kc.uvl,Features,After reduction,simplified_features,features_before_after_histogram.pdf,630
dataset_11/uvl/brutus.uvl,Features,After reduction,simplified_features,features_before_after_histogram.pdf,624
dataset_11/uvl/calm16_ceb.uvl,Features,After reduction,simplified_features,features_before_after_histogram.pdf,610
dataset_11/uvl/calm32_ceb.uvl,Features,After reduction,simplified_features,features_before_after_histogram.pdf,610
dataset_11/uvl/ceb_v850.uvl,Features,After reduction,simplified_features,features_before_after_histogram.pdf,618
dataset_11/uvl/cerf.uvl,Features,After reduction,simplified_features,features_before_after_histogram.pdf,656
dataset_11/uvl/cerfpda.uvl,Features,After reduction,simplified_features,features_before_after_histogram.pdf,662
dataset_11/uvl/cma230.uvl,Features,After reduction,simplified_features,features_before_after_histogram.pdf,624
dataset_11/uvl/cma28x.uvl,Features,After reduction,simplified_features,features_before_after_histogram.pdf,621
dataset_11/uvl/cme555.uvl,Features,After reduction,simplified_features,features_before_after_histogram.pdf,660
dataset_11/uvl/cq7708.uvl,Features,After reduction,simplified_features,features_before_after_histogram.pdf,623
dataset_11/uvl/cq7750.uvl,Features,After reduction,simplified_features,features_before_after_histogram.pdf,618
dataset_11/uvl/csb281.uvl,Features,After reduction,simplified_features,features_before_after_histogram.pdf,646
dataset_11/uvl/dreamcast.uvl,Features,After reduction,simplified_features,features_before_after_histogram.pdf,620
dataset_11/uvl/e7t.uvl,Features,After reduction,simplified_features,features_before_after_histogram.pdf,668
dataset_11/uvl/ea2468.uvl,Features,After reduction,simplified_features,features_before_after_histogram.pdf,664
dataset_11/uvl/eb40.uvl,Features,After reduction,simplified_features,features_before_after_histogram.pdf,634
dataset_11/uvl/eb40a.uvl,Features,After reduction,simplified_features,features_before_after_histogram.pdf,634
dataset_11/uvl/eb42.uvl,Features,After reduction,simplified_features,features_before_after_histogram.pdf,631
dataset_11/uvl/eb55.uvl,Features,After reduction,simplified_features,features_before_after_histogram.pdf,641
dataset_11/uvl/ebsa285.uvl,Features,After reduction,simplified_features,features_before_after_histogram.pdf,652
dataset_11/uvl/ec555.uvl,Features,After reduction,simplified_features,features_before_after_histogram.pdf,660
dataset_11/uvl/edb7xxx.uvl,Features,After reduction,simplified_features,features_before_after_histogram.pdf,647
dataset_11/uvl/edosk2674.uvl,Features,After reduction,simplified_features,features_before_after_histogram.pdf,619
dataset_11/uvl/excalibur_arm9.uvl,Features,After reduction,simplified_features,features_before_after_histogram.pdf,638
dataset_11/uvl/fads.uvl,Features,After reduction,simplified_features,features_before_after_histogram.pdf,615
dataset_11/uvl/flexanet.uvl,Features,After reduction,simplified_features,features_before_after_histogram.pdf,654
dataset_11/uvl/frv400.uvl,Features,After reduction,simplified_features,features_before_after_histogram.pdf,659
dataset_11/uvl/gps4020.uvl,Features,After reduction,simplified_features,features_before_after_histogram.pdf,626
dataset_11/uvl/grg.uvl,Features,After reduction,simplified_features,features_before_after_histogram.pdf,649
dataset_11/uvl/h8300h_sim.uvl,Features,After reduction,simplified_features,features_before_after_histogram.pdf,606
dataset_11/uvl/h8max.uvl,Features,After reduction,simplified_features,features_before_after_histogram.pdf,623
dataset_11/uvl/h8s_sim.uvl,Features,After reduction,simplified_features,features_before_after_histogram.pdf,606
dataset_11/uvl/hs7729pci.uvl,Features,After reduction,simplified_features,features_before_after_histogram.pdf,629
dataset_11/uvl/innovator.uvl,Features,After reduction,simplified_features,features_before_after_histogram.pdf,614
dataset_11/uvl/integrator_arm7.uvl,Features,After reduction,simplified_features,features_before_after_histogram.pdf,660
dataset_11/uvl/integrator_arm9.uvl,Features,After reduction,simplified_features,features_before_after_histogram.pdf,663
dataset_11/uvl/ipaq.uvl,Features,After reduction,simplified_features,features_before_after_histogram.pdf,634
dataset_11/uvl/iq80310.uvl,Features,After reduction,simplified_features,features_before_after_histogram.pdf,655
dataset_11/uvl/iq80321.uvl,Features,After reduction,simplified_features,features_before_after_histogram.pdf,653
dataset_11/uvl/ixdp425.uvl,Features,After reduction,simplified_features,features_before_after_histogram.pdf,651
dataset_11/uvl/jmr3904.uvl,Features,After reduction,simplified_features,features_before_after_histogram.pdf,620
dataset_11/uvl/jtst.uvl,Features,After reduction,simplified_features,features_before_after_histogram.pdf,634
dataset_11/uvl/linux.uvl,Features,After reduction,simplified_features,features_before_after_histogram.pdf,629
dataset_11/uvl/lpcmt.uvl,Features,After reduction,simplified_features,features_before_after_histogram.pdf,637
dataset_11/uvl/m5272c3.uvl,Features,After reduction,simplified_features,features_before_after_histogram.pdf,707
dataset_11/uvl/mac7100evb.uvl,Features,After reduction,simplified_features,features_before_after_histogram.pdf,628
dataset_11/uvl/mace1.uvl,Features,After reduction,simplified_features,features_before_after_histogram.pdf,628
dataset_11/uvl/malta_mips32_4kc.uvl,Features,After reduction,simplified_features,features_before_after_histogram.pdf,644
dataset_11/uvl/malta_mips64_5kc.uvl,Features,After reduction,simplified_features,features_before_after_histogram.pdf,644
dataset_11/uvl/mb93091.uvl,Features,After reduction,simplified_features,features_before_after_histogram.pdf,664
dataset_11/uvl/mb93093.uvl,Features,After reduction,simplified_features,features_before_after_histogram.pdf,655
dataset_11/uvl/mbx.uvl,Features,After reduction,simplified_features,features_before_after_histogram.pdf,667
dataset_11/uvl/mcb2100.uvl,Features,After reduction,simplified_features,features_before_after_histogram.pdf,637
dataset_11/uvl/moab.uvl,Features,After reduction,simplified_features,features_before_after_histogram.pdf,661
dataset_11/uvl/mpc50.uvl,Features,After reduction,simplified_features,features_before_after_histogram.pdf,623
dataset_11/uvl/nano.uvl,Features,After reduction,simplified_features,features_before_after_histogram.pdf,657
dataset_11/uvl/npwr.uvl,Features,After reduction,simplified_features,features_before_after_histogram.pdf,655
dataset_11/uvl/ocelot.uvl,Features,After reduction,simplified_features,features_before_after_histogram.pdf,675
dataset_11/uvl/olpce2294.uvl,Features,After reduction,simplified_features,features_before_after_histogram.pdf,651
dataset_11/uvl/olpch2294.uvl,Features,After reduction,simplified_features,features_before_after_histogram.pdf,641
dataset_11/uvl/olpcl2294.uvl,Features,After reduction,simplified_features,features_before_after_histogram.pdf,653
dataset_11/uvl/p2106.uvl,Features,After reduction,simplified_features,features_before_after_histogram.pdf,637
dataset_11/uvl/pati.uvl,Features,After reduction,simplified_features,features_before_after_histogram.pdf,641
dataset_11/uvl/pc_i82544.uvl,Features,After reduction,simplified_features,features_before_after_histogram.pdf,656
dataset_11/uvl/pc_i82559.uvl,Features,After reduction,simplified_features,features_before_after_histogram.pdf,656
dataset_11/uvl/pc_rltk8139.uvl,Features,After reduction,simplified_features,features_before_after_histogram.pdf,658
dataset_11/uvl/pc_usb_d12.uvl,Features,After reduction,simplified_features,features_before_after_histogram.pdf,666
dataset_11/uvl/pc_vmWare.uvl,Features,After reduction,simplified_features,features_before_after_histogram.pdf,650
dataset_11/uvl/phycore.uvl,Features,After reduction,simplified_features,features_before_after_histogram.pdf,666
dataset_11/uvl/phycore229x.uvl,Features,After reduction,simplified_features,features_before_after_histogram.pdf,664
dataset_11/uvl/picasso.uvl,Features,After reduction,simplified_features,features_before_after_histogram.pdf,642
dataset_11/uvl/pid.uvl,Features,After reduction,simplified_features,features_before_after_histogram.pdf,634
dataset_11/uvl/prpmc1100.uvl,Features,After reduction,simplified_features,features_before_after_histogram.pdf,633
dataset_11/uvl/psim.uvl,Features,After reduction,simplified_features,features_before_after_histogram.pdf,613
dataset_11/uvl/rattler.uvl,Features,After reduction,simplified_features,features_before_after_histogram.pdf,688
dataset_11/uvl/ref4955.uvl,Features,After reduction,simplified_features,features_before_after_histogram.pdf,631
dataset_11/uvl/refidt334.uvl,Features,After reduction,simplified_features,features_before_after_histogram.pdf,676
dataset_11/uvl/sa1100mm.uvl,Features,After reduction,simplified_features,features_before_after_histogram.pdf,626
dataset_11/uvl/sam7ex256.uvl,Features,After reduction,simplified_features,features_before_after_histogram.pdf,673
dataset_11/uvl/se7751.uvl,Features,After reduction,simplified_features,features_before_after_histogram.pdf,676
dataset_11/uvl/se77x9.uvl,Features,After reduction,simplified_features,features_before_after_histogram.pdf,687
dataset_11/uvl/sh4_202_md.uvl,Features,After reduction,simplified_features,features_before_after_histogram.pdf,649
dataset_11/uvl/sh7708.uvl,Features,After reduction,simplified_features,features_before_after_histogram.pdf,626
dataset_11/uvl/skmb91302.uvl,Features,After reduction,simplified_features,features_before_after_histogram.pdf,644
dataset_11/uvl/sleb.uvl,Features,After reduction,simplified_features,features_before_after_histogram.pdf,612
dataset_11/uvl/smdk2410.uvl,Features,After reduction,simplified_features,features_before_after_histogram.pdf,662
dataset_11/uvl/snds.uvl,Features,After reduction,simplified_features,features_before_after_histogram.pdf,629
dataset_11/uvl/sparc_erc32.uvl,Features,After reduction,simplified_features,features_before_after_histogram.pdf,603
dataset_11/uvl/sparc_leon.uvl,Features,After reduction,simplified_features,features_before_after_histogram.pdf,603
dataset_11/uvl/sparclite_sim.uvl,Features,After reduction,simplified_features,features_before_after_histogram.pdf,603
dataset_11/uvl/stb.uvl,Features,After reduction,simplified_features,features_before_after_histogram.pdf,658
dataset_11/uvl/stdeval1.uvl,Features,After reduction,simplified_features,features_before_after_histogram.pdf,615
dataset_11/uvl/stm3210e_eval.uvl,Features,After reduction,simplified_features,features_before_after_histogram.pdf,635
dataset_11/uvl/ts1000.uvl,Features,After reduction,simplified_features,features_before_after_histogram.pdf,669
dataset_11/uvl/ts6.uvl,Features,After reduction,simplified_features,features_before_after_histogram.pdf,645
dataset_11/uvl/tx39_sim.uvl,Features,After reduction,simplified_features,features_before_after_histogram.pdf,609
dataset_11/uvl/uE250.uvl,Features,After reduction,simplified_features,features_before_after_histogram.pdf,643
dataset_11/uvl/vads.uvl,Features,After reduction,simplified_features,features_before_after_histogram.pdf,645
dataset_11/uvl/viper.uvl,Features,After reduction,simplified_features,features_before_after_histogram.pdf,669
dataset_11/uvl/vrc4373.uvl,Features,After reduction,simplified_features,features_before_after_histogram.pdf,659
dataset_11/uvl/vrc4375.uvl,Features,After reduction,simplified_features,features_before_after_histogram.pdf,670
dataset_12/uvl/axTLS.uvl,Features,After reduction,simplified_features,features_before_after_histogram.pdf,48
dataset_12/uvl/uClibc.uvl,Features,After reduction,simplified_features,features_before_after_histogram.pdf,229
dataset_12/uvl/uClinux-base.uvl,Features,After reduction,simplified_features,features_before_after_histogram.pdf,184
dataset_12/uvl/uClinux-distribution.uvl,Features,After reduction,simplified_features,features_before_after_histogram.pdf,1504
dataset_16/uvl/chat_system.uvl,Features,After reduction,simplified_features,features_before_after_histogram.pdf,7
dataset_17/uvl/ovm_MPPL.ovm.uvl,Features,After reduction,simplified_features,features_before_after_histogram.pdf,10
dataset_18/uvl/ovm_OnlineShop.ovm.uvl,Features,After reduction,simplified_features,features_before_after_histogram.pdf,10
dataset_2/uvl/dm_ASEJ1.csv.uvl,Features,After reduction,simplified_features,features_before_after_histogram.pdf,109
dataset_2/uvl/dm_DOPLERTools.csv.uvl,Features,After reduction,simplified_features,features_before_after_histogram.pdf,50
dataset_2/uvl/dm_DissModel.csv.uvl,Features,After reduction,simplified_features,features_before_after_histogram.pdf,116
dataset_20/uvl/DELL-LAPTOP-NOTEBOOK-FM.uvl,Features,After reduction,simplified_features,features_before_after_histogram.pdf,38
dataset_20/uvl/REAL-FM-1.uvl,Features,After reduction,simplified_features,features_before_after_histogram.pdf,71
dataset_20/uvl/REAL-FM-10.uvl,Features,After reduction,simplified_features,features_before_after_histogram.pdf,7
dataset_20/uvl/REAL-FM-11.uvl,Features,After reduction,simplified_features,features_before_after_histogram.pdf,19
dataset_20/uvl/REAL-FM-12.uvl,Features,After reduction,simplified_features,features_before_after_histogram.pdf,12
dataset_20/uvl/REAL-FM-13.uvl,Features,After reduction,simplified_features,features_before_after_histogram.pdf,9
dataset_20/uvl/REAL-FM-14.uvl,Features,After reduction,simplified_features,features_before_after_histogram.pdf,12
dataset_20/uvl/REAL-FM-15.uvl,Features,After reduction,simplified_features,features_before_after_histogram.pdf,14
dataset_20/uvl/REAL-FM-16.uvl,Features,After reduction,simplified_features,features_before_after_histogram.pdf,19
dataset_20/uvl/REAL-FM-17.uvl,Features,After reduction,simplified_features,features_before_after_histogram.pdf,15
dataset_20/uvl/REAL-FM-18.uvl,Features,After reduction,simplified_features,features_before_after_histogram.pdf,36
dataset_20/uvl/REAL-FM-19.uvl,Features,After reduction,simplified_features,features_before_after_histogram.pdf,10
dataset_20/uvl/REAL-FM-2.uvl,Features,After reduction,simplified_features,features_before_after_histogram.pdf,17
dataset_20/uvl/REAL-FM-20.uvl,Features,After reduction,simplified_features,features_before_after_histogram.pdf,32
dataset_20/uvl/REAL-FM-3.uvl,Features,After reduction,simplified_features,features_before_after_histogram.pdf,35
dataset_20/uvl/REAL-FM-4.uvl,Features,After reduction,simplified_features,features_before_after_histogram.pdf,213
dataset_20/uvl/REAL-FM-5.uvl,Features,After reduction,simplified_features,features_before_after_histogram.pdf,7
dataset_20/uvl/REAL-FM-6.uvl,Features,After reduction,simplified_features,features_before_after_histogram.pdf,8
dataset_20/uvl/REAL-FM-7.uvl,Features,After reduction,simplified_features,features_before_after_histogram.pdf,10
dataset_20/uvl/REAL-FM-8.uvl,Features,After reduction,simplified_features,features_before_after_histogram.pdf,6
dataset_20/uvl/REAL-FM-9.uvl,Features,After reduction,simplified_features,features_before_after_histogram.pdf,9
dataset_20/uvl/aircraft_fm.uvl,Features,After reduction,simplified_features,features_before_after_histogram.pdf,11
dataset_20/uvl/arcade_game_pl_fm.uvl,Features,After reduction,simplified_features,features_before_after_histogram.pdf,43
dataset_20/uvl/car_fm.uvl,Features,After reduction,simplified_features,features_before_after_histogram.pdf,12
dataset_20/uvl/cfdp_library_fm.uvl,Features,After reduction,simplified_features,features_before_after_histogram.pdf,13
dataset_20/uvl/connector_fm.uvl,Features,After reduction,simplified_features,features_before_after_histogram.pdf,14
dataset_20/uvl/fame_dbms_fm.uvl,Features,After reduction,simplified_features,features_before_after_histogram.pdf,12
dataset_20/uvl/model_20090801_1908323193.uvl,Features,After reduction,simplified_features,features_before_after_histogram.pdf,13
dataset_20/uvl/model_20091009_1552375070.uvl,Features,After reduction,simplified_features,features_before_after_histogram.pdf,27
dataset_20/uvl/model_20091015_449909368.uvl,Features,After reduction,simplified_features,features_before_after_histogram.pdf,6
dataset_20/uvl/model_20091109_376438407.uvl,Features,After reduction,simplified_features,features_before_after_histogram.pdf,15
dataset_20/uvl/model_20091129_1734444143.uvl,Features,After reduction,simplified_features,features_before_after_histogram.pdf,9
dataset_20/uvl/model_20091205_755658379.uvl,Features,After reduction,simplified_features,features_before_after_histogram.pdf,48
dataset_20/uvl/model_20091206_1647557456.uvl,Features,After reduction,simplified_features,features_before_after_histogram.pdf,9
dataset_20/uvl/model_20091210_241985787.uvl,Features,After reduction,simplified_features,features_before_after_histogram.pdf,15
dataset_20/uvl/model_20091210_993249741.uvl,Features,After reduction,simplified_features,features_before_after_histogram.pdf,21
dataset_20/uvl/model_20091219_494647199.uvl,Features,After reduction,simplified_features,features_before_after_histogram.pdf,6
dataset_20/uvl/model_20091225_1547989376.uvl,Features,After reduction,simplified_features,features_before_after_histogram.pdf,24
dataset_20/uvl/model_20100106_985255768.uvl,Features,After reduction,simplified_features,features_before_after_histogram.pdf,14
dataset_20/uvl/model_20100213_206550190.uvl,Features,After reduction,simplified_features,features_before_after_histogram.pdf,21
dataset_20/uvl/model_20100216_713947806.uvl,Features,After reduction,simplified_features,features_before_after_histogram.pdf,4
dataset_20/uvl/model_20100308_1032655961.uvl,Features,After reduction,simplified_features,features_before_after_histogram.pdf,10
dataset_20/uvl/model_20100308_1355834007.uvl,Features,After reduction,simplified_features,features_before_after_histogram.pdf,20
dataset_20/uvl/model_20100321_1548012375.uvl,Features,After reduction,simplified_features,features_before_after_histogram.pdf,15
dataset_20/uvl/model_20100322_955726153.uvl,Features,After reduction,simplified_features,features_before_after_histogram.pdf,10
dataset_20/uvl/model_20100324_1996898492.uvl,Features,After reduction,simplified_features,features_before_after_histogram.pdf,3
dataset_20/uvl/model_20100325_298677687.uvl,Features,After reduction,simplified_features,features_before_after_histogram.pdf,8
dataset_20/uvl/model_20100326_770562654.uvl,Features,After reduction,simplified_features,features_before_after_histogram.pdf,22
dataset_20/uvl/model_20100412_337845737.uvl,Features,After reduction,simplified_features,features_before_after_histogram.pdf,1
dataset_20/uvl/model_20100415_240595643.uvl,Features,After reduction,simplified_features,features_before_after_histogram.pdf,23
dataset_20/uvl/model_20100415_947132043.uvl,Features,After reduction,simplified_features,features_before_after_histogram.pdf,24
dataset_20/uvl/model_20100416_811483774.uvl,Features,After reduction,simplified_features,features_before_after_histogram.pdf,15
dataset_20/uvl/model_20100529_1010171189.uvl,Features,After reduction,simplified_features,features_before_after_histogram.pdf,16
dataset_20/uvl/model_20100607_746327867.uvl,Features,After reduction,simplified_features,features_before_after_histogram.pdf,14
dataset_20/uvl/model_20100624_2076952989.uvl,Features,After reduction,simplified_features,features_before_after_histogram.pdf,13
dataset_20/uvl/model_20100625_251719781.uvl,Features,After reduction,simplified_features,features_before_after_histogram.pdf,16
dataset_20/uvl/model_20100712_329430908.uvl,Features,After reduction,simplified_features,features_before_after_histogram.pdf,11
dataset_20/uvl/model_20100719_944437142.uvl,Features,After reduction,simplified_features,features_before_after_histogram.pdf,25
dataset_20/uvl/model_20100730_1366577700.uvl,Features,After reduction,simplified_features,features_before_after_histogram.pdf,26
dataset_20/uvl/model_20100805_1484639410.uvl,Features,After reduction,simplified_features,features_before_after_histogram.pdf,16
dataset_20/uvl/model_20100822_281357717.uvl,Features,After reduction,simplified_features,features_before_after_histogram.pdf,14
dataset_20/uvl/model_20100824_837146809.uvl,Features,After reduction,simplified_features,features_before_after_histogram.pdf,14
dataset_20/uvl/model_20100829_787258873.uvl,Features,After reduction,simplified_features,features_before_after_histogram.pdf,44
dataset_20/uvl/model_20100830_561967343.uvl,Features,After reduction,simplified_features,features_before_after_histogram.pdf,8
dataset_20/uvl/model_20100831_1378118837.uvl,Features,After reduction,simplified_features,features_before_after_histogram.pdf,15
dataset_20/uvl/model_20100904_226530663.uvl,Features,After reduction,simplified_features,features_before_after_histogram.pdf,24
dataset_20/uvl/model_20100904_330653656.uvl,Features,After reduction,simplified_features,features_before_after_histogram.pdf,6
dataset_20/uvl/model_20100927_1382418986.uvl,Features,After reduction,simplified_features,features_before_after_histogram.pdf,8
dataset_20/uvl/model_20101020_1809093990.uvl,Features,After reduction,simplified_features,features_before_after_histogram.pdf,2
dataset_20/uvl/model_20101024_1938793748.uvl,Features,After reduction,simplified_features,features_before_after_histogram.pdf,29
dataset_20/uvl/model_20101104_260803083.uvl,Features,After reduction,simplified_features,features_before_after_histogram.pdf,8
dataset_20/uvl/model_20101109_1698100628.uvl,Features,After reduction,simplified_features,features_before_after_histogram.pdf,13
dataset_20/uvl/model_20101110_1749898936.uvl,Features,After reduction,simplified_features,features_before_after_histogram.pdf,10
dataset_20/uvl/model_20101111_156018899.uvl,Features,After reduction,simplified_features,features_before_after_histogram.pdf,8
dataset_20/uvl/model_20101111_1790887308.uvl,Features,After reduction,simplified_features,features_before_after_histogram.pdf,8
dataset_20/uvl/model_20101112_864228137.uvl,Features,After reduction,simplified_features,features_before_after_histogram.pdf,96
dataset_20/uvl/model_20101115_2000504462.uvl,Features,After reduction,simplified_features,features_before_after_histogram.pdf,55
dataset_20/uvl/model_20101116_1022976130.uvl,Features,After reduction,simplified_features,features_before_after_histogram.pdf,29
dataset_20/uvl/model_20101117_1571856147.uvl,Features,After reduction,simplified_features,features_before_after_histogram.pdf,7
dataset_20/uvl/model_20101117_2128796258.uvl,Features,After reduction,simplified_features,features_before_after_histogram.pdf,48
dataset_20/uvl/model_20101119_1472596180.uvl,Features,After reduction,simplified_features,features_before_after_histogram.pdf,17
dataset_20/uvl/model_20101120_2091447559.uvl,Features,After reduction,simplified_features,features_before_after_histogram.pdf,3
dataset_20/uvl/model_20101123_920943759.uvl,Features,After reduction,simplified_features,features_before_after_histogram.pdf,7
dataset_20/uvl/model_20101124_661702924.uvl,Features,After reduction,simplified_features,features_before_after_histogram.pdf,10
dataset_20/uvl/model_20101208_1056693380.uvl,Features,After reduction,simplified_features,features_before_after_histogram.pdf,2
dataset_20/uvl/model_20110116_381192414.uvl,Features,After reduction,simplified_features,features_before_after_histogram.pdf,46
dataset_20/uvl/model_20110124_2116036381.uvl,Features,After reduction,simplified_features,features_before_after_histogram.pdf,10
dataset_20/uvl/model_20110127_1318390760.uvl,Features,After reduction,simplified_features,features_before_after_histogram.pdf,8
dataset_20/uvl/model_20110130_639381749.uvl,Features,After reduction,simplified_features,features_before_after_histogram.pdf,7
dataset_20/uvl/model_20110203_1382675896.uvl,Features,After reduction,simplified_features,features_before_after_histogram.pdf,7
dataset_20/uvl/model_20110203_2097159983.uvl,Features,After reduction,simplified_features,features_before_after_histogram.pdf,11
dataset_20/uvl/model_20110207_906076676.uvl,Features,After reduction,simplified_features,features_before_after_histogram.pdf,7
dataset_20/uvl/model_20110214_751339643.uvl,Features,After reduction,simplified_features,features_before_after_histogram.pdf,8
dataset_20/uvl/model_20110216_1027109687.uvl,Features,After reduction,simplified_features,features_before_after_histogram.pdf,12
dataset_20/uvl/model_20110216_608697455.uvl,Features,After reduction,simplified_features,features_before_after_histogram.pdf,13
dataset_20/uvl/model_20110222_2078967171.uvl,Features,After reduction,simplified_features,features_before_after_histogram.pdf,42
dataset_20/uvl/model_20110301_216655728.uvl,Features,After reduction,simplified_features,features_before_after_histogram.pdf,2
dataset_20/uvl/model_20110306_314567479.uvl,Features,After reduction,simplified_features,features_before_after_histogram.pdf,9
dataset_20/uvl/model_20110310_1849309646.uvl,Features,After reduction,simplified_features,features_before_after_histogram.pdf,16
dataset_20/uvl/model_20110318_225131257.uvl,Features,After reduction,simplified_features,features_before_after_histogram.pdf,3
dataset_20/uvl/model_20110323_789959080.uvl,Features,After reduction,simplified_features,features_before_after_histogram.pdf,12
dataset_20/uvl/model_20110328_1177934440.uvl,Features,After reduction,simplified_features,features_before_after_histogram.pdf,5
dataset_20/uvl/model_20110329_10104623.uvl,Features,After reduction,simplified_features,features_before_after_histogram.pdf,37
dataset_20/uvl/model_20110330_919429247.uvl,Features,After reduction,simplified_features,features_before_after_histogram.pdf,18
dataset_20/uvl/model_20110401_868452735.uvl,Features,After reduction,simplified_features,features_before_after_histogram.pdf,9
dataset_20/uvl/model_20110406_1047532859.uvl,Features,After reduction,simplified_features,features_before_after_histogram.pdf,26
dataset_20/uvl/model_20110406_353034837.uvl,Features,After reduction,simplified_features,features_before_after_histogram.pdf,33
dataset_20/uvl/model_20110406_656545830.uvl,Features,After reduction,simplified_features,features_before_after_histogram.pdf,8
dataset_20/uvl/model_20110407_1283128166.uvl,Features,After reduction,simplified_features,features_before_after_histogram.pdf,38
dataset_20/uvl/model_20110428_1131293346.uvl,Features,After reduction,simplified_features,features_before_after_histogram.pdf,5
dataset_20/uvl/model_20110428_553405269.uvl,Features,After reduction,simplified_features,features_before_after_histogram.pdf,13
dataset_20/uvl/model_20110507_674768061.uvl,Features,After reduction,simplified_features,features_before_after_histogram.pdf,28
dataset_20/uvl/model_20110516_1331478109.uvl,Features,After reduction,simplified_features,features_before_after_histogram.pdf,46
dataset_20/uvl/model_20110519_1142211980.uvl,Features,After reduction,simplified_features,features_before_after_histogram.pdf,8
dataset_20/uvl/model_20110519_503436691.uvl,Features,After reduction,simplified_features,features_before_after_histogram.pdf,9
dataset_20/uvl/model_20110525_1619420630.uvl,Features,After reduction,simplified_features,features_before_after_histogram.pdf,27
dataset_20/uvl/model_20110525_564104612.uvl,Features,After reduction,simplified_features,features_before_after_histogram.pdf,20
dataset_20/uvl/model_20110525_928187171.uvl,Features,After reduction,simplified_features,features_before_after_histogram.pdf,5
dataset_20/uvl/model_20110527_1847306763.uvl,Features,After reduction,simplified_features,features_before_after_histogram.pdf,43
dataset_20/uvl/model_20110601_1103941862.uvl,Features,After reduction,simplified_features,features_before_after_histogram.pdf,8
dataset_20/uvl/model_20110605_1465859222.uvl,Features,After reduction,simplified_features,features_before_after_histogram.pdf,8
dataset_20/uvl/model_20110622_260389190.uvl,Features,After reduction,simplified_features,features_before_after_histogram.pdf,6
dataset_20/uvl/model_20110704_328391695.uvl,Features,After reduction,simplified_features,features_before_after_histogram.pdf,121
dataset_20/uvl/model_20110704_555218409.uvl,Features,After reduction,simplified_features,features_before_after_histogram.pdf,2
dataset_20/uvl/model_20110712_1373520081.uvl,Features,After reduction,simplified_features,features_before_after_histogram.pdf,30
dataset_20/uvl/model_20110715_945252556.uvl,Features,After reduction,simplified_features,features_before_after_histogram.pdf,30
dataset_20/uvl/model_20110718_866950306.uvl,Features,After reduction,simplified_features,features_before_after_histogram.pdf,7
dataset_20/uvl/model_20110722_419227445.uvl,Features,After reduction,simplified_features,features_before_after_histogram.pdf,9
dataset_20/uvl/model_20110725_452580960.uvl,Features,After reduction,simplified_features,features_before_after_histogram.pdf,13
dataset_20/uvl/model_20110809_1799855518.uvl,Features,After reduction,simplified_features,features_before_after_histogram.pdf,22
dataset_20/uvl/model_20110823_1386366267.uvl,Features,After reduction,simplified_features,features_before_after_histogram.pdf,10
dataset_20/uvl/model_20110823_553386338.uvl,Features,After reduction,simplified_features,features_before_after_histogram.pdf,8
dataset_20/uvl/model_20110826_1180494500.uvl,Features,After reduction,simplified_features,features_before_after_histogram.pdf,5
dataset_20/uvl/model_20110826_1555954181.uvl,Features,After reduction,simplified_features,features_before_after_histogram.pdf,5
dataset_20/uvl/model_20110826_1574631601.uvl,Features,After reduction,simplified_features,features_before_after_histogram.pdf,21
dataset_20/uvl/model_20110826_1744501275.uvl,Features,After reduction,simplified_features,features_before_after_histogram.pdf,5
dataset_20/uvl/model_20110826_252647654.uvl,Features,After reduction,simplified_features,features_before_after_histogram.pdf,5
dataset_20/uvl/model_20110826_819334011.uvl,Features,After reduction,simplified_features,features_before_after_histogram.pdf,5
dataset_20/uvl/model_20110915_1159959623.uvl,Features,After reduction,simplified_features,features_before_after_histogram.pdf,9
dataset_20/uvl/model_20110919_127780100.uvl,Features,After reduction,simplified_features,features_before_after_histogram.pdf,36
dataset_20/uvl/model_20110925_62365838.uvl,Features,After reduction,simplified_features,features_before_after_histogram.pdf,10
dataset_20/uvl/model_20110926_400852996.uvl,Features,After reduction,simplified_features,features_before_after_histogram.pdf,8
dataset_20/uvl/model_20110926_608554224.uvl,Features,After reduction,simplified_features,features_before_after_histogram.pdf,6
dataset_20/uvl/model_20111020_455520177.uvl,Features,After reduction,simplified_features,features_before_after_histogram.pdf,8
dataset_20/uvl/model_20111025_1408959776.uvl,Features,After reduction,simplified_features,features_before_after_histogram.pdf,7
dataset_20/uvl/model_20111027_1380540076.uvl,Features,After reduction,simplified_features,features_before_after_histogram.pdf,6
dataset_20/uvl/model_20111027_668940289.uvl,Features,After reduction,simplified_features,features_before_after_histogram.pdf,11
dataset_20/uvl/model_20111027_966072474.uvl,Features,After reduction,simplified_features,features_before_after_histogram.pdf,5
dataset_20/uvl/model_20111029_1654942500.uvl,Features,After reduction,simplified_features,features_before_after_histogram.pdf,36
dataset_20/uvl/model_20111031_386778867.uvl,Features,After reduction,simplified_features,features_before_after_histogram.pdf,22
dataset_20/uvl/model_20111111_1026730216.uvl,Features,After reduction,simplified_features,features_before_after_histogram.pdf,18
dataset_20/uvl/model_20111129_1932950448.uvl,Features,After reduction,simplified_features,features_before_after_histogram.pdf,8
dataset_20/uvl/model_20111130_1614470655.uvl,Features,After reduction,simplified_features,features_before_after_histogram.pdf,49
dataset_20/uvl/model_20111201_1252018702.uvl,Features,After reduction,simplified_features,features_before_after_histogram.pdf,59
dataset_20/uvl/model_20111201_372659565.uvl,Features,After reduction,simplified_features,features_before_after_histogram.pdf,59
dataset_20/uvl/model_20111214_733452875.uvl,Features,After reduction,simplified_features,features_before_after_histogram.pdf,3
dataset_20/uvl/model_20111220_1184087779.uvl,Features,After reduction,simplified_features,features_before_after_histogram.pdf,12
dataset_20/uvl/model_20111220_1450733948.uvl,Features,After reduction,simplified_features,features_before_after_histogram.pdf,34
dataset_20/uvl/model_20120109_1808102333.uvl,Features,After reduction,simplified_features,features_before_after_histogram.pdf,7
dataset_20/uvl/model_20120110_1094246588.uvl,Features,After reduction,simplified_features,features_before_after_histogram.pdf,8
dataset_20/uvl/model_20120110_1256867454.uvl,Features,After reduction,simplified_features,features_before_after_histogram.pdf,8
dataset_20/uvl/model_20120110_139114401.uvl,Features,After reduction,simplified_features,features_before_after_histogram.pdf,8
dataset_20/uvl/model_20120110_1719396361.uvl,Features,After reduction,simplified_features,features_before_after_histogram.pdf,8
dataset_20/uvl/model_20120110_1754443954.uvl,Features,After reduction,simplified_features,features_before_after_histogram.pdf,8
dataset_20/uvl/model_20120110_855603964.uvl,Features,After reduction,simplified_features,features_before_after_histogram.pdf,8
dataset_20/uvl/model_20120111_1667229430.uvl,Features,After reduction,simplified_features,features_before_after_histogram.pdf,15
dataset_20/uvl/model_20120113_1803352101.uvl,Features,After reduction,simplified_features,features_before_after_histogram.pdf,38
dataset_20/uvl/model_20120113_1950870026.uvl,Features,After reduction,simplified_features,features_before_after_histogram.pdf,6
dataset_20/uvl/model_20120122_258977494.uvl,Features,After reduction,simplified_features,features_before_after_histogram.pdf,14
dataset_20/uvl/model_20120124_94644767.uvl,Features,After reduction,simplified_features,features_before_after_histogram.pdf,9
dataset_20/uvl/model_20120130_333619036.uvl,Features,After reduction,simplified_features,features_before_after_histogram.pdf,29
dataset_20/uvl/model_20120201_1444061231.uvl,Features,After reduction,simplified_features,features_before_after_histogram.pdf,25
dataset_20/uvl/model_20120201_865979127.uvl,Features,After reduction,simplified_features,features_before_after_histogram.pdf,20
dataset_20/uvl/model_20120201_899753062.uvl,Features,After reduction,simplified_features,features_before_after_histogram.pdf,20
dataset_20/uvl/model_20120202_114979109.uvl,Features,After reduction,simplified_features,features_before_after_histogram.pdf,13
dataset_20/uvl/model_20120202_1596034358.uvl,Features,After reduction,simplified_features,features_before_after_histogram.pdf,6
dataset_20/uvl/model_20120205_24117969.uvl,Features,After reduction,simplified_features,features_before_after_histogram.pdf,16
dataset_20/uvl/model_20120229_1103715736.uvl,Features,After reduction,simplified_features,features_before_after_histogram.pdf,11
dataset_20/uvl/model_20120314_1438691117.uvl,Features,After reduction,simplified_features,features_before_after_histogram.pdf,1
dataset_20/uvl/model_20120328_1227899142.uvl,Features,After reduction,simplified_features,features_before_after_histogram.pdf,15
dataset_20/uvl/model_20120328_1309817018.uvl,Features,After reduction,simplified_features,features_before_after_histogram.pdf,12
dataset_20/uvl/model_20120328_1357539597.uvl,Features,After reduction,simplified_features,features_before_after_histogram.pdf,13
dataset_20/uvl/model_20120328_1373483522.uvl,Features,After reduction,simplified_features,features_before_after_histogram.pdf,6
dataset_20/uvl/model_20120328_1412454948.uvl,Features,After reduction,simplified_features,features_before_after_histogram.pdf,26
dataset_20/uvl/model_20120328_1667195252.uvl,Features,After reduction,simplified_features,features_before_after_histogram.pdf,19
dataset_20/uvl/model_20120328_1814590478.uvl,Features,After reduction,simplified_features,features_before_after_histogram.pdf,26
dataset_20/uvl/model_20120328_1974817485.uvl,Features,After reduction,simplified_features,features_before_after_histogram.pdf,10
dataset_20/uvl/model_20120328_288933955.uvl,Features,After reduction,simplified_features,features_before_after_histogram.pdf,6
dataset_20/uvl/model_20120328_361613983.uvl,Features,After reduction,simplified_features,features_before_after_histogram.pdf,9
dataset_20/uvl/model_20120328_523540818.uvl,Features,After reduction,simplified_features,features_before_after_histogram.pdf,8
dataset_20/uvl/model_20120328_573707444.uvl,Features,After reduction,simplified_features,features_before_after_histogram.pdf,20
dataset_20/uvl/model_20120328_593032745.uvl,Features,After reduction,simplified_features,features_before_after_histogram.pdf,8
dataset_20/uvl/model_20120328_663906927.uvl,Features,After reduction,simplified_features,features_before_after_histogram.pdf,15
dataset_20/uvl/model_20120328_794090001.uvl,Features,After reduction,simplified_features,features_before_after_histogram.pdf,5
dataset_20/uvl/model_20120328_810464459.uvl,Features,After reduction,simplified_features,features_before_after_histogram.pdf,8
dataset_20/uvl/model_20120329_788560154.uvl,Features,After reduction,simplified_features,features_before_after_histogram.pdf,45
dataset_20/uvl/model_20120408_404695779.uvl,Features,After reduction,simplified_features,features_before_after_histogram.pdf,67
dataset_20/uvl/model_20120411_196667302.uvl,Features,After reduction,simplified_features,features_before_after_histogram.pdf,16
dataset_20/uvl/model_20120412_1314362396.uvl,Features,After reduction,simplified_features,features_before_after_histogram.pdf,6
dataset_20/uvl/model_20120418_828883554.uvl,Features,After reduction,simplified_features,features_before_after_histogram.pdf,35
dataset_20/uvl/model_20120419_1397354511.uvl,Features,After reduction,simplified_features,features_before_after_histogram.pdf,14
dataset_20/uvl/model_20120422_1648870831.uvl,Features,After reduction,simplified_features,features_before_after_histogram.pdf,8
dataset_20/uvl/model_20120422_2100930135.uvl,Features,After reduction,simplified_features,features_before_after_histogram.pdf,15
dataset_20/uvl/model_20120423_1196408273.uvl,Features,After reduction,simplified_features,features_before_after_histogram.pdf,9
dataset_20/uvl/model_20120423_1625073325.uvl,Features,After reduction,simplified_features,features_before_after_histogram.pdf,20
dataset_20/uvl/model_20120424_1703152596.uvl,Features,After reduction,simplified_features,features_before_after_histogram.pdf,30
dataset_20/uvl/model_20120425_1998125226.uvl,Features,After reduction,simplified_features,features_before_after_histogram.pdf,48
dataset_20/uvl/model_20120510_220834497.uvl,Features,After reduction,simplified_features,features_before_after_histogram.pdf,32
dataset_20/uvl/model_20120512_712347860.uvl,Features,After reduction,simplified_features,features_before_after_histogram.pdf,7
dataset_20/uvl/model_20120513_373795895.uvl,Features,After reduction,simplified_features,features_before_after_histogram.pdf,7
dataset_20/uvl/model_20120515_1862354569.uvl,Features,After reduction,simplified_features,features_before_after_histogram.pdf,7
dataset_20/uvl/model_20120522_87989914.uvl,Features,After reduction,simplified_features,features_before_after_histogram.pdf,33
dataset_20/uvl/model_20120528_1294065815.uvl,Features,After reduction,simplified_features,features_before_after_histogram.pdf,8
dataset_20/uvl/model_20120529_2101702978.uvl,Features,After reduction,simplified_features,features_before_after_histogram.pdf,27
dataset_20/uvl/model_20120531_2078087379.uvl,Features,After reduction,simplified_features,features_before_after_histogram.pdf,6
dataset_20/uvl/model_20120609_84195762.uvl,Features,After reduction,simplified_features,features_before_after_histogram.pdf,11
dataset_20/uvl/model_20120627_1512389149.uvl,Features,After reduction,simplified_features,features_before_after_histogram.pdf,6
dataset_20/uvl/model_20120701_1498696792.uvl,Features,After reduction,simplified_features,features_before_after_histogram.pdf,11
dataset_20/uvl/model_20120701_899073101.uvl,Features,After reduction,simplified_features,features_before_after_histogram.pdf,11
dataset_20/uvl/model_20120705_77954373.uvl,Features,After reduction,simplified_features,features_before_after_histogram.pdf,17
dataset_20/uvl/model_20120710_919309758.uvl,Features,After reduction,simplified_features,features_before_after_histogram.pdf,17
dataset_20/uvl/model_20120717_770767926.uvl,Features,After reduction,simplified_features,features_before_after_histogram.pdf,8
dataset_20/uvl/model_20120718_813832704.uvl,Features,After reduction,simplified_features,features_before_after_histogram.pdf,5
dataset_20/uvl/model_20120722_2065280700.uvl,Features,After reduction,simplified_features,features_before_after_histogram.pdf,13
dataset_20/uvl/model_20120725_1460954667.uvl,Features,After reduction,simplified_features,features_before_after_histogram.pdf,81
dataset_20/uvl/model_20120728_275737618.uvl,Features,After reduction,simplified_features,features_before_after_histogram.pdf,12
dataset_20/uvl/model_20120731_787433291.uvl,Features,After reduction,simplified_features,features_before_after_histogram.pdf,31
dataset_20/uvl/model_20120801_1784537083.uvl,Features,After reduction,simplified_features,features_before_after_histogram.pdf,7
dataset_20/uvl/model_20120806_904481092.uvl,Features,After reduction,simplified_features,features_before_after_histogram.pdf,10
dataset_20/uvl/model_20120822_650185552.uvl,Features,After reduction,simplified_features,features_before_after_histogram.pdf,14
dataset_20/uvl/model_20120823_304633016.uvl,Features,After reduction,simplified_features,features_before_after_histogram.pdf,14
dataset_20/uvl/model_20120824_761159432.uvl,Features,After reduction,simplified_features,features_before_after_histogram.pdf,12
dataset_20/uvl/model_20120828_1516795545.uvl,Features,After reduction,simplified_features,features_before_after_histogram.pdf,6
dataset_20/uvl/model_20120829_1418879889.uvl,Features,After reduction,simplified_features,features_before_after_histogram.pdf,3
dataset_20/uvl/model_20120829_191972511.uvl,Features,After reduction,simplified_features,features_before_after_histogram.pdf,116
dataset_20/uvl/model_20120829_28461699.uvl,Features,After reduction,simplified_features,features_before_after_histogram.pdf,8
dataset_20/uvl/model_20120829_881090911.uvl,Features,After reduction,simplified_features,features_before_after_histogram.pdf,8
dataset_20/uvl/model_20120902_865058601.uvl,Features,After reduction,simplified_features,features_before_after_histogram.pdf,13
dataset_20/uvl/model_20120904_1604580471.uvl,Features,After reduction,simplified_features,features_before_after_histogram.pdf,8
dataset_20/uvl/model_20120905_104354355.uvl,Features,After reduction,simplified_features,features_before_after_histogram.pdf,5
dataset_20/uvl/model_20120909_341305614.uvl,Features,After reduction,simplified_features,features_before_after_histogram.pdf,24
dataset_20/uvl/model_20120915_487659597.uvl,Features,After reduction,simplified_features,features_before_after_histogram.pdf,14
dataset_20/uvl/model_20120920_383492576.uvl,Features,After reduction,simplified_features,features_before_after_histogram.pdf,5
dataset_20/uvl/model_20121015_1348696629.uvl,Features,After reduction,simplified_features,features_before_after_histogram.pdf,4
dataset_20/uvl/model_20121017_2007593800.uvl,Features,After reduction,simplified_features,features_before_after_histogram.pdf,8
dataset_20/uvl/model_20121018_1186774722.uvl,Features,After reduction,simplified_features,features_before_after_histogram.pdf,10
dataset_20/uvl/model_20121018_1495134161.uvl,Features,After reduction,simplified_features,features_before_after_histogram.pdf,12
dataset_20/uvl/model_20121018_1550648286.uvl,Features,After reduction,simplified_features,features_before_after_histogram.pdf,9
dataset_20/uvl/model_20121018_1578042435.uvl,Features,After reduction,simplified_features,features_before_after_histogram.pdf,12
dataset_20/uvl/model_20121018_1639434192.uvl,Features,After reduction,simplified_features,features_before_after_histogram.pdf,12
dataset_20/uvl/model_20121018_1701181193.uvl,Features,After reduction,simplified_features,features_before_after_histogram.pdf,12
dataset_20/uvl/model_20121018_1875808662.uvl,Features,After reduction,simplified_features,features_before_after_histogram.pdf,9
dataset_20/uvl/model_20121018_1970318852.uvl,Features,After reduction,simplified_features,features_before_after_histogram.pdf,9
dataset_20/uvl/model_20121018_201916182.uvl,Features,After reduction,simplified_features,features_before_after_histogram.pdf,9
dataset_20/uvl/model_20121018_242475712.uvl,Features,After reduction,simplified_features,features_before_after_histogram.pdf,9
dataset_20/uvl/model_20121018_271963732.uvl,Features,After reduction,simplified_features,features_before_after_histogram.pdf,9
dataset_20/uvl/model_20121018_436901160.uvl,Features,After reduction,simplified_features,features_before_after_histogram.pdf,9
dataset_20/uvl/model_20121018_795335675.uvl,Features,After reduction,simplified_features,features_before_after_histogram.pdf,9
dataset_20/uvl/model_20121018_820869482.uvl,Features,After reduction,simplified_features,features_before_after_histogram.pdf,9
dataset_20/uvl/model_20121018_880874071.uvl,Features,After reduction,simplified_features,features_before_after_histogram.pdf,10
dataset_20/uvl/model_20121019_1128529660.uvl,Features,After reduction,simplified_features,features_before_after_histogram.pdf,10
dataset_20/uvl/model_20121023_1328975384.uvl,Features,After reduction,simplified_features,features_before_after_histogram.pdf,8
dataset_20/uvl/model_20121023_356761254.uvl,Features,After reduction,simplified_features,features_before_after_histogram.pdf,6
dataset_20/uvl/model_20121025_1453237615.uvl,Features,After reduction,simplified_features,features_before_after_histogram.pdf,7
dataset_20/uvl/model_20121025_1656878048.uvl,Features,After reduction,simplified_features,features_before_after_histogram.pdf,15
dataset_20/uvl/model_20121026_334751192.uvl,Features,After reduction,simplified_features,features_before_after_histogram.pdf,21
dataset_20/uvl/model_20121102_443205816.uvl,Features,After reduction,simplified_features,features_before_after_histogram.pdf,18
dataset_20/uvl/model_20121102_768518520.uvl,Features,After reduction,simplified_features,features_before_after_histogram.pdf,14
dataset_20/uvl/model_20121106_1816491064.uvl,Features,After reduction,simplified_features,features_before_after_histogram.pdf,12
dataset_20/uvl/model_20121123_1014773113.uvl,Features,After reduction,simplified_features,features_before_after_histogram.pdf,6
dataset_20/uvl/model_20121123_1047250318.uvl,Features,After reduction,simplified_features,features_before_after_histogram.pdf,6
dataset_20/uvl/model_20121123_1266693931.uvl,Features,After reduction,simplified_features,features_before_after_histogram.pdf,8
dataset_20/uvl/model_20121123_1445508018.uvl,Features,After reduction,simplified_features,features_before_after_histogram.pdf,8
dataset_20/uvl/model_20121123_1588832561.uvl,Features,After reduction,simplified_features,features_before_after_histogram.pdf,5
dataset_20/uvl/model_20121123_1668268132.uvl,Features,After reduction,simplified_features,features_before_after_histogram.pdf,8
dataset_20/uvl/model_20121123_1672558767.uvl,Features,After reduction,simplified_features,features_before_after_histogram.pdf,4
dataset_20/uvl/model_20121123_1692800929.uvl,Features,After reduction,simplified_features,features_before_after_histogram.pdf,6
dataset_20/uvl/model_20121123_1807427529.uvl,Features,After reduction,simplified_features,features_before_after_histogram.pdf,4
dataset_20/uvl/model_20121123_2085968892.uvl,Features,After reduction,simplified_features,features_before_after_histogram.pdf,6
dataset_20/uvl/model_20121123_388334786.uvl,Features,After reduction,simplified_features,features_before_after_histogram.pdf,6
dataset_20/uvl/model_20121123_638033800.uvl,Features,After reduction,simplified_features,features_before_after_histogram.pdf,4
dataset_20/uvl/model_20121123_913179730.uvl,Features,After reduction,simplified_features,features_before_after_histogram.pdf,10
dataset_20/uvl/model_20121212_1167666293.uvl,Features,After reduction,simplified_features,features_before_after_histogram.pdf,4
dataset_20/uvl/model_20121212_425431925.uvl,Features,After reduction,simplified_features,features_before_after_histogram.pdf,9
dataset_20/uvl/model_20121213_681234650.uvl,Features,After reduction,simplified_features,features_before_after_histogram.pdf,21
dataset_20/uvl/model_20121214_211817376.uvl,Features,After reduction,simplified_features,features_before_after_histogram.pdf,11
dataset_20/uvl/model_20121219_1714348674.uvl,Features,After reduction,simplified_features,features_before_after_histogram.pdf,9
dataset_20/uvl/model_20121219_629525870.uvl,Features,After reduction,simplified_features,features_before_after_histogram.pdf,6
dataset_20/uvl/model_20130105_1019508207.uvl,Features,After reduction,simplified_features,features_before_after_histogram.pdf,20
dataset_20/uvl/model_20130106_749900457.uvl,Features,After reduction,simplified_features,features_before_after_histogram.pdf,17
dataset_20/uvl/model_20130115_768867592.uvl,Features,After reduction,simplified_features,features_before_after_histogram.pdf,4
dataset_20/uvl/model_20130116_1542765516.uvl,Features,After reduction,simplified_features,features_before_after_histogram.pdf,5
dataset_20/uvl/model_20130116_382639902.uvl,Features,After reduction,simplified_features,features_before_after_histogram.pdf,20
dataset_20/uvl/model_20130117_2075912065.uvl,Features,After reduction,simplified_features,features_before_after_histogram.pdf,1
dataset_20/uvl/model_20130121_710180273.uvl,Features,After reduction,simplified_features,features_before_after_histogram.pdf,1
dataset_20/uvl/model_20130122_1064508817.uvl,Features,After reduction,simplified_features,features_before_after_histogram.pdf,2
dataset_20/uvl/model_20130122_243381566.uvl,Features,After reduction,simplified_features,features_before_after_histogram.pdf,11
dataset_20/uvl/model_20130122_92211527.uvl,Features,After reduction,simplified_features,features_before_after_histogram.pdf,6
dataset_20/uvl/model_20130123_686198065.uvl,Features,After reduction,simplified_features,features_before_after_histogram.pdf,31
dataset_20/uvl/model_20130125_189285641.uvl,Features,After reduction,simplified_features,features_before_after_histogram.pdf,6
dataset_20/uvl/model_20130219_1778040846.uvl,Features,After reduction,simplified_features,features_before_after_histogram.pdf,32
dataset_20/uvl/model_20130220_406091727.uvl,Features,After reduction,simplified_features,features_before_after_histogram.pdf,30
dataset_20/uvl/model_20130224_1469220523.uvl,Features,After reduction,simplified_features,features_before_after_histogram.pdf,6
dataset_20/uvl/model_20130226_1908057354.uvl,Features,After reduction,simplified_features,features_before_after_histogram.pdf,9
dataset_20/uvl/model_20130302_1361528923.uvl,Features,After reduction,simplified_features,features_before_after_histogram.pdf,10
dataset_20/uvl/model_20130302_379367837.uvl,Features,After reduction,simplified_features,features_before_after_histogram.pdf,7
dataset_20/uvl/model_20130305_204544380.uvl,Features,After reduction,simplified_features,features_before_after_histogram.pdf,10
dataset_20/uvl/model_20130305_522520932.uvl,Features,After reduction,simplified_features,features_before_after_histogram.pdf,8
dataset_20/uvl/model_20130307_609838668.uvl,Features,After reduction,simplified_features,features_before_after_histogram.pdf,127
dataset_20/uvl/model_20130309_1354780318.uvl,Features,After reduction,simplified_features,features_before_after_histogram.pdf,4
dataset_20/uvl/model_20130311_1184229274.uvl,Features,After reduction,simplified_features,features_before_after_histogram.pdf,7
dataset_20/uvl/model_20130324_1541392486.uvl,Features,After reduction,simplified_features,features_before_after_histogram.pdf,33
dataset_20/uvl/model_20130410_2115212559.uvl,Features,After reduction,simplified_features,features_before_after_histogram.pdf,3
dataset_20/uvl/model_20130414_861625706.uvl,Features,After reduction,simplified_features,features_before_after_histogram.pdf,10
dataset_20/uvl/model_20130418_1158438101.uvl,Features,After reduction,simplified_features,features_before_after_histogram.pdf,13
dataset_20/uvl/model_20130418_1960440366.uvl,Features,After reduction,simplified_features,features_before_after_histogram.pdf,25
dataset_20/uvl/model_20130422_1348727660.uvl,Features,After reduction,simplified_features,features_before_after_histogram.pdf,14
dataset_20/uvl/model_20130422_139902368.uvl,Features,After reduction,simplified_features,features_before_after_histogram.pdf,20
dataset_20/uvl/model_20130426_1685243628.uvl,Features,After reduction,simplified_features,features_before_after_histogram.pdf,16
dataset_20/uvl/model_20130508_1842381745.uvl,Features,After reduction,simplified_features,features_before_after_histogram.pdf,8
dataset_20/uvl/model_20130510_203163945.uvl,Features,After reduction,simplified_features,features_before_after_histogram.pdf,14
dataset_20/uvl/model_20130522_1326579656.uvl,Features,After reduction,simplified_features,features_before_after_histogram.pdf,40
dataset_20/uvl/model_20130522_2044729096.uvl,Features,After reduction,simplified_features,features_before_after_histogram.pdf,19
dataset_20/uvl/model_20130529_1162054266.uvl,Features,After reduction,simplified_features,features_before_after_histogram.pdf,8
dataset_20/uvl/model_20130529_1165512118.uvl,Features,After reduction,simplified_features,features_before_after_histogram.pdf,7
dataset_20/uvl/model_20130529_1187431770.uvl,Features,After reduction,simplified_features,features_before_after_histogram.pdf,8
dataset_20/uvl/model_20130529_167247656.uvl,Features,After reduction,simplified_features,features_before_after_histogram.pdf,8
dataset_20/uvl/model_20130529_1911302663.uvl,Features,After reduction,simplified_features,features_before_after_histogram.pdf,8
dataset_20/uvl/model_20130529_2135483929.uvl,Features,After reduction,simplified_features,features_before_after_histogram.pdf,9
dataset_20/uvl/model_20130529_51708559.uvl,Features,After reduction,simplified_features,features_before_after_histogram.pdf,9
dataset_20/uvl/model_20130529_552715089.uvl,Features,After reduction,simplified_features,features_before_after_histogram.pdf,10
dataset_20/uvl/model_20130604_1500555803.uvl,Features,After reduction,simplified_features,features_before_after_histogram.pdf,2
dataset_20/uvl/model_20130619_405989942.uvl,Features,After reduction,simplified_features,features_before_after_histogram.pdf,5
dataset_20/uvl/model_20130621_2143921379.uvl,Features,After reduction,simplified_features,features_before_after_histogram.pdf,24
dataset_20/uvl/model_20130627_888588099.uvl,Features,After reduction,simplified_features,features_before_after_histogram.pdf,8
dataset_20/uvl/model_20130703_1107240012.uvl,Features,After reduction,simplified_features,features_before_after_histogram.pdf,59
dataset_20/uvl/model_20130716_384525556.uvl,Features,After reduction,simplified_features,features_before_after_histogram.pdf,10
dataset_20/uvl/model_20130722_443972122.uvl,Features,After reduction,simplified_features,features_before_after_histogram.pdf,8
dataset_20/uvl/model_20130725_1746580783.uvl,Features,After reduction,simplified_features,features_before_after_histogram.pdf,13
dataset_20/uvl/model_20130725_1929838118.uvl,Features,After reduction,simplified_features,features_before_after_histogram.pdf,34
dataset_20/uvl/model_20130725_608010428.uvl,Features,After reduction,simplified_features,features_before_after_histogram.pdf,10
dataset_20/uvl/model_20130726_597280131.uvl,Features,After reduction,simplified_features,features_before_after_histogram.pdf,36
dataset_20/uvl/model_20130731_2029107317.uvl,Features,After reduction,simplified_features,features_before_after_histogram.pdf,62
dataset_20/uvl/model_20130807_1787614695.uvl,Features,After reduction,simplified_features,features_before_after_histogram.pdf,1
dataset_20/uvl/model_20130808_465499656.uvl,Features,After reduction,simplified_features,features_before_after_histogram.pdf,18
dataset_20/uvl/model_20130809_353548541.uvl,Features,After reduction,simplified_features,features_before_after_histogram.pdf,47
dataset_20/uvl/model_20130811_391981530.uvl,Features,After reduction,simplified_features,features_before_after_histogram.pdf,32
dataset_20/uvl/model_20130812_1882708509.uvl,Features,After reduction,simplified_features,features_before_after_histogram.pdf,33
dataset_20/uvl/model_20130812_690840910.uvl,Features,After reduction,simplified_features,features_before_after_histogram.pdf,25
dataset_20/uvl/model_20130815_1890929461.uvl,Features,After reduction,simplified_features,features_before_after_histogram.pdf,45
dataset_20/uvl/model_20130818_278315719.uvl,Features,After reduction,simplified_features,features_before_after_histogram.pdf,7
dataset_20/uvl/model_20130820_1465112187.uvl,Features,After reduction,simplified_features,features_before_after_histogram.pdf,14
dataset_20/uvl/model_20130821_1446947208.uvl,Features,After reduction,simplified_features,features_before_after_histogram.pdf,1
dataset_20/uvl/model_20130821_361829065.uvl,Features,After reduction,simplified_features,features_before_after_histogram.pdf,5
dataset_20/uvl/model_20130821_470005647.uvl,Features,After reduction,simplified_features,features_before_after_histogram.pdf,7
dataset_20/uvl/model_20130908_1057721135.uvl,Features,After reduction,simplified_features,features_before_after_histogram.pdf,4
dataset_20/uvl/model_20130908_1070185514.uvl,Features,After reduction,simplified_features,features_before_after_histogram.pdf,330
dataset_20/uvl/model_20130908_2094539725.uvl,Features,After reduction,simplified_features,features_before_after_histogram.pdf,49
dataset_20/uvl/model_20130911_2001583567.uvl,Features,After reduction,simplified_features,features_before_after_histogram.pdf,22
dataset_20/uvl/model_20130916_1001858303.uvl,Features,After reduction,simplified_features,features_before_after_histogram.pdf,7
dataset_20/uvl/model_20130916_1112744253.uvl,Features,After reduction,simplified_features,features_before_after_histogram.pdf,8
dataset_20/uvl/model_20130916_1448418245.uvl,Features,After reduction,simplified_features,features_before_after_histogram.pdf,7
dataset_20/uvl/model_20130916_1467348272.uvl,Features,After reduction,simplified_features,features_before_after_histogram.pdf,7
dataset_20/uvl/model_20130916_156611854.uvl,Features,After reduction,simplified_features,features_before_after_histogram.pdf,12
dataset_20/uvl/model_20130916_1649901124.uvl,Features,After reduction,simplified_features,features_before_after_histogram.pdf,8
dataset_20/uvl/model_20130916_1894002979.uvl,Features,After reduction,simplified_features,features_before_after_histogram.pdf,8
dataset_20/uvl/model_20130916_1980915056.uvl,Features,After reduction,simplified_features,features_before_after_histogram.pdf,7
dataset_20/uvl/model_20130916_1983257725.uvl,Features,After reduction,simplified_features,features_before_after_histogram.pdf,8
dataset_20/uvl/model_20130916_2072761889.uvl,Features,After reduction,simplified_features,features_before_after_histogram.pdf,7
dataset_20/uvl/model_20130916_302923469.uvl,Features,After reduction,simplified_features,features_before_after_histogram.pdf,7
dataset_20/uvl/model_20130916_330769314.uvl,Features,After reduction,simplified_features,features_before_after_histogram.pdf,6
dataset_20/uvl/model_20130916_552778902.uvl,Features,After reduction,simplified_features,features_before_after_histogram.pdf,5
dataset_20/uvl/model_20130916_667715515.uvl,Features,After reduction,simplified_features,features_before_after_histogram.pdf,8
dataset_20/uvl/model_20130916_882364260.uvl,Features,After reduction,simplified_features,features_before_after_histogram.pdf,7
dataset_20/uvl/model_20130916_894347834.uvl,Features,After reduction,simplified_features,features_before_after_histogram.pdf,7
dataset_20/uvl/model_20130917_1805517149.uvl,Features,After reduction,simplified_features,features_before_after_histogram.pdf,9
dataset_20/uvl/model_20130917_737900063.uvl,Features,After reduction,simplified_features,features_before_after_histogram.pdf,7
dataset_20/uvl/model_20131016_1224723724.uvl,Features,After reduction,simplified_features,features_before_after_histogram.pdf,8
dataset_20/uvl/model_20131028_1719041666.uvl,Features,After reduction,simplified_features,features_before_after_histogram.pdf,4
dataset_20/uvl/model_20131109_2060894287.uvl,Features,After reduction,simplified_features,features_before_after_histogram.pdf,10
dataset_20/uvl/model_20131111_1434736548.uvl,Features,After reduction,simplified_features,features_before_after_histogram.pdf,20
dataset_20/uvl/model_20131111_1486670620.uvl,Features,After reduction,simplified_features,features_before_after_histogram.pdf,18
dataset_20/uvl/model_20131112_1165253679.uvl,Features,After reduction,simplified_features,features_before_after_histogram.pdf,22
dataset_20/uvl/model_20131112_1191150070.uvl,Features,After reduction,simplified_features,features_before_after_histogram.pdf,25
dataset_20/uvl/model_20131112_1315617761.uvl,Features,After reduction,simplified_features,features_before_after_histogram.pdf,47
dataset_20/uvl/model_20131112_1353790761.uvl,Features,After reduction,simplified_features,features_before_after_histogram.pdf,16
dataset_20/uvl/model_20131112_1399418967.uvl,Features,After reduction,simplified_features,features_before_after_histogram.pdf,30
dataset_20/uvl/model_20131112_1591180910.uvl,Features,After reduction,simplified_features,features_before_after_histogram.pdf,23
dataset_20/uvl/model_20131112_1592384504.uvl,Features,After reduction,simplified_features,features_before_after_histogram.pdf,25
dataset_20/uvl/model_20131112_1617262618.uvl,Features,After reduction,simplified_features,features_before_after_histogram.pdf,17
dataset_20/uvl/model_20131112_1630582425.uvl,Features,After reduction,simplified_features,features_before_after_histogram.pdf,21
dataset_20/uvl/model_20131112_1825068383.uvl,Features,After reduction,simplified_features,features_before_after_histogram.pdf,22
dataset_20/uvl/model_20131112_1840652917.uvl,Features,After reduction,simplified_features,features_before_after_histogram.pdf,11
dataset_20/uvl/model_20131112_1855381012.uvl,Features,After reduction,simplified_features,features_before_after_histogram.pdf,25
dataset_20/uvl/model_20131112_2028027455.uvl,Features,After reduction,simplified_features,features_before_after_histogram.pdf,8
dataset_20/uvl/model_20131112_330151541.uvl,Features,After reduction,simplified_features,features_before_after_histogram.pdf,17
dataset_20/uvl/model_20131112_356575914.uvl,Features,After reduction,simplified_features,features_before_after_histogram.pdf,16
dataset_20/uvl/model_20131112_605989901.uvl,Features,After reduction,simplified_features,features_before_after_histogram.pdf,21
dataset_20/uvl/model_20131112_64627122.uvl,Features,After reduction,simplified_features,features_before_after_histogram.pdf,9
dataset_20/uvl/model_20131112_817529963.uvl,Features,After reduction,simplified_features,features_before_after_histogram.pdf,13
dataset_20/uvl/model_20131112_832913408.uvl,Features,After reduction,simplified_features,features_before_after_histogram.pdf,6
dataset_20/uvl/model_20131112_990013628.uvl,Features,After reduction,simplified_features,features_before_after_histogram.pdf,7
dataset_20/uvl/model_20131113_2067550021.uvl,Features,After reduction,simplified_features,features_before_after_histogram.pdf,18
dataset_20/uvl/model_20131114_87095598.uvl,Features,After reduction,simplified_features,features_before_after_histogram.pdf,28
dataset_20/uvl/model_20131121_194495737.uvl,Features,After reduction,simplified_features,features_before_after_histogram.pdf,9
dataset_20/uvl/model_20131122_1083650489.uvl,Features,After reduction,simplified_features,features_before_after_histogram.pdf,4
dataset_20/uvl/model_20131122_1241273029.uvl,Features,After reduction,simplified_features,features_before_after_histogram.pdf,5
dataset_20/uvl/model_20131122_1558809462.uvl,Features,After reduction,simplified_features,features_before_after_histogram.pdf,10
dataset_20/uvl/model_20131122_1573422851.uvl,Features,After reduction,simplified_features,features_before_after_histogram.pdf,11
dataset_20/uvl/model_20131122_1877947099.uvl,Features,After reduction,simplified_features,features_before_after_histogram.pdf,11
dataset_20/uvl/model_20131122_224574976.uvl,Features,After reduction,simplified_features,features_before_after_histogram.pdf,2
dataset_20/uvl/model_20131122_23346211.uvl,Features,After reduction,simplified_features,features_before_after_histogram.pdf,10
dataset_20/uvl/model_20131122_641443746.uvl,Features,After reduction,simplified_features,features_before_after_histogram.pdf,3
dataset_20/uvl/model_20131122_913576973.uvl,Features,After reduction,simplified_features,features_before_after_histogram.pdf,8
dataset_20/uvl/model_20131124_646639708.uvl,Features,After reduction,simplified_features,features_before_after_histogram.pdf,7
dataset_20/uvl/model_20131125_731391866.uvl,Features,After reduction,simplified_features,features_before_after_histogram.pdf,9
dataset_20/uvl/model_20131128_2046989275.uvl,Features,After reduction,simplified_features,features_before_after_histogram.pdf,9
dataset_20/uvl/model_20131129_1765219729.uvl,Features,After reduction,simplified_features,features_before_after_histogram.pdf,11
dataset_20/uvl/model_20131129_1795005487.uvl,Features,After reduction,simplified_features,features_before_after_histogram.pdf,8
dataset_20/uvl/model_20131129_2135897376.uvl,Features,After reduction,simplified_features,features_before_after_histogram.pdf,8
dataset_20/uvl/model_20131201_820966647.uvl,Features,After reduction,simplified_features,features_before_after_histogram.pdf,9
dataset_20/uvl/model_20131202_1494824194.uvl,Features,After reduction,simplified_features,features_before_after_histogram.pdf,13
dataset_20/uvl/model_20131202_1575628003.uvl,Features,After reduction,simplified_features,features_before_after_histogram.pdf,10
dataset_20/uvl/model_20131202_1775789712.uvl,Features,After reduction,simplified_features,features_before_after_histogram.pdf,25
dataset_20/uvl/model_20131202_533920013.uvl,Features,After reduction,simplified_features,features_before_after_histogram.pdf,10
dataset_20/uvl/model_20131202_715513367.uvl,Features,After reduction,simplified_features,features_before_after_histogram.pdf,12
dataset_20/uvl/model_20131203_151571988.uvl,Features,After reduction,simplified_features,features_before_after_histogram.pdf,18
dataset_20/uvl/model_20131206_656913635.uvl,Features,After reduction,simplified_features,features_before_after_histogram.pdf,10
dataset_20/uvl/model_20131206_684654596.uvl,Features,After reduction,simplified_features,features_before_after_histogram.pdf,9
dataset_20/uvl/model_20131210_413521746.uvl,Features,After reduction,simplified_features,features_before_after_histogram.pdf,9
dataset_20/uvl/model_20131217_806985744.uvl,Features,After reduction,simplified_features,features_before_after_histogram.pdf,9
dataset_20/uvl/model_20140101_941325443.uvl,Features,After reduction,simplified_features,features_before_after_histogram.pdf,5
dataset_20/uvl/model_20140109_637429284.uvl,Features,After reduction,simplified_features,features_before_after_histogram.pdf,5
dataset_20/uvl/model_20140130_912999540.uvl,Features,After reduction,simplified_features,features_before_after_histogram.pdf,11
dataset_20/uvl/model_20140205_954857783.uvl,Features,After reduction,simplified_features,features_before_after_histogram.pdf,10
dataset_20/uvl/model_20140207_1303140975.uvl,Features,After reduction,simplified_features,features_before_after_histogram.pdf,1
dataset_20/uvl/model_20140209_1382642350.uvl,Features,After reduction,simplified_features,features_before_after_histogram.pdf,30
dataset_20/uvl/model_20140209_1802656178.uvl,Features,After reduction,simplified_features,features_before_after_histogram.pdf,13
dataset_20/uvl/model_20140209_34267674.uvl,Features,After reduction,simplified_features,features_before_after_histogram.pdf,29
dataset_20/uvl/model_20140209_576830157.uvl,Features,After reduction,simplified_features,features_before_after_histogram.pdf,15
dataset_20/uvl/model_20140209_738203734.uvl,Features,After reduction,simplified_features,features_before_after_histogram.pdf,26
dataset_20/uvl/model_20140223_789634838.uvl,Features,After reduction,simplified_features,features_before_after_histogram.pdf,19
dataset_20/uvl/model_20140225_1829795152.uvl,Features,After reduction,simplified_features,features_before_after_histogram.pdf,11
dataset_20/uvl/model_20140227_386614568.uvl,Features,After reduction,simplified_features,features_before_after_histogram.pdf,42
dataset_20/uvl/model_20140227_661956564.uvl,Features,After reduction,simplified_features,features_before_after_histogram.pdf,39
dataset_20/uvl/model_20140301_728202228.uvl,Features,After reduction,simplified_features,features_before_after_histogram.pdf,41
dataset_20/uvl/model_20140303_1487935744.uvl,Features,After reduction,simplified_features,features_before_after_histogram.pdf,21
dataset_20/uvl/model_20140305_1485634182.uvl,Features,After reduction,simplified_features,features_before_after_histogram.pdf,26
dataset_20/uvl/model_20140305_1745306436.uvl,Features,After reduction,simplified_features,features_before_after_histogram.pdf,13
dataset_20/uvl/model_20140305_850513381.uvl,Features,After reduction,simplified_features,features_before_after_histogram.pdf,40
dataset_20/uvl/model_20140306_1313194877.uvl,Features,After reduction,simplified_features,features_before_after_histogram.pdf,22
dataset_20/uvl/model_20140306_1607259562.uvl,Features,After reduction,simplified_features,features_before_after_histogram.pdf,35
dataset_20/uvl/model_20140306_1994550432.uvl,Features,After reduction,simplified_features,features_before_after_histogram.pdf,10
dataset_20/uvl/model_20140310_1022041880.uvl,Features,After reduction,simplified_features,features_before_after_histogram.pdf,71
dataset_20/uvl/model_20140310_1916029542.uvl,Features,After reduction,simplified_features,features_before_after_histogram.pdf,137
dataset_20/uvl/model_20140319_1506613330.uvl,Features,After reduction,simplified_features,features_before_after_histogram.pdf,9
dataset_20/uvl/model_20140320_391816142.uvl,Features,After reduction,simplified_features,features_before_after_histogram.pdf,4
dataset_20/uvl/model_20140321_1655023261.uvl,Features,After reduction,simplified_features,features_before_after_histogram.pdf,1
dataset_20/uvl/model_20140322_1340045027.uvl,Features,After reduction,simplified_features,features_before_after_histogram.pdf,6
dataset_20/uvl/model_20140324_1142291623.uvl,Features,After reduction,simplified_features,features_before_after_histogram.pdf,7
dataset_20/uvl/model_20140326_1693773444.uvl,Features,After reduction,simplified_features,features_before_after_histogram.pdf,9
dataset_20/uvl/model_20140326_183546394.uvl,Features,After reduction,simplified_features,features_before_after_histogram.pdf,5
dataset_20/uvl/model_20140326_801743865.uvl,Features,After reduction,simplified_features,features_before_after_histogram.pdf,8
dataset_20/uvl/model_20140328_1965511118.uvl,Features,After reduction,simplified_features,features_before_after_histogram.pdf,2
dataset_20/uvl/model_20140401_1527258088.uvl,Features,After reduction,simplified_features,features_before_after_histogram.pdf,9
dataset_20/uvl/model_20140402_1108338221.uvl,Features,After reduction,simplified_features,features_before_after_histogram.pdf,8
dataset_20/uvl/model_20140403_1254324003.uvl,Features,After reduction,simplified_features,features_before_after_histogram.pdf,10
dataset_20/uvl/model_20140403_1425048263.uvl,Features,After reduction,simplified_features,features_before_after_histogram.pdf,7
dataset_20/uvl/model_20140403_1688136935.uvl,Features,After reduction,simplified_features,features_before_after_histogram.pdf,45
dataset_20/uvl/model_20140408_1553357169.uvl,Features,After reduction,simplified_features,features_before_after_histogram.pdf,11
dataset_20/uvl/model_20140409_1370428339.uvl,Features,After reduction,simplified_features,features_before_after_histogram.pdf,17
dataset_20/uvl/model_20140410_1285833987.uvl,Features,After reduction,simplified_features,features_before_after_histogram.pdf,11
dataset_20/uvl/model_20140410_1905141388.uvl,Features,After reduction,simplified_features,features_before_after_histogram.pdf,7
dataset_20/uvl/model_20140410_454790336.uvl,Features,After reduction,simplified_features,features_before_after_histogram.pdf,6
dataset_20/uvl/model_20140411_114609198.uvl,Features,After reduction,simplified_features,features_before_after_histogram.pdf,9
dataset_20/uvl/model_20140411_1148485857.uvl,Features,After reduction,simplified_features,features_before_after_histogram.pdf,9
dataset_20/uvl/model_20140411_1742095150.uvl,Features,After reduction,simplified_features,features_before_after_histogram.pdf,9
dataset_20/uvl/model_20140411_279155356.uvl,Features,After reduction,simplified_features,features_before_after_histogram.pdf,8
dataset_20/uvl/model_20140420_1899694432.uvl,Features,After reduction,simplified_features,features_before_after_histogram.pdf,52
dataset_20/uvl/model_20140421_782765396.uvl,Features,After reduction,simplified_features,features_before_after_histogram.pdf,13
dataset_20/uvl/model_20140422_1825362104.uvl,Features,After reduction,simplified_features,features_before_after_histogram.pdf,11
dataset_20/uvl/model_20140422_2137156564.uvl,Features,After reduction,simplified_features,features_before_after_histogram.pdf,23
dataset_20/uvl/model_20140423_1716161596.uvl,Features,After reduction,simplified_features,features_before_after_histogram.pdf,31
dataset_20/uvl/model_20140423_1890396897.uvl,Features,After reduction,simplified_features,features_before_after_histogram.pdf,24
dataset_20/uvl/model_20140423_277886534.uvl,Features,After reduction,simplified_features,features_before_after_histogram.pdf,11
dataset_20/uvl/model_20140423_813378270.uvl,Features,After reduction,simplified_features,features_before_after_histogram.pdf,33
dataset_20/uvl/model_20140423_969548559.uvl,Features,After reduction,simplified_features,features_before_after_histogram.pdf,32
dataset_20/uvl/model_20140424_1672030888.uvl,Features,After reduction,simplified_features,features_before_after_histogram.pdf,60
dataset_20/uvl/model_20140425_366530615.uvl,Features,After reduction,simplified_features,features_before_after_histogram.pdf,7
dataset_20/uvl/model_20140427_1594857347.uvl,Features,After reduction,simplified_features,features_before_after_histogram.pdf,10
dataset_20/uvl/model_20140428_1043688075.uvl,Features,After reduction,simplified_features,features_before_after_histogram.pdf,38
dataset_20/uvl/model_20140428_1127346099.uvl,Features,After reduction,simplified_features,features_before_after_histogram.pdf,52
dataset_20/uvl/model_20140428_1301432646.uvl,Features,After reduction,simplified_features,features_before_after_histogram.pdf,52
dataset_20/uvl/model_20140428_1917957920.uvl,Features,After reduction,simplified_features,features_before_after_histogram.pdf,44
dataset_20/uvl/model_20140430_1345238885.uvl,Features,After reduction,simplified_features,features_before_after_histogram.pdf,10
dataset_20/uvl/model_20140430_1532303117.uvl,Features,After reduction,simplified_features,features_before_after_histogram.pdf,22
dataset_20/uvl/model_20140503_110898123.uvl,Features,After reduction,simplified_features,features_before_after_histogram.pdf,13
dataset_20/uvl/model_20140503_2024413965.uvl,Features,After reduction,simplified_features,features_before_after_histogram.pdf,15
dataset_20/uvl/model_20140508_530056624.uvl,Features,After reduction,simplified_features,features_before_after_histogram.pdf,12
dataset_20/uvl/model_20140508_536536644.uvl,Features,After reduction,simplified_features,features_before_after_histogram.pdf,21
dataset_20/uvl/model_20140509_978687642.uvl,Features,After reduction,simplified_features,features_before_after_histogram.pdf,2
dataset_20/uvl/model_20140511_603377022.uvl,Features,After reduction,simplified_features,features_before_after_histogram.pdf,6
dataset_20/uvl/model_20140514_1151327844.uvl,Features,After reduction,simplified_features,features_before_after_histogram.pdf,30
dataset_20/uvl/model_20140524_520707568.uvl,Features,After reduction,simplified_features,features_before_after_histogram.pdf,6
dataset_20/uvl/model_20140530_1262796172.uvl,Features,After reduction,simplified_features,features_before_after_histogram.pdf,6
dataset_20/uvl/model_20140604_731553244.uvl,Features,After reduction,simplified_features,features_before_after_histogram.pdf,10
dataset_20/uvl/model_20140605_572628146.uvl,Features,After reduction,simplified_features,features_before_after_histogram.pdf,7
dataset_20/uvl/model_20140613_1129301242.uvl,Features,After reduction,simplified_features,features_before_after_histogram.pdf,6
dataset_20/uvl/model_20140613_2054294739.uvl,Features,After reduction,simplified_features,features_before_after_histogram.pdf,6
dataset_20/uvl/model_20140614_1407759983.uvl,Features,After reduction,simplified_features,features_before_after_histogram.pdf,19
dataset_20/uvl/model_20140614_1599125118.uvl,Features,After reduction,simplified_features,features_before_after_histogram.pdf,9
dataset_20/uvl/model_20140614_1989695192.uvl,Features,After reduction,simplified_features,features_before_after_histogram.pdf,24
dataset_20/uvl/model_20140614_2029282468.uvl,Features,After reduction,simplified_features,features_before_after_histogram.pdf,35
dataset_20/uvl/model_20140614_436006902.uvl,Features,After reduction,simplified_features,features_before_after_histogram.pdf,17
dataset_20/uvl/model_20140614_81946339.uvl,Features,After reduction,simplified_features,features_before_after_histogram.pdf,18
dataset_20/uvl/model_20140615_1417385367.uvl,Features,After reduction,simplified_features,features_before_after_histogram.pdf,19
dataset_20/uvl/model_20140615_1477062295.uvl,Features,After reduction,simplified_features,features_before_after_histogram.pdf,22
dataset_20/uvl/model_20140615_1755551630.uvl,Features,After reduction,simplified_features,features_before_after_histogram.pdf,11
dataset_20/uvl/model_20140628_1177734570.uvl,Features,After reduction,simplified_features,features_before_after_histogram.pdf,13
dataset_20/uvl/model_20140629_1128400878.uvl,Features,After reduction,simplified_features,features_before_after_histogram.pdf,24
dataset_20/uvl/model_20140630_1564361664.uvl,Features,After reduction,simplified_features,features_before_after_histogram.pdf,8
dataset_20/uvl/model_20140710_2059561340.uvl,Features,After reduction,simplified_features,features_before_after_histogram.pdf,22
dataset_20/uvl/model_20140728_1532422166.uvl,Features,After reduction,simplified_features,features_before_after_histogram.pdf,15
dataset_20/uvl/model_20140801_240918546.uvl,Features,After reduction,simplified_features,features_before_after_histogram.pdf,15
dataset_20/uvl/model_20140819_1020837515.uvl,Features,After reduction,simplified_features,features_before_after_histogram.pdf,27
dataset_20/uvl/model_20140819_1738890661.uvl,Features,After reduction,simplified_features,features_before_after_histogram.pdf,3
dataset_20/uvl/model_20140819_2062208658.uvl,Features,After reduction,simplified_features,features_before_after_histogram.pdf,8
dataset_20/uvl/model_20140819_424669215.uvl,Features,After reduction,simplified_features,features_before_after_histogram.pdf,9
dataset_20/uvl/model_20140819_535519547.uvl,Features,After reduction,simplified_features,features_before_after_histogram.pdf,3
dataset_20/uvl/model_20140819_709073537.uvl,Features,After reduction,simplified_features,features_before_after_histogram.pdf,14
dataset_20/uvl/model_20140819_914542251.uvl,Features,After reduction,simplified_features,features_before_after_histogram.pdf,19
dataset_20/uvl/model_20140819_940483638.uvl,Features,After reduction,simplified_features,features_before_after_histogram.pdf,6
dataset_20/uvl/model_20140820_1349433690.uvl,Features,After reduction,simplified_features,features_before_after_histogram.pdf,8
dataset_20/uvl/model_20140823_1972464026.uvl,Features,After reduction,simplified_features,features_before_after_histogram.pdf,14
dataset_20/uvl/model_20140824_1421620261.uvl,Features,After reduction,simplified_features,features_before_after_histogram.pdf,19
dataset_20/uvl/model_20140824_1698583194.uvl,Features,After reduction,simplified_features,features_before_after_histogram.pdf,27
dataset_20/uvl/model_20140824_2115796112.uvl,Features,After reduction,simplified_features,features_before_after_histogram.pdf,15
dataset_20/uvl/model_20140824_525404983.uvl,Features,After reduction,simplified_features,features_before_after_histogram.pdf,16
dataset_20/uvl/model_20140825_2017008690.uvl,Features,After reduction,simplified_features,features_before_after_histogram.pdf,22
dataset_20/uvl/model_20140826_2051139991.uvl,Features,After reduction,simplified_features,features_before_after_histogram.pdf,12
dataset_20/uvl/model_20140902_941000321.uvl,Features,After reduction,simplified_features,features_before_after_histogram.pdf,5
dataset_20/uvl/model_20140905_2124104947.uvl,Features,After reduction,simplified_features,features_before_after_histogram.pdf,7
dataset_20/uvl/model_20140905_372428255.uvl,Features,After reduction,simplified_features,features_before_after_histogram.pdf,10
dataset_20/uvl/model_20140914_1816201365.uvl,Features,After reduction,simplified_features,features_before_after_histogram.pdf,14
dataset_20/uvl/model_20140914_775838300.uvl,Features,After reduction,simplified_features,features_before_after_histogram.pdf,6
dataset_20/uvl/model_20140917_195564800.uvl,Features,After reduction,simplified_features,features_before_after_histogram.pdf,2
dataset_20/uvl/model_20140925_285704903.uvl,Features,After reduction,simplified_features,features_before_after_histogram.pdf,6
dataset_20/uvl/model_20141006_1946000492.uvl,Features,After reduction,simplified_features,features_before_after_histogram.pdf,9
dataset_20/uvl/model_20141017_1234330746.uvl,Features,After reduction,simplified_features,features_before_after_histogram.pdf,24
dataset_20/uvl/model_20141018_2078980023.uvl,Features,After reduction,simplified_features,features_before_after_histogram.pdf,80
dataset_20/uvl/model_20141018_811394530.uvl,Features,After reduction,simplified_features,features_before_after_histogram.pdf,13
dataset_20/uvl/model_20141021_386995832.uvl,Features,After reduction,simplified_features,features_before_after_histogram.pdf,18
dataset_20/uvl/model_20141023_1082000051.uvl,Features,After reduction,simplified_features,features_before_after_histogram.pdf,22
dataset_20/uvl/model_20141023_1600573567.uvl,Features,After reduction,simplified_features,features_before_after_histogram.pdf,14
dataset_20/uvl/model_20141023_437365215.uvl,Features,After reduction,simplified_features,features_before_after_histogram.pdf,20
dataset_20/uvl/model_20141029_1107505375.uvl,Features,After reduction,simplified_features,features_before_after_histogram.pdf,3
dataset_20/uvl/model_20141029_1924517902.uvl,Features,After reduction,simplified_features,features_before_after_histogram.pdf,6
dataset_20/uvl/model_20141030_1194865372.uvl,Features,After reduction,simplified_features,features_before_after_histogram.pdf,38
dataset_20/uvl/model_20141030_1477913256.uvl,Features,After reduction,simplified_features,features_before_after_histogram.pdf,4
dataset_20/uvl/model_20141102_1778359466.uvl,Features,After reduction,simplified_features,features_before_after_histogram.pdf,13
dataset_20/uvl/model_20141103_285596543.uvl,Features,After reduction,simplified_features,features_before_after_histogram.pdf,16
dataset_20/uvl/model_20141103_771283347.uvl,Features,After reduction,simplified_features,features_before_after_histogram.pdf,8
dataset_20/uvl/model_20141104_1527188029.uvl,Features,After reduction,simplified_features,features_before_after_histogram.pdf,104
dataset_20/uvl/model_20141106_1014782772.uvl,Features,After reduction,simplified_features,features_before_after_histogram.pdf,14
dataset_20/uvl/model_20141106_309720283.uvl,Features,After reduction,simplified_features,features_before_after_histogram.pdf,48
dataset_20/uvl/model_20141106_687094706.uvl,Features,After reduction,simplified_features,features_before_after_histogram.pdf,56
dataset_20/uvl/model_20141107_377655341.uvl,Features,After reduction,simplified_features,features_before_after_histogram.pdf,18
dataset_20/uvl/model_20141107_655975442.uvl,Features,After reduction,simplified_features,features_before_after_histogram.pdf,8
dataset_20/uvl/model_20141108_202761108.uvl,Features,After reduction,simplified_features,features_before_after_histogram.pdf,7
dataset_20/uvl/model_20141108_701198022.uvl,Features,After reduction,simplified_features,features_before_after_histogram.pdf,7
dataset_20/uvl/model_20141109_1274255950.uvl,Features,After reduction,simplified_features,features_before_after_histogram.pdf,5
dataset_20/uvl/model_20141111_2120296387.uvl,Features,After reduction,simplified_features,features_before_after_histogram.pdf,41
dataset_20/uvl/model_20141113_1414990983.uvl,Features,After reduction,simplified_features,features_before_after_histogram.pdf,35
dataset_20/uvl/model_20141113_346832425.uvl,Features,After reduction,simplified_features,features_before_after_histogram.pdf,51
dataset_20/uvl/model_20141114_653359930.uvl,Features,After reduction,simplified_features,features_before_after_histogram.pdf,25
dataset_20/uvl/model_20141116_913921823.uvl,Features,After reduction,simplified_features,features_before_after_histogram.pdf,12
dataset_20/uvl/model_20141119_1459706454.uvl,Features,After reduction,simplified_features,features_before_after_histogram.pdf,9
dataset_20/uvl/model_20141119_1676144838.uvl,Features,After reduction,simplified_features,features_before_after_histogram.pdf,4
dataset_20/uvl/model_20141129_1031364.uvl,Features,After reduction,simplified_features,features_before_after_histogram.pdf,9
dataset_20/uvl/model_20141129_1141626102.uvl,Features,After reduction,simplified_features,features_before_after_histogram.pdf,9
dataset_20/uvl/model_20141129_1168519534.uvl,Features,After reduction,simplified_features,features_before_after_histogram.pdf,9
dataset_20/uvl/model_20141129_1642511009.uvl,Features,After reduction,simplified_features,features_before_after_histogram.pdf,28
dataset_20/uvl/model_20141129_2117240468.uvl,Features,After reduction,simplified_features,features_before_after_histogram.pdf,9
dataset_20/uvl/model_20141129_264528063.uvl,Features,After reduction,simplified_features,features_before_after_histogram.pdf,10
dataset_20/uvl/model_20141129_6569546.uvl,Features,After reduction,simplified_features,features_before_after_histogram.pdf,18
dataset_20/uvl/model_20141129_966803644.uvl,Features,After reduction,simplified_features,features_before_after_histogram.pdf,12
dataset_20/uvl/model_20141202_104116345.uvl,Features,After reduction,simplified_features,features_before_after_histogram.pdf,8
dataset_20/uvl/model_20141202_107430422.uvl,Features,After reduction,simplified_features,features_before_after_histogram.pdf,25
dataset_20/uvl/model_20141205_2005181775.uvl,Features,After reduction,simplified_features,features_before_after_histogram.pdf,29
dataset_20/uvl/model_20141212_523199394.uvl,Features,After reduction,simplified_features,features_before_after_histogram.pdf,11
dataset_20/uvl/model_20150105_1168070568.uvl,Features,After reduction,simplified_features,features_before_after_histogram.pdf,9
dataset_20/uvl/model_20150109_425963323.uvl,Features,After reduction,simplified_features,features_before_after_histogram.pdf,22
dataset_20/uvl/model_20150114_50814742.uvl,Features,After reduction,simplified_features,features_before_after_histogram.pdf,21
dataset_20/uvl/model_20150120_214372699.uvl,Features,After reduction,simplified_features,features_before_after_histogram.pdf,31
dataset_20/uvl/model_20150208_1225865238.uvl,Features,After reduction,simplified_features,features_before_after_histogram.pdf,28
dataset_20/uvl/model_20150208_2120373387.uvl,Features,After reduction,simplified_features,features_before_after_histogram.pdf,16
dataset_20/uvl/model_20150209_1183047948.uvl,Features,After reduction,simplified_features,features_before_after_histogram.pdf,22
dataset_20/uvl/model_20150212_1516383976.uvl,Features,After reduction,simplified_features,features_before_after_histogram.pdf,8
dataset_20/uvl/model_20150222_2069201003.uvl,Features,After reduction,simplified_features,features_before_after_histogram.pdf,6
dataset_20/uvl/model_20150222_409043024.uvl,Features,After reduction,simplified_features,features_before_after_histogram.pdf,31
dataset_20/uvl/model_20150223_339293957.uvl,Features,After reduction,simplified_features,features_before_after_histogram.pdf,11
dataset_20/uvl/model_20150223_771673981.uvl,Features,After reduction,simplified_features,features_before_after_histogram.pdf,14
dataset_20/uvl/model_20150226_64791123.uvl,Features,After reduction,simplified_features,features_before_after_histogram.pdf,13
dataset_20/uvl/model_20150228_222823272.uvl,Features,After reduction,simplified_features,features_before_after_histogram.pdf,20
dataset_20/uvl/model_20150228_41303449.uvl,Features,After reduction,simplified_features,features_before_after_histogram.pdf,22
dataset_20/uvl/model_20150301_1821356180.uvl,Features,After reduction,simplified_features,features_before_after_histogram.pdf,19
dataset_20/uvl/model_20150301_300492477.uvl,Features,After reduction,simplified_features,features_before_after_histogram.pdf,26
dataset_20/uvl/model_20150301_527193150.uvl,Features,After reduction,simplified_features,features_before_after_histogram.pdf,18
dataset_20/uvl/model_20150302_1660900120.uvl,Features,After reduction,simplified_features,features_before_after_histogram.pdf,21
dataset_20/uvl/model_20150304_173081072.uvl,Features,After reduction,simplified_features,features_before_after_histogram.pdf,19
dataset_20/uvl/model_20150304_617127008.uvl,Features,After reduction,simplified_features,features_before_after_histogram.pdf,42
dataset_20/uvl/model_20150305_15208156.uvl,Features,After reduction,simplified_features,features_before_after_histogram.pdf,20
dataset_20/uvl/model_20150305_837831991.uvl,Features,After reduction,simplified_features,features_before_after_histogram.pdf,20
dataset_20/uvl/model_20150305_94122420.uvl,Features,After reduction,simplified_features,features_before_after_histogram.pdf,15
dataset_20/uvl/model_20150306_503606823.uvl,Features,After reduction,simplified_features,features_before_after_histogram.pdf,17
dataset_20/uvl/model_20150307_1251635490.uvl,Features,After reduction,simplified_features,features_before_after_histogram.pdf,27
dataset_20/uvl/model_20150309_1129343473.uvl,Features,After reduction,simplified_features,features_before_after_histogram.pdf,24
dataset_20/uvl/model_20150309_1544990511.uvl,Features,After reduction,simplified_features,features_before_after_histogram.pdf,7
dataset_20/uvl/model_20150309_670536624.uvl,Features,After reduction,simplified_features,features_before_after_histogram.pdf,18
dataset_20/uvl/model_20150310_1159520762.uvl,Features,After reduction,simplified_features,features_before_after_histogram.pdf,24
dataset_20/uvl/model_20150310_1191030699.uvl,Features,After reduction,simplified_features,features_before_after_histogram.pdf,21
dataset_20/uvl/model_20150310_1642957582.uvl,Features,After reduction,simplified_features,features_before_after_histogram.pdf,24
dataset_20/uvl/model_20150310_563618715.uvl,Features,After reduction,simplified_features,features_before_after_histogram.pdf,23
dataset_20/uvl/model_20150320_593593000.uvl,Features,After reduction,simplified_features,features_before_after_histogram.pdf,11
dataset_20/uvl/model_20150330_63301402.uvl,Features,After reduction,simplified_features,features_before_after_histogram.pdf,8
dataset_20/uvl/model_20150411_1026005127.uvl,Features,After reduction,simplified_features,features_before_after_histogram.pdf,6
dataset_20/uvl/model_20150411_1055039600.uvl,Features,After reduction,simplified_features,features_before_after_histogram.pdf,7
dataset_20/uvl/model_20150411_1378086632.uvl,Features,After reduction,simplified_features,features_before_after_histogram.pdf,11
dataset_20/uvl/model_20150414_2125272166.uvl,Features,After reduction,simplified_features,features_before_after_histogram.pdf,18
dataset_20/uvl/model_20150416_264061404.uvl,Features,After reduction,simplified_features,features_before_after_histogram.pdf,36
dataset_20/uvl/model_20150419_1225785874.uvl,Features,After reduction,simplified_features,features_before_after_histogram.pdf,9
dataset_20/uvl/model_20150423_1415525319.uvl,Features,After reduction,simplified_features,features_before_after_histogram.pdf,10
dataset_20/uvl/model_20150423_1422172417.uvl,Features,After reduction,simplified_features,features_before_after_histogram.pdf,5
dataset_20/uvl/model_20150425_1862491910.uvl,Features,After reduction,simplified_features,features_before_after_histogram.pdf,59
dataset_20/uvl/model_20150427_2103265175.uvl,Features,After reduction,simplified_features,features_before_after_histogram.pdf,36
dataset_20/uvl/model_20150428_2048110240.uvl,Features,After reduction,simplified_features,features_before_after_histogram.pdf,7
dataset_20/uvl/model_20150429_343028682.uvl,Features,After reduction,simplified_features,features_before_after_histogram.pdf,21
dataset_20/uvl/model_20150505_1728564449.uvl,Features,After reduction,simplified_features,features_before_after_histogram.pdf,13
dataset_20/uvl/model_20150506_2068045691.uvl,Features,After reduction,simplified_features,features_before_after_histogram.pdf,6
dataset_20/uvl/model_20150506_306101537.uvl,Features,After reduction,simplified_features,features_before_after_histogram.pdf,18
dataset_20/uvl/model_20150507_1665248699.uvl,Features,After reduction,simplified_features,features_before_after_histogram.pdf,7
dataset_20/uvl/model_20150507_425070085.uvl,Features,After reduction,simplified_features,features_before_after_histogram.pdf,41
dataset_20/uvl/model_20150509_1341412445.uvl,Features,After reduction,simplified_features,features_before_after_histogram.pdf,9
dataset_20/uvl/model_20150512_534005467.uvl,Features,After reduction,simplified_features,features_before_after_histogram.pdf,14
dataset_20/uvl/model_20150515_2045521211.uvl,Features,After reduction,simplified_features,features_before_after_histogram.pdf,17
dataset_20/uvl/model_20150521_1423870525.uvl,Features,After reduction,simplified_features,features_before_after_histogram.pdf,9
dataset_20/uvl/model_20150521_1988107963.uvl,Features,After reduction,simplified_features,features_before_after_histogram.pdf,13
dataset_20/uvl/model_20150523_1701783178.uvl,Features,After reduction,simplified_features,features_before_after_histogram.pdf,18
dataset_20/uvl/model_20150523_372542452.uvl,Features,After reduction,simplified_features,features_before_after_histogram.pdf,33
dataset_20/uvl/model_20150527_1979644627.uvl,Features,After reduction,simplified_features,features_before_after_histogram.pdf,66
dataset_20/uvl/model_20150527_2051574410.uvl,Features,After reduction,simplified_features,features_before_after_histogram.pdf,27
dataset_20/uvl/model_20150527_830434674.uvl,Features,After reduction,simplified_features,features_before_after_histogram.pdf,34
dataset_20/uvl/model_20150529_550903687.uvl,Features,After reduction,simplified_features,features_before_after_histogram.pdf,15
dataset_20/uvl/model_20150610_685576256.uvl,Features,After reduction,simplified_features,features_before_after_histogram.pdf,6
dataset_20/uvl/model_20150611_1748318240.uvl,Features,After reduction,simplified_features,features_before_after_histogram.pdf,9
dataset_20/uvl/model_20150611_578706116.uvl,Features,After reduction,simplified_features,features_before_after_histogram.pdf,8
dataset_20/uvl/model_20150612_1719519345.uvl,Features,After reduction,simplified_features,features_before_after_histogram.pdf,13
dataset_20/uvl/model_20150614_1325491211.uvl,Features,After reduction,simplified_features,features_before_after_histogram.pdf,18
dataset_20/uvl/model_20150616_1287606127.uvl,Features,After reduction,simplified_features,features_before_after_histogram.pdf,13
dataset_20/uvl/model_20150616_314969910.uvl,Features,After reduction,simplified_features,features_before_after_histogram.pdf,17
dataset_20/uvl/model_20150616_74187279.uvl,Features,After reduction,simplified_features,features_before_after_histogram.pdf,8
dataset_20/uvl/model_20150620_2057636397.uvl,Features,After reduction,simplified_features,features_before_after_histogram.pdf,6
dataset_20/uvl/model_20150621_1174641946.uvl,Features,After reduction,simplified_features,features_before_after_histogram.pdf,11
dataset_20/uvl/model_20150621_2090653675.uvl,Features,After reduction,simplified_features,features_before_after_histogram.pdf,20
dataset_20/uvl/model_20150624_1191374126.uvl,Features,After reduction,simplified_features,features_before_after_histogram.pdf,12
dataset_20/uvl/model_20150625_1923523971.uvl,Features,After reduction,simplified_features,features_before_after_histogram.pdf,13
dataset_20/uvl/model_20150701_451946642.uvl,Features,After reduction,simplified_features,features_before_after_histogram.pdf,20
dataset_20/uvl/model_20150703_1928436983.uvl,Features,After reduction,simplified_features,features_before_after_histogram.pdf,2
dataset_20/uvl/model_20150713_1448325014.uvl,Features,After reduction,simplified_features,features_before_after_histogram.pdf,18
dataset_20/uvl/model_20150715_1425609053.uvl,Features,After reduction,simplified_features,features_before_after_histogram.pdf,10
dataset_20/uvl/model_20150715_75174593.uvl,Features,After reduction,simplified_features,features_before_after_histogram.pdf,12
dataset_20/uvl/model_20150720_1580995178.uvl,Features,After reduction,simplified_features,features_before_after_histogram.pdf,19
dataset_20/uvl/model_20151102_2085331426.uvl,Features,After reduction,simplified_features,features_before_after_histogram.pdf,32
dataset_20/uvl/model_20151103_1678219280.uvl,Features,After reduction,simplified_features,features_before_after_histogram.pdf,7
dataset_20/uvl/model_20151106_857588743.uvl,Features,After reduction,simplified_features,features_before_after_histogram.pdf,17
dataset_20/uvl/model_20151111_460133826.uvl,Features,After reduction,simplified_features,features_before_after_histogram.pdf,15
dataset_20/uvl/model_20151116_762410606.uvl,Features,After reduction,simplified_features,features_before_after_histogram.pdf,16
dataset_20/uvl/model_20151117_1411945431.uvl,Features,After reduction,simplified_features,features_before_after_histogram.pdf,2
dataset_20/uvl/model_20151119_424700280.uvl,Features,After reduction,simplified_features,features_before_after_histogram.pdf,5
dataset_20/uvl/model_20151119_825568988.uvl,Features,After reduction,simplified_features,features_before_after_histogram.pdf,12
dataset_20/uvl/model_20151122_103763227.uvl,Features,After reduction,simplified_features,features_before_after_histogram.pdf,35
dataset_20/uvl/model_20151124_1131991591.uvl,Features,After reduction,simplified_features,features_before_after_histogram.pdf,16
dataset_20/uvl/model_20151127_885194761.uvl,Features,After reduction,simplified_features,features_before_after_histogram.pdf,31
dataset_20/uvl/model_20151201_896154285.uvl,Features,After reduction,simplified_features,features_before_after_histogram.pdf,12
dataset_20/uvl/model_20151202_1529785580.uvl,Features,After reduction,simplified_features,features_before_after_histogram.pdf,25
dataset_20/uvl/model_20151216_1220822165.uvl,Features,After reduction,simplified_features,features_before_after_histogram.pdf,14
dataset_20/uvl/model_20160103_2012826523.uvl,Features,After reduction,simplified_features,features_before_after_histogram.pdf,80
dataset_20/uvl/model_20160106_443157632.uvl,Features,After reduction,simplified_features,features_before_after_histogram.pdf,3
dataset_20/uvl/model_20160111_1033692827.uvl,Features,After reduction,simplified_features,features_before_after_histogram.pdf,28
dataset_20/uvl/model_20160121_1141972007.uvl,Features,After reduction,simplified_features,features_before_after_histogram.pdf,9
dataset_20/uvl/model_20160122_407616496.uvl,Features,After reduction,simplified_features,features_before_after_histogram.pdf,20
dataset_20/uvl/model_20160123_368502373.uvl,Features,After reduction,simplified_features,features_before_after_histogram.pdf,6
dataset_20/uvl/model_20160125_1378351345.uvl,Features,After reduction,simplified_features,features_before_after_histogram.pdf,24
dataset_20/uvl/model_20160125_59009200.uvl,Features,After reduction,simplified_features,features_before_after_histogram.pdf,19
dataset_20/uvl/model_20160221_544170906.uvl,Features,After reduction,simplified_features,features_before_after_histogram.pdf,6
dataset_20/uvl/model_20160225_2040495200.uvl,Features,After reduction,simplified_features,features_before_after_histogram.pdf,39
dataset_20/uvl/model_20160225_419189676.uvl,Features,After reduction,simplified_features,features_before_after_histogram.pdf,38
dataset_20/uvl/model_20160227_1275602559.uvl,Features,After reduction,simplified_features,features_before_after_histogram.pdf,37
dataset_20/uvl/model_20160227_1389842098.uvl,Features,After reduction,simplified_features,features_before_after_histogram.pdf,39
dataset_20/uvl/model_20160229_1590940306.uvl,Features,After reduction,simplified_features,features_before_after_histogram.pdf,39
dataset_20/uvl/model_20160229_171128808.uvl,Features,After reduction,simplified_features,features_before_after_histogram.pdf,34
dataset_20/uvl/model_20160229_1734203468.uvl,Features,After reduction,simplified_features,features_before_after_histogram.pdf,38
dataset_20/uvl/model_20160229_490224198.uvl,Features,After reduction,simplified_features,features_before_after_histogram.pdf,36
dataset_20/uvl/model_20160229_707006027.uvl,Features,After reduction,simplified_features,features_before_after_histogram.pdf,2
dataset_20/uvl/model_20160301_1978418899.uvl,Features,After reduction,simplified_features,features_before_after_histogram.pdf,6
dataset_20/uvl/model_20160301_235863217.uvl,Features,After reduction,simplified_features,features_before_after_histogram.pdf,5
dataset_20/uvl/model_20160303_1635209528.uvl,Features,After reduction,simplified_features,features_before_after_histogram.pdf,8
dataset_20/uvl/model_20160303_1645051071.uvl,Features,After reduction,simplified_features,features_before_after_histogram.pdf,12
dataset_20/uvl/model_20160304_1567363129.uvl,Features,After reduction,simplified_features,features_before_after_histogram.pdf,13
dataset_20/uvl/model_20160304_165509543.uvl,Features,After reduction,simplified_features,features_before_after_histogram.pdf,26
dataset_20/uvl/model_20160304_168615633.uvl,Features,After reduction,simplified_features,features_before_after_histogram.pdf,24
dataset_20/uvl/model_20160307_1341241097.uvl,Features,After reduction,simplified_features,features_before_after_histogram.pdf,9
dataset_20/uvl/model_20160308_190029672.uvl,Features,After reduction,simplified_features,features_before_after_histogram.pdf,28
dataset_20/uvl/model_20160308_79396455.uvl,Features,After reduction,simplified_features,features_before_after_histogram.pdf,34
dataset_20/uvl/model_20160308_993894457.uvl,Features,After reduction,simplified_features,features_before_after_histogram.pdf,6
dataset_20/uvl/model_20160309_1721210506.uvl,Features,After reduction,simplified_features,features_before_after_histogram.pdf,9
dataset_20/uvl/model_20160309_77134368.uvl,Features,After reduction,simplified_features,features_before_after_histogram.pdf,13
dataset_20/uvl/model_20160311_1359424486.uvl,Features,After reduction,simplified_features,features_before_after_histogram.pdf,26
dataset_20/uvl/model_20160311_358715911.uvl,Features,After reduction,simplified_features,features_before_after_histogram.pdf,9
dataset_20/uvl/model_20160315_505457800.uvl,Features,After reduction,simplified_features,features_before_after_histogram.pdf,10
dataset_20/uvl/model_20160315_697003579.uvl,Features,After reduction,simplified_features,features_before_after_histogram.pdf,17
dataset_20/uvl/model_20160317_1483846003.uvl,Features,After reduction,simplified_features,features_before_after_histogram.pdf,26
dataset_20/uvl/model_20160322_2014722365.uvl,Features,After reduction,simplified_features,features_before_after_histogram.pdf,46
dataset_20/uvl/model_20160329_1092215724.uvl,Features,After reduction,simplified_features,features_before_after_histogram.pdf,9
dataset_20/uvl/model_20160329_1144142418.uvl,Features,After reduction,simplified_features,features_before_after_histogram.pdf,31
dataset_20/uvl/model_20160329_1152124785.uvl,Features,After reduction,simplified_features,features_before_after_histogram.pdf,5
dataset_20/uvl/model_20160329_1368375444.uvl,Features,After reduction,simplified_features,features_before_after_histogram.pdf,14
dataset_20/uvl/model_20160329_1491802197.uvl,Features,After reduction,simplified_features,features_before_after_histogram.pdf,5
dataset_20/uvl/model_20160329_160417479.uvl,Features,After reduction,simplified_features,features_before_after_histogram.pdf,5
dataset_20/uvl/model_20160329_1691896941.uvl,Features,After reduction,simplified_features,features_before_after_histogram.pdf,6
dataset_20/uvl/model_20160329_174305764.uvl,Features,After reduction,simplified_features,features_before_after_histogram.pdf,17
dataset_20/uvl/model_20160329_1999221629.uvl,Features,After reduction,simplified_features,features_before_after_histogram.pdf,10
dataset_20/uvl/model_20160329_2023954051.uvl,Features,After reduction,simplified_features,features_before_after_histogram.pdf,10
dataset_20/uvl/model_20160329_268958808.uvl,Features,After reduction,simplified_features,features_before_after_histogram.pdf,15
dataset_20/uvl/model_20160329_304357596.uvl,Features,After reduction,simplified_features,features_before_after_histogram.pdf,13
dataset_20/uvl/model_20160329_578011837.uvl,Features,After reduction,simplified_features,features_before_after_histogram.pdf,8
dataset_20/uvl/model_20160329_736279509.uvl,Features,After reduction,simplified_features,features_before_after_histogram.pdf,6
dataset_20/uvl/model_20160329_864839294.uvl,Features,After reduction,simplified_features,features_before_after_histogram.pdf,17
dataset_20/uvl/model_20160329_925786350.uvl,Features,After reduction,simplified_features,features_before_after_histogram.pdf,11
dataset_20/uvl/model_20160329_926312476.uvl,Features,After reduction,simplified_features,features_before_after_histogram.pdf,12
dataset_20/uvl/model_20160330_1191432205.uvl,Features,After reduction,simplified_features,features_before_after_histogram.pdf,7
dataset_20/uvl/model_20160330_1233914245.uvl,Features,After reduction,simplified_features,features_before_after_histogram.pdf,11
dataset_20/uvl/model_20160330_1306243394.uvl,Features,After reduction,simplified_features,features_before_after_histogram.pdf,10
dataset_20/uvl/model_20160330_1356575467.uvl,Features,After reduction,simplified_features,features_before_after_histogram.pdf,4
dataset_20/uvl/model_20160330_149443721.uvl,Features,After reduction,simplified_features,features_before_after_histogram.pdf,9
dataset_20/uvl/model_20160330_1632759327.uvl,Features,After reduction,simplified_features,features_before_after_histogram.pdf,10
dataset_20/uvl/model_20160330_1784601624.uvl,Features,After reduction,simplified_features,features_before_after_histogram.pdf,14
dataset_20/uvl/model_20160330_1846251072.uvl,Features,After reduction,simplified_features,features_before_after_histogram.pdf,10
dataset_20/uvl/model_20160330_218438641.uvl,Features,After reduction,simplified_features,features_before_after_histogram.pdf,13
dataset_20/uvl/model_20160330_387052519.uvl,Features,After reduction,simplified_features,features_before_after_histogram.pdf,13
dataset_20/uvl/model_20160330_469153666.uvl,Features,After reduction,simplified_features,features_before_after_histogram.pdf,7
dataset_20/uvl/model_20160330_511669656.uvl,Features,After reduction,simplified_features,features_before_after_histogram.pdf,10
dataset_20/uvl/model_20160330_888130075.uvl,Features,After reduction,simplified_features,features_before_after_histogram.pdf,47
dataset_20/uvl/model_20160330_925748995.uvl,Features,After reduction,simplified_features,features_before_after_histogram.pdf,7
dataset_20/uvl/model_20160330_999254735.uvl,Features,After reduction,simplified_features,features_before_after_histogram.pdf,5
dataset_20/uvl/model_20160411_1158715394.uvl,Features,After reduction,simplified_features,features_before_after_histogram.pdf,9
dataset_20/uvl/model_20160420_1926809017.uvl,Features,After reduction,simplified_features,features_before_after_histogram.pdf,10
dataset_20/uvl/model_20160420_474055968.uvl,Features,After reduction,simplified_features,features_before_after_histogram.pdf,83
dataset_20/uvl/model_20160426_744600320.uvl,Features,After reduction,simplified_features,features_before_after_histogram.pdf,11
dataset_20/uvl/model_20160428_283258262.uvl,Features,After reduction,simplified_features,features_before_after_histogram.pdf,20
dataset_20/uvl/model_20160429_2024552354.uvl,Features,After reduction,simplified_features,features_before_after_histogram.pdf,12
dataset_20/uvl/model_20160502_1352812691.uvl,Features,After reduction,simplified_features,features_before_after_histogram.pdf,28
dataset_20/uvl/model_20160502_596671432.uvl,Features,After reduction,simplified_features,features_before_after_histogram.pdf,15
dataset_20/uvl/model_20160503_1174916821.uvl,Features,After reduction,simplified_features,features_before_after_histogram.pdf,16
dataset_20/uvl/model_20160504_1687809818.uvl,Features,After reduction,simplified_features,features_before_after_histogram.pdf,14
dataset_20/uvl/model_20160504_18344306.uvl,Features,After reduction,simplified_features,features_before_after_histogram.pdf,8
dataset_20/uvl/model_20160504_814917052.uvl,Features,After reduction,simplified_features,features_before_after_histogram.pdf,18
dataset_20/uvl/model_20160506_174377233.uvl,Features,After reduction,simplified_features,features_before_after_histogram.pdf,25
dataset_20/uvl/model_20160508_265400900.uvl,Features,After reduction,simplified_features,features_before_after_histogram.pdf,23
dataset_20/uvl/model_20160512_1688304541.uvl,Features,After reduction,simplified_features,features_before_after_histogram.pdf,13
dataset_20/uvl/model_20160519_1235536625.uvl,Features,After reduction,simplified_features,features_before_after_histogram.pdf,24
dataset_20/uvl/model_20160519_1444507509.uvl,Features,After reduction,simplified_features,features_before_after_histogram.pdf,28
dataset_20/uvl/model_20160520_681202886.uvl,Features,After reduction,simplified_features,features_before_after_histogram.pdf,7
dataset_20/uvl/model_20160524_3029237.uvl,Features,After reduction,simplified_features,features_before_after_histogram.pdf,12
dataset_20/uvl/model_20160527_1098137653.uvl,Features,After reduction,simplified_features,features_before_after_histogram.pdf,7
dataset_20/uvl/model_20160531_1105256806.uvl,Features,After reduction,simplified_features,features_before_after_histogram.pdf,13
dataset_20/uvl/model_20160531_486171149.uvl,Features,After reduction,simplified_features,features_before_after_histogram.pdf,22
dataset_20/uvl/model_20160531_990808801.uvl,Features,After reduction,simplified_features,features_before_after_histogram.pdf,6
dataset_20/uvl/model_20160603_398155586.uvl,Features,After reduction,simplified_features,features_before_after_histogram.pdf,9
dataset_20/uvl/model_20160606_235281629.uvl,Features,After reduction,simplified_features,features_before_after_histogram.pdf,2
dataset_20/uvl/model_20160606_412121552.uvl,Features,After reduction,simplified_features,features_before_after_histogram.pdf,5
dataset_20/uvl/model_20160608_755102753.uvl,Features,After reduction,simplified_features,features_before_after_histogram.pdf,3
dataset_20/uvl/model_20160620_457730604.uvl,Features,After reduction,simplified_features,features_before_after_histogram.pdf,13
dataset_20/uvl/model_20160621_993334585.uvl,Features,After reduction,simplified_features,features_before_after_histogram.pdf,10
dataset_20/uvl/model_20160623_1415871890.uvl,Features,After reduction,simplified_features,features_before_after_histogram.pdf,11
dataset_20/uvl/model_20160629_1032137585.uvl,Features,After reduction,simplified_features,features_before_after_histogram.pdf,13
dataset_20/uvl/model_20160712_1875218337.uvl,Features,After reduction,simplified_features,features_before_after_histogram.pdf,3
dataset_20/uvl/model_20160716_1943328700.uvl,Features,After reduction,simplified_features,features_before_after_histogram.pdf,13
dataset_20/uvl/model_20160721_1827988269.uvl,Features,After reduction,simplified_features,features_before_after_histogram.pdf,15
dataset_20/uvl/model_20160721_972954567.uvl,Features,After reduction,simplified_features,features_before_after_histogram.pdf,6
dataset_20/uvl/model_20160726_1855902901.uvl,Features,After reduction,simplified_features,features_before_after_histogram.pdf,1
dataset_20/uvl/model_20160812_1476754989.uvl,Features,After reduction,simplified_features,features_before_after_histogram.pdf,8
dataset_20/uvl/model_20160813_60083737.uvl,Features,After reduction,simplified_features,features_before_after_histogram.pdf,5
dataset_20/uvl/model_20160821_1946133193.uvl,Features,After reduction,simplified_features,features_before_after_histogram.pdf,6
dataset_20/uvl/model_20160822_713171625.uvl,Features,After reduction,simplified_features,features_before_after_histogram.pdf,22
dataset_20/uvl/model_20160824_2005849052.uvl,Features,After reduction,simplified_features,features_before_after_histogram.pdf,8
dataset_20/uvl/model_20160905_338518821.uvl,Features,After reduction,simplified_features,features_before_after_histogram.pdf,16
dataset_20/uvl/model_20160905_774306083.uvl,Features,After reduction,simplified_features,features_before_after_histogram.pdf,12
dataset_20/uvl/model_20160906_1914580505.uvl,Features,After reduction,simplified_features,features_before_after_histogram.pdf,21
dataset_20/uvl/model_20160906_802533043.uvl,Features,After reduction,simplified_features,features_before_after_histogram.pdf,15
dataset_20/uvl/model_20160906_881197553.uvl,Features,After reduction,simplified_features,features_before_after_histogram.pdf,14
dataset_20/uvl/model_20160907_1816738180.uvl,Features,After reduction,simplified_features,features_before_after_histogram.pdf,8
dataset_20/uvl/model_20160911_493856736.uvl,Features,After reduction,simplified_features,features_before_after_histogram.pdf,35
dataset_20/uvl/model_20160912_1428022317.uvl,Features,After reduction,simplified_features,features_before_after_histogram.pdf,44
dataset_20/uvl/model_20160912_772295854.uvl,Features,After reduction,simplified_features,features_before_after_histogram.pdf,18
dataset_20/uvl/model_20160913_2142740300.uvl,Features,After reduction,simplified_features,features_before_after_histogram.pdf,27
dataset_20/uvl/model_20160913_245590430.uvl,Features,After reduction,simplified_features,features_before_after_histogram.pdf,33
dataset_20/uvl/model_20160913_269001380.uvl,Features,After reduction,simplified_features,features_before_after_histogram.pdf,37
dataset_20/uvl/model_20160913_482611615.uvl,Features,After reduction,simplified_features,features_before_after_histogram.pdf,29
dataset_20/uvl/model_20160913_600398973.uvl,Features,After reduction,simplified_features,features_before_after_histogram.pdf,36
dataset_20/uvl/model_20160917_824197127.uvl,Features,After reduction,simplified_features,features_before_after_histogram.pdf,9
dataset_20/uvl/model_20160919_1142576711.uvl,Features,After reduction,simplified_features,features_before_after_histogram.pdf,9
dataset_20/uvl/model_20160919_422339066.uvl,Features,After reduction,simplified_features,features_before_after_histogram.pdf,31
dataset_20/uvl/model_20160919_825563014.uvl,Features,After reduction,simplified_features,features_before_after_histogram.pdf,6
dataset_20/uvl/model_20160921_24535453.uvl,Features,After reduction,simplified_features,features_before_after_histogram.pdf,17
dataset_20/uvl/model_20160925_2087627141.uvl,Features,After reduction,simplified_features,features_before_after_histogram.pdf,47
dataset_20/uvl/model_20160926_106687243.uvl,Features,After reduction,simplified_features,features_before_after_histogram.pdf,10
dataset_20/uvl/model_20160926_2009081259.uvl,Features,After reduction,simplified_features,features_before_after_histogram.pdf,8
dataset_20/uvl/model_20161003_680973994.uvl,Features,After reduction,simplified_features,features_before_after_histogram.pdf,37
dataset_20/uvl/model_20161012_1497804026.uvl,Features,After reduction,simplified_features,features_before_after_histogram.pdf,5
dataset_20/uvl/model_20161018_1395239714.uvl,Features,After reduction,simplified_features,features_before_after_histogram.pdf,1
dataset_20/uvl/model_20161025_210874268.uvl,Features,After reduction,simplified_features,features_before_after_histogram.pdf,10
dataset_20/uvl/model_20161101_1188178549.uvl,Features,After reduction,simplified_features,features_before_after_histogram.pdf,33
dataset_20/uvl/model_20161101_1287284082.uvl,Features,After reduction,simplified_features,features_before_after_histogram.pdf,49
dataset_20/uvl/model_20161107_2119549052.uvl,Features,After reduction,simplified_features,features_before_after_histogram.pdf,3
dataset_20/uvl/model_20161107_751073207.uvl,Features,After reduction,simplified_features,features_before_after_histogram.pdf,5
dataset_20/uvl/model_20161109_258969269.uvl,Features,After reduction,simplified_features,features_before_after_histogram.pdf,8
dataset_20/uvl/model_20161117_1407262512.uvl,Features,After reduction,simplified_features,features_before_after_histogram.pdf,15
dataset_20/uvl/model_20161118_1167269407.uvl,Features,After reduction,simplified_features,features_before_after_histogram.pdf,31
dataset_20/uvl/model_20161122_1255346120.uvl,Features,After reduction,simplified_features,features_before_after_histogram.pdf,11
dataset_20/uvl/model_20161123_1530983999.uvl,Features,After reduction,simplified_features,features_before_after_histogram.pdf,1
dataset_20/uvl/model_20161124_135805624.uvl,Features,After reduction,simplified_features,features_before_after_histogram.pdf,34
dataset_20/uvl/model_20161125_1777261352.uvl,Features,After reduction,simplified_features,features_before_after_histogram.pdf,20
dataset_20/uvl/model_20161127_1823059506.uvl,Features,After reduction,simplified_features,features_before_after_histogram.pdf,62
dataset_20/uvl/model_20161128_1478224089.uvl,Features,After reduction,simplified_features,features_before_after_histogram.pdf,73
dataset_20/uvl/model_20161128_2006303576.uvl,Features,After reduction,simplified_features,features_before_after_histogram.pdf,61
dataset_20/uvl/model_20161128_2133107865.uvl,Features,After reduction,simplified_features,features_before_after_histogram.pdf,66
dataset_20/uvl/model_20161128_844678202.uvl,Features,After reduction,simplified_features,features_before_after_histogram.pdf,38
dataset_20/uvl/model_20161207_285955518.uvl,Features,After reduction,simplified_features,features_before_after_histogram.pdf,51
dataset_20/uvl/model_20161209_758532997.uvl,Features,After reduction,simplified_features,features_before_after_histogram.pdf,10
dataset_20/uvl/model_20161212_1631452800.uvl,Features,After reduction,simplified_features,features_before_after_histogram.pdf,11
dataset_20/uvl/model_20161213_651973816.uvl,Features,After reduction,simplified_features,features_before_after_histogram.pdf,12
dataset_20/uvl/model_20170115_352040991.uvl,Features,After reduction,simplified_features,features_before_after_histogram.pdf,8
dataset_20/uvl/model_20170131_61369545.uvl,Features,After reduction,simplified_features,features_before_after_histogram.pdf,27
dataset_20/uvl/model_20170206_852070049.uvl,Features,After reduction,simplified_features,features_before_after_histogram.pdf,9
dataset_20/uvl/model_20170215_1278541927.uvl,Features,After reduction,simplified_features,features_before_after_histogram.pdf,20
dataset_20/uvl/model_20170215_1976164448.uvl,Features,After reduction,simplified_features,features_before_after_histogram.pdf,33
dataset_20/uvl/model_20170219_358603289.uvl,Features,After reduction,simplified_features,features_before_after_histogram.pdf,50
dataset_20/uvl/model_20170221_1848353506.uvl,Features,After reduction,simplified_features,features_before_after_histogram.pdf,140
dataset_20/uvl/model_20170228_1437582980.uvl,Features,After reduction,simplified_features,features_before_after_histogram.pdf,10
dataset_20/uvl/model_20170228_2078125436.uvl,Features,After reduction,simplified_features,features_before_after_histogram.pdf,28
dataset_20/uvl/model_20170301_235251685.uvl,Features,After reduction,simplified_features,features_before_after_histogram.pdf,11
dataset_20/uvl/model_20170308_1789444441.uvl,Features,After reduction,simplified_features,features_before_after_histogram.pdf,12
dataset_20/uvl/model_20170310_195700687.uvl,Features,After reduction,simplified_features,features_before_after_histogram.pdf,36
dataset_20/uvl/model_20170310_2069806245.uvl,Features,After reduction,simplified_features,features_before_after_histogram.pdf,38
dataset_20/uvl/model_20170310_906013336.uvl,Features,After reduction,simplified_features,features_before_after_histogram.pdf,35
dataset_20/uvl/model_20170311_1316290182.uvl,Features,After reduction,simplified_features,features_before_after_histogram.pdf,36
dataset_20/uvl/model_20170312_968402737.uvl,Features,After reduction,simplified_features,features_before_after_histogram.pdf,38
dataset_20/uvl/model_20170313_143405764.uvl,Features,After reduction,simplified_features,features_before_after_histogram.pdf,37
dataset_20/uvl/model_20170313_788976149.uvl,Features,After reduction,simplified_features,features_before_after_histogram.pdf,8
dataset_20/uvl/model_20170315_1174513943.uvl,Features,After reduction,simplified_features,features_before_after_histogram.pdf,17
dataset_20/uvl/model_20170315_692595151.uvl,Features,After reduction,simplified_features,features_before_after_histogram.pdf,17
dataset_20/uvl/model_20170316_1293936491.uvl,Features,After reduction,simplified_features,features_before_after_histogram.pdf,4
dataset_20/uvl/model_20170316_1430061931.uvl,Features,After reduction,simplified_features,features_before_after_histogram.pdf,60
dataset_20/uvl/model_20170316_174511349.uvl,Features,After reduction,simplified_features,features_before_after_histogram.pdf,13
dataset_20/uvl/model_20170317_1165725.uvl,Features,After reduction,simplified_features,features_before_after_histogram.pdf,4
dataset_20/uvl/model_20170320_149190356.uvl,Features,After reduction,simplified_features,features_before_after_histogram.pdf,4
dataset_20/uvl/model_20170320_1505333083.uvl,Features,After reduction,simplified_features,features_before_after_histogram.pdf,37
dataset_20/uvl/model_20170320_772300106.uvl,Features,After reduction,simplified_features,features_before_after_histogram.pdf,4
dataset_20/uvl/model_20170321_1279222212.uvl,Features,After reduction,simplified_features,features_before_after_histogram.pdf,3
dataset_20/uvl/model_20170321_1774846112.uvl,Features,After reduction,simplified_features,features_before_after_histogram.pdf,115
dataset_20/uvl/model_20170322_711096381.uvl,Features,After reduction,simplified_features,features_before_after_histogram.pdf,5
dataset_20/uvl/model_20170328_1485540940.uvl,Features,After reduction,simplified_features,features_before_after_histogram.pdf,358
dataset_20/uvl/model_20170328_418838667.uvl,Features,After reduction,simplified_features,features_before_after_histogram.pdf,153
dataset_20/uvl/model_20170402_1978825740.uvl,Features,After reduction,simplified_features,features_before_after_histogram.pdf,163
dataset_20/uvl/model_20170402_765751837.uvl,Features,After reduction,simplified_features,features_before_after_histogram.pdf,248
dataset_20/uvl/model_20170404_1821671055.uvl,Features,After reduction,simplified_features,features_before_after_histogram.pdf,9
dataset_20/uvl/model_20170405_957299568.uvl,Features,After reduction,simplified_features,features_before_after_histogram.pdf,127
dataset_20/uvl/model_20170410_971411480.uvl,Features,After reduction,simplified_features,features_before_after_histogram.pdf,7
dataset_20/uvl/model_20170414_1751865819.uvl,Features,After reduction,simplified_features,features_before_after_histogram.pdf,36
dataset_20/uvl/model_20170419_185164278.uvl,Features,After reduction,simplified_features,features_before_after_histogram.pdf,12
dataset_20/uvl/model_20170420_1165511748.uvl,Features,After reduction,simplified_features,features_before_after_histogram.pdf,73
dataset_20/uvl/model_20170424_781699396.uvl,Features,After reduction,simplified_features,features_before_after_histogram.pdf,84
dataset_20/uvl/model_20170502_101132737.uvl,Features,After reduction,simplified_features,features_before_after_histogram.pdf,17
dataset_20/uvl/model_20170504_370000031.uvl,Features,After reduction,simplified_features,features_before_after_histogram.pdf,26
dataset_20/uvl/model_20170505_1428478521.uvl,Features,After reduction,simplified_features,features_before_after_histogram.pdf,21
dataset_20/uvl/model_20170505_1995894898.uvl,Features,After reduction,simplified_features,features_before_after_histogram.pdf,17
dataset_20/uvl/model_20170510_174347414.uvl,Features,After reduction,simplified_features,features_before_after_histogram.pdf,11
dataset_20/uvl/model_20170512_1532934104.uvl,Features,After reduction,simplified_features,features_before_after_histogram.pdf,21
dataset_20/uvl/model_20170517_1276361560.uvl,Features,After reduction,simplified_features,features_before_after_histogram.pdf,8
dataset_20/uvl/model_20170517_1468714593.uvl,Features,After reduction,simplified_features,features_before_after_histogram.pdf,8
dataset_20/uvl/model_20170517_1986241278.uvl,Features,After reduction,simplified_features,features_before_after_histogram.pdf,7
dataset_20/uvl/model_20170518_1713871521.uvl,Features,After reduction,simplified_features,features_before_after_histogram.pdf,9
dataset_20/uvl/model_20170518_711240246.uvl,Features,After reduction,simplified_features,features_before_after_histogram.pdf,27
dataset_20/uvl/model_20170527_1802227256.uvl,Features,After reduction,simplified_features,features_before_after_histogram.pdf,6
dataset_20/uvl/model_20170528_1427439246.uvl,Features,After reduction,simplified_features,features_before_after_histogram.pdf,8
dataset_20/uvl/model_20170607_1389753102.uvl,Features,After reduction,simplified_features,features_before_after_histogram.pdf,8
dataset_20/uvl/model_20170618_724645944.uvl,Features,After reduction,simplified_features,features_before_after_histogram.pdf,4
dataset_20/uvl/model_20170627_231083922.uvl,Features,After reduction,simplified_features,features_before_after_histogram.pdf,10
dataset_20/uvl/model_20170702_979744088.uvl,Features,After reduction,simplified_features,features_before_after_histogram.pdf,21
dataset_20/uvl/model_20170703_1893075315.uvl,Features,After reduction,simplified_features,features_before_after_histogram.pdf,15
dataset_20/uvl/model_20170704_1299892151.uvl,Features,After reduction,simplified_features,features_before_after_histogram.pdf,10
dataset_20/uvl/model_20170706_1181552122.uvl,Features,After reduction,simplified_features,features_before_after_histogram.pdf,5
dataset_20/uvl/model_20170706_1588900401.uvl,Features,After reduction,simplified_features,features_before_after_histogram.pdf,23
dataset_20/uvl/model_20170718_2017313962.uvl,Features,After reduction,simplified_features,features_before_after_histogram.pdf,4
dataset_20/uvl/model_20170720_160368734.uvl,Features,After reduction,simplified_features,features_before_after_histogram.pdf,7
dataset_20/uvl/model_20170809_1734454576.uvl,Features,After reduction,simplified_features,features_before_after_histogram.pdf,6
dataset_20/uvl/model_20170814_699386305.uvl,Features,After reduction,simplified_features,features_before_after_histogram.pdf,12
dataset_20/uvl/model_20170818_1523700786.uvl,Features,After reduction,simplified_features,features_before_after_histogram.pdf,9
dataset_20/uvl/model_20170818_812208818.uvl,Features,After reduction,simplified_features,features_before_after_histogram.pdf,9
dataset_20/uvl/model_20170821_2117231347.uvl,Features,After reduction,simplified_features,features_before_after_histogram.pdf,15
dataset_20/uvl/model_20170821_744427680.uvl,Features,After reduction,simplified_features,features_before_after_histogram.pdf,12
dataset_20/uvl/model_20170904_444361354.uvl,Features,After reduction,simplified_features,features_before_after_histogram.pdf,33
dataset_20/uvl/model_20170904_998227463.uvl,Features,After reduction,simplified_features,features_before_after_histogram.pdf,35
dataset_20/uvl/model_20170911_1850240044.uvl,Features,After reduction,simplified_features,features_before_after_histogram.pdf,5
dataset_20/uvl/model_20170916_132089042.uvl,Features,After reduction,simplified_features,features_before_after_histogram.pdf,38
dataset_20/uvl/model_20170916_973590519.uvl,Features,After reduction,simplified_features,features_before_after_histogram.pdf,34
dataset_20/uvl/model_20170918_1157652981.uvl,Features,After reduction,simplified_features,features_before_after_histogram.pdf,37
dataset_20/uvl/model_20170918_191476099.uvl,Features,After reduction,simplified_features,features_before_after_histogram.pdf,40
dataset_20/uvl/model_20170918_1996976409.uvl,Features,After reduction,simplified_features,features_before_after_histogram.pdf,26
dataset_20/uvl/model_20170918_2076946141.uvl,Features,After reduction,simplified_features,features_before_after_histogram.pdf,14
dataset_20/uvl/model_20170918_446567907.uvl,Features,After reduction,simplified_features,features_before_after_histogram.pdf,32
dataset_20/uvl/model_20170919_1393589103.uvl,Features,After reduction,simplified_features,features_before_after_histogram.pdf,35
dataset_20/uvl/model_20170919_1425490791.uvl,Features,After reduction,simplified_features,features_before_after_histogram.pdf,36
dataset_20/uvl/model_20170919_1946252337.uvl,Features,After reduction,simplified_features,features_before_after_histogram.pdf,36
dataset_20/uvl/model_20170919_303553909.uvl,Features,After reduction,simplified_features,features_before_after_histogram.pdf,37
dataset_20/uvl/model_20170919_414938854.uvl,Features,After reduction,simplified_features,features_before_after_histogram.pdf,37
dataset_20/uvl/model_20170921_244476382.uvl,Features,After reduction,simplified_features,features_before_after_histogram.pdf,39
dataset_20/uvl/model_20170925_1698983864.uvl,Features,After reduction,simplified_features,features_before_after_histogram.pdf,9
dataset_20/uvl/model_20170926_1539445221.uvl,Features,After reduction,simplified_features,features_before_after_histogram.pdf,9
dataset_20/uvl/model_20170926_289427240.uvl,Features,After reduction,simplified_features,features_before_after_histogram.pdf,8
dataset_20/uvl/model_20170927_2140419024.uvl,Features,After reduction,simplified_features,features_before_after_histogram.pdf,81
dataset_20/uvl/model_20170930_228024571.uvl,Features,After reduction,simplified_features,features_before_after_histogram.pdf,45
dataset_20/uvl/model_20171005_1407702877.uvl,Features,After reduction,simplified_features,features_before_after_histogram.pdf,20
dataset_20/uvl/model_20171005_1816009957.uvl,Features,After reduction,simplified_features,features_before_after_histogram.pdf,6
dataset_20/uvl/model_20171005_661289758.uvl,Features,After reduction,simplified_features,features_before_after_histogram.pdf,2
dataset_20/uvl/model_20171008_377237228.uvl,Features,After reduction,simplified_features,features_before_after_histogram.pdf,35
dataset_20/uvl/model_20171010_332868283.uvl,Features,After reduction,simplified_features,features_before_after_histogram.pdf,7
dataset_20/uvl/model_20171012_404282969.uvl,Features,After reduction,simplified_features,features_before_after_histogram.pdf,14
dataset_20/uvl/model_20171012_432118074.uvl,Features,After reduction,simplified_features,features_before_after_histogram.pdf,13
dataset_20/uvl/model_20171012_484328807.uvl,Features,After reduction,simplified_features,features_before_after_histogram.pdf,1
dataset_20/uvl/model_20171014_936370428.uvl,Features,After reduction,simplified_features,features_before_after_histogram.pdf,8
dataset_20/uvl/model_20171016_1973576375.uvl,Features,After reduction,simplified_features,features_before_after_histogram.pdf,6
dataset_20/uvl/model_20171016_2132568250.uvl,Features,After reduction,simplified_features,features_before_after_histogram.pdf,12
dataset_20/uvl/model_20171016_777651910.uvl,Features,After reduction,simplified_features,features_before_after_histogram.pdf,16
dataset_20/uvl/model_20171018_1720986032.uvl,Features,After reduction,simplified_features,features_before_after_histogram.pdf,98
dataset_20/uvl/model_20171020_786614820.uvl,Features,After reduction,simplified_features,features_before_after_histogram.pdf,5
dataset_20/uvl/model_20171021_192017753.uvl,Features,After reduction,simplified_features,features_before_after_histogram.pdf,10
dataset_20/uvl/model_20171028_1906143627.uvl,Features,After reduction,simplified_features,features_before_after_histogram.pdf,11
dataset_20/uvl/model_20171029_1247758730.uvl,Features,After reduction,simplified_features,features_before_after_histogram.pdf,3
dataset_20/uvl/model_20171029_714150136.uvl,Features,After reduction,simplified_features,features_before_after_histogram.pdf,4
dataset_20/uvl/model_20171108_1643056811.uvl,Features,After reduction,simplified_features,features_before_after_histogram.pdf,9
dataset_20/uvl/model_20171109_1740328562.uvl,Features,After reduction,simplified_features,features_before_after_histogram.pdf,18
dataset_20/uvl/model_20171128_2320585.uvl,Features,After reduction,simplified_features,features_before_after_histogram.pdf,4
dataset_20/uvl/model_20171129_847069382.uvl,Features,After reduction,simplified_features,features_before_after_histogram.pdf,29
dataset_20/uvl/model_20171202_671836466.uvl,Features,After reduction,simplified_features,features_before_after_histogram.pdf,1
dataset_20/uvl/model_20171204_404453510.uvl,Features,After reduction,simplified_features,features_before_after_histogram.pdf,17
dataset_20/uvl/model_20171207_1015871671.uvl,Features,After reduction,simplified_features,features_before_after_histogram.pdf,7
dataset_20/uvl/model_20171207_711618687.uvl,Features,After reduction,simplified_features,features_before_after_histogram.pdf,8
dataset_20/uvl/model_20171208_504832504.uvl,Features,After reduction,simplified_features,features_before_after_histogram.pdf,8
dataset_20/uvl/model_20171213_638254090.uvl,Features,After reduction,simplified_features,features_before_after_histogram.pdf,8
dataset_20/uvl/model_20180110_870365297.uvl,Features,After reduction,simplified_features,features_before_after_histogram.pdf,8
dataset_20/uvl/model_20180122_1429516018.uvl,Features,After reduction,simplified_features,features_before_after_histogram.pdf,35
dataset_20/uvl/model_20180126_2070362475.uvl,Features,After reduction,simplified_features,features_before_after_histogram.pdf,21
dataset_20/uvl/model_20180214_1066016479.uvl,Features,After reduction,simplified_features,features_before_after_histogram.pdf,79
dataset_20/uvl/model_20180222_1531590612.uvl,Features,After reduction,simplified_features,features_before_after_histogram.pdf,12
dataset_20/uvl/model_20180222_1576024243.uvl,Features,After reduction,simplified_features,features_before_after_histogram.pdf,5
dataset_20/uvl/model_20180222_1790291836.uvl,Features,After reduction,simplified_features,features_before_after_histogram.pdf,15
dataset_20/uvl/model_20180222_1813103418.uvl,Features,After reduction,simplified_features,features_before_after_histogram.pdf,12
dataset_20/uvl/model_20180222_1895267586.uvl,Features,After reduction,simplified_features,features_before_after_histogram.pdf,11
dataset_20/uvl/model_20180222_1925875374.uvl,Features,After reduction,simplified_features,features_before_after_histogram.pdf,35
dataset_20/uvl/model_20180222_524224426.uvl,Features,After reduction,simplified_features,features_before_after_histogram.pdf,22
dataset_20/uvl/model_20180222_786472237.uvl,Features,After reduction,simplified_features,features_before_after_histogram.pdf,8
dataset_20/uvl/model_20180226_492552032.uvl,Features,After reduction,simplified_features,features_before_after_histogram.pdf,7
dataset_20/uvl/model_20180227_1765307019.uvl,Features,After reduction,simplified_features,features_before_after_histogram.pdf,96
dataset_20/uvl/model_20180301_203291309.uvl,Features,After reduction,simplified_features,features_before_after_histogram.pdf,9
dataset_20/uvl/model_20180302_974887082.uvl,Features,After reduction,simplified_features,features_before_after_histogram.pdf,27
dataset_20/uvl/model_20180304_1150769979.uvl,Features,After reduction,simplified_features,features_before_after_histogram.pdf,37
dataset_20/uvl/model_20180304_290046860.uvl,Features,After reduction,simplified_features,features_before_after_histogram.pdf,38
dataset_20/uvl/model_20180305_1393570452.uvl,Features,After reduction,simplified_features,features_before_after_histogram.pdf,32
dataset_20/uvl/model_20180305_1565538092.uvl,Features,After reduction,simplified_features,features_before_after_histogram.pdf,37
dataset_20/uvl/model_20180305_2101436905.uvl,Features,After reduction,simplified_features,features_before_after_histogram.pdf,39
dataset_20/uvl/model_20180306_1110315637.uvl,Features,After reduction,simplified_features,features_before_after_histogram.pdf,29
dataset_20/uvl/model_20180306_1553572984.uvl,Features,After reduction,simplified_features,features_before_after_histogram.pdf,5
dataset_20/uvl/model_20180306_1625675392.uvl,Features,After reduction,simplified_features,features_before_after_histogram.pdf,37
dataset_20/uvl/model_20180306_177892963.uvl,Features,After reduction,simplified_features,features_before_after_histogram.pdf,18
dataset_20/uvl/model_20180306_1851656621.uvl,Features,After reduction,simplified_features,features_before_after_histogram.pdf,32
dataset_20/uvl/model_20180306_422218475.uvl,Features,After reduction,simplified_features,features_before_after_histogram.pdf,36
dataset_20/uvl/model_20180306_73619671.uvl,Features,After reduction,simplified_features,features_before_after_histogram.pdf,39
dataset_20/uvl/model_20180306_832754487.uvl,Features,After reduction,simplified_features,features_before_after_histogram.pdf,37
dataset_20/uvl/model_20180307_2144246090.uvl,Features,After reduction,simplified_features,features_before_after_histogram.pdf,26
dataset_20/uvl/model_20180311_1112468126.uvl,Features,After reduction,simplified_features,features_before_after_histogram.pdf,11
dataset_20/uvl/model_20180403_1861855205.uvl,Features,After reduction,simplified_features,features_before_after_histogram.pdf,3
dataset_20/uvl/model_20180407_489573335.uvl,Features,After reduction,simplified_features,features_before_after_histogram.pdf,42
dataset_20/uvl/model_20180409_394573881.uvl,Features,After reduction,simplified_features,features_before_after_histogram.pdf,6
dataset_20/uvl/model_20180411_122889136.uvl,Features,After reduction,simplified_features,features_before_after_histogram.pdf,26
dataset_20/uvl/model_20180509_988672632.uvl,Features,After reduction,simplified_features,features_before_after_histogram.pdf,22
dataset_20/uvl/model_20180511_622669496.uvl,Features,After reduction,simplified_features,features_before_after_histogram.pdf,13
dataset_20/uvl/model_20180511_935028612.uvl,Features,After reduction,simplified_features,features_before_after_histogram.pdf,13
dataset_20/uvl/model_20180512_143602565.uvl,Features,After reduction,simplified_features,features_before_after_histogram.pdf,17
dataset_20/uvl/model_20180512_276218752.uvl,Features,After reduction,simplified_features,features_before_after_histogram.pdf,4
dataset_20/uvl/model_20180512_316263333.uvl,Features,After reduction,simplified_features,features_before_after_histogram.pdf,19
dataset_20/uvl/model_20180512_409172439.uvl,Features,After reduction,simplified_features,features_before_after_histogram.pdf,17
dataset_20/uvl/model_20180512_419383167.uvl,Features,After reduction,simplified_features,features_before_after_histogram.pdf,4
dataset_20/uvl/model_20180512_427876131.uvl,Features,After reduction,simplified_features,features_before_after_histogram.pdf,17
dataset_20/uvl/model_20180512_660942805.uvl,Features,After reduction,simplified_features,features_before_after_histogram.pdf,4
dataset_20/uvl/model_20180512_733862721.uvl,Features,After reduction,simplified_features,features_before_after_histogram.pdf,17
dataset_20/uvl/model_20180512_775268148.uvl,Features,After reduction,simplified_features,features_before_after_histogram.pdf,20
dataset_20/uvl/model_20180512_810540422.uvl,Features,After reduction,simplified_features,features_before_after_histogram.pdf,17
dataset_20/uvl/model_20180512_893377341.uvl,Features,After reduction,simplified_features,features_before_after_histogram.pdf,18
dataset_20/uvl/model_20180513_39795521.uvl,Features,After reduction,simplified_features,features_before_after_histogram.pdf,10
dataset_20/uvl/model_20180514_1722608288.uvl,Features,After reduction,simplified_features,features_before_after_histogram.pdf,11
dataset_20/uvl/model_20180514_381391194.uvl,Features,After reduction,simplified_features,features_before_after_histogram.pdf,7
dataset_20/uvl/model_20180530_1810935889.uvl,Features,After reduction,simplified_features,features_before_after_histogram.pdf,6
dataset_20/uvl/model_20180611_1112345807.uvl,Features,After reduction,simplified_features,features_before_after_histogram.pdf,4
dataset_20/uvl/model_20180611_1140870617.uvl,Features,After reduction,simplified_features,features_before_after_histogram.pdf,4
dataset_20/uvl/model_20180611_1800915628.uvl,Features,After reduction,simplified_features,features_before_after_histogram.pdf,4
dataset_20/uvl/model_20180611_848416665.uvl,Features,After reduction,simplified_features,features_before_after_histogram.pdf,4
dataset_20/uvl/model_20180612_1244406232.uvl,Features,After reduction,simplified_features,features_before_after_histogram.pdf,28
dataset_20/uvl/model_20180612_712325117.uvl,Features,After reduction,simplified_features,features_before_after_histogram.pdf,5
dataset_20/uvl/model_20180613_78021145.uvl,Features,After reduction,simplified_features,features_before_after_histogram.pdf,5
dataset_20/uvl/model_20180618_656757926.uvl,Features,After reduction,simplified_features,features_before_after_histogram.pdf,3
dataset_20/uvl/model_20180705_2136123533.uvl,Features,After reduction,simplified_features,features_before_after_histogram.pdf,9
dataset_20/uvl/model_20180708_1907991672.uvl,Features,After reduction,simplified_features,features_before_after_histogram.pdf,15
dataset_20/uvl/model_20180713_1002093829.uvl,Features,After reduction,simplified_features,features_before_after_histogram.pdf,22
dataset_20/uvl/model_20180729_2071913647.uvl,Features,After reduction,simplified_features,features_before_after_histogram.pdf,15
dataset_20/uvl/model_20180729_701594854.uvl,Features,After reduction,simplified_features,features_before_after_histogram.pdf,12
dataset_20/uvl/model_20180729_778045288.uvl,Features,After reduction,simplified_features,features_before_after_histogram.pdf,23
dataset_20/uvl/model_20180815_1120231956.uvl,Features,After reduction,simplified_features,features_before_after_histogram.pdf,13
dataset_20/uvl/model_20180819_995624779.uvl,Features,After reduction,simplified_features,features_before_after_histogram.pdf,11
dataset_20/uvl/model_20180911_126281571.uvl,Features,After reduction,simplified_features,features_before_after_histogram.pdf,8
dataset_20/uvl/model_20180913_1045465294.uvl,Features,After reduction,simplified_features,features_before_after_histogram.pdf,8
dataset_20/uvl/model_20180913_872907572.uvl,Features,After reduction,simplified_features,features_before_after_histogram.pdf,5
dataset_20/uvl/model_20180917_1978871462.uvl,Features,After reduction,simplified_features,features_before_after_histogram.pdf,37
dataset_20/uvl/model_20180927_642324190.uvl,Features,After reduction,simplified_features,features_before_after_histogram.pdf,37
dataset_20/uvl/model_20180930_1153905679.uvl,Features,After reduction,simplified_features,features_before_after_histogram.pdf,19
dataset_20/uvl/model_20181005_1705175151.uvl,Features,After reduction,simplified_features,features_before_after_histogram.pdf,14
dataset_20/uvl/model_20181016_583005690.uvl,Features,After reduction,simplified_features,features_before_after_histogram.pdf,22
dataset_20/uvl/model_20181019_994429580.uvl,Features,After reduction,simplified_features,features_before_after_histogram.pdf,5
dataset_20/uvl/model_20181024_611767532.uvl,Features,After reduction,simplified_features,features_before_after_histogram.pdf,11
dataset_20/uvl/model_20181029_2093756359.uvl,Features,After reduction,simplified_features,features_before_after_histogram.pdf,8
dataset_20/uvl/model_20181103_2077285196.uvl,Features,After reduction,simplified_features,features_before_after_histogram.pdf,6
dataset_20/uvl/model_20181104_43638915.uvl,Features,After reduction,simplified_features,features_before_after_histogram.pdf,8
dataset_20/uvl/model_20181118_1641295184.uvl,Features,After reduction,simplified_features,features_before_after_histogram.pdf,7
dataset_20/uvl/model_20181119_2037159342.uvl,Features,After reduction,simplified_features,features_before_after_histogram.pdf,9
dataset_20/uvl/model_20181205_2097248492.uvl,Features,After reduction,simplified_features,features_before_after_histogram.pdf,13
dataset_20/uvl/model_20181219_1343761699.uvl,Features,After reduction,simplified_features,features_before_after_histogram.pdf,16
dataset_20/uvl/model_20190108_414883666.uvl,Features,After reduction,simplified_features,features_before_after_histogram.pdf,17
dataset_20/uvl/model_20190117_1837815772.uvl,Features,After reduction,simplified_features,features_before_after_histogram.pdf,9
dataset_20/uvl/model_20190122_546529784.uvl,Features,After reduction,simplified_features,features_before_after_histogram.pdf,12
dataset_20/uvl/model_20190124_988857604.uvl,Features,After reduction,simplified_features,features_before_after_histogram.pdf,31
dataset_20/uvl/model_20190128_1522973155.uvl,Features,After reduction,simplified_features,features_before_after_histogram.pdf,9
dataset_20/uvl/model_20190129_1004578234.uvl,Features,After reduction,simplified_features,features_before_after_histogram.pdf,7
dataset_20/uvl/model_20190203_959278211.uvl,Features,After reduction,simplified_features,features_before_after_histogram.pdf,2
dataset_20/uvl/model_20190214_582844610.uvl,Features,After reduction,simplified_features,features_before_after_histogram.pdf,6
dataset_20/uvl/model_20190219_265960660.uvl,Features,After reduction,simplified_features,features_before_after_histogram.pdf,139
dataset_20/uvl/model_20190220_184230257.uvl,Features,After reduction,simplified_features,features_before_after_histogram.pdf,26
dataset_20/uvl/model_20190221_1604245950.uvl,Features,After reduction,simplified_features,features_before_after_histogram.pdf,10
dataset_20/uvl/model_20190223_1159148955.uvl,Features,After reduction,simplified_features,features_before_after_histogram.pdf,79
dataset_20/uvl/model_20190223_1275185141.uvl,Features,After reduction,simplified_features,features_before_after_histogram.pdf,9
dataset_20/uvl/model_20190223_2023041805.uvl,Features,After reduction,simplified_features,features_before_after_histogram.pdf,16
dataset_20/uvl/model_20190223_2034909826.uvl,Features,After reduction,simplified_features,features_before_after_histogram.pdf,83
dataset_20/uvl/model_20190228_1201197026.uvl,Features,After reduction,simplified_features,features_before_after_histogram.pdf,7
dataset_20/uvl/model_20190304_818967793.uvl,Features,After reduction,simplified_features,features_before_after_histogram.pdf,17
dataset_20/uvl/model_20190326_164569423.uvl,Features,After reduction,simplified_features,features_before_after_histogram.pdf,6
dataset_20/uvl/model_20190328_829158427.uvl,Features,After reduction,simplified_features,features_before_after_histogram.pdf,10
dataset_20/uvl/model_20190413_1966613868.uvl,Features,After reduction,simplified_features,features_before_after_histogram.pdf,39
dataset_20/uvl/model_20190416_284413958.uvl,Features,After reduction,simplified_features,features_before_after_histogram.pdf,25
dataset_20/uvl/model_20190416_545039882.uvl,Features,After reduction,simplified_features,features_before_after_histogram.pdf,13
dataset_20/uvl/model_20190416_886742925.uvl,Features,After reduction,simplified_features,features_before_after_histogram.pdf,7
dataset_20/uvl/model_20190430_2137275351.uvl,Features,After reduction,simplified_features,features_before_after_histogram.pdf,16
dataset_20/uvl/model_20190430_348224224.uvl,Features,After reduction,simplified_features,features_before_after_histogram.pdf,19
dataset_20/uvl/model_20190502_109355269.uvl,Features,After reduction,simplified_features,features_before_after_histogram.pdf,14
dataset_20/uvl/model_20190502_1338968023.uvl,Features,After reduction,simplified_features,features_before_after_histogram.pdf,1
dataset_20/uvl/model_20190503_1463982406.uvl,Features,After reduction,simplified_features,features_before_after_histogram.pdf,24
dataset_20/uvl/model_20190504_755268837.uvl,Features,After reduction,simplified_features,features_before_after_histogram.pdf,17
dataset_20/uvl/model_20190510_1232864614.uvl,Features,After reduction,simplified_features,features_before_after_histogram.pdf,9
dataset_20/uvl/model_20190510_899437477.uvl,Features,After reduction,simplified_features,features_before_after_histogram.pdf,10
dataset_20/uvl/model_20190513_110684557.uvl,Features,After reduction,simplified_features,features_before_after_histogram.pdf,7
dataset_20/uvl/model_20190513_1749709644.uvl,Features,After reduction,simplified_features,features_before_after_histogram.pdf,14
dataset_20/uvl/model_20190513_1805648090.uvl,Features,After reduction,simplified_features,features_before_after_histogram.pdf,4
dataset_20/uvl/model_20190513_215044614.uvl,Features,After reduction,simplified_features,features_before_after_histogram.pdf,6
dataset_20/uvl/model_20190513_554652357.uvl,Features,After reduction,simplified_features,features_before_after_histogram.pdf,1
dataset_20/uvl/model_20190513_639238065.uvl,Features,After reduction,simplified_features,features_before_after_histogram.pdf,6
dataset_20/uvl/model_20190514_850677966.uvl,Features,After reduction,simplified_features,features_before_after_histogram.pdf,18
dataset_20/uvl/model_20190522_227919886.uvl,Features,After reduction,simplified_features,features_before_after_histogram.pdf,7
dataset_20/uvl/model_20190526_2060834946.uvl,Features,After reduction,simplified_features,features_before_after_histogram.pdf,12
dataset_20/uvl/model_20190616_1868431112.uvl,Features,After reduction,simplified_features,features_before_after_histogram.pdf,23
dataset_20/uvl/model_20190619_50728308.uvl,Features,After reduction,simplified_features,features_before_after_histogram.pdf,1
dataset_20/uvl/model_20190624_198695067.uvl,Features,After reduction,simplified_features,features_before_after_histogram.pdf,11
dataset_20/uvl/model_20190730_1957937065.uvl,Features,After reduction,simplified_features,features_before_after_histogram.pdf,16
dataset_20/uvl/model_20190805_1041162508.uvl,Features,After reduction,simplified_features,features_before_after_histogram.pdf,15
dataset_20/uvl/model_20190824_1440931285.uvl,Features,After reduction,simplified_features,features_before_after_histogram.pdf,99
dataset_20/uvl/model_20190825_1083955002.uvl,Features,After reduction,simplified_features,features_before_after_histogram.pdf,7
dataset_20/uvl/model_20190904_400441788.uvl,Features,After reduction,simplified_features,features_before_after_histogram.pdf,537
dataset_20/uvl/model_20190913_1052617154.uvl,Features,After reduction,simplified_features,features_before_after_histogram.pdf,6
dataset_20/uvl/model_20190914_1323674619.uvl,Features,After reduction,simplified_features,features_before_after_histogram.pdf,16
dataset_20/uvl/model_20190915_1211977272.uvl,Features,After reduction,simplified_features,features_before_after_histogram.pdf,5
dataset_20/uvl/model_20190915_1647283170.uvl,Features,After reduction,simplified_features,features_before_after_histogram.pdf,6
dataset_20/uvl/model_20190915_38921055.uvl,Features,After reduction,simplified_features,features_before_after_histogram.pdf,6
dataset_20/uvl/model_20190916_1591625575.uvl,Features,After reduction,simplified_features,features_before_after_histogram.pdf,30
dataset_20/uvl/model_20190916_1777637747.uvl,Features,After reduction,simplified_features,features_before_after_histogram.pdf,2
dataset_20/uvl/model_20190916_233719618.uvl,Features,After reduction,simplified_features,features_before_after_histogram.pdf,10
dataset_20/uvl/model_20190916_779041735.uvl,Features,After reduction,simplified_features,features_before_after_histogram.pdf,29
dataset_20/uvl/model_20190917_1294871534.uvl,Features,After reduction,simplified_features,features_before_after_histogram.pdf,11
dataset_20/uvl/model_20190917_1352548057.uvl,Features,After reduction,simplified_features,features_before_after_histogram.pdf,44
dataset_20/uvl/model_20190917_1484600794.uvl,Features,After reduction,simplified_features,features_before_after_histogram.pdf,13
dataset_20/uvl/model_20190917_1598073515.uvl,Features,After reduction,simplified_features,features_before_after_histogram.pdf,2
dataset_20/uvl/model_20190917_1679843058.uvl,Features,After reduction,simplified_features,features_before_after_histogram.pdf,11
dataset_20/uvl/model_20190917_1844149588.uvl,Features,After reduction,simplified_features,features_before_after_histogram.pdf,38
dataset_20/uvl/model_20190917_1855142600.uvl,Features,After reduction,simplified_features,features_before_after_histogram.pdf,15
dataset_20/uvl/model_20190917_1882445879.uvl,Features,After reduction,simplified_features,features_before_after_histogram.pdf,16
dataset_20/uvl/model_20190917_383002664.uvl,Features,After reduction,simplified_features,features_before_after_histogram.pdf,36
dataset_20/uvl/model_20190917_490456110.uvl,Features,After reduction,simplified_features,features_before_after_histogram.pdf,32
dataset_20/uvl/model_20190917_512190943.uvl,Features,After reduction,simplified_features,features_before_after_histogram.pdf,20
dataset_20/uvl/model_20190917_552843992.uvl,Features,After reduction,simplified_features,features_before_after_histogram.pdf,8
dataset_20/uvl/model_20190917_595353381.uvl,Features,After reduction,simplified_features,features_before_after_histogram.pdf,13
dataset_20/uvl/model_20190917_659690280.uvl,Features,After reduction,simplified_features,features_before_after_histogram.pdf,12
dataset_20/uvl/model_20190917_729866659.uvl,Features,After reduction,simplified_features,features_before_after_histogram.pdf,51
dataset_20/uvl/model_20190917_75070341.uvl,Features,After reduction,simplified_features,features_before_after_histogram.pdf,24
dataset_20/uvl/model_20190917_80747458.uvl,Features,After reduction,simplified_features,features_before_after_histogram.pdf,12
dataset_20/uvl/model_20190917_896971240.uvl,Features,After reduction,simplified_features,features_before_after_histogram.pdf,28
dataset_20/uvl/model_20190918_1569717148.uvl,Features,After reduction,simplified_features,features_before_after_histogram.pdf,8
dataset_20/uvl/model_20190919_887233558.uvl,Features,After reduction,simplified_features,features_before_after_histogram.pdf,11
dataset_20/uvl/model_20190920_1330526555.uvl,Features,After reduction,simplified_features,features_before_after_histogram.pdf,4
dataset_20/uvl/model_20190920_56721129.uvl,Features,After reduction,simplified_features,features_before_after_histogram.pdf,6
dataset_20/uvl/model_20190920_579117949.uvl,Features,After reduction,simplified_features,features_before_after_histogram.pdf,3
dataset_20/uvl/model_20190921_1186818003.uvl,Features,After reduction,simplified_features,features_before_after_histogram.pdf,6
dataset_20/uvl/model_20190922_1316746975.uvl,Features,After reduction,simplified_features,features_before_after_histogram.pdf,4
dataset_20/uvl/model_20190922_230985682.uvl,Features,After reduction,simplified_features,features_before_after_histogram.pdf,1
dataset_20/uvl/model_20190922_267709941.uvl,Features,After reduction,simplified_features,features_before_after_histogram.pdf,24
dataset_20/uvl/model_20190922_499979669.uvl,Features,After reduction,simplified_features,features_before_after_histogram.pdf,14
dataset_20/uvl/model_20190922_718247414.uvl,Features,After reduction,simplified_features,features_before_after_histogram.pdf,8
dataset_20/uvl/model_20190922_729177560.uvl,Features,After reduction,simplified_features,features_before_after_histogram.pdf,7
dataset_20/uvl/model_20190929_1773228224.uvl,Features,After reduction,simplified_features,features_before_after_histogram.pdf,10
dataset_20/uvl/model_20191012_1432325334.uvl,Features,After reduction,simplified_features,features_before_after_histogram.pdf,23
dataset_20/uvl/model_20191016_1243022077.uvl,Features,After reduction,simplified_features,features_before_after_histogram.pdf,83
dataset_20/uvl/model_20191111_1176325905.uvl,Features,After reduction,simplified_features,features_before_after_histogram.pdf,10
dataset_20/uvl/model_20191115_635910941.uvl,Features,After reduction,simplified_features,features_before_after_histogram.pdf,10
dataset_20/uvl/model_20191119_1702487696.uvl,Features,After reduction,simplified_features,features_before_after_histogram.pdf,7
dataset_20/uvl/model_20191126_842054213.uvl,Features,After reduction,simplified_features,features_before_after_histogram.pdf,15
dataset_20/uvl/model_20200120_1111265554.uvl,Features,After reduction,simplified_features,features_before_after_histogram.pdf,10
dataset_20/uvl/model_20200121_827473084.uvl,Features,After reduction,simplified_features,features_before_after_histogram.pdf,16
dataset_20/uvl/model_20200128_1154759905.uvl,Features,After reduction,simplified_features,features_before_after_histogram.pdf,20
dataset_20/uvl/model_20200128_1186233455.uvl,Features,After reduction,simplified_features,features_before_after_histogram.pdf,20
dataset_20/uvl/model_20200128_1669015551.uvl,Features,After reduction,simplified_features,features_before_after_histogram.pdf,20
dataset_20/uvl/model_20200128_23228584.uvl,Features,After reduction,simplified_features,features_before_after_histogram.pdf,20
dataset_20/uvl/model_20200128_745414394.uvl,Features,After reduction,simplified_features,features_before_after_histogram.pdf,20
dataset_20/uvl/model_20200212_1763855182.uvl,Features,After reduction,simplified_features,features_before_after_histogram.pdf,1
dataset_20/uvl/model_20200225_1125771038.uvl,Features,After reduction,simplified_features,features_before_after_histogram.pdf,31
dataset_20/uvl/model_20200316_153170359.uvl,Features,After reduction,simplified_features,features_before_after_histogram.pdf,55
dataset_20/uvl/model_20200320_13307140.uvl,Features,After reduction,simplified_features,features_before_after_histogram.pdf,4
dataset_20/uvl/model_20200403_1286696698.uvl,Features,After reduction,simplified_features,features_before_after_histogram.pdf,16
dataset_20/uvl/model_20200403_1474941211.uvl,Features,After reduction,simplified_features,features_before_after_histogram.pdf,10
dataset_20/uvl/model_20200412_2136556876.uvl,Features,After reduction,simplified_features,features_before_after_histogram.pdf,8
dataset_20/uvl/model_20200413_90255108.uvl,Features,After reduction,simplified_features,features_before_after_histogram.pdf,44
dataset_20/uvl/model_20200425_1144751894.uvl,Features,After reduction,simplified_features,features_before_after_histogram.pdf,2
dataset_20/uvl/model_20200503_927740000.uvl,Features,After reduction,simplified_features,features_before_after_histogram.pdf,20
dataset_20/uvl/model_20200513_1559879338.uvl,Features,After reduction,simplified_features,features_before_after_histogram.pdf,7
dataset_20/uvl/model_20200517_1501498720.uvl,Features,After reduction,simplified_features,features_before_after_histogram.pdf,6
dataset_20/uvl/model_20200524_149606280.uvl,Features,After reduction,simplified_features,features_before_after_histogram.pdf,20
dataset_20/uvl/model_20200609_1715293706.uvl,Features,After reduction,simplified_features,features_before_after_histogram.pdf,10
dataset_20/uvl/model_20200619_2057881785.uvl,Features,After reduction,simplified_features,features_before_after_histogram.pdf,13
dataset_20/uvl/model_20200621_929471783.uvl,Features,After reduction,simplified_features,features_before_after_histogram.pdf,9
dataset_20/uvl/model_20200728_429027371.uvl,Features,After reduction,simplified_features,features_before_after_histogram.pdf,15
dataset_20/uvl/model_20200810_1006372985.uvl,Features,After reduction,simplified_features,features_before_after_histogram.pdf,16
dataset_20/uvl/model_20200810_1274447969.uvl,Features,After reduction,simplified_features,features_before_after_histogram.pdf,19
dataset_20/uvl/model_20200810_1407499848.uvl,Features,After reduction,simplified_features,features_before_after_histogram.pdf,16
dataset_20/uvl/model_20200810_1487197226.uvl,Features,After reduction,simplified_features,features_before_after_histogram.pdf,10
dataset_20/uvl/model_20200810_1781368898.uvl,Features,After reduction,simplified_features,features_before_after_histogram.pdf,9
dataset_20/uvl/model_20200810_1943380085.uvl,Features,After reduction,simplified_features,features_before_after_histogram.pdf,15
dataset_20/uvl/model_20200810_903664942.uvl,Features,After reduction,simplified_features,features_before_after_histogram.pdf,20
dataset_20/uvl/model_20200810_956997411.uvl,Features,After reduction,simplified_features,features_before_after_histogram.pdf,15
dataset_20/uvl/model_20200811_1911664133.uvl,Features,After reduction,simplified_features,features_before_after_histogram.pdf,7
dataset_20/uvl/model_20200811_368165701.uvl,Features,After reduction,simplified_features,features_before_after_histogram.pdf,2
dataset_20/uvl/model_20200813_1618100589.uvl,Features,After reduction,simplified_features,features_before_after_histogram.pdf,13
dataset_20/uvl/model_20200815_1845054862.uvl,Features,After reduction,simplified_features,features_before_after_histogram.pdf,15
dataset_20/uvl/model_20200815_41086763.uvl,Features,After reduction,simplified_features,features_before_after_histogram.pdf,8
dataset_20/uvl/model_20200815_433256797.uvl,Features,After reduction,simplified_features,features_before_after_histogram.pdf,15
dataset_20/uvl/model_20200815_582760962.uvl,Features,After reduction,simplified_features,features_before_after_histogram.pdf,17
dataset_20/uvl/model_20200816_1246721801.uvl,Features,After reduction,simplified_features,features_before_after_histogram.pdf,6
dataset_20/uvl/model_20200816_33425673.uvl,Features,After reduction,simplified_features,features_before_after_histogram.pdf,15
dataset_20/uvl/model_20200817_129447612.uvl,Features,After reduction,simplified_features,features_before_after_histogram.pdf,17
dataset_20/uvl/model_20200817_1333981485.uvl,Features,After reduction,simplified_features,features_before_after_histogram.pdf,24
dataset_20/uvl/model_20200819_498504850.uvl,Features,After reduction,simplified_features,features_before_after_histogram.pdf,14
dataset_20/uvl/model_20200819_710049424.uvl,Features,After reduction,simplified_features,features_before_after_histogram.pdf,18
dataset_20/uvl/model_20200819_795623217.uvl,Features,After reduction,simplified_features,features_before_after_histogram.pdf,15
dataset_20/uvl/model_20200829_1325519775.uvl,Features,After reduction,simplified_features,features_before_after_histogram.pdf,5
dataset_20/uvl/model_20200901_1356822502.uvl,Features,After reduction,simplified_features,features_before_after_histogram.pdf,27
dataset_20/uvl/model_20200901_1590540568.uvl,Features,After reduction,simplified_features,features_before_after_histogram.pdf,27
dataset_20/uvl/model_20200901_1615961503.uvl,Features,After reduction,simplified_features,features_before_after_histogram.pdf,27
dataset_20/uvl/model_20200901_164722413.uvl,Features,After reduction,simplified_features,features_before_after_histogram.pdf,8
dataset_20/uvl/model_20200901_2052923297.uvl,Features,After reduction,simplified_features,features_before_after_histogram.pdf,1
dataset_20/uvl/model_20200901_328439811.uvl,Features,After reduction,simplified_features,features_before_after_histogram.pdf,27
dataset_20/uvl/model_20200901_40084439.uvl,Features,After reduction,simplified_features,features_before_after_histogram.pdf,4
dataset_20/uvl/model_20200901_93573304.uvl,Features,After reduction,simplified_features,features_before_after_histogram.pdf,27
dataset_20/uvl/model_20200907_1296105910.uvl,Features,After reduction,simplified_features,features_before_after_histogram.pdf,27
dataset_20/uvl/model_20200907_1598312227.uvl,Features,After reduction,simplified_features,features_before_after_histogram.pdf,8
dataset_20/uvl/model_20200907_1678285822.uvl,Features,After reduction,simplified_features,features_before_after_histogram.pdf,26
dataset_20/uvl/model_20200909_844580970.uvl,Features,After reduction,simplified_features,features_before_after_histogram.pdf,13
dataset_20/uvl/model_20200919_469515687.uvl,Features,After reduction,simplified_features,features_before_after_histogram.pdf,9
dataset_20/uvl/model_20201002_1982652571.uvl,Features,After reduction,simplified_features,features_before_after_histogram.pdf,5
dataset_20/uvl/model_20201007_667063467.uvl,Features,After reduction,simplified_features,features_before_after_histogram.pdf,52
dataset_20/uvl/model_20201010_633615094.uvl,Features,After reduction,simplified_features,features_before_after_histogram.pdf,8
dataset_20/uvl/model_20201011_1804341944.uvl,Features,After reduction,simplified_features,features_before_after_histogram.pdf,59
dataset_20/uvl/model_20220910_809454030.uvl,Features,After reduction,simplified_features,features_before_after_histogram.pdf,35
dataset_20/uvl/model_20221004_622223252.uvl,Features,After reduction,simplified_features,features_before_after_histogram.pdf,15
dataset_20/uvl/model_20221009_1635938665.uvl,Features,After reduction,simplified_features,features_before_after_histogram.pdf,17
dataset_20/uvl/model_20221010_1477134717.uvl,Features,After reduction,simplified_features,features_before_after_histogram.pdf,40
dataset_20/uvl/model_20221013_1054303307.uvl,Features,After reduction,simplified_features,features_before_after_histogram.pdf,30
dataset_20/uvl/model_20221015_510481451.uvl,Features,After reduction,simplified_features,features_before_after_histogram.pdf,11
dataset_20/uvl/model_20221017_1844403757.uvl,Features,After reduction,simplified_features,features_before_after_histogram.pdf,3
dataset_20/uvl/model_20221018_544175819.uvl,Features,After reduction,simplified_features,features_before_after_histogram.pdf,21
dataset_20/uvl/model_20221025_2010292001.uvl,Features,After reduction,simplified_features,features_before_after_histogram.pdf,5
dataset_20/uvl/model_20221026_1860047321.uvl,Features,After reduction,simplified_features,features_before_after_histogram.pdf,49
dataset_20/uvl/model_20221029_568257220.uvl,Features,After reduction,simplified_features,features_before_after_histogram.pdf,8
dataset_20/uvl/model_20221031_340330235.uvl,Features,After reduction,simplified_features,features_before_after_histogram.pdf,11
dataset_20/uvl/model_20221101_871584152.uvl,Features,After reduction,simplified_features,features_before_after_histogram.pdf,15
dataset_20/uvl/model_20221102_1308706395.uvl,Features,After reduction,simplified_features,features_before_after_histogram.pdf,7
dataset_20/uvl/model_20221109_1435495840.uvl,Features,After reduction,simplified_features,features_before_after_histogram.pdf,10
dataset_20/uvl/model_20221114_1363146415.uvl,Features,After reduction,simplified_features,features_before_after_histogram.pdf,22
dataset_20/uvl/model_20221122_1612835830.uvl,Features,After reduction,simplified_features,features_before_after_histogram.pdf,16
dataset_20/uvl/model_20221125_1235088379.uvl,Features,After reduction,simplified_features,features_before_after_histogram.pdf,17
dataset_20/uvl/model_20221208_1038664369.uvl,Features,After reduction,simplified_features,features_before_after_histogram.pdf,24
dataset_20/uvl/model_20221208_1116778716.uvl,Features,After reduction,simplified_features,features_before_after_histogram.pdf,19
dataset_20/uvl/model_20221220_1576677705.uvl,Features,After reduction,simplified_features,features_before_after_histogram.pdf,8
dataset_20/uvl/model_20221229_1000010819.uvl,Features,After reduction,simplified_features,features_before_after_histogram.pdf,11
dataset_20/uvl/model_20221229_2070974785.uvl,Features,After reduction,simplified_features,features_before_after_histogram.pdf,11
dataset_20/uvl/model_20230120_1200060194.uvl,Features,After reduction,simplified_features,features_before_after_histogram.pdf,9
dataset_20/uvl/model_20230228_1021126902.uvl,Features,After reduction,simplified_features,features_before_after_histogram.pdf,8
dataset_20/uvl/model_20230313_612090761.uvl,Features,After reduction,simplified_features,features_before_after_histogram.pdf,9
dataset_20/uvl/model_20230322_1023477919.uvl,Features,After reduction,simplified_features,features_before_after_histogram.pdf,68
dataset_20/uvl/model_20230322_1028761227.uvl,Features,After reduction,simplified_features,features_before_after_histogram.pdf,8
dataset_20/uvl/model_20230322_1036375763.uvl,Features,After reduction,simplified_features,features_before_after_histogram.pdf,29
dataset_20/uvl/model_20230322_1194175451.uvl,Features,After reduction,simplified_features,features_before_after_histogram.pdf,27
dataset_20/uvl/model_20230322_1299985155.uvl,Features,After reduction,simplified_features,features_before_after_histogram.pdf,21
dataset_20/uvl/model_20230322_1548752135.uvl,Features,After reduction,simplified_features,features_before_after_histogram.pdf,32
dataset_20/uvl/model_20230322_1573076538.uvl,Features,After reduction,simplified_features,features_before_after_histogram.pdf,9
dataset_20/uvl/model_20230322_1814026223.uvl,Features,After reduction,simplified_features,features_before_after_histogram.pdf,9
dataset_20/uvl/model_20230322_1855764436.uvl,Features,After reduction,simplified_features,features_before_after_histogram.pdf,12
dataset_20/uvl/model_20230322_1882971454.uvl,Features,After reduction,simplified_features,features_before_after_histogram.pdf,9
dataset_20/uvl/model_20230322_1887635433.uvl,Features,After reduction,simplified_features,features_before_after_histogram.pdf,13
dataset_20/uvl/model_20230322_1914329788.uvl,Features,After reduction,simplified_features,features_before_after_histogram.pdf,13
dataset_20/uvl/model_20230322_2049733851.uvl,Features,After reduction,simplified_features,features_before_after_histogram.pdf,9
dataset_20/uvl/model_20230322_2065877531.uvl,Features,After reduction,simplified_features,features_before_after_histogram.pdf,7
dataset_20/uvl/model_20230322_208918165.uvl,Features,After reduction,simplified_features,features_before_after_histogram.pdf,28
dataset_20/uvl/model_20230322_242202942.uvl,Features,After reduction,simplified_features,features_before_after_histogram.pdf,10
dataset_20/uvl/model_20230322_307237036.uvl,Features,After reduction,simplified_features,features_before_after_histogram.pdf,10
dataset_20/uvl/model_20230322_310895789.uvl,Features,After reduction,simplified_features,features_before_after_histogram.pdf,7
dataset_20/uvl/model_20230322_342259021.uvl,Features,After reduction,simplified_features,features_before_after_histogram.pdf,14
dataset_20/uvl/model_20230322_413432441.uvl,Features,After reduction,simplified_features,features_before_after_histogram.pdf,8
dataset_20/uvl/model_20230322_492815120.uvl,Features,After reduction,simplified_features,features_before_after_histogram.pdf,24
dataset_20/uvl/model_20230322_497943934.uvl,Features,After reduction,simplified_features,features_before_after_histogram.pdf,29
dataset_20/uvl/model_20230322_572568226.uvl,Features,After reduction,simplified_features,features_before_after_histogram.pdf,32
dataset_20/uvl/model_20230322_604627146.uvl,Features,After reduction,simplified_features,features_before_after_histogram.pdf,7
dataset_20/uvl/model_20230322_61558144.uvl,Features,After reduction,simplified_features,features_before_after_histogram.pdf,8
dataset_20/uvl/model_20230322_729074756.uvl,Features,After reduction,simplified_features,features_before_after_histogram.pdf,10
dataset_20/uvl/model_20230322_774285627.uvl,Features,After reduction,simplified_features,features_before_after_histogram.pdf,5
dataset_20/uvl/model_20230322_812446738.uvl,Features,After reduction,simplified_features,features_before_after_histogram.pdf,25
dataset_20/uvl/model_20230322_928718925.uvl,Features,After reduction,simplified_features,features_before_after_histogram.pdf,9
dataset_20/uvl/model_20230323_1102049462.uvl,Features,After reduction,simplified_features,features_before_after_histogram.pdf,4
dataset_20/uvl/model_20230323_1108197556.uvl,Features,After reduction,simplified_features,features_before_after_histogram.pdf,4
dataset_20/uvl/model_20230323_1971213764.uvl,Features,After reduction,simplified_features,features_before_after_histogram.pdf,18
dataset_20/uvl/model_20230323_425392427.uvl,Features,After reduction,simplified_features,features_before_after_histogram.pdf,14
dataset_20/uvl/model_20230323_58681865.uvl,Features,After reduction,simplified_features,features_before_after_histogram.pdf,4
dataset_20/uvl/model_20230323_642188361.uvl,Features,After reduction,simplified_features,features_before_after_histogram.pdf,10
dataset_20/uvl/model_20230323_867226898.uvl,Features,After reduction,simplified_features,features_before_after_histogram.pdf,5
dataset_20/uvl/model_20230323_901833353.uvl,Features,After reduction,simplified_features,features_before_after_histogram.pdf,25
dataset_20/uvl/model_20230422_2139223494.uvl,Features,After reduction,simplified_features,features_before_after_histogram.pdf,24
dataset_20/uvl/model_20230423_1943321532.uvl,Features,After reduction,simplified_features,features_before_after_histogram.pdf,6
dataset_20/uvl/model_20230426_159926820.uvl,Features,After reduction,simplified_features,features_before_after_histogram.pdf,27
dataset_20/uvl/model_20230505_1739075744.uvl,Features,After reduction,simplified_features,features_before_after_histogram.pdf,16
dataset_20/uvl/model_20230608_1658584159.uvl,Features,After reduction,simplified_features,features_before_after_histogram.pdf,19
dataset_20/uvl/model_20230609_1502711362.uvl,Features,After reduction,simplified_features,features_before_after_histogram.pdf,10
dataset_20/uvl/model_20230613_1168762973.uvl,Features,After reduction,simplified_features,features_before_after_histogram.pdf,6
dataset_20/uvl/model_20230615_1063099089.uvl,Features,After reduction,simplified_features,features_before_after_histogram.pdf,32
dataset_20/uvl/model_20230615_743611401.uvl,Features,After reduction,simplified_features,features_before_after_histogram.pdf,16
dataset_20/uvl/model_20230615_784426434.uvl,Features,After reduction,simplified_features,features_before_after_histogram.pdf,10
dataset_20/uvl/model_20230616_862941800.uvl,Features,After reduction,simplified_features,features_before_after_histogram.pdf,6
dataset_20/uvl/model_20230630_666266911.uvl,Features,After reduction,simplified_features,features_before_after_histogram.pdf,9
dataset_20/uvl/movies_app_fm.uvl,Features,After reduction,simplified_features,features_before_after_histogram.pdf,6
dataset_20/uvl/smart_home_fm.uvl,Features,After reduction,simplified_features,features_before_after_histogram.pdf,30
dataset_20/uvl/stack_fm.uvl,Features,After reduction,simplified_features,features_before_after_histogram.pdf,15
dataset_3/uvl/dm_HICSSDM.csv.uvl,Features,After reduction,simplified_features,features_before_after_histogram.pdf,28
dataset_4/uvl/dm_eShop_DM.csv.uvl,Features,After reduction,simplified_features,features_before_after_histogram.pdf,13
dataset_42/uvl/step1 Determine the information you need to display.uvl,Features,After reduction,simplified_features,features_before_after_histogram.pdf,9
dataset_42/uvl/step2 Select the best means to display the information (tables).uvl,Features,After reduction,simplified_features,features_before_after_histogram.pdf,8
"dataset_42/uvl/step3 Design the display to show the information simply, clearly and accurately (graphs).uvl",Features,After reduction,simplified_features,features_before_after_histogram.pdf,44
dataset_42/uvl/step4 Select the implementation for the visualization (graphs).uvl,Features,After reduction,simplified_features,features_before_after_histogram.pdf,6
dataset_42/uvl/step4 Select the implementation for the visualization (tables).uvl,Features,After reduction,simplified_features,features_before_after_histogram.pdf,6
dataset_43/uvl/model.uvl,Features,After reduction,simplified_features,features_before_after_histogram.pdf,9
dataset_44/uvl/software_strategies.uvl,Features,After reduction,simplified_features,features_before_after_histogram.pdf,53
dataset_45/uvl/SGPL.uvl,Features,After reduction,simplified_features,features_before_after_histogram.pdf,82
dataset_46/uvl/miband1.uvl,Features,After reduction,simplified_features,features_before_after_histogram.pdf,1
dataset_46/uvl/miband1_planned.uvl,Features,After reduction,simplified_features,features_before_after_histogram.pdf,1
dataset_46/uvl/miband1_realized.uvl,Features,After reduction,simplified_features,features_before_after_histogram.pdf,1
dataset_46/uvl/miband1s.uvl,Features,After reduction,simplified_features,features_before_after_histogram.pdf,2
dataset_46/uvl/miband1s_planned.uvl,Features,After reduction,simplified_features,features_before_after_histogram.pdf,2
dataset_46/uvl/miband1s_realized.uvl,Features,After reduction,simplified_features,features_before_after_histogram.pdf,2
dataset_46/uvl/miband2.uvl,Features,After reduction,simplified_features,features_before_after_histogram.pdf,6
dataset_46/uvl/miband2_planned.uvl,Features,After reduction,simplified_features,features_before_after_histogram.pdf,7
dataset_46/uvl/miband2_realized.uvl,Features,After reduction,simplified_features,features_before_after_histogram.pdf,7
dataset_46/uvl/miband3.uvl,Features,After reduction,simplified_features,features_before_after_histogram.pdf,8
dataset_46/uvl/miband3_planned.uvl,Features,After reduction,simplified_features,features_before_after_histogram.pdf,10
dataset_46/uvl/miband3_realized.uvl,Features,After reduction,simplified_features,features_before_after_histogram.pdf,9
dataset_46/uvl/miband4.uvl,Features,After reduction,simplified_features,features_before_after_histogram.pdf,10
dataset_46/uvl/miband4_planned.uvl,Features,After reduction,simplified_features,features_before_after_histogram.pdf,16
dataset_46/uvl/miband4_realized.uvl,Features,After reduction,simplified_features,features_before_after_histogram.pdf,14
dataset_46/uvl/miband5.uvl,Features,After reduction,simplified_features,features_before_after_histogram.pdf,12
dataset_46/uvl/miband5_planned.uvl,Features,After reduction,simplified_features,features_before_after_histogram.pdf,19
dataset_46/uvl/miband5_realized.uvl,Features,After reduction,simplified_features,features_before_after_histogram.pdf,13
dataset_46/uvl/miband6.uvl,Features,After reduction,simplified_features,features_before_after_histogram.pdf,13
dataset_46/uvl/miband6_planned.uvl,Features,After reduction,simplified_features,features_before_after_histogram.pdf,20
dataset_46/uvl/miband6_realized.uvl,Features,After reduction,simplified_features,features_before_after_histogram.pdf,13
dataset_46/uvl/miband7.uvl,Features,After reduction,simplified_features,features_before_after_histogram.pdf,11
dataset_46/uvl/miband7_planned.uvl,Features,After reduction,simplified_features,features_before_after_histogram.pdf,21
dataset_46/uvl/miband7_realized.uvl,Features,After reduction,simplified_features,features_before_after_histogram.pdf,14
dataset_46/uvl/miband8.uvl,Features,After reduction,simplified_features,features_before_after_histogram.pdf,11
dataset_46/uvl/miband8_planned.uvl,Features,After reduction,simplified_features,features_before_after_histogram.pdf,22
dataset_46/uvl/miband8_realized.uvl,Features,After reduction,simplified_features,features_before_after_histogram.pdf,13
dataset_48/uvl/REAL-FM-4.uvl,Features,After reduction,simplified_features,features_before_after_histogram.pdf,213
dataset_48/uvl/busybox-1.18.0.uvl,Features,After reduction,simplified_features,features_before_after_histogram.pdf,796
dataset_48/uvl/ea2468.uvl,Features,After reduction,simplified_features,features_before_after_histogram.pdf,630
dataset_49/uvl/REAL-FM-4.uvl,Features,After reduction,simplified_features,features_before_after_histogram.pdf,213
dataset_49/uvl/REAL-FM-7.uvl,Features,After reduction,simplified_features,features_before_after_histogram.pdf,10
dataset_49/uvl/arcade-game.uvl,Features,After reduction,simplified_features,features_before_after_histogram.pdf,40
dataset_49/uvl/busybox-1.18.0.uvl,Features,After reduction,simplified_features,features_before_after_histogram.pdf,796
dataset_49/uvl/ea2468.uvl,Features,After reduction,simplified_features,features_before_after_histogram.pdf,630
dataset_49/uvl/fqa.uvl,Features,After reduction,simplified_features,features_before_after_histogram.pdf,146
dataset_5/uvl/berkeleydb.uvl,Features,After reduction,simplified_features,features_before_after_histogram.pdf,63
dataset_50/uvl/SGPL.uvl,Features,After reduction,simplified_features,features_before_after_histogram.pdf,82
dataset_51/uvl/SGPL_reduced.uvl,Features,After reduction,simplified_features,features_before_after_histogram.pdf,37
dataset_52/uvl/CDI.uvl,Features,After reduction,simplified_features,features_before_after_histogram.pdf,26
dataset_56/uvl/TankWar_gft.uvl,Features,After reduction,simplified_features,features_before_after_histogram.pdf,28
dataset_57/uvl/Bausatz_2025_Ingredients.uvl,Features,After reduction,simplified_features,features_before_after_histogram.pdf,60
dataset_57/uvl/Bausatz_2025_Spirits.uvl,Features,After reduction,simplified_features,features_before_after_histogram.pdf,21
dataset_57/uvl/Bibra_2025_Bases.uvl,Features,After reduction,simplified_features,features_before_after_histogram.pdf,6
dataset_57/uvl/Bibra_2025_Dressings.uvl,Features,After reduction,simplified_features,features_before_after_histogram.pdf,15
dataset_57/uvl/Bibra_2025_FinalTouch.uvl,Features,After reduction,simplified_features,features_before_after_histogram.pdf,13
dataset_57/uvl/Bibra_2025_Ingredients.uvl,Features,After reduction,simplified_features,features_before_after_histogram.pdf,27
dataset_57/uvl/Bibra_2025_Marinades.uvl,Features,After reduction,simplified_features,features_before_after_histogram.pdf,7
dataset_57/uvl/Bibra_2025_Proteins.uvl,Features,After reduction,simplified_features,features_before_after_histogram.pdf,16
dataset_57/uvl/Fuengirola_Pizzas.uvl,Features,After reduction,simplified_features,features_before_after_histogram.pdf,29
dataset_57/uvl/JustSalad_2025_Additions.uvl,Features,After reduction,simplified_features,features_before_after_histogram.pdf,6
dataset_57/uvl/NamasteRincon_Pizza.uvl,Features,After reduction,simplified_features,features_before_after_histogram.pdf,33
dataset_57/uvl/Turkish_2025_Ingredients.uvl,Features,After reduction,simplified_features,features_before_after_histogram.pdf,27
dataset_58/uvl/IngredientsFM.uvl,Features,After reduction,simplified_features,features_before_after_histogram.pdf,30
dataset_6/uvl/financialservices01.uvl,Features,After reduction,simplified_features,features_before_after_histogram.pdf,670
dataset_61/uvl/model-v1.uvl,Features,After reduction,simplified_features,features_before_after_histogram.pdf,12
dataset_61/uvl/model-v2.uvl,Features,After reduction,simplified_features,features_before_after_histogram.pdf,12
dataset_61/uvl/model-v3.uvl,Features,After reduction,simplified_features,features_before_after_histogram.pdf,20
dataset_61/uvl/model-v4.uvl,Features,After reduction,simplified_features,features_before_after_histogram.pdf,21
dataset_61/uvl/model-v5.uvl,Features,After reduction,simplified_features,features_before_after_histogram.pdf,31
dataset_61/uvl/model-v6.uvl,Features,After reduction,simplified_features,features_before_after_histogram.pdf,56
dataset_61/uvl/model-v8.uvl,Features,After reduction,simplified_features,features_before_after_histogram.pdf,60
dataset_7/uvl/2017-05-22.uvl,Features,After reduction,simplified_features,features_before_after_histogram.pdf,448
dataset_7/uvl/2017-09-28.uvl,Features,After reduction,simplified_features,features_before_after_histogram.pdf,595
dataset_7/uvl/2017-10-20.uvl,Features,After reduction,simplified_features,features_before_after_histogram.pdf,601
dataset_7/uvl/2017-11-20.uvl,Features,After reduction,simplified_features,features_before_after_histogram.pdf,600
dataset_7/uvl/2017-12-22.uvl,Features,After reduction,simplified_features,features_before_after_histogram.pdf,602
dataset_7/uvl/2018-01-23.uvl,Features,After reduction,simplified_features,features_before_after_histogram.pdf,590
dataset_7/uvl/2018-02-20.uvl,Features,After reduction,simplified_features,features_before_after_histogram.pdf,637
dataset_7/uvl/2018-03-26.uvl,Features,After reduction,simplified_features,features_before_after_histogram.pdf,631
dataset_7/uvl/2018-04-23.uvl,Features,After reduction,simplified_features,features_before_after_histogram.pdf,673
dataset_7/uvl/2018-05-09.uvl,Features,After reduction,simplified_features,features_before_after_histogram.pdf,670
dataset_70/uvl/strategies.uvl,Features,After reduction,simplified_features,features_before_after_histogram.pdf,53
dataset_72/uvl/An_Instrument_for_Measuring Variability_Thinking.uvl,Features,After reduction,simplified_features,features_before_after_histogram.pdf,13
dataset_73/uvl/Dashboard.uvl,Features,After reduction,simplified_features,features_before_after_histogram.pdf,10
dataset_74/uvl/sample_splent_app.uvl,Features,After reduction,simplified_features,features_before_after_histogram.pdf,6
dataset_75/uvl/sample_splent_app.uvl,Features,After reduction,simplified_features,features_before_after_histogram.pdf,6
dataset_78/uvl/FitApp.uvl,Features,After reduction,simplified_features,features_before_after_histogram.pdf,21
dataset_78/uvl/FitnessApp.uvl,Features,After reduction,simplified_features,features_before_after_histogram.pdf,35
dataset_78/uvl/GpsPort.uvl,Features,After reduction,simplified_features,features_before_after_histogram.pdf,18
dataset_78/uvl/MonumentosZaragoza.uvl,Features,After reduction,simplified_features,features_before_after_histogram.pdf,18
dataset_78/uvl/SdaWorld.uvl,Features,After reduction,simplified_features,features_before_after_histogram.pdf,6
dataset_79/uvl/CasetViejaEscuela.uvl,Features,After reduction,simplified_features,features_before_after_histogram.pdf,4
dataset_79/uvl/FinTrack.uvl,Features,After reduction,simplified_features,features_before_after_histogram.pdf,12
dataset_80/uvl/propeller.uvl,Features,After reduction,simplified_features,features_before_after_histogram.pdf,14
dataset_81/uvl/sample_splent_app.uvl,Features,After reduction,simplified_features,features_before_after_histogram.pdf,13
dataset_82/uvl/sample_splent_app.uvl,Features,After reduction,simplified_features,features_before_after_histogram.pdf,11
dataset_87/uvl/cms_spl.uvl,Features,After reduction,simplified_features,features_before_after_histogram.pdf,22
dataset_88/uvl/marketplace_spl.uvl,Features,After reduction,simplified_features,features_before_after_histogram.pdf,8
dataset_89/uvl/demo_spl.uvl,Features,After reduction,simplified_features,features_before_after_histogram.pdf,2
dataset_90/uvl/demo_spl.uvl,Features,After reduction,simplified_features,features_before_after_histogram.pdf,2
dataset_91/uvl/demo_spl.uvl,Features,After reduction,simplified_features,features_before_after_histogram.pdf,2
dataset_92/uvl/openwiki_spl.uvl,Features,After reduction,simplified_features,features_before_after_histogram.pdf,12
dataset_93/uvl/openwiki_spl.uvl,Features,After reduction,simplified_features,features_before_after_histogram.pdf,12
dataset_94/uvl/cms_spl.uvl,Features,After reduction,simplified_features,features_before_after_histogram.pdf,25
dataset_95/uvl/cms_spl.uvl,Features,After reduction,simplified_features,features_before_after_histogram.pdf,25
dataset_96/uvl/cms_spl.uvl,Features,After reduction,simplified_features,features_before_after_histogram.pdf,25
dataset_97/uvl/cms_spl.uvl,Features,After reduction,simplified_features,features_before_after_histogram.pdf,26
