input_file,output_file,original_features,simplified_features,feature_reduction_ratio,original_constraints,simplified_constraints,constraint_reduction_ratio,removed_core_features,removed_dead_features,removed_atomic_set_features,full_reduction,input_model_loading_time_run_1_seconds,input_model_loading_time_run_2_seconds,input_model_loading_time_run_3_seconds,input_model_loading_time_mean_seconds,input_model_loading_time_standard_deviation_seconds,boolean_feature_type_validation_time_run_1_seconds,boolean_feature_type_validation_time_run_2_seconds,boolean_feature_type_validation_time_run_3_seconds,boolean_feature_type_validation_time_mean_seconds,boolean_feature_type_validation_time_standard_deviation_seconds,initial_satisfiability_check_time_run_1_seconds,initial_satisfiability_check_time_run_2_seconds,initial_satisfiability_check_time_run_3_seconds,initial_satisfiability_check_time_mean_seconds,initial_satisfiability_check_time_standard_deviation_seconds,core_feature_computation_time_run_1_seconds,core_feature_computation_time_run_2_seconds,core_feature_computation_time_run_3_seconds,core_feature_computation_time_mean_seconds,core_feature_computation_time_standard_deviation_seconds,dead_feature_computation_time_run_1_seconds,dead_feature_computation_time_run_2_seconds,dead_feature_computation_time_run_3_seconds,dead_feature_computation_time_mean_seconds,dead_feature_computation_time_standard_deviation_seconds,atomic_set_computation_time_run_1_seconds,atomic_set_computation_time_run_2_seconds,atomic_set_computation_time_run_3_seconds,atomic_set_computation_time_mean_seconds,atomic_set_computation_time_standard_deviation_seconds,reduction_time_run_1_seconds,reduction_time_run_2_seconds,reduction_time_run_3_seconds,reduction_time_mean_seconds,reduction_time_standard_deviation_seconds,reduction_satisfiability_check_time_run_1_seconds,reduction_satisfiability_check_time_run_2_seconds,reduction_satisfiability_check_time_run_3_seconds,reduction_satisfiability_check_time_mean_seconds,reduction_satisfiability_check_time_standard_deviation_seconds,reduction_original_cnf_construction_time_run_1_seconds,reduction_original_cnf_construction_time_run_2_seconds,reduction_original_cnf_construction_time_run_3_seconds,reduction_original_cnf_construction_time_mean_seconds,reduction_original_cnf_construction_time_standard_deviation_seconds,reduction_removal_plan_computation_time_run_1_seconds,reduction_removal_plan_computation_time_run_2_seconds,reduction_removal_plan_computation_time_run_3_seconds,reduction_removal_plan_computation_time_mean_seconds,reduction_removal_plan_computation_time_standard_deviation_seconds,reduction_variable_projection_time_run_1_seconds,reduction_variable_projection_time_run_2_seconds,reduction_variable_projection_time_run_3_seconds,reduction_variable_projection_time_mean_seconds,reduction_variable_projection_time_standard_deviation_seconds,reduction_feature_tree_rebuild_time_run_1_seconds,reduction_feature_tree_rebuild_time_run_2_seconds,reduction_feature_tree_rebuild_time_run_3_seconds,reduction_feature_tree_rebuild_time_mean_seconds,reduction_feature_tree_rebuild_time_standard_deviation_seconds,reduction_structural_model_validation_time_run_1_seconds,reduction_structural_model_validation_time_run_2_seconds,reduction_structural_model_validation_time_run_3_seconds,reduction_structural_model_validation_time_mean_seconds,reduction_structural_model_validation_time_standard_deviation_seconds,reduction_projected_constraint_addition_time_run_1_seconds,reduction_projected_constraint_addition_time_run_2_seconds,reduction_projected_constraint_addition_time_run_3_seconds,reduction_projected_constraint_addition_time_mean_seconds,reduction_projected_constraint_addition_time_standard_deviation_seconds,reduction_reduced_model_validation_time_run_1_seconds,reduction_reduced_model_validation_time_run_2_seconds,reduction_reduced_model_validation_time_run_3_seconds,reduction_reduced_model_validation_time_mean_seconds,reduction_reduced_model_validation_time_standard_deviation_seconds,simplified_model_storage_time_run_1_seconds,simplified_model_storage_time_run_2_seconds,simplified_model_storage_time_run_3_seconds,simplified_model_storage_time_mean_seconds,simplified_model_storage_time_standard_deviation_seconds,reduced_model_reloading_time_run_1_seconds,reduced_model_reloading_time_run_2_seconds,reduced_model_reloading_time_run_3_seconds,reduced_model_reloading_time_mean_seconds,reduced_model_reloading_time_standard_deviation_seconds,statistics_computation_time_run_1_seconds,statistics_computation_time_run_2_seconds,statistics_computation_time_run_3_seconds,statistics_computation_time_mean_seconds,statistics_computation_time_standard_deviation_seconds,evaluation_time_run_1_seconds,evaluation_time_run_2_seconds,evaluation_time_run_3_seconds,evaluation_time_mean_seconds,evaluation_time_standard_deviation_seconds
dataset_10/uvl/automotive01.uvl,dataset_10/uvl/automotive01.uvl,2513,1713,0.318345,2833,6465,-1.282033,93,185,522,FALSE,0.561898,0.430368,0.298948,0.430405,0.107349,5.24e-4,5.15e-4,7.6e-4,6e-4,1.14e-4,4.553892,4.072498,4.304621,4.310337,0.19657,4.174488,4.060114,4.08751,4.107371,0.048759,4.122074,4.07229,4.083103,4.092489,0.02138,4.295477,4.18757,4.191984,4.22501,0.04986,65.795342,67.115051,73.28719,68.732528,3.265386,4.010283,4.011708,5.027746,4.349912,0.479301,3.993809,4.11122,4.549131,4.218053,0.238964,12.456577,12.656872,12.707812,12.607087,0.108439,14.376078,14.17311,14.582222,14.377137,0.167021,6.249887,6.211692,6.470366,6.310648,0.114009,1.726876,1.71018,1.710672,1.715909,0.007757,2.264401,2.327312,2.276927,2.289546,0.027189,20.717421,21.91294,25.962302,22.864221,2.244385,0.651555,0.088042,0.110235,0.283277,0.260569,1.992352,1.82137,3.355636,2.389786,0.686517,0.003372,0.002583,0.002473,0.002809,4.01e-4,86.151081,85.850503,93.722585,88.574723,3.642156
dataset_11/uvl/XSEngine.uvl,dataset_11/uvl/XSEngine.uvl,1273,668,0.475255,886,1249,-0.409707,42,46,517,FALSE,0.158578,0.150464,0.126325,0.145122,0.013698,3.86e-4,2.55e-4,1.97e-4,2.79e-4,7.9e-5,0.795704,1.942412,0.705887,1.148001,0.562929,0.729127,0.691659,0.695131,0.705306,0.016904,1.015441,0.690433,0.706983,0.804286,0.149462,0.789257,0.755905,0.790319,0.778494,0.015979,8.661137,8.45046,8.421028,8.510875,0.106928,0.706827,0.691534,0.693015,0.697125,0.006887,0.710408,0.705422,0.700506,0.705445,0.004042,2.328911,2.339308,2.344427,2.337549,0.006455,0.638847,0.617463,0.617087,0.624466,0.01017,3.433399,3.282832,3.250632,3.322288,0.079659,0.097114,0.096013,0.095355,0.096161,7.26e-4,0.172324,0.159175,0.163492,0.164997,0.0054729999999999996,0.573292,0.558703,0.556504,0.562833,0.00745,0.013697,0.011436,0.008817,0.011317,0.001994,0.133337,0.119238,0.117886,0.123487,0.006987,0.00111,0.001061,0.00103,0.001067,3.3e-5,12.297853,12.813389,11.573677,12.228306,0.508494
dataset_11/uvl/aaed2000.uvl,dataset_11/uvl/aaed2000.uvl,1298,680,0.476117,904,1591,-0.759956,42,54,522,FALSE,0.155027,0.130734,0.128168,0.137976,0.012102,2.43e-4,2.19e-4,3.61e-4,2.74e-4,6.2e-5,0.720358,0.711223,0.719084,0.716888,0.00404,0.722541,0.717671,0.718094,0.719435,0.002203,0.713461,0.719624,0.718942,0.717342,0.002759,0.781401,0.782142,0.776569,0.780037,0.002471,8.950072,8.891781,8.857899,8.899917,0.038067,0.718589,0.716885,0.713685,0.716386,0.002033,0.732142,0.732145,0.727499,0.730595,0.002189,2.416961,2.405196,2.41209,2.411416,0.004827,0.711213,0.695633,0.705711,0.704185,0.006451,3.303814,3.302294,3.268567,3.291558,0.016269,0.098387,0.097338,0.09797,0.097898,4.31e-4,0.249942,0.219115,0.217238,0.228765,0.014994,0.719012,0.723164,0.715128,0.719101,0.003281,0.009631,0.013054,0.009558,0.010748,0.001631,0.150417,0.146697,0.151368,0.149494,0.002015,0.001157,0.001068,0.001128,0.001118,3.7e-5,12.204374,12.114282,12.081242,12.133299,0.052036
dataset_11/uvl/adder.uvl,dataset_11/uvl/adder.uvl,1285,642,0.500389,890,1168,-0.31236,4,44,595,FALSE,0.13879,0.125563,0.123639,0.129331,0.006735,2.66e-4,1.8e-4,2.12e-4,2.19e-4,3.5e-5,0.700798,0.697318,0.700163,0.699426,0.001513,0.696377,0.693138,0.699051,0.696189,0.002418,0.698963,0.724274,0.693228,0.705488,0.013488,0.745217,0.751407,0.744703,0.747109,0.003047,8.847384,8.949432,8.794223,8.863679,0.064403,0.708385,0.687074,0.688844,0.694767,0.009656,0.709506,0.704383,0.707965,0.707284,0.002146,2.356195,2.36154,2.343893,2.353876,0.007389,0.619272,0.626516,0.6211,0.622296,0.003076,3.703999,3.821,3.682763,3.735921,0.060782,0.084711,0.08457,0.085015,0.084765,1.85e-4,0.151345,0.150002,0.147893,0.149746,0.001421,0.513961,0.514337,0.516742,0.515013,0.001232,0.021151,0.007718,0.007693,0.012187,0.006338,0.110294,0.111027,0.110901,0.11074,3.2e-4,0.001044,0.001011,0.001281,0.001112,1.2e-4,11.960346,12.06113,11.875161,11.965546,0.076011
dataset_11/uvl/adderII.uvl,dataset_11/uvl/adderII.uvl,1289,644,0.500388,890,1473,-0.655056,4,44,597,FALSE,0.137173,0.124817,0.125814,0.129268,0.005605,2.05e-4,1.97e-4,2.16e-4,2.06e-4,8e-6,0.700123,0.707141,0.699011,0.702091,0.003599,0.70803,0.699547,0.71141,0.706329,0.00499,0.695935,0.69799,0.696771,0.696899,8.44e-4,0.754733,0.752215,0.750273,0.752407,0.001826,9.240178,9.114198,9.244565,9.199647,0.060448,0.690739,0.69532,0.69518,0.693746,0.002127,0.714543,0.715426,0.716716,0.715562,8.93e-4,2.359452,2.367217,2.3848,2.370489,0.010604,0.694412,0.682923,0.740317,0.705884,0.024795,3.805139,3.689186,3.746068,3.746797,0.04734,0.086924,0.085839,0.086015,0.086259,4.76e-4,0.218848,0.203007,0.199033,0.206963,0.008559,0.670107,0.675272,0.676428,0.673935,0.002748,0.03677,0.008933,0.009169,0.01829,0.013067,0.146568,0.145748,0.147781,0.146699,8.35e-4,0.001072,0.001131,0.001063,0.001089,3e-5,12.420837,12.251969,12.386126,12.352977,0.072816
dataset_11/uvl/aeb.uvl,dataset_11/uvl/aeb.uvl,1226,625,0.490212,875,1399,-0.598857,42,58,501,FALSE,0.132968,0.122103,0.122194,0.125755,0.005101,1.73e-4,2.14e-4,2.41e-4,2.09e-4,2.8e-5,0.656893,0.659383,0.680962,0.665746,0.010807,0.670619,0.660584,0.664115,0.665106,0.004156,0.664519,0.661528,0.662042,0.662697,0.001306,0.71293,0.733535,0.718964,0.72181,0.008649,7.944431,7.961935,8.018845,7.97507,0.031768,0.657195,0.65536,0.656141,0.656232,7.52e-4,0.690937,0.714881,0.677187,0.694335,0.015575,2.212529,2.205466,2.222353,2.2134490000000002,0.006925,0.628639,0.610695,0.645231,0.628189,0.014103,2.898072,2.910266,2.955235,2.921191,0.024582,0.090423,0.091283,0.09135,0.091019,4.22e-4,0.184792,0.187382,0.189381,0.187185,0.001878,0.581834,0.586592,0.581959,0.583462,0.002214,0.020975,0.008633,0.009516,0.013041,0.005621,0.127493,0.129577,0.129362,0.128811,9.36e-4,0.001041,0.001033,0.001029,0.001034,5e-6,10.932098,10.938575,11.007327,10.959333,0.03404
dataset_11/uvl/aim711.uvl,dataset_11/uvl/aim711.uvl,1277,650,0.490995,912,1130,-0.239035,42,49,536,FALSE,0.141508,0.129801,0.162705,0.144671,0.013618,1.73e-4,2e-4,2.3e-4,2.01e-4,2.3e-5,0.710351,0.767745,0.717755,0.73195,0.025491,0.721867,0.716092,0.713191,0.71705,0.003606,0.710236,0.712048,0.715742,0.712675,0.002291,0.768816,0.767094,0.768208,0.768039,7.13e-4,8.483329,8.595731,8.628249,8.569103,0.062087,0.708451,0.709484,0.715157,0.711031,0.002948,0.724364,0.727543,0.76731799999999994,0.739742,0.019542,2.396795,2.394758,2.406922,2.399491,0.00532,0.62421,0.635313,0.644242,0.634588,0.008194,3.278987,3.361511,3.33871,3.326403,0.034796,0.093346,0.093482,0.094439,0.093755,4.86e-4,0.146076,0.145764,0.147131,0.146324,5.85e-4,0.511091,0.527867,0.514321,0.51776,0.007267,0.00795,0.008643,0.008005,0.008199,3.14e-4,0.10926,0.11759,0.111463,0.112771,0.003524,9.84e-4,0.001088,0.001062,0.001044,4.4e-5,11.654528000000001,11.816091,11.826668,11.765762,0.078773
dataset_11/uvl/aki3068net.uvl,dataset_11/uvl/aki3068net.uvl,1220,625,0.487705,851,1462,-0.717979,4,46,545,FALSE,0.12971,0.117922,0.11706,0.121564,0.005771,1.96e-4,1.62e-4,1.98e-4,1.85e-4,1.7e-5,0.64594,0.640952,0.632982,0.639958,0.005337,0.637257,0.633267,0.635472,0.635332,0.001632,0.634451,0.635044,0.630459,0.633318,0.002036,0.683734,0.690114,0.687603,0.68715,0.002624,8.170632,8.151677,8.184175,8.168828,0.013328,0.625639,0.628706,0.626951,0.627099,0.001256,0.647187,0.643105,0.647908,0.646067,0.002115,2.147869,2.153183,2.16446,2.155171,0.006917,0.672282,0.674546,0.676761,0.67453,0.001829,3.186334,3.163738,3.171278,3.173783,0.009393,0.080107,0.079489,0.079252,0.079616,3.6e-4,0.198411,0.197908,0.200477,0.198932,0.001111,0.612793,0.610991,0.617079,0.613621,0.002553,0.008467,0.0087,0.011863,0.009677,0.001549,0.135349,0.136046,0.133405,0.134933,0.001118,0.001014,0.001028,0.001346,0.001129,1.53e-4,11.046803,11.014964,11.034615,11.032127,0.013117
dataset_11/uvl/am31_sim.uvl,dataset_11/uvl/am31_sim.uvl,1178,603,0.488115,819,1422,-0.736264,4,53,518,FALSE,0.139083,0.110856,0.108815,0.119585,0.013813,1.72e-4,1.79e-4,1.65e-4,1.72e-4,6e-6,0.581931,0.587286,0.58675,0.585322,0.002408,0.589708,0.586771,0.59186,0.589446,0.002086,0.586817,0.5896,0.592566,0.589661,0.002348,0.636177,0.635833,0.636732,0.636247,3.71e-4,7.538957,7.507104,7.44013,7.495397,0.041186,0.585504,0.580892,0.579179,0.581858,0.002671,0.591473,0.599153,0.596162,0.595596,0.003161,1.984378,2.017696,1.981986,1.994687,0.016299,0.634636,0.621761,0.58712,0.614506,0.020065,2.914137,2.857651,2.869722,2.880503,0.024288,0.073056,0.072157,0.072774,0.072662,3.75e-4,0.188721,0.189241,0.184822,0.187595,0.001972,0.567043,0.568544,0.568355,0.567981,6.67e-4,0.097775,0.009417,0.008163,0.038452,0.041951,0.139916,0.126787,0.126094,0.130932,0.006358,9.38e-4,9.89e-4,9.76e-4,9.68e-4,2.1e-5,10.311527,10.154877,10.092303,10.186235,0.092204
dataset_11/uvl/asb.uvl,dataset_11/uvl/asb.uvl,1244,651,0.476688,851,1331,-0.564042,4,57,532,FALSE,0.133641,0.115319,0.115956,0.121639,0.008491,1.91e-4,1.99e-4,1.72e-4,1.87e-4,1.1e-5,0.641993,0.651274,0.63823,0.643832,0.005481,0.637604,0.644394,0.642739,0.641579,0.002891,0.638289,0.637699,0.64338,0.639789,0.002551,0.726863,0.694697,0.695494,0.705684,0.014979,8.158861,8.091863,8.078684,8.109803,0.035104,0.637416,0.635199,0.630989,0.634534,0.002666,0.654567,0.649008,0.64551,0.649695,0.003729,2.189175,2.163759,2.158508,2.170481,0.013392,0.647713,0.649252,0.650375,0.649113,0.001091,3.183382,3.141562,3.146807,3.15725,0.018602,0.083782,0.083389,0.084231,0.083801,3.44e-4,0.179253,0.183308,0.182264,0.181609,0.001719,0.583565,0.586375,0.579965,0.583301,0.002624,0.008346,0.008042,0.008172,0.008187,1.24e-4,0.125569,0.122554,0.125,0.124374,0.001308,0.001021,0.001096,0.001113,0.001077,4e-5,11.072428,10.967189,10.948991,10.996202,0.054409
dataset_11/uvl/asb2305.uvl,dataset_11/uvl/asb2305.uvl,1255,652,0.480478,857,1382,-0.612602,4,66,533,FALSE,0.136518,0.124077,0.118119,0.126238,0.007665,1.74e-4,2.82e-4,1.79e-4,2.12e-4,5e-5,0.653094,0.736288,0.658091,0.682491,0.038095,0.653704,0.702531,0.651427,0.66922,0.023572,0.651809,0.67707,0.660331,0.66307,0.010493,0.70285,0.703244,0.698302,0.701465,0.002243,8.714404,8.319052,8.248373,8.427276,0.20507,0.644071,0.65647200000000006,0.651392,0.650645,0.00509,0.665432,0.670366,0.668773,0.66819,0.002056,2.385818,2.240734,2.216666,2.281073,0.074715,0.67367,0.673309,0.63254,0.65984,0.019304,3.432978,3.205974,3.203537,3.28083,0.10759,0.088945,0.084357,0.085704,0.086335,0.001925,0.204588,0.196361,0.189687,0.196878,0.006094,0.618893,0.591465,0.600066,0.603475,0.011454,0.008412,0.008335,0.008539,0.008428,8.4e-5,0.134202,0.1257,0.127077,0.128993,0.003726,0.001234,9.89e-4,9.5e-4,0.001057,1.26e-4,11.656455,11.397625,11.171439,11.408506,0.198156
dataset_11/uvl/assabet.uvl,dataset_11/uvl/assabet.uvl,1279,645,0.4957,927,1557,-0.679612,42,73,519,FALSE,0.135399,0.12658,0.126972,0.12965,0.004068,1.88e-4,1.84e-4,2.2e-4,1.97e-4,1.6e-5,0.722888,0.718008,0.723617,0.721504,0.00249,0.727095,0.729472,0.725202,0.727256,0.001747,0.728504,0.726791,0.735142,0.730146,0.003602,0.777304,0.782749,0.773218,0.777757,0.003904,8.715257,8.729061,8.679104,8.707807,0.021064,0.721849,0.725108,0.719667,0.722208,0.002236,0.738527,0.73975900000000006,0.737206,0.738497,0.001042,2.424701,2.419063,2.419748,2.421171,0.002512,0.669427,0.666881,0.664608,0.666972,0.001968,3.185253,3.20368,3.168522,3.185819,0.014359,0.096819,0.09808,0.096427,0.097109,7.05e-4,0.213916,0.211735,0.211465,0.212372,0.001097,0.664756,0.664745,0.661452,0.663651,0.001555,0.009298,0.009153,0.010097,0.009516,4.15e-4,0.142269,0.145975,0.16923,0.152491,0.011932,0.001055,9.56e-4,0.001065,0.001025,4.9e-5,11.959361,11.968982,11.943925,11.957423,0.010321
dataset_11/uvl/at91sam7sek.uvl,dataset_11/uvl/at91sam7sek.uvl,1309,654,0.500382,917,1431,-0.560523,42,79,534,FALSE,0.140668,0.140763,0.137172,0.139534,0.001671,2.46e-4,1.96e-4,2.1e-4,2.17e-4,2.1e-5,0.769994,0.77826,0.810087,0.786114,0.017284,0.739513,0.799614,0.876957,0.805361,0.056258,0.758898,0.757102,0.834635,0.783545,0.036134,0.781689,0.793335,0.830588,0.801871,0.020855,9.399256,9.008058,9.162991,9.190101,0.160852,0.729138,0.736318,0.744462,0.73664,0.00626,0.7469,0.764184,0.760247,0.75711,0.007397,2.463907,2.531802,2.550683,2.515464,0.037262,0.716805,0.726693,0.731541,0.725013,0.006132,3.789217,3.332724,3.432581,3.518174,0.195944,0.098094,0.095908,0.097254,0.097085,9e-4,0.216583,0.191947,0.207662,0.205397,0.010184,0.638602,0.628472,0.638549,0.635207,0.004763,0.018739,0.012559,0.013479,0.014926,0.002722,0.140597,0.156308,0.13689,0.144598,0.008417,0.001051,9.93e-4,9.8e-4,0.001008,3.1e-5,12.750706,12.447244,12.804042,12.66733,0.157141
dataset_11/uvl/at91sam7xek.uvl,dataset_11/uvl/at91sam7xek.uvl,1332,674,0.493994,928,1305,-0.40625,42,66,550,FALSE,0.244251,0.133909,0.132381,0.17018,0.052379,2.31e-4,1.93e-4,1.92e-4,2.05e-4,1.8e-5,0.816075,0.778876,0.77092,0.788624,0.019681,0.768235,0.780944,0.777448,0.775542,0.005361,0.785945,0.787199,0.768614,0.780586,0.008481,0.821985,0.814902,0.819418,0.818768,0.002928,9.260504,9.286827,9.422858,9.323396,0.071146,0.764739,0.76614,0.753612,0.761497,0.005605,0.780031,0.779755,0.780961,0.780249,5.16e-4,2.585761,2.589699,2.596807,2.590756,0.004571,0.680466,0.668906,0.668577,0.672649,0.005528,3.563562,3.609535,3.61944,3.597512,0.024345,0.100364,0.098907,0.106269,0.101847,0.003183,0.186006,0.182489,0.220003,0.196166,0.016916,0.599565,0.591388,0.677181,0.622711,0.03866,0.01336,0.008032,0.021587,0.014327,0.005576,0.123043,0.122773,0.125567,0.123794,0.001258,9.76e-4,0.001038,9.82e-4,9.99e-4,2.8e-5,12.834654,12.714755,12.840022,12.796477,0.057828
dataset_11/uvl/atlas_mips32_4kc.uvl,dataset_11/uvl/atlas_mips32_4kc.uvl,1229,633,0.484947,859,1476,-0.718277,3,47,546,FALSE,0.128943,0.119727,0.116096,0.121588,0.005407,1.84e-4,2.05e-4,2.06e-4,1.98e-4,1e-5,0.650395,0.655393,0.641318,0.649035,0.005826,0.650176,0.653111,0.652211,0.651833,0.001227,0.655361,0.651185,0.656315,0.654287,0.002228,0.701725,0.70844,0.693951,0.701372,0.005921,8.507873,8.478712,8.352841,8.446475,0.067271,0.63705,0.653689,0.648333,0.646357,0.006935,0.664685,0.714,0.658737,0.679141,0.024769,2.263616,2.2189,2.175284,2.219267,0.036062,0.695216,0.689925,0.679428,0.68819,0.006561,3.317598,3.284132,3.273155,3.291628,0.018902,0.083379,0.083185,0.085701,0.084088,0.001143,0.212504,0.21135,0.206042,0.209965,0.002814,0.633817,0.623523,0.626152,0.627831,0.004367,0.008147,0.008484,0.010427,0.00902,0.001005,0.135588,0.134433,0.131996,0.134006,0.001497,9.5e-4,0.00106,9.77e-4,9.96e-4,4.7e-5,11.439392,11.410817,11.256393,11.368867,0.080382
dataset_11/uvl/atlas_mips64_5kc.uvl,dataset_11/uvl/atlas_mips64_5kc.uvl,1222,630,0.484452,857,1351,-0.576429,4,47,541,FALSE,0.140735,0.116516,0.114789,0.124013,0.011845,2.65e-4,1.25e-4,8e-5,1.56e-4,7.9e-5,0.64268,0.641015,0.642779,0.642158,8.09e-4,0.645074,0.646055,0.642007,0.644379,0.001724,0.642837,0.644455,0.642902,0.643398,7.48e-4,0.690649,0.68611,0.68765,0.688137,0.001885,8.162263,8.225694,8.099334,8.16243,0.051586,0.633144,0.635647,0.63794,0.635577,0.001958,0.658288,0.655254,0.644394,0.652645,0.005965,2.175394,2.234056,2.15166,2.187036,0.034631,0.632431,0.660898,0.67266,0.655329,0.016889,3.19782,3.181573,3.151645,3.177012,0.019125,0.083369,0.08341,0.083153,0.083311,1.13e-4,0.183859,0.187339,0.188425,0.186541,0.001947,0.597921,0.58751,0.56945,0.58496,0.011762,0.009211,0.007929,0.007775,0.008305,6.44e-4,0.123572,0.127403,0.125921,0.125632,0.001577,9.13e-4,0.001007,9.19e-4,9.47e-4,4.3e-5,11.058254,11.09637,10.964208,11.039611,0.055542
dataset_11/uvl/brutus.uvl,dataset_11/uvl/brutus.uvl,1234,624,0.494327,876,1370,-0.563927,42,61,507,FALSE,0.121015,0.121775,0.120226,0.121005,6.32e-4,1.06e-4,8.1e-5,1.06e-4,9.7e-5,1.2e-5,0.670018,0.657087,0.66507,0.664058,0.005327,0.677441,0.672937,0.669901,0.673426,0.003098,0.673119,0.670296,0.663716,0.669044,0.003939,0.719886,0.710269,0.725845,0.718667,0.006417,8.058835,8.060921,8.082179,8.067312,0.010547,0.666313,0.660431,0.66165,0.662798,0.002535,0.682388,0.677177,0.682418,0.680661,0.002464,2.25906,2.237605,2.301112,2.265926,0.026377,0.640215,0.645107,0.649938,0.645086,0.00397,2.965615,2.994028,2.942513,2.967385,0.021068,0.090421,0.087932,0.088942,0.089098,0.001022,0.180608,0.185707,0.183763,0.183359,0.002101,0.574207,0.572925,0.571836,0.572989,9.69e-4,0.026206,0.008308,0.007844,0.014119,0.008549,0.127161,0.125311,0.128792,0.127088,0.001422,9.41e-4,0.001162,8.94e-4,9.99e-4,1.17e-4,11.074779,11.028199,11.064628,11.055869,0.019999
dataset_11/uvl/calm16_ceb.uvl,dataset_11/uvl/calm16_ceb.uvl,1186,610,0.485666,830,939,-0.131325,4,54,518,FALSE,0.124826,0.109958,0.112095,0.115626,0.006563,8.4e-5,8.6e-5,6.8e-5,7.9e-5,8e-6,0.604508,0.604563,0.593197,0.600756,0.005345,0.615322,0.626689,0.599632,0.613881,0.011093,0.616266,0.600393,0.599331,0.60533,0.007745,0.64499,0.650721,0.639617,0.645109,0.004534,7.371579,7.335289,7.191545,7.299471,0.07774,0.605503,0.602408,0.594476,0.600796,0.004644,0.619575,0.612436,0.601931,0.611314,0.007246,2.059193,2.067606,1.992066,2.039621,0.033802,0.567256,0.555406,0.545867,0.556176,0.008749,2.919295,2.895116,2.864089,2.892833,0.022595,0.077306,0.075901,0.076581,0.076596,5.74e-4,0.121374,0.121664,0.119969,0.121002,7.4e-4,0.40207,0.404748,0.396558,0.401125,0.00341,0.056904,0.006671,0.006407,0.023327,0.023743,0.095969,0.091809,0.089976,0.092585,0.002507,8.79e-4,0.00093000000000000005,0.001092,9.67e-4,9.1e-5,10.131375,10.027161,9.833013,9.997183,0.123637
dataset_11/uvl/calm32_ceb.uvl,dataset_11/uvl/calm32_ceb.uvl,1186,610,0.485666,830,939,-0.131325,4,54,518,FALSE,0.112408,0.113693,0.11081,0.112303,0.001179,8.1e-5,7.1e-5,6.8e-5,7.3e-5,6e-6,0.598744,0.59804,0.599437,0.59874,5.71e-4,0.600215,0.599658,0.596477,0.598783,0.001647,0.602211,0.598069,0.597292,0.59919,0.002159,0.640741,0.635479,0.638091,0.638104,0.002148,7.25215,7.442499,7.261898,7.318849,0.087524,0.591222,0.592796,0.589498,0.591172,0.001347,0.603336,0.630602,0.610277,0.614738,0.01157,2.009828,2.166946,2.015953,2.064242,0.072666,0.566775,0.568137,0.558308,0.564407,0.004348,2.888535,2.886916,2.889325,2.888258,0.001003,0.076363,0.075316,0.075915,0.075864,4.29e-4,0.121972,0.120051,0.123949,0.12199,0.001591,0.394111,0.401726,0.398667,0.398168,0.003129,0.006515,0.006645,0.006716,0.006626,8.3e-5,0.088944,0.089063,0.089214,0.089073,1.11e-4,9.95e-4,8.26e-4,7.59e-4,8.6e-4,9.9e-5,9.903055,10.084094,9.900815,9.962654,0.085875
dataset_11/uvl/ceb_v850.uvl,dataset_11/uvl/ceb_v850.uvl,1202,618,0.485857,843,1277,-0.514828,4,51,529,FALSE,0.139391,0.113789,0.113917,0.122365,0.012039,7e-5,8e-5,8.6e-5,7.9e-5,6e-6,0.61387100000000006,0.626724,0.616495,0.61903,0.005545,0.621055,0.615014,0.618925,0.618331,0.002502,0.616209,0.621745,0.61459,0.617515,0.003064,0.660346,0.658958,0.665426,0.661576,0.00278,7.777255,7.756507,7.746516,7.760093,0.012803,0.623222,0.612526,0.613242,0.61633,0.004882,0.631743,0.629392,0.63232,0.631151,0.001266,2.079764,2.090547,2.074916,2.081743,0.006533,0.605146,0.600958,0.607821,0.604642,0.002824,3.044413,3.03553,3.033957,3.037967,0.004603,0.082503,0.079207,0.079365,0.080358,0.001518,0.170939,0.173385,0.171872,0.172065,0.001008,0.539517,0.534954,0.533015,0.535829,0.002726,0.007387,0.007678,0.00788,0.007648,2.02e-4,0.116763,0.117434,0.118529,0.117575,7.28e-4,8.59e-4,7.75e-4,7.35e-4,7.9e-4,5.2e-5,10.553257,10.518761,10.503161,10.525059,0.020931
dataset_11/uvl/cerf.uvl,dataset_11/uvl/cerf.uvl,1289,656,0.491078,935,1369,-0.464171,42,57,534,FALSE,0.138276,0.127549,0.130275,0.132034,0.004552,9.5e-5,8e-5,1.11e-4,9.5e-5,1.2e-5,0.74007,0.745472,0.739272,0.741605,0.002754,0.742674,0.741113,0.738879,0.740889,0.001557,0.739002,0.7486,0.740252,0.742618,0.004261,0.805828,0.803886,0.803823,0.804512,9.31e-4,8.891072,8.864918,8.904485,8.886825,0.01643,0.740972,0.733652,0.732518,0.735714,0.003747,0.752816,0.750947,0.74835,0.750704,0.001831,2.483239,2.478231,2.48285,2.48144,0.002275,0.691164,0.69949,0.700271,0.696975,0.004121,3.288708,3.306636,3.343726,3.313023,0.022911,0.098928,0.097001,0.101313,0.099081,0.001764,0.193834,0.194497,0.195184,0.194505,5.51e-4,0.641397,0.604448,0.600265,0.61537,0.018483,0.022796,0.008042,0.030687,0.020508,0.009385,0.12696,0.125116,0.127055,0.126377,8.92e-4,8.29e-4,8.15e-4,7.77e-4,8.07e-4,2.2e-5,12.207663,12.165649,12.215677,12.196329,0.02194
dataset_11/uvl/cerfpda.uvl,dataset_11/uvl/cerfpda.uvl,1304,662,0.492331,946,1403,-0.483087,42,57,543,FALSE,0.146982,0.130696,0.132469,0.136716,0.007295,8.4e-5,8.6e-5,9.3e-5,8.8e-5,4e-6,0.752532,0.755313,0.763945,0.757263,0.004859,0.763754,0.776775,0.757095,0.765875,0.008173,0.751092,0.75707,0.763371,0.757177,0.005013,0.805537,0.804136,0.806623,0.805432,0.001018,9.025239,9.091403,9.203458,9.1067,0.073557,0.744746,0.748246,0.75203,0.748341,0.002974,0.768526,0.765242,0.769682,0.767817,0.001881,2.528348,2.561276,2.546942,2.545522,0.01348,0.672254,0.690039,0.694042,0.685445,0.00947,3.385531,3.398654,3.513789,3.432658,0.057618,0.099218,0.100354,0.100088,0.099887,4.85e-4,0.20058,0.196405,0.19647,0.197818,0.001953,0.626026,0.631179,0.630407,0.629204,0.002269,0.008365,0.008724,0.008576,0.008555,1.48e-4,0.129793,0.129964,0.130116,0.129958,1.32e-4,8.12e-4,7.8e-4,8.2e-4,8.04e-4,1.7e-5,12.384243,12.455013,12.566634,12.46863,0.075081
dataset_11/uvl/cma230.uvl,dataset_11/uvl/cma230.uvl,1225,624,0.490612,868,1263,-0.455069,43,58,500,FALSE,0.130665,0.121092,0.118335,0.123364,0.005284,8.4e-5,8.2e-5,9e-5,8.5e-5,3e-6,0.649329,0.648206,0.655438,0.650991,0.003178,0.652345,0.652195,0.65812,0.65422,0.002758,0.653116,0.649438,0.657638,0.653397,0.003354,0.691913,0.694131,0.692135,0.692727,9.97e-4,7.801437,7.932765,7.817071,7.850424,0.058572,0.646841,0.65054,0.648756,0.648712,0.001511,0.659137,0.664647,0.665395,0.66306,0.002791,2.219746,2.224106,2.241842,2.228565,0.009556,0.605533,0.61993,0.60065,0.608704,0.008184,2.872003,2.949366,2.870115,2.897161,0.036923,0.089311,0.087621,0.089125,0.088686,7.57e-4,0.170794,0.169327,0.166927,0.169016,0.001594,0.538064,0.567219,0.534253,0.546512,0.014724,0.007881,0.007921,0.007906,0.007903,1.6e-5,0.116987,0.119969,0.117206,0.118054,0.001357,7.2e-4,7.16e-4,7.91e-4,7.43e-4,3.5e-5,10.70454,10.826573,10.724799,10.751971,0.053396
dataset_11/uvl/cma28x.uvl,dataset_11/uvl/cma28x.uvl,1217,621,0.489729,849,1268,-0.493522,4,54,538,FALSE,0.125298,0.112848,0.120515,0.119554,0.005128,9.7e-5,8.3e-5,1.06e-4,9.5e-5,1e-5,0.630287,0.626411,0.637795,0.631498,0.004726,0.629129,0.631696,0.626959,0.629261,0.001936,0.630568,0.62854,0.633459,0.630856,0.002019,0.670478,0.679388,0.669228,0.673031,0.004524,7.912006,7.99739,7.911994,7.940463,0.040253,0.622793,0.629619,0.662591,0.638334,0.017377,0.645601,0.659929,0.636898,0.647476,0.009495,2.171794,2.185724,2.112646,2.156721,0.031681,0.627254,0.631235,0.619009,0.625833,0.005091,3.073572,3.103811,3.115991,3.097791,0.017833,0.077214,0.080683,0.07855,0.078815,0.001429,0.1696,0.178733,0.164769,0.171034,0.00579,0.52417,0.527647,0.521533,0.52445,0.002504,0.00773,0.007961,0.007926,0.007872,1.02e-4,0.115209,0.116566,0.114963,0.115579,7.05e-4,7.29e-4,7.74e-4,8.33e-4,7.79e-4,4.3e-5,10.721596,10.801721,10.723847,10.749055,0.037252
dataset_11/uvl/cme555.uvl,dataset_11/uvl/cme555.uvl,1279,660,0.483972,863,1159,-0.34299,4,55,560,FALSE,0.1303,0.118874,0.119639,0.122937,0.005215,8.6e-5,8.3e-5,8.9e-5,8.6e-5,2e-6,0.674933,0.672872,0.677833,0.675213,0.002035,0.680264,0.677532,0.672101,0.676632,0.003392,0.67079,0.718701,0.69091,0.69346699999999994,0.019643,0.722666,0.722756,0.765073,0.736832,0.01997,8.63864,8.781084,8.686004,8.701909,0.05923,0.667957,0.665952,0.669227,0.667712,0.001348,0.718916,0.683629,0.685049,0.695865,0.01631,2.351128,2.308316,2.320518,2.326654,0.018008,0.684742,0.684332,0.704873,0.691316,0.009588,3.448442,3.673621,3.534085,3.552049,0.092802,0.085237,0.085916,0.086565,0.085906,5.42e-4,0.159957,0.15809,0.164865,0.160971,0.002858,0.522252,0.521213,0.520807,0.521424,6.09e-4,0.017171,0.007573,0.007442,0.010728,0.004556,0.111074,0.110495,0.106264,0.109278,0.002144,7.78e-4,7.92e-4,8.37e-4,8.02e-4,2.5e-5,11.646764,11.810835,11.726274,11.727958,0.066992
dataset_11/uvl/cq7708.uvl,dataset_11/uvl/cq7708.uvl,1252,623,0.502396,858,1382,-0.610723,3,97,529,FALSE,0.120389,0.12265,0.120797,0.121279,9.84e-4,8.7e-5,1e-4,7.9e-5,8.9e-5,9e-6,0.663219,0.657068,0.648106,0.656131,0.006205,0.661188,0.651963,0.660927,0.658026,0.004289,0.657704,0.694619,0.685308,0.67921,0.015675,0.737986,0.691734,0.69979,0.709836,0.020175,8.319296,8.482231,8.512682,8.438069,0.084901,0.648436,0.658846,0.65218,0.653154,0.004305,0.673762,0.668581,0.698628,0.680324,0.013114,2.215177,2.347767,2.307718,2.29022,0.055526,0.680327,0.686089,0.680498,0.682305,0.002677,3.248691,3.274,3.307579,3.276757,0.02412,0.076824,0.073968,0.089024,0.079939,0.006529,0.19686,0.199884,0.202253,0.199666,0.002207,0.579204,0.573081,0.574786,0.57569,0.00258,0.01954,0.008019,0.008544,0.012034,0.005312,0.130865,0.13329,0.130926,0.131694,0.001129,7.54e-4,7.15e-4,7.66e-4,7.45e-4,2.2e-5,11.311097,11.442461,11.46801,11.407189,0.068743
dataset_11/uvl/cq7750.uvl,dataset_11/uvl/cq7750.uvl,1281,618,0.517564,864,1255,-0.452546,3,133,527,FALSE,0.119526,0.120846,0.119587,0.119986,6.08e-4,1.19e-4,9.8e-5,8.4e-5,1e-4,1.4e-5,0.691701,0.678832,0.675871,0.682134,0.006871,0.685815,0.680647,0.674233,0.680232,0.004737,0.742726,0.675241,0.674654,0.69754,0.031952,0.751525,0.734258,0.739867,0.741883,0.007192,8.65192,8.204717,8.264999,8.373879,0.198139,0.717164,0.661076,0.676551,0.68493,0.023652,0.763556,0.684425,0.675963,0.707981,0.039448,2.44226,2.256993,2.278827,2.326027,0.082671,0.690085,0.64037,0.671064,0.667173,0.020482,3.272945,3.18782,3.190072,3.216945,0.039608,0.074093,0.074773,0.073599,0.074155,4.82e-4,0.169335,0.169065,0.175865,0.171422,0.003144,0.522468,0.530186,0.52305,0.525235,0.003509,0.008177,0.007287,0.007374,0.007613,4.01e-4,0.115091,0.11592,0.115368,0.11546,3.45e-4,7.72e-4,7.87e-4,7.34e-4,7.64e-4,2.2e-5,11.767444,11.21869,11.272823,11.419652,0.246917
dataset_11/uvl/csb281.uvl,dataset_11/uvl/csb281.uvl,1246,646,0.481541,871,1152,-0.322618,4,36,560,FALSE,0.128779,0.11826,0.119169,0.122069,0.004759,7.9e-5,9.7e-5,1.24e-4,1e-4,1.8e-5,0.652845,0.661783,0.658728,0.657785,0.003709,0.660247,0.656556,0.657515,0.658106,0.001564,0.659959,0.659839,0.663057,0.660951,0.00149,0.715007,0.706656,0.701458,0.707707,0.005581,8.360824,8.27981,8.369284,8.336639,0.040333,0.657667,0.655781,0.651002,0.654817,0.002805,0.671022,0.668539,0.722898,0.687486,0.02506,2.306569,2.221932,2.218517,2.249006,0.040727,0.624983,0.640844,0.656231,0.640686,0.012757,3.351346,3.349437,3.366266,3.355683,0.007524,0.084897,0.083532,0.083268,0.083899,7.14e-4,0.15662,0.149586,0.153702,0.153303,0.002885,0.507713,0.51015,0.517387,0.51175,0.004108,0.00716,0.00738,0.007545,0.007362,1.58e-4,0.111488,0.109609,0.110399,0.110499,7.71e-4,8.18e-4,7.63e-4,7.69e-4,7.83e-4,2.4e-5,11.297261,11.200808,11.288116,11.262062,0.043473
dataset_11/uvl/dreamcast.uvl,dataset_11/uvl/dreamcast.uvl,1266,620,0.510269,867,1384,-0.596309,4,111,531,FALSE,0.144931,0.119138,0.120539,0.128203,0.011842,1.96e-4,4.2e-5,3.7e-5,9.2e-5,7.4e-5,0.670102,0.663862,0.666582,0.666849,0.002554,0.669617,0.664307,0.667147,0.667024,0.002169,0.674091,0.669613,0.670381,0.671361,0.001955,0.719277,0.710776,0.719493,0.716515,0.004059,8.475381,8.335572,8.343782,8.384912,0.064059,0.660269,0.677945,0.657769,0.665328,0.00898,0.687662,0.673487,0.734228,0.698459,0.025946,2.336589,2.239304,2.244431,2.273441,0.044701,0.659183,0.668516,0.641997,0.656565,0.010983,3.285354,3.239867,3.230346,3.251855,0.024004,0.076387,0.07578,0.074856,0.075674,6.3e-4,0.203085,0.195829,0.195315,0.198077,0.003548,0.566838,0.564836,0.564826,0.5655,9.46e-4,0.024223,0.007998,0.008076,0.013432,0.00763,0.125953,0.124442,0.125528,0.125308,6.36e-4,7.64e-4,7.82e-4,7.65e-4,7.7e-4,8e-6,11.504614,11.296604,11.322407,11.374541,0.092576
dataset_11/uvl/e7t.uvl,dataset_11/uvl/e7t.uvl,1280,668,0.478125,883,1062,-0.202718,42,47,523,FALSE,0.125384,0.1284,0.125166,0.126317,0.001476,3.8e-5,5.1e-5,5.4e-5,4.8e-5,7e-6,0.69824,0.71227,0.707434,0.705981,0.005819,0.696005,0.710781,0.70517,0.703985,0.00609,0.698704,0.705729,0.71475,0.706395,0.006568,0.740337,0.75316,0.839176,0.777558,0.043884,8.509395,8.809822,8.786741,8.701986,0.136508,0.682441,0.720947,0.694198,0.699195,0.016112,0.701693,0.716053,0.721041,0.712929,0.008202,2.340898,2.436967,2.414448,2.397438,0.041023,0.695251,0.72349,0.720579,0.713106,0.012682,3.322892,3.470252,3.492005,3.428383,0.07512,0.098478,0.095622,0.096937,0.097012,0.001167,0.166187,0.154404,0.153752,0.158114,0.005714,0.501542,0.492072,0.493765,0.495793,0.004123,0.00951,0.007386,0.007165,0.00802,0.001057,0.102267,0.104126,0.104118,0.103503,8.75e-4,7.88e-4,8.97e-4,7.95e-4,8.26e-4,5e-5,11.580745,11.932707,11.990669,11.834707,0.18113
dataset_11/uvl/ea2468.uvl,dataset_11/uvl/ea2468.uvl,1408,664,0.528409,956,1197,-0.252092,42,149,553,FALSE,0.145375,0.14029,0.147793,0.144486,0.003127,6.1e-5,5.1e-5,5.8e-5,5.7e-5,4e-6,0.844126,0.844158,0.844559,0.844281,1.97e-4,0.881531,0.835263,0.868296,0.861697,0.019457,0.876961,0.902319,0.844099,0.874459,0.023834,0.890613,0.952725,1.032561,0.958633,0.0581,10.59593,10.880271,9.885923,10.454041,0.41815600000000003,0.826794,0.826584,0.864891,0.839423,0.018009,0.923554,0.897287,0.864288,0.895043,0.024247,2.942626,3.125884,2.826133,2.964881,0.12338,0.721366,0.778923,0.725138,0.741809,0.026289,4.273879,4.42569,3.785526,4.161698,0.273119,0.104558,0.093073,0.089645,0.095759,0.006378,0.184376,0.178987,0.182197,0.181854,0.002213,0.618756,0.553826,0.548095,0.573559,0.032045,0.008651,0.008163,0.007541,0.008118,4.54e-4,0.116214,0.121774,0.11433,0.117439,0.00316,8.57e-4,8.57e-4,8.5e-4,8.55e-4,3e-6,14.360415,14.685967,13.746075,14.264152,0.3897
dataset_11/uvl/eb40.uvl,dataset_11/uvl/eb40.uvl,1253,634,0.494014,890,1619,-0.819101,42,60,517,FALSE,0.150113,0.123074,0.122215,0.131801,0.012953,7.1e-5,4e-5,3.6e-5,4.9e-5,1.6e-5,0.695878,0.699045,0.689717,0.69488,0.003873,0.685889,0.698993,0.684694,0.689859,0.006477,0.685629,0.731629,0.687937,0.701731,0.021161,0.733504,0.731372,0.726249,0.730375,0.003045,8.533775,8.529214,8.532232,8.53174,0.001894,0.696019,0.687334,0.682165,0.688506,0.005716,0.695969,0.695839,0.693358,0.695055,0.001201,2.2904080000000002,2.304843,2.292358,2.295869,0.006395,0.73704,0.722498,0.714634,0.724724,0.009282,3.090724,3.09557,3.134873,3.107056,0.019769,0.092281,0.09289,0.095298,0.09349,0.001303,0.24131,0.240099,0.236182,0.239197,0.002189,0.690015,0.690131,0.683357,0.687834,0.003166,0.015001,0.008281,0.00839,0.010557,0.003142,0.146925,0.14795,0.152596,0.149157,0.002467,7.93e-4,8.16e-4,7.94e-4,8.01e-4,1.1e-5,11.647636,11.670468,11.60492,11.641008,0.027167
dataset_11/uvl/eb40a.uvl,dataset_11/uvl/eb40a.uvl,1254,634,0.494418,890,1256,-0.411236,42,60,518,FALSE,0.129646,0.123608,0.125639,0.126298,0.002509,7.1e-5,4.6e-5,4.3e-5,5.3e-5,1.3e-5,0.71247,0.683806,0.689067,0.695114,0.012459,0.692808,0.69105,0.691784,0.691881,7.21e-4,0.695418,0.687163,0.74434,0.708974,0.025234,0.738671,0.738215,0.737531,0.738139,4.69e-4,8.319507,8.360293,8.45862,8.379473,0.05839,0.679424,0.682648,0.681887,0.681319,0.001376,0.699613,0.70433,0.70048,0.701474,0.00205,2.393517,2.394223,2.305295,2.364345,0.041756,0.634891,0.634058,0.65502,0.641323,0.009691,3.111222,3.126052,3.293828,3.177034,0.082807,0.091345,0.092653,0.091768,0.091922,5.45e-4,0.181205,0.190371,0.184886,0.185487,0.003766,0.528276,0.535949,0.545442,0.536556,0.007021,0.032716,0.008043,0.007643,0.016134,0.011726,0.116918,0.117104,0.129669,0.12123,0.005967,8.46e-4,8.17e-4,0.001812,0.001158,4.62e-4,11.439149,11.41022,11.586245,11.478538,0.07707
dataset_11/uvl/eb42.uvl,dataset_11/uvl/eb42.uvl,1247,631,0.493986,884,1424,-0.61086,42,60,514,FALSE,0.12358,0.121249,0.12732,0.12405,0.0025,4.6e-5,4.8e-5,4.7e-5,4.7e-5,1e-6,0.683554,0.683241,0.7096,0.692132,0.012353,0.688865,0.679591,0.722363,0.69694,0.018371,0.687959,0.681565,0.760928,0.710151,0.036,0.72377,0.729616,0.755003,0.73613,0.013557,8.438096,8.524782,8.65702,8.539966,0.090018,0.681181,0.672261,0.699687,0.684376,0.011422,0.700755,0.736406,0.763014,0.733392,0.025506,2.345786,2.324213,2.338986,2.336328,0.009005,0.675398,0.680655,0.679019,0.678357,0.002197,3.138031,3.216297,3.21424,3.189523,0.03642,0.09303,0.091089,0.091143,0.091754,9.03e-4,0.206373,0.210767,0.208566,0.208569,0.001794,0.597533,0.59308399999999994,0.662345,0.617654,0.031653,0.008263,0.00805,0.008213,0.008176,9.1e-5,0.130209,0.132679,0.130709,0.131199,0.001066,8.35e-4,8.53e-4,8.4e-4,8.43e-4,7e-6,11.485264,11.561752,11.872145,11.63972,0.167289
dataset_11/uvl/eb55.uvl,dataset_11/uvl/eb55.uvl,1283,641,0.50039,914,1308,-0.431072,42,67,533,FALSE,0.145943,0.141439,0.137237,0.141539,0.003555,4e-5,5.8e-5,5.5e-5,5.1e-5,8e-6,0.731307,0.729397,0.820707,0.76047,0.042601,0.721784,0.723652,0.782606,0.74268,0.028242,0.737946,0.730173,0.808049,0.758723,0.035023,0.831464,0.84456,0.872816,0.849613,0.017256,9.069356,9.610691,9.590546,9.423531,0.250574,0.721663,0.713553,0.79769,0.744302,0.037896,0.741385,0.841335,0.817187,0.799969,0.042582,2.462844,2.693805,2.720769,2.625806,0.115756,0.64805,0.691985,0.692785,0.677607,0.020902,3.570468,3.721533,3.650338,3.647446,0.061706,0.09232,0.114088,0.102473,0.10296,0.008893,0.189167,0.194022,0.189775,0.190988,0.00216,0.643436,0.640349,0.619506,0.63443,0.010628,0.030869,0.007804,0.007951,0.015541,0.010839,0.160704,0.155965,0.1224,0.14635600000000001,0.01705,0.00101,0.001633,8.11e-4,0.001151,3.5e-4,12.430513,12.945476,13.143321,12.83977,0.300449
dataset_11/uvl/ebsa285.uvl,dataset_11/uvl/ebsa285.uvl,1258,652,0.481717,895,1405,-0.569832,42,35,529,FALSE,0.177075,0.127543,0.124867,0.143162,0.024005,5.4e-5,5.6e-5,4.2e-5,5.1e-5,6e-6,0.747197,0.691475,0.694211,0.710961,0.025647,0.750127,0.704196,0.698274,0.717532,0.023174,0.763139,0.697932,0.696141,0.719071,0.03117,0.894868,0.744054,0.741525,0.793482,0.071698,9.010413,8.619955,8.593826,8.741398,0.190521,0.770657,0.699215,0.685338,0.718403,0.037381,0.779663,0.706965,0.707988,0.731539,0.034032,2.626571,2.331997,2.358644,2.439071,0.133028,0.735794,0.736927,0.739557,0.737426,0.001576,3.174928,3.199548,3.180063,3.184846,0.010605,0.09799,0.094319,0.096742,0.09635,0.001524,0.214722,0.227792,0.214079,0.218864,0.006318,0.610072,0.623182,0.611406,0.614886,0.005891,0.00818,0.00977,0.007913,0.008621,8.19e-4,0.127128,0.128085,0.127393,0.127536,4.04e-4,7.72e-4,7.58e-4,7.87e-4,7.72e-4,1.2e-5,12.479067,11.723884,11.685032,11.962661,0.365498
dataset_11/uvl/ec555.uvl,dataset_11/uvl/ec555.uvl,1280,660,0.484375,863,1106,-0.281576,4,55,561,FALSE,0.14043,0.11993,0.118622,0.126327,0.009986,4.2e-5,3.8e-5,4.5e-5,4.2e-5,3e-6,0.676609,0.672544,0.668128,0.672427,0.003463,0.668567,0.675451,0.67418,0.672733,0.002991,0.716797,0.681127,0.680402,0.692775,0.016988,0.731533,0.744117,0.737274,0.737641,0.005144,8.624026,8.594371,8.643006,8.620468,0.020014,0.668458,0.668375,0.689213,0.675349,0.009803,0.681462,0.697818,0.689999,0.68976,0.006679,2.364978,2.30615,2.373703,2.348277,0.03,0.686132,0.706664,0.67342900000000006,0.688742,0.013693,3.476881,3.464365,3.470056,3.470434,0.005117,0.084879,0.084799,0.08656,0.085413,8.12e-4,0.164071,0.168433,0.164129,0.165544,0.002043,0.497157,0.497758,0.495909,0.496942,7.7e-4,0.025829,0.007379,0.007575,0.013594,0.008652,0.105674,0.10532,0.104009,0.105001,7.16e-4,8.09e-4,7.67e-4,7.88e-4,7.88e-4,1.7e-5,11.690367,11.601096,11.634091,11.641851,0.036855
dataset_11/uvl/edb7xxx.uvl,dataset_11/uvl/edb7xxx.uvl,1259,647,0.4861,900,1387,-0.541111,42,55,515,FALSE,0.132699,0.135059,0.125748,0.131169,0.003952,3.7e-5,5.8e-5,3.8e-5,4.4e-5,1e-5,0.689903,0.697107,0.689876,0.692295,0.003403,0.697316,0.697698,0.704408,0.699807,0.003257,0.70564,0.693709,0.70319,0.700846,0.005145,0.76227,0.758355,0.754082,0.758236,0.003344,8.580246,8.625432,8.681282,8.628987,0.041324,0.684321,0.753867,0.757079,0.731756,0.033567,0.717505,0.709606,0.704764,0.710625,0.005251,2.43231,2.322219,2.328165,2.360898,0.050554,0.729193,0.73815,0.726517,0.731287,0.004975,3.114146,3.20077,3.246762,3.187226,0.054981,0.096732,0.095134,0.096789,0.096218,7.67e-4,0.215257,0.210902,0.216395,0.214185,0.002367,0.590774,0.594768,0.604802,0.596781,0.005901,0.014053,0.008239,0.008026,0.010106,0.002793,0.130416,0.130211,0.126335,0.128988,0.001878,8.05e-4,8.18e-4,8.15e-4,8.13e-4,5e-6,11.713447,11.746764,11.793866,11.751359,0.032991
dataset_11/uvl/edosk2674.uvl,dataset_11/uvl/edosk2674.uvl,1207,619,0.487158,841,1170,-0.391201,4,46,538,FALSE,0.125076,0.115305,0.113579,0.117986,0.005063,4.4e-5,8.4e-5,3.8e-5,5.5e-5,2e-5,0.623851,0.61908,0.627329,0.62342,0.003382,0.638302,0.620128,0.620102,0.626177,0.008574,0.622878,0.62061,0.621442,0.621643,9.37e-4,0.673093,0.664005,0.681594,0.672897,0.007182,8.183755,8.284519,8.426793,8.298356,0.099701,0.679316,0.690185,0.666018,0.678506,0.009883,0.664913,0.644527,0.648228,0.652556,0.008867,2.107279,2.1038,2.175354,2.128811,0.032941,0.659125,0.655786,0.651391,0.655434,0.003167,3.245065,3.360348,3.460889,3.355434,0.088179,0.077012,0.08263,0.094591,0.084744,0.007331,0.171378,0.174169,0.194099,0.179882,0.010117,0.579647,0.573054,0.5362,0.562967,0.019118,0.008529,0.007642,0.008744,0.008305,4.77e-4,0.109721,0.111884,0.132551,0.118052,0.01029,7.73e-4,7.56e-4,8.21e-4,7.83e-4,2.7e-5,10.986101,11.044079,11.233066,11.087749,0.105446
dataset_11/uvl/excalibur_arm9.uvl,dataset_11/uvl/excalibur_arm9.uvl,1247,638,0.488372,877,1069,-0.218928,42,64,503,FALSE,0.138087,0.124774,0.124522,0.129128,0.006336,7.8e-5,4.5e-5,9.6e-5,7.3e-5,2.1e-5,0.733802,0.67961,0.673726,0.695712,0.02704,0.76113,0.68094,0.688545,0.710205,0.036143,0.735218,0.681972,0.67264,0.69661,0.027565,0.83851,0.722388,0.720998,0.760632,0.055071,8.695971,8.017912,7.968088,8.227324,0.332007,0.750908,0.667812,0.683971,0.700897,0.035973,0.745006,0.692337,0.685474,0.707606,0.026594,2.488908,2.332406,2.278523,2.366612,0.08923,0.621265,0.631537,0.629174,0.627325,0.004393,3.38198,2.979224,2.976226,3.112477,0.190572,0.093747,0.095054,0.095954,0.094918,9.06e-4,0.151136,0.150669,0.148831,0.150212,9.95e-4,0.463005,0.468865,0.469929,0.467266,0.003044,0.007157,0.006839,0.00673,0.006909,1.81e-4,0.104624,0.104043,0.101491,0.103386,0.001361,7.73e-4,8.35e-4,7.43e-4,7.83e-4,3.8e-5,12.01551,11.019421,10.957666,11.330865,0.484772
dataset_11/uvl/fads.uvl,dataset_11/uvl/fads.uvl,1200,615,0.4875,829,1151,-0.38842,4,54,527,FALSE,0.131899,0.111233,0.111227,0.118119,0.009743,4.9e-5,4.2e-5,4.6e-5,4.6e-5,3e-6,0.61084,0.613976,0.60309,0.609302,0.004575,0.612072,0.616268,0.606762,0.611701,0.00389,0.612825,0.610805,0.599748,0.607793,0.005748,0.664628,0.662745,0.674807,0.667393,0.005298,7.635684,7.623932,7.637756,7.632457,0.006087,0.606205,0.613688,0.599977,0.606624,0.005605,0.617678,0.616916,0.624066,0.619553,0.003206,2.062835,2.058144,2.064995,2.061991,0.00286,0.621725,0.618123,0.632984,0.624277,0.00633,2.999948,2.993276,2.99343,2.995552,0.00311,0.073198,0.073705,0.074367,0.073757,4.79e-4,0.164494,0.162849,0.163516,0.16362,6.76e-4,0.489592,0.487224,0.484412,0.487076,0.002117,0.03501,0.006853,0.006976,0.01628,0.013245,0.109264,0.108688,0.109662,0.109205,4e-4,7.33e-4,7.21e-4,7.41e-4,7.32e-4,8e-6,10.413052,10.355315,10.350864,10.373077,0.028325
dataset_11/uvl/flexanet.uvl,dataset_11/uvl/flexanet.uvl,1278,654,0.488263,925,1269,-0.371892,42,47,535,FALSE,0.129003,0.12676,0.126229,0.127331,0.001202,5.6e-5,5e-5,6.3e-5,5.6e-5,5e-6,0.735309,0.729595,0.735272,0.733392,0.002685,0.727529,0.733574,0.730547,0.73055,0.002468,0.726592,0.725514,0.735169,0.729092,0.00432,0.791461,0.796784,0.786113,0.791453,0.004356,8.761923,8.915821,8.708946,8.795563,0.087742,0.729115,0.729178,0.736986,0.73176,0.003696,0.754183,0.745411,0.745803,0.748466,0.004046,2.436958,2.4546,2.453707,2.448422,0.008115,0.660612,0.657414,0.648131,0.655386,0.005293,3.331711,3.48934,3.282801,3.367951,0.088127,0.099435,0.098323,0.098443,0.098734,4.98e-4,0.186544,0.186431,0.182909,0.185295,0.001687,0.563356,0.555115,0.560157,0.559543,0.003392,0.007995,0.007715,0.007589,0.007766,1.7e-4,0.123714,0.120376,0.121849,0.12198,0.001366,0.001105,7.9e-4,0.001271,0.001055,1.99e-4,12.006083,12.157038,11.953099,12.03874,0.086401
dataset_11/uvl/frv400.uvl,dataset_11/uvl/frv400.uvl,1251,659,0.473221,862,1261,-0.462877,4,43,545,FALSE,0.115401,0.116777,0.11617,0.116116,5.63e-4,4.1e-5,4.9e-5,3.8e-5,4.2e-5,4e-6,0.654361,0.661262,0.660565,0.658729,0.003102,0.653421,0.664961,0.658477,0.658953,0.004723,0.655609,0.659134,0.65739,0.657378,0.001439,0.740606,0.714333,0.715349,0.723429,0.012153,8.544532,8.517008,8.537071,8.53287,0.011623,0.647918,0.663171,0.652507,0.654532,0.00639,0.669227,0.676874,0.671376,0.672492,0.00322,2.2326260000000002,2.255372,2.235298,2.241099,0.010151,0.740984,0.743262,0.740662,0.741636,0.001157,3.374756,3.327893,3.397922,3.366857,0.02913,0.118471,0.088621,0.085694,0.097595,0.01481,0.201668,0.197887,0.193769,0.197775,0.003226,0.558875,0.563921,0.559835,0.560877,0.002188,0.007718,0.007389,0.007875,0.00766,2.03e-4,0.117266,0.118049,0.117594,0.117636,3.21e-4,7.73e-4,7.52e-4,8.29e-4,7.85e-4,3.3e-5,11.489785,11.459771,11.471426,11.473661,0.012355
dataset_11/uvl/gps4020.uvl,dataset_11/uvl/gps4020.uvl,1226,626,0.489396,876,1187,-0.355023,42,60,498,FALSE,0.137473,0.121536,0.121613,0.126874,0.007495,4.9e-5,4.9e-5,6.3e-5,5.4e-5,7e-6,0.653923,0.661042,0.662265,0.659077,0.003678,0.656321,0.662542,0.655145,0.658003,0.003246,0.666278,0.670888,0.661088,0.666085,0.004003,0.714068,0.713609,0.711706,0.713128,0.001023,7.962058,7.904066,7.817631,7.894585,0.059342,0.661591,0.671023,0.658816,0.66381,0.005224,0.676538,0.68129,0.674461,0.67743,0.002858,2.245663,2.211299,2.188252,2.215071,0.023589,0.643536,0.609559,0.617893,0.623663,0.014458,2.955148,2.963351,2.915621,2.944706,0.020838,0.088863,0.092609,0.093256,0.091576,0.001936,0.179001,0.169249,0.166323,0.171524,0.00542,0.511708,0.50568,0.503001,0.506796,0.003641,0.02575,0.007492,0.007292,0.013511,0.008654,0.113947,0.111953,0.110972,0.112291,0.001238,7.66e-4,7.32e-4,7.88e-4,7.62e-4,2.3e-5,10.930695,10.853981,10.74863,10.844435,0.074634
dataset_11/uvl/grg.uvl,dataset_11/uvl/grg.uvl,1254,649,0.482456,889,1043,-0.173228,42,50,513,FALSE,0.138914,0.124831,0.124736,0.129493,0.006661,4.8e-5,4.2e-5,4e-5,4.3e-5,3e-6,0.687766,0.679163,0.695509,0.687479,0.006676,0.686816,0.680926,0.683168,0.683636,0.002427,0.6872,0.682456,0.684195,0.684617,0.001959,0.746125,0.743417,0.741541,0.743694,0.001882,8.22552,8.237455,8.289741,8.250905,0.02789,0.681096,0.759894,0.686863,0.709284,0.035864,0.694605,0.69019,0.778608,0.721134,0.04068,2.407719,2.282621,2.301523,2.330621,0.05506,0.611224,0.618157,0.611505,0.613629,0.003204,3.120914,3.180922,3.189426,3.163754,0.030491,0.09539,0.094176,0.111542,0.10037,0.007916,0.146198,0.146749,0.151916,0.148288,0.002575,0.468366,0.464733,0.458346,0.463815,0.004142,0.027536,0.007388,0.007118,0.014014,0.009562,0.099906,0.099882,0.09949,0.099759,1.91e-4,7.76e-4,7.38e-4,7.61e-4,7.58e-4,1.5e-5,11.300664,11.256373,11.326366,11.294467,0.028909
dataset_11/uvl/h8300h_sim.uvl,dataset_11/uvl/h8300h_sim.uvl,1195,606,0.492887,828,1163,-0.404589,4,60,525,FALSE,0.132124,0.110563,0.111656,0.118114,0.009917,6.5e-5,4.5e-5,4.8e-5,5.3e-5,9e-6,0.60258,0.601101,0.608504,0.604062,0.003199,0.602363,0.601394,0.616326,0.606694,0.006822,0.598286,0.597524,0.611454,0.602421,0.006395,0.644817,0.645023,0.640547,0.643462,0.002063,7.767789,7.800815,7.772005,7.780203,0.014676,0.594851,0.600472,0.604945,0.600089,0.00413,0.623325,0.617373,0.621503,0.620734,0.00249,2.153538,2.117886,2.12238,2.131268,0.015854,0.599637,0.615608,0.602261,0.605835,0.006993,3.014027,3.058945,3.010374,3.027782,0.022086,0.074251,0.07314,0.071764,0.073052,0.001017,0.163214,0.171984,0.165648,0.166949,0.003697,0.544932,0.545389,0.573112,0.554478,0.013178,0.00912,0.007952,0.007779,0.008284,5.95e-4,0.109955,0.138024,0.10809,0.11869,0.013693,7.2e-4,7.69e-4,7.35e-4,7.42e-4,2e-5,10.467883,10.50328,10.477215,10.482792,0.014979
dataset_11/uvl/h8max.uvl,dataset_11/uvl/h8max.uvl,1215,623,0.487243,849,1124,-0.32391,4,46,542,FALSE,0.130318,0.115285,0.117246,0.12095,0.006673,4.3e-5,7.4e-5,3.8e-5,5.2e-5,1.6e-5,0.692978,0.759205,0.664066,0.705416,0.039824,0.674505,0.694278,0.72312,0.697301,0.019962,0.638072,0.687742,0.711851,0.679222,0.030717,0.695739,0.690124,0.789655,0.725173,0.045654,8.381214,8.68562,8.993797,8.686877,0.250087,0.628015,0.627838,0.631562,0.629138,0.001715,0.722215,0.744995,0.727186,0.731465,0.00978,2.153418,2.381853,2.43589,2.32372,0.122426,0.627964,0.647217,0.673686,0.649622,0.018743,3.439923,3.492833,3.709686,3.547481,0.116713,0.08329,0.080267,0.104911,0.089489,0.010975,0.212954,0.170943,0.190222,0.191373,0.01717,0.513416,0.539656,0.520634,0.524569,0.011068,0.007578,0.008208,0.007994,0.007927,2.62e-4,0.106834,0.116117,0.12049,0.11448,0.005694,7.74e-4,7.85e-4,8.96e-4,8.19e-4,5.5e-5,11.328136,11.757534,12.129253,11.738308,0.327337
dataset_11/uvl/h8s_sim.uvl,dataset_11/uvl/h8s_sim.uvl,1196,606,0.493311,828,1399,-0.689614,4,60,526,FALSE,0.145952,0.128126,0.111285,0.128454,0.014155,5.4e-5,5.6e-5,3.9e-5,4.9e-5,8e-6,0.663635,0.639359,0.708606,0.670533,0.028688,0.653712,0.691832,0.655469,0.667004,0.01757,0.748957,0.70401,0.63798,0.696982,0.045578,0.759246,0.686836,0.743434,0.729838,0.031085,8.891002,8.660339,8.898947,8.816763,0.110656,0.635428,0.638361,0.723779,0.665856,0.040975,0.660431,0.6688,0.733439,0.687557,0.032623,2.40023,2.295167,2.356794,2.35073,0.043106,0.755526,0.759118,0.820649,0.778431,0.029889,3.498415,3.356456,3.348009,3.40096,0.068997,0.072979,0.089633,0.072894,0.078502,0.007871,0.214404,0.2384,0.205489,0.219431,0.013898,0.65357,0.614385,0.637874,0.635276,0.016102000000000002,0.025934,0.009512,0.008231,0.014559,0.00806,0.137009,0.142226,0.127652,0.135629,0.006029,0.001075,7.72e-4,7.36e-4,8.61e-4,1.52e-4,12.026675,11.663176,11.892473,11.860775,0.150081
dataset_11/uvl/hs7729pci.uvl,dataset_11/uvl/hs7729pci.uvl,1312,629,0.520579,886,1427,-0.610609,3,141,539,FALSE,0.149807,0.124924,0.128391,0.134374,0.011005,5e-5,5.3e-5,8.7e-5,6.4e-5,1.7e-5,0.785538,0.780863,0.790089,0.785496,0.003767,0.788389,0.768487,0.791664,0.782847,0.010242,0.771317,0.776546,0.777135,0.774999,0.002615,0.844809,0.919766,0.854184,0.87292,0.033346,10.24596,10.266088,9.520816,10.010954,0.346678,0.756792,0.734626,0.818402,0.76994,0.035442,0.867325,0.803673,0.817201,0.8294,0.02738,2.80114,2.907799,2.880012,2.862983,0.045178,0.820241,0.752322,0.744242,0.772268,0.034082,3.962141,4.039868,3.357604,3.786538,0.304957,0.088926,0.084263,0.079136,0.084108,0.003998,0.237593,0.228148,0.22295,0.229563,0.006061,0.71178,0.715369,0.601253,0.676134,0.052969,0.029363,0.012782,0.008068,0.016738,0.009132,0.133401,0.142329,0.13178,0.135837,0.004638,7.89e-4,9.81e-4,7.94e-4,8.54e-4,8.9e-5,13.749524,13.792914,13.003099,13.515179,0.362528
dataset_11/uvl/innovator.uvl,dataset_11/uvl/innovator.uvl,1270,614,0.516535,886,1467,-0.655756,42,133,481,FALSE,0.139473,0.128665,0.123411,0.130516,0.006687,4.2e-5,4.7e-5,4.5e-5,4.4e-5,2e-6,0.700007,0.723484,0.738989,0.720827,0.016025,0.712669,0.73866,0.726369,0.725899,0.010616,0.703016,0.729559,0.705078,0.712551,0.012056,0.752223,0.784138,0.756847,0.764403,0.014082,8.216698,8.790166,8.92024,8.642368,0.305643,0.684725,0.723111,0.690666,0.6995,0.01687,0.705983,0.832743,0.83711,0.791945,0.060811,2.30978,2.419189,2.475059,2.401343,0.068645,0.707532,0.732995,0.699318,0.713281,0.014337,2.905686,3.054667,3.272578,3.077644,0.150661,0.081893,0.082243,0.10801,0.090715,0.01223,0.215542,0.228434,0.236287,0.226754,0.008552,0.605549,0.716767,0.6012,0.641172,0.053484,0.007975,0.009166,0.008148,0.008429,5.25e-4,0.13686,0.13751,0.155232,0.1432,0.008512,7.93e-4,7.76e-4,9.31e-4,8.33e-4,7e-5,11.369815,12.042246,12.13538,11.849147,0.341065
dataset_11/uvl/integrator_arm7.uvl,dataset_11/uvl/integrator_arm7.uvl,1272,660,0.481132,904,1423,-0.574115,42,50,520,FALSE,0.16594,0.146641,0.159854,0.157478,0.008056,7.6e-5,5.8e-5,6.1e-5,6.5e-5,8e-6,0.823594,0.79718,0.782994,0.801256,0.016824,0.793437,0.755057,0.699269,0.749254,0.038662,0.779981,0.80686,0.69837,0.761737,0.046131,0.755696,0.83517,0.765797,0.785554,0.035325,9.804378,9.568741,8.670155,9.347758,0.488699,0.831552,0.795717,0.710976,0.779415,0.050556,0.811853,0.79429399999999994,0.712068,0.772738,0.043495,2.685808,2.621158,2.366003,2.557656,0.138066,0.819629,0.75674,0.777025,0.784464,0.026208,3.611732,3.539194,3.148147,3.433025,0.203604,0.113475,0.102987,0.102933,0.106465,0.004957,0.20504,0.219497,0.227354,0.217297,0.009241,0.72527,0.739134,0.625635,0.69668,0.050554,0.008629,0.008321,0.008215,0.008388,1.75e-4,0.17771700000000001,0.161867,0.132371,0.157319,0.01879,9.66e-4,9.8e-4,8.13e-4,9.2e-4,7.6e-5,13.310518,13.080991,11.917974,12.769827,0.60959700000000006
dataset_11/uvl/integrator_arm9.uvl,dataset_11/uvl/integrator_arm9.uvl,1281,663,0.482436,907,1500,-0.653804,42,54,522,FALSE,0.148936,0.129479,0.126646,0.13502,0.009908,4.4e-5,4.4e-5,4.4e-5,4.4e-5,0,0.707205,0.727432,0.712488,0.715708,0.008566,0.712894,0.721447,0.711318,0.71522,0.00445,0.709129,0.716512,0.716633,0.714091,0.003509,0.765414,0.766702,0.768981,0.767032,0.001475,8.955525,8.93134,8.987895,8.958253,0.023169,0.763262,0.719466,0.707823,0.730183,0.023868,0.769362,0.729028,0.742913,0.747101,0.016731,2.490293,2.384256,2.498386,2.457645,0.051999,0.752632,0.741709,0.784905,0.759749,0.018338,3.190548,3.328009,3.201458,3.240005,0.062387,0.097903,0.100331,0.099748,0.099327,0.001035,0.234966,0.24787,0.235017,0.239284,0.006071,0.656553,0.680665,0.717633,0.68495,0.025119,0.008404,0.008024,0.008986,0.008471,3.96e-4,0.135279,0.136922,0.153608,0.141937,0.00828,8.12e-4,7.84e-4,7.98e-4,7.98e-4,1.1e-5,12.143694,12.138736,12.187459,12.156629,0.021893
dataset_11/uvl/ipaq.uvl,dataset_11/uvl/ipaq.uvl,1271,634,0.50118,921,1026,-0.114007,42,74,521,FALSE,0.155479,0.129137,0.129114,0.13791,0.012423,4.7e-5,5e-5,4.4e-5,4.7e-5,3e-6,0.712402,0.725131,0.705251,0.714261,0.008222,0.71363,0.711806,0.719624,0.71502,0.00334,0.720097,0.717516,0.723744,0.720452,0.002555,0.758641,0.77006,0.763796,0.764166,0.004669,8.515162,8.641437,8.7354,8.630666,0.090234,0.715634,0.783187,0.717227,0.738683,0.031476,0.721273,0.730301,0.849147,0.766907,0.058269,2.522499,2.482306,2.428224,2.477677,0.038627,0.60897,0.614886,0.693952,0.639269,0.038742,3.267314,3.264513,3.359959,3.297262,0.044348,0.087419,0.088698,0.091038,0.089052,0.001499,0.14864,0.145744,0.146458,0.146947,0.001232,0.443399,0.531784,0.44938,0.474854,0.04033,0.039717,0.007642,0.007154,0.018171,0.015237,0.098085,0.107324,0.122779,0.109396,0.010187,7.77e-4,8.04e-4,9.32e-4,8.38e-4,6.7e-5,11.714098,11.810984,11.90791,11.810998,0.079123
dataset_11/uvl/iq80310.uvl,dataset_11/uvl/iq80310.uvl,1271,655,0.484658,897,1304,-0.453735,42,48,526,FALSE,0.175837,0.1446,0.143521,0.154653,0.014986,6.9e-5,6.7e-5,4.7e-5,6.1e-5,1e-5,0.717249,0.756985,0.749529,0.741254,0.017245,0.801794,0.827944,0.749535,0.793091,0.032597,0.706096,0.793578,0.784632,0.761435,0.039301,0.758045,0.804353,0.863414,0.808604,0.043121,9.48099,9.725624,9.562401,9.589671,0.101716,0.768013,0.781009,0.792028,0.78035,0.009815,0.796069,0.850993,0.751885,0.799649,0.04054,2.650256,2.699812,2.649548,2.666539,0.02353,0.761419,0.756869,0.745263,0.754517,0.006802,3.603144,3.699809,3.625059,3.642671,0.041381,0.108914,0.095142,0.094738,0.099598,0.006589,0.230513,0.21429,0.216173,0.220325,0.007245,0.562647,0.627681,0.687687,0.626005,0.051061,0.008006,0.009088,0.0082,0.008431,4.71e-4,0.149275,0.15157,0.141198,0.147348,0.004448,9.44e-4,7.95e-4,9.7e-4,9.03e-4,7.7e-5,12.798397,13.214718,13.003559,13.005558,0.169968
dataset_11/uvl/iq80321.uvl,dataset_11/uvl/iq80321.uvl,1269,653,0.485422,898,1414,-0.57461,42,48,526,FALSE,0.155153,0.142746,0.14106,0.14632,0.006284,5.8e-5,6e-5,6e-5,5.9e-5,1e-6,0.746456,0.743554,0.818312,0.769441,0.034577,0.797687,0.776538,0.827181,0.800469,0.020767999999999998,0.835449,0.774079,0.801637,0.803722,0.025098,0.887806,0.846506,0.8352,0.856504,0.02261,9.688104,9.691219,10.07797,9.819098,0.183055,0.771102,0.774385,0.766003,0.770497,0.003449,0.768414,0.762071,0.840811,0.790432,0.035717,2.623845,2.66483,2.841411,2.710029,0.094396,0.783356,0.737404,0.744321,0.755027,0.02023,3.696041,3.663264,3.801075,3.720127,0.058782,0.102771,0.112391,0.128089,0.114417,0.010435,0.239305,0.26257,0.256121,0.252665,0.009807,0.703248,0.71428,0.70012,0.705883,0.006074,0.009983,0.008823,0.00863,0.009145,5.98e-4,0.13389,0.140934,0.134762,0.136529,0.003135,8.13e-4,8.22e-4,7.9e-4,8.08e-4,1.4e-5,13.255504,13.12538,13.645703,13.342196,0.221089
dataset_11/uvl/ixdp425.uvl,dataset_11/uvl/ixdp425.uvl,1260,651,0.483333,886,1387,-0.565463,42,50,517,FALSE,0.173722,0.134051,0.133224,0.146999,0.018899,9.6e-5,4.4e-5,5.9e-5,6.7e-5,2.2e-5,0.75622,0.794946,0.717762,0.756309,0.03151,0.781413,0.76915,0.832206,0.794256,0.027298,0.762719,0.714611,0.784113,0.753814,0.029065,0.793639,0.853583,0.796229,0.814484,0.027668,9.664108,9.514893,9.178507,9.452503,0.203095,0.785854,0.815866,0.78471900000000006,0.79548,0.014422,0.774646,0.77362,0.809833,0.786033,0.016835,2.719284,2.609058,2.736221,2.688188,0.056379,0.763987,0.753645,0.776102,0.764578,0.009178,3.593493,3.552679,3.159942,3.435371,0.195469,0.121595,0.095274,0.096773,0.104547,0.012070000000000001,0.253726,0.244906,0.207601,0.235411,0.019991,0.651499,0.669826,0.607299,0.642874,0.026245,0.032863,0.008213,0.008237,0.016438,0.011615,0.140505,0.161801,0.128408,0.143571,0.013804,8.02e-4,9.18e-4,7.68e-4,8.29e-4,6.4e-5,13.106205,12.952315,12.579609,12.879376,0.221082
dataset_11/uvl/jmr3904.uvl,dataset_11/uvl/jmr3904.uvl,1212,620,0.488449,843,1278,-0.516014,4,57,531,FALSE,0.126776,0.112648,0.113457,0.117627,0.006478,6.5e-5,4.1e-5,3.6e-5,4.7e-5,1.2e-5,0.62015,0.622012,0.631432,0.624531,0.004938,0.627665,0.622324,0.614962,0.62165,0.005208,0.626546,0.62615,0.617523,0.623406,0.004163,0.681827,0.746152,0.679847,0.702609,0.030801,7.941631,8.093551,7.877135,7.970772,0.090723,0.622577,0.66983,0.615781,0.636063,0.024038,0.6573,0.652746,0.635147,0.648398,0.009552,2.115413,2.120932,2.114979,2.117108,0.00271,0.687405,0.655378,0.654842,0.665875,0.015225,3.049151,3.185412,3.058441,3.097668,0.06216,0.082764,0.078745,0.081752,0.081087,0.001707,0.199122,0.185749,0.186688,0.19052,0.006095,0.527891,0.544752,0.529495,0.534046,0.007599,0.018381,0.007096,0.007124,0.010867,0.005313,0.121881,0.119075,0.11669,0.119215,0.002121,7.64e-4,7.56e-4,7.61e-4,7.6e-4,3e-6,10.765744,10.949854,10.659015,10.791538,0.120127
dataset_11/uvl/jtst.uvl,dataset_11/uvl/jtst.uvl,1254,634,0.494418,891,1114,-0.250281,42,60,518,FALSE,0.128394,0.1245,0.123406,0.125433,0.002141,4.9e-5,4.4e-5,4.5e-5,4.6e-5,2e-6,0.676145,0.684274,0.694847,0.685089,0.007657,0.678039,0.685791,0.681697,0.681843,0.003166,0.68705,0.679861,0.680131,0.682347,0.003327,0.725406,0.738413,0.727889,0.730569,0.005638,8.089517,8.148589,8.166204,8.13477,0.032797,0.67352,0.676877,0.68847,0.679622,0.006404,0.690694,0.694408,0.697512,0.694204,0.002787,2.268777,2.284875,2.294386,2.282679,0.01057,0.655874,0.663941,0.650241,0.656686,0.005622,3.071139,3.086813,3.090068,3.082673,0.008264,0.088744,0.092854,0.091322,0.090973,0.001696,0.164851,0.168574,0.168572,0.167332,0.001755,0.475912,0.48024,0.485624,0.480592,0.003973,0.006955,0.006725,0.007225,0.006969,2.04e-4,0.104759,0.103022,0.1053,0.104361,9.72e-4,7.97e-4,8.33e-4,7.85e-4,8.05e-4,2e-5,11.097158,11.172103,11.18758,11.15228,0.039486
dataset_11/uvl/linux.uvl,dataset_11/uvl/linux.uvl,1245,629,0.494779,859,1433,-0.668219,4,68,544,FALSE,0.137584,0.118487,0.123001,0.126358,0.008149,4.6e-5,4.5e-5,3.9e-5,4.3e-5,3e-6,0.673418,0.669401,0.655311,0.666043,0.007764,0.669037,0.672317,0.666047,0.669134,0.002561,0.659456,0.699434,0.663417,0.674102,0.017985,0.716892,0.722585,0.740177,0.726551,0.009911,8.432855,8.402,8.501358,8.445404,0.041522,0.658649,0.64859,0.649452,0.65223,0.004552,0.668566,0.673521,0.669262,0.67045,0.00219,2.22498,2.22884,2.255689,2.236503,0.013658,0.758111,0.732791,0.79017,0.760358,0.023479,3.219958,3.200429,3.209684,3.210023,0.007976,0.079294,0.076809,0.07874,0.078281,0.001065,0.219626,0.222147,0.238402,0.226725,0.008321,0.603664,0.618864,0.609951,0.610826,0.006236,0.008338,0.007626,0.008375,0.008113,3.45e-4,0.129911,0.1297,0.134823,0.131478,0.002367,7.53e-4,7.78e-4,8.33e-4,7.88e-4,3.4e-5,11.428343,11.422425,11.493432,11.448066,0.032169
dataset_11/uvl/lpcmt.uvl,dataset_11/uvl/lpcmt.uvl,1262,637,0.495246,882,1107,-0.255102,42,60,523,FALSE,0.133504,0.122827,0.122841,0.126391,0.00503,4.9e-5,3.8e-5,4.4e-5,4.4e-5,5e-6,0.680898,0.687604,0.694485,0.687662,0.005547,0.683259,0.689953,0.682351,0.685188,0.00339,0.685182,0.688637,0.695669,0.689829,0.004363,0.761284,0.754051,0.757645,0.75766,0.002953,8.189746,8.227758,8.24632,8.221275,0.023547,0.677792,0.681749,0.683894,0.681145,0.002527,0.693978,0.703489,0.711751,0.703073,0.007262,2.318115,2.31489,2.31883,2.317279,0.001714,0.641357,0.658088,0.651459,0.650301,0.006879,3.120922,3.138882,3.143498,3.134434,0.009738,0.087509,0.088613,0.09039,0.088837,0.001187,0.161551,0.161044,0.164259,0.162284,0.001412,0.488514,0.480996,0.482231,0.483914,0.003292,0.007629,0.006975,0.006784,0.007129,3.62e-4,0.106659,0.109292,0.105174,0.107041,0.001703,7.7e-4,7.58e-4,7.79e-4,7.69e-4,9e-6,11.249028,11.287959,11.312151,11.283046,0.026003
dataset_11/uvl/m5272c3.uvl,dataset_11/uvl/m5272c3.uvl,1336,707,0.470808,877,1289,-0.469783,4,50,575,FALSE,0.131582,0.133979,0.127809,0.131123,0.00254,4.3e-5,5.4e-5,4.4e-5,4.7e-5,5e-6,0.717767,0.735569,0.71532,0.722885,0.009024,0.719978,0.766953,0.72679,0.737907,0.020726,0.719736,0.738952,0.722677,0.727122,0.008451,0.764106,0.779614,0.773304,0.77234100000000006,0.006368,9.523268,9.23567,9.235072,9.331336,0.135716,0.720813,0.725367,0.714405,0.720195,0.004497,0.737783,0.733485,0.742727,0.737998,0.003776,2.488764,2.422907,2.424429,2.445367,0.030693,0.892617,0.846278,0.835272,0.858056,0.024848,3.755302,3.596236,3.596401,3.649313,0.074946,0.094539,0.095884,0.092381,0.094268,0.001443,0.220383,0.209775,0.207702,0.21262,0.005554,0.613058,0.60573,0.621748,0.613512,0.006547,0.031335,0.010149,0.008052,0.016512,0.010516,0.126971,0.12279,0.130506,0.126756,0.003153,8.7e-4,8.2e-4,0.001095,9.28e-4,1.19e-4,12.735702,12.524603,12.440721,12.567009,0.124103
dataset_11/uvl/mac7100evb.uvl,dataset_11/uvl/mac7100evb.uvl,1247,628,0.496391,867,1486,-0.713956,42,60,517,FALSE,0.133556,0.121845,0.124248,0.12655,0.00505,6e-5,4.6e-5,4.4e-5,5e-5,7e-6,0.709905,0.683903,0.672633,0.688814,0.015608,0.678168,0.676339,0.67172,0.675409,0.002713,0.673907,0.679792,0.665029,0.672909,0.006068,0.723691,0.749884,0.739383,0.737652,0.010763,8.448338,8.551095,8.581479,8.526971,0.056969,0.69052,0.688215,0.657301,0.678679,0.015145,0.691165,0.679736,0.678418,0.683106,0.005724,2.320121,2.290028,2.3206,2.31025,0.0143,0.723775,0.715781,0.730997,0.723518,0.006215,3.081013,3.239506,3.161767,3.160762,0.064708,0.089675,0.086822,0.101815,0.092771,0.006501,0.229047,0.226108,0.233102,0.229419,0.002867,0.623009,0.624891,0.69746,0.648453,0.034662,0.029102,0.008316,0.009069,0.015496,0.009626,0.134426,0.135192,0.187496,0.152372,0.024839,7.74e-4,7.91e-4,0.001011,8.59e-4,1.08e-4,11.532003,11.607275,11.652176,11.597151,0.04958
dataset_11/uvl/mace1.uvl,dataset_11/uvl/mace1.uvl,1247,628,0.496391,867,1486,-0.713956,42,60,517,FALSE,0.182241,0.126753,0.122203,0.143732,0.027293,4.8e-5,4.2e-5,6e-5,5e-5,7e-6,0.6817,0.729044,0.696612,0.702452,0.019765,0.710782,0.795667,0.708723,0.738391,0.040509,0.687801,0.712364,0.692649,0.697605,0.010622,0.734698,0.735508,0.721999,0.730735,0.006186,8.565888,8.592838,8.628328,8.595685,0.025571,0.681489,0.680327,0.684967,0.682261,0.001971,0.707137,0.715736,0.702503,0.708459,0.005483,2.29811,2.291706,2.410633,2.333483,0.054616,0.720903,0.730437,0.718204,0.723181,0.005248,3.181042,3.179209,3.124586,3.161612,0.026192,0.091817,0.088735,0.104079,0.094877,0.006627,0.23594,0.23627,0.244591,0.238934,0.004003,0.649436,0.670397,0.638758,0.652863,0.013142,0.008467,0.008301,0.009276,0.008681,4.26e-4,0.138849,0.134217,0.149556,0.140874,0.006424,9e-4,8.17e-4,8.39e-4,8.52e-4,3.5e-5,11.711457,11.835643,11.730302,11.759134,0.054645
dataset_11/uvl/malta_mips32_4kc.uvl,dataset_11/uvl/malta_mips32_4kc.uvl,1245,644,0.482731,865,1287,-0.487861,3,47,551,FALSE,0.143172,0.121096,0.131358,0.131875,0.00902,4.2e-5,9.2e-5,6.9e-5,6.8e-5,2e-5,0.665604,0.721512,0.700933,0.696016,0.023087,0.664403,0.680887,0.679325,0.674871,0.00743,0.677555,0.70229,0.694226,0.691357,0.0103,0.766156,0.742253,0.80259,0.770333,0.024809,9.007346,9.124676,9.029303,9.053775,0.05093,0.696237,0.686354,0.681491,0.688027,0.006135,0.727468,0.743237,0.68541,0.718705,0.024407,2.408691,2.509056,2.543048,2.486932,0.057038,0.728489,0.763574,0.724924,0.738996,0.017441,3.514562,3.511251,3.540306,3.52204,0.012987,0.093385,0.085687,0.08449,0.087854,0.003942,0.240579,0.207217,0.203949,0.217249,0.016551,0.597927,0.618291,0.565671,0.593963,0.021664,0.008893,0.007765,0.008352,0.008337,4.61e-4,0.125125,0.119831,0.119749,0.121568,0.002515,8.31e-4,8.17e-4,7.98e-4,8.15e-4,1.4e-5,12.059194,12.221293,12.166774,12.149087,0.067348
dataset_11/uvl/malta_mips64_5kc.uvl,dataset_11/uvl/malta_mips64_5kc.uvl,1245,644,0.482731,865,1216,-0.40578,4,47,550,FALSE,0.146111,0.122342,0.119703,0.129385,0.011876,7.9e-5,6.5e-5,4.1e-5,6.1e-5,1.6e-5,0.712814,0.786816,0.675273,0.724967,0.046341,0.711036,0.832385,0.672165,0.738529,0.068237,0.683037,0.679746,0.671584,0.678122,0.004814,0.73818,0.741995,0.730655,0.736943,0.004711,8.792354,8.774866,8.918222,8.828481,0.063857,0.708929,0.678319,0.672468,0.686572,0.015988,0.684533,0.697303,0.695374,0.692403,0.00562,2.448133,2.313434,2.4192,2.393589,0.057896,0.700144,0.701567,0.700408,0.700706,6.18e-4,3.426297,3.569498,3.615064,3.536953,0.080427,0.085895,0.090051,0.087547,0.087831,0.001708,0.194478,0.192493,0.196042,0.194338,0.001452,0.543931,0.532187,0.532111,0.536076,0.005554,0.035842,0.008818,0.007514,0.017391,0.013058,0.113975,0.114012,0.113163,0.113717,3.92e-4,8.83e-4,8.02e-4,7.91e-4,8.25e-4,4.1e-5,11.93439,12.061954,11.909176,11.968507,0.066874
dataset_11/uvl/mb93091.uvl,dataset_11/uvl/mb93091.uvl,1263,664,0.474268,876,1415,-0.615297,4,46,549,FALSE,0.143552,0.131291,0.15243,0.142424,0.008667,4.4e-5,6.7e-5,1.32e-4,8.1e-5,3.7e-5,0.6996,0.771851,0.798743,0.756731,0.041863,0.699616,0.709352,0.698718,0.702562,0.004815,0.701049,0.718794,0.699135,0.706326,0.008851,0.768265,0.769152,0.758881,0.765433,0.004647,9.347657,9.620137,9.670876,9.546223,0.141927,0.707285,0.683937,0.691459,0.694227,0.00973,0.715357,0.718854,0.704994,0.713068,0.005885,2.523416,2.496395,2.539482,2.519764,0.017778,0.827094,0.80225,0.80911,0.812818,0.010476,3.58597,3.820694,3.836731,3.747798,0.114617,0.08786,0.122247,0.091954,0.100687,0.015336,0.233811,0.297437,0.23811,0.256453,0.029033,0.666851,0.678309,0.759017,0.701392,0.041014,0.008399,0.008735,0.009944,0.009026,6.64e-4,0.157516,0.14983,0.168757,0.158701,0.007772,0.001605,0.001081,8.39e-4,0.001175,3.2e-4,12.527389,12.880375,12.958556,12.788774,0.187562
dataset_11/uvl/mb93093.uvl,dataset_11/uvl/mb93093.uvl,1243,655,0.473049,859,1221,-0.42142,4,43,541,FALSE,0.120637,0.120839,0.129273,0.123583,0.004024,5.3e-5,7e-5,6.1e-5,6.1e-5,7e-6,0.724675,0.818364,0.884473,0.809171,0.06556,0.769433,0.731531,0.773285,0.758083,0.018841,0.774929,0.827075,0.71704,0.773015,0.044942,0.796459,0.766214,0.850658,0.804444,0.034933,9.226033,9.638887,9.47063,9.445183,0.169505,0.671018,0.792686,0.686857,0.716854,0.05401,0.69422,0.762541,0.84968,0.768814,0.063621,2.445074,2.581374,2.504021,2.510156,0.055813,0.860544,0.903966,0.749973,0.838161,0.064829,3.645837,3.670262,3.764877,3.693659,0.051337,0.116084,0.137567,0.111173,0.121608,0.011461,0.240844,0.232886,0.240698,0.238143,0.003718,0.552395,0.557591,0.563329,0.557771,0.004465,0.016059,0.00778,0.009219,0.011019,0.003612,0.115772,0.120061,0.136482,0.124105,0.008925,7.9e-4,9.44e-4,0.001352,0.001028,2.37e-4,12.544958,13.031871,12.972587,12.849805,0.216914
dataset_11/uvl/mbx.uvl,dataset_11/uvl/mbx.uvl,1308,667,0.490061,889,1317,-0.48144,4,44,593,FALSE,0.155601,0.15161,0.139516,0.148909,0.006839,1.69e-4,6.6e-5,6e-5,9.8e-5,5e-5,0.804042,0.812406,0.790829,0.802425,0.008883,0.873912,0.852561,0.848319,0.858264,0.011199,0.7887,0.753252,0.788715,0.776889,0.016714,0.860229,0.957258,0.937719,0.918402,0.041901,10.930371,10.600902,10.916093,10.815789,0.15206,0.902587,0.790156,0.841772,0.844838,0.045951,0.796633,0.832825,0.843536,0.824331,0.020068,2.886192,2.735896,2.952942,2.858343,0.090771,0.855806,0.959551,0.84173,0.885695,0.052539,4.420131,4.26845,4.404878,4.364486,0.068193,0.119553,0.088992,0.101541,0.103362,0.012543,0.295172,0.221847,0.289666,0.268895,0.033344,0.654282,0.703158,0.640013,0.665818,0.027039,0.008181,0.008153,0.00829,0.008208,5.9e-5,0.158071,0.136982,0.145169,0.146741,0.008681,9.96e-4,0.001019,0.001036,0.001017,1.6e-5,14.580392,14.274329,14.575846,14.476856,0.14322
dataset_11/uvl/mcb2100.uvl,dataset_11/uvl/mcb2100.uvl,1262,637,0.495246,882,1132,-0.283447,42,60,523,FALSE,0.142543,0.141111,0.145268,0.142974,0.001724,6e-5,5.5e-5,8.7e-5,6.8e-5,1.4e-5,0.787808,0.759331,0.825666,0.790935,0.027171,0.827075,0.790863,0.826091,0.814676,0.016843,0.76231,0.908253,0.731182,0.800582,0.077188,0.938334,0.830941,0.885617,0.884964,0.043845,10.521691,9.890493,9.560148,9.990777,0.398902,0.884267,0.868569,0.780178,0.844338,0.045818,1.405335,0.785829,0.806876,0.999347,0.287206,3.008902,2.809505,2.714715,2.844374,0.122606,0.79111,0.713803,0.713626,0.739513,0.036485,3.609389,3.838131,3.665658,3.704392,0.097318,0.098837,0.088965,0.089373,0.092391,0.004561,0.175887,0.175597,0.174821,0.175435,4.5e-4,0.547944,0.610069,0.614881,0.590965,0.030483,0.016692,0.008208,0.007963,0.010954,0.004058,0.138343,0.127042,0.12924,0.131542,0.004892,0.001038,7.96e-4,9.49e-4,9.28e-4,1e-4,14.135998,13.457213,13.112329,13.568513,0.425257
dataset_11/uvl/moab.uvl,dataset_11/uvl/moab.uvl,1291,661,0.487994,917,1345,-0.466739,4,48,578,FALSE,0.146145,0.169092,0.149419,0.154885,0.010134,7.5e-5,7.4e-5,6.7e-5,7.2e-5,4e-6,0.789236,0.872651,0.830524,0.830803,0.034055,0.849998,0.922777,0.926031,0.899602,0.035101,0.758327,0.756827,0.800303,0.771819,0.02015,0.976802,1.007295,1.179189,1.054429,0.089093,11.147596,11.587965,10.813482,11.183014,0.317171,0.857345,0.848618,1.038132,0.914698,0.087354,0.866195,0.853628,0.846189,0.855337,0.008256,2.976863,3.011604,3.029204,3.00589,0.021747,0.98341,0.907651,0.869314,0.920125,0.047407,4.378127,4.753508,4.038407,4.390014,0.29206,0.106125,0.140306,0.105994,0.117475,0.016144,0.230046,0.331623,0.27178,0.277817,0.041688,0.749465,0.741008,0.614444,0.701639,0.061753,0.008588,0.008261,0.008053,0.008301,2.2e-4,0.148833,0.170193,0.14973,0.156252,0.009865,8.24e-4,9.79e-4,0.001068,9.57e-4,1.01e-4,14.826518,15.496219,14.857985,15.06024,0.308551
dataset_11/uvl/mpc50.uvl,dataset_11/uvl/mpc50.uvl,1226,623,0.491843,863,1391,-0.611819,45,60,498,FALSE,0.146909,0.148309,0.134029,0.143082,0.006427,5.8e-5,6.9e-5,6.5e-5,6.4e-5,4e-6,0.748741,0.758531,0.670003,0.725758,0.039627,0.732459,0.756984,0.806286,0.765243,0.030701,0.706339,0.758409,0.666506,0.710418,0.03763,0.808429,0.823476,0.762759,0.798221,0.025817,8.868294,8.737498,8.927906,8.844566,0.079524,0.645769,0.651779,0.735949,0.677832,0.041168,0.826604,0.769218,0.694759,0.763527,0.053976,2.449857,2.480332,2.491048,2.473746,0.017449,0.700162,0.713483,0.715258,0.709634,0.006737,3.256076,3.171124,3.309276,3.245492,0.056895,0.085066,0.107353,0.101887,0.098102,0.009484,0.215431,0.245402,0.20902,0.223284,0.015857,0.689309,0.598784,0.67069,0.652928,0.039033,0.0088,0.009499,0.008395,0.008898,4.56e-4,0.136184,0.151641,0.148455,0.145427,0.006663,7.88e-4,9.2e-4,9.06e-4,8.71e-4,5.9e-5,12.157106,12.14545,12.125407,12.142654,0.013091
dataset_11/uvl/nano.uvl,dataset_11/uvl/nano.uvl,1278,657,0.485915,911,1379,-0.513721,42,39,540,FALSE,0.161828,0.148318,0.163647,0.157931,0.006838,7.8e-5,6.4e-5,6.7e-5,7e-5,6e-6,0.793156,0.778808,0.772534,0.781499,0.008631,0.837694,0.837876,0.814909,0.83016,0.010784,0.710449,0.755362,0.717803,0.727871,0.019669,0.876055,0.854275,0.910027,0.880119,0.022942,9.882543,9.780573,9.694078,9.785732,0.077027,0.725928,0.796883,0.735738,0.75285,0.031393,0.854509,0.753182,0.847467,0.818386,0.046196,2.905212,2.723907,2.790093,2.806404,0.074911,0.759261,0.818515,0.749322,0.775699,0.030546,3.630141,3.668148,3.598656,3.632315,0.028412,0.113193,0.094531,0.093981,0.100568,0.00893,0.268629,0.212454,0.215272,0.232118,0.025843,0.625651,0.712934,0.663529,0.667371,0.035737,0.008493,0.00828,0.009117,0.00863,3.55e-4,0.140065,0.144663,0.143662,0.142797,0.001974,0.001012,0.00168,8.03e-4,0.001165,3.74e-4,13.411478,13.310006,13.226766,13.316083,0.075531
dataset_11/uvl/npwr.uvl,dataset_11/uvl/npwr.uvl,1271,655,0.484658,898,1081,-0.203786,42,48,526,FALSE,0.149193,0.14732,0.145167,0.147226,0.001645,5.4e-5,6.6e-5,7.8e-5,6.6e-5,1e-5,0.729389,0.778602,0.784834,0.764275,0.024799,0.80825,0.807162,0.814898,0.810103,0.003419,0.739911,0.721311,0.761115,0.740779,0.016262,0.810909,0.909546,0.881442,0.867299,0.041491,9.389113,9.35887,9.474229,9.407404,0.048839,0.78334,0.694004,0.761003,0.746116,0.03796,0.760812,0.862547,0.784369,0.802576,0.043483,2.689074,2.616801,2.727648,2.677841,0.045945,0.70225,0.7123,0.721592,0.712047,0.007898,3.587824,3.590813,3.636671,3.605102,0.022356,0.094332,0.094482,0.097267,0.09536,0.00135,0.170132,0.201455,0.162277,0.177954,0.016924,0.601327,0.586448,0.583383,0.590386,0.007837,0.018419,0.007494,0.007963,0.011292,0.005043,0.110457,0.104659,0.119194,0.111437,0.005974,9.76e-4,8e-4,0.001197,9.91e-4,1.62e-4,12.756769,12.83593,12.990226,12.860975,0.09694
dataset_11/uvl/ocelot.uvl,dataset_11/uvl/ocelot.uvl,1279,675,0.472244,872,1450,-0.662844,3,54,547,FALSE,0.141045,0.138975,0.133652,0.13789,0.003114,6.2e-5,6.3e-5,6.4e-5,6.3e-5,1e-6,0.727015,0.7303,0.750668,0.735994,0.010462,0.736816,0.793556,0.770838,0.76707,0.023317,0.768596,0.691141,0.7128,0.724179,0.032628,0.759634,0.854283,0.852385,0.822101,0.044178,9.695903,9.633229,9.687166,9.672099,0.027716,0.792912,0.695521,0.6734,0.720611,0.051916,0.702931,0.80800399999999994,0.82731,0.779415,0.054654,2.544095,2.585537,2.457085,2.528906,0.053529,0.772811,0.732595,0.824175,0.776527,0.03748,3.826527,3.768203,3.806171,3.8003,0.02417,0.107671,0.098946,0.098301,0.101639,0.004273,0.268291,0.288578,0.233638,0.263503,0.022683,0.680646,0.655828,0.767067,0.70118,0.047678,0.009574,0.008216,0.0117,0.00983,0.001434,0.143741,0.158936,0.13456,0.145746,0.010052,9.29e-4,0.001613,8.23e-4,0.001122,3.5e-4,12.983414,13.010409,13.054761,13.016195,0.029413
dataset_11/uvl/olpce2294.uvl,dataset_11/uvl/olpce2294.uvl,1287,651,0.494172,904,1249,-0.381637,42,47,547,FALSE,0.153435,0.14838199999999999,0.132657,0.144825,0.008848,6.4e-5,6.2e-5,5e-5,5.8e-5,6e-6,0.791697,0.866186,0.791467,0.81645,0.035169,0.83439,0.829859,0.796969,0.820406,0.016675,0.763692,0.724041,0.784772,0.757502,0.025177,0.847564,0.856233,0.79606,0.833286,0.026559,9.876682,10.024798,10.121301,10.007593,0.100604,0.918894,0.752341,0.789952,0.820396,0.071321,0.866795,0.80911,0.762715,0.812873,0.042574,2.715925,2.734377,2.946544,2.798949,0.104637,0.751673,0.929423,0.827724,0.836273,0.072817,3.694431,3.815649,3.816354,3.775478,0.05731,0.092526,0.13353,0.092117,0.106057,0.019427,0.192652,0.219926,0.196123,0.2029,0.012122,0.643767,0.630416,0.689752,0.654645,0.025416,0.014144,0.010277,0.012317,0.012246,0.00158,0.120924,0.147872,0.121602,0.130132,0.012547,8.29e-4,0.001815,7.78e-4,0.001141,4.78e-4,13.403525,13.60963,13.558077,13.523744,0.087574
dataset_11/uvl/olpch2294.uvl,dataset_11/uvl/olpch2294.uvl,1274,641,0.49686,890,1357,-0.524719,42,60,531,FALSE,0.16252,0.154648,0.137397,0.151522,0.010492,8.4e-5,5.9e-5,4.8e-5,6.3e-5,1.5e-5,0.795743,0.788371,0.86044,0.814852,0.032376,0.821215,0.872569,0.819404,0.837729,0.024647,0.731424,0.856125,0.91827,0.835273,0.077692,0.913995,0.84413,0.805736,0.85462,0.044815,10.103838,10.23924,10.195509,10.179529,0.056421,0.77893,0.862283,0.825691,0.822301,0.034113,0.841092,0.791852,0.773289,0.802077,0.028609,2.714674,2.917092,2.914452,2.848739,0.094805,0.73695,0.774499,0.747673,0.753041,0.015792,3.97969,3.851144,3.867332,3.899389,0.057165,0.107393,0.092083,0.120942,0.106806,0.011789000000000001,0.249593,0.226034,0.281234,0.252287,0.022616,0.695495,0.724232,0.664877,0.694868,0.024236,0.01103,0.008833,0.012211,0.010691,0.0014,0.162998,0.158056,0.150053,0.157036,0.005334,0.001009,8.9e-4,9.25e-4,9.41e-4,5e-5,13.703962,13.92303,13.900092,13.842361,0.09831
dataset_11/uvl/olpcl2294.uvl,dataset_11/uvl/olpcl2294.uvl,1286,653,0.492224,902,1177,-0.304878,42,47,544,FALSE,0.194508,0.128338,0.150389,0.157745,0.02751,7.8e-5,4.5e-5,6.9e-5,6.4e-5,1.4e-5,0.858474,0.847024,0.940548,0.882015,0.041652,0.907125,0.794312,0.917845,0.873094,0.055879,0.923519,0.97703,0.820822,0.907124,0.064817,0.891619,0.913699,0.948468,0.917929,0.023401,10.505251,10.565201,9.673169,10.247874,0.407114,0.860153,0.871235,0.714658,0.815349,0.071343,0.877141,0.996872,0.844843,0.906285,0.065397,2.877771,2.956944,2.761026,2.865247,0.080472,0.838986,0.725597,0.702667,0.75575,0.059596,4.032092,4.069387,3.729876,3.943785,0.152021,0.116141,0.091779,0.108907,0.105609,0.010216,0.18971,0.194614,0.235507,0.20661,0.020531,0.713236,0.658754,0.575666,0.649218,0.056566,0.016161,0.008276,0.007597,0.010678,0.003887,0.154971,0.146617,0.139524,0.147037,0.006314,0.001537,7.75e-4,0.001597,0.001303,3.74e-4,14.453342,14.381423,13.600131,14.144966,0.386373
dataset_11/uvl/p2106.uvl,dataset_11/uvl/p2106.uvl,1262,637,0.495246,882,1107,-0.255102,42,60,523,FALSE,0.145005,0.15532,0.150436,0.150254,0.004213,7.1e-5,7.3e-5,5e-5,6.5e-5,1.1e-5,0.767572,0.817259,0.772689,0.78584,0.022315,0.80981,0.787416,0.77406,0.790429,0.014749,0.733246,0.703703,0.738037,0.724995,0.015182,0.956166,0.854403,0.796355,0.868975,0.066051,9.243326,9.134103,9.216952,9.198127,0.046535,0.734,0.67717,0.767425,0.726198,0.037257,0.785337,0.852247,0.760874,0.799486,0.038621,2.623984,2.489792,2.64055,2.584775,0.067503,0.67062,0.740954,0.681439,0.697671,0.030923,3.439466,3.565104,3.530649,3.511739,0.053006,0.092296,0.089497,0.088361,0.090052,0.001654,0.19113,0.181167,0.170505,0.180934,0.008422,0.706474,0.538152,0.577129,0.607251,0.071942999999999993,0.013615,0.009009,0.007913,0.010179,0.002471,0.138888,0.117267,0.120906,0.125687,0.009452,0.001598,0.001566,8.17e-4,0.001327,3.61e-4,12.809404,12.580229,12.578322,12.655985,0.108486
dataset_11/uvl/pati.uvl,dataset_11/uvl/pati.uvl,1261,641,0.491673,866,1033,-0.192841,4,55,561,FALSE,0.134945,0.139254,0.146479,0.140226,0.004759,4.5e-5,7e-5,7e-5,6.2e-5,1.1e-5,0.750371,0.73087,0.800318,0.76052,0.029246,0.696548,0.741876,0.794212,0.744212,0.039905,0.754267,0.673767,0.695181,0.707738,0.034042,0.768202,0.806017,0.835672,0.803297,0.027612,9.18973,9.39919,9.551129,9.380016,0.148162,0.785248,0.719837,0.67449,0.726525,0.045463,0.683484,0.788453,0.815503,0.76248,0.05694,2.520508,2.562814,2.589689,2.55767,0.028476,0.651141,0.686206,0.693769,0.677039,0.018571,3.780862,3.82558,3.983098,3.86318,0.086738,0.098648,0.093304,0.106295,0.099416,0.005331,0.192306,0.200412,0.213771,0.202163,0.00885,0.477516,0.522562,0.474492,0.491524,0.021982,0.0069,0.007033,0.007831,0.007255,4.11e-4,0.118375,0.128329,0.116413,0.121039,0.005217,0.001005,9.59e-4,9.41e-4,9.69e-4,2.7e-5,12.420493,12.627474,12.948359,12.665442,0.217166
dataset_11/uvl/pc_i82544.uvl,dataset_11/uvl/pc_i82544.uvl,1272,656,0.484277,885,1202,-0.358192,4,45,567,FALSE,0.195774,0.190342,0.143784,0.176633,0.023334,7e-5,5.2e-5,5.9e-5,6e-5,8e-6,0.8471,0.848209,0.834805,0.843371,0.006074,0.891581,0.795999,0.84923,0.845603,0.039105,0.72642,0.962056,0.752249,0.813575,0.10552,0.863536,0.868764,0.956613,0.896304,0.042698,9.972805,10.256256,10.193465,10.140842,0.121554,0.690853,0.840781,0.704747,0.74546,0.06764,0.900066,0.726543,0.841021,0.822543,0.072035,2.649957,2.708014,2.783237,2.713736,0.054561,0.837949,0.769891,0.815264,0.807701,0.028295,3.938809,4.17968,4.138771,4.085753,0.105239,0.09881,0.109625,0.116546,0.108327,0.007299,0.205978,0.271687,0.207506,0.228391,0.030622,0.650361,0.650017,0.586353,0.62891,0.030093,0.008499,0.007821,0.010533,0.008951,0.001152,0.143092,0.142892,0.149227,0.14507,0.002941,0.001573,9.36e-4,0.001008,0.001172,2.85e-4,13.650545,14.073452,13.891069,13.871689,0.173194
dataset_11/uvl/pc_i82559.uvl,dataset_11/uvl/pc_i82559.uvl,1272,656,0.484277,885,1202,-0.358192,4,45,567,FALSE,0.165666,0.142411,0.144287,0.150788,0.010548,7.2e-5,5.9e-5,7e-5,6.7e-5,5e-6,0.799386,0.803812,0.800792,0.80133,0.001846,0.850515,0.870781,0.79133,0.837542,0.033708,0.786337,0.764148,0.782456,0.777647,0.009676,0.921987,0.919503,0.816081,0.885857,0.04935,10.566646,10.433805,9.743175,10.247875,0.360974,0.866556,0.752341,0.779372,0.799423,0.048736,0.835827,0.93603,0.752909,0.841588,0.07487,2.90982,2.758273,2.643258,2.77045,0.109164,0.776435,0.770557,0.783068,0.776686,0.00511,4.177882,4.321847,3.923886,4.141205,0.164524,0.128391,0.088865,0.102237,0.106498,0.016415,0.255295,0.194072,0.20816,0.219176,0.02618,0.616422,0.611799,0.550265,0.592829,0.030156,0.020888,0.008645,0.008915,0.012816,0.005709,0.132482,0.144066,0.129026,0.135192,0.006432,9.21e-4,9.39e-4,0.001534,0.001131,2.85e-4,14.245008,14.088275,13.217769,13.850351,0.451856
dataset_11/uvl/pc_rltk8139.uvl,dataset_11/uvl/pc_rltk8139.uvl,1270,658,0.48189,886,1538,-0.735892,4,34,574,FALSE,0.143179,0.142008,0.15422,0.146469,0.005502,5.9e-5,6.1e-5,8.2e-5,6.7e-5,1e-5,0.790453,0.835212,0.758349,0.794672,0.031521,0.796937,0.729339,0.773856,0.766711,0.028055,0.720438,0.776394,0.806705,0.767846,0.035734,0.846265,0.824802,0.795874,0.822313,0.020647,10.215822,10.054615,10.793796,10.354744,0.317356,0.789877,0.718984,0.79291,0.767257,0.034157,0.786553,0.807598,0.795574,0.796575,0.008621,2.66194,2.575298,2.881084,2.706107,0.128684,0.796555,0.872241,0.821866,0.830221,0.031459,4.025238,3.916308,4.315935,4.085827,0.168679,0.094477,0.111437,0.109129,0.105014,0.00751,0.262466,0.311824,0.348853,0.307714,0.035387,0.798694,0.740904,0.728426,0.756008,0.03061,0.011882,0.009743,0.01007,0.010565,9.41e-4,0.158836,0.164157,0.17845,0.167148,0.008282,7.67e-4,9.48e-4,0.001014,9.1e-4,1.04e-4,13.684738,13.537382,14.272516,13.831545,0.317563
dataset_11/uvl/pc_usb_d12.uvl,dataset_11/uvl/pc_usb_d12.uvl,1294,666,0.485317,910,1428,-0.569231,4,59,565,FALSE,0.150895,0.151054,0.1357,0.145883,0.007201,6.8e-5,6.4e-5,5.4e-5,6.2e-5,6e-6,0.843228,0.889373,0.883953,0.872184,0.020595,0.934542,0.847811,0.870008,0.88412,0.036787,0.904908,0.801085,0.961649,0.889214,0.066483,0.872382,0.913762,0.837382,0.874508,0.031218,10.927352,10.895455,11.55947,11.127425,0.305779,0.944385,0.759132,1.031102,0.91154,0.113434,0.768397,0.942222,0.877721,0.86278,0.071746,2.948334,2.7758,3.351305,3.025146,0.241145,0.798681,0.802044,0.811946,0.804223,0.00563,4.35237,4.414607,4.359234,4.375404,0.027862,0.092185,0.12639,0.103049,0.107208,0.01427,0.242245,0.264347,0.242263,0.249618,0.010415,0.780734,0.81089,0.782826,0.791483,0.013749,0.013645,0.01328,0.009445,0.012123,0.0019,0.158556,0.162568,0.156257,0.159127,0.002608,8.14e-4,8.27e-4,8.77e-4,8.39e-4,2.7e-5,14.806487,14.675395,15.41491,14.965597,0.322188
dataset_11/uvl/pc_vmWare.uvl,dataset_11/uvl/pc_vmWare.uvl,1268,650,0.487382,884,1337,-0.512443,4,45,569,FALSE,0.155481,0.13559,0.147045,0.146039,0.008151,5.2e-5,6.6e-5,7.4e-5,6.4e-5,9e-6,0.801681,0.776869,0.766265,0.781605,0.014841,0.751734,0.824572,0.856706,0.811004,0.043915,0.858762,0.760101,0.824446,0.814437,0.040895,0.758795,0.839418,0.93642,0.844878,0.072618,10.268863,9.98179,10.208676,10.15311,0.123608,0.870679,0.773245,0.821589,0.821838,0.039778,0.772339,0.772365,0.779862,0.774855,0.00354,2.900927,2.649122,2.7093410000000002,2.75313,0.107361,0.774808,0.775466,0.768525,0.772933,0.003129,3.95955,4.003272,4.059205,4.007342,0.040786,0.102962,0.084221,0.090312,0.092498,0.007805,0.278755,0.22434,0.219622,0.240906,0.026833,0.608825,0.699739,0.760194,0.689586,0.062212,0.008771,0.009724,0.011176,0.00989,9.89e-4,0.133248,0.16884,0.133482,0.14519,0.016723,9.62e-4,9.39e-4,7.27e-4,8.76e-4,1.06e-4,13.738452,13.49801,13.885136,13.707199,0.159581
dataset_11/uvl/phycore.uvl,dataset_11/uvl/phycore.uvl,1287,666,0.482517,892,1454,-0.630045,42,60,519,FALSE,0.165411,0.163009,0.146367,0.158262,0.008468,8.7e-5,7.7e-5,6e-5,7.5e-5,1.1e-5,0.895817,0.944252,0.848616,0.896228,0.039044,0.85684,0.873826,0.912953,0.881206,0.023495,0.833747,0.919152,0.925925,0.892941,0.041948,0.933649,0.974012,0.974818,0.960826,0.01922,10.511406,10.739979,10.688367,10.646584,0.09788,0.757153,0.76682,0.922335,0.815436,0.075692,0.933822,0.913948,0.799358,0.882376,0.059261,2.913733,2.993449,2.835017,2.914066,0.06468,0.801257,0.98122,0.964295,0.915591,0.081141,4.010083,3.868492,3.957183,3.945253,0.058416,0.093276,0.134082,0.13812,0.121826,0.020255,0.250252,0.321974,0.325475,0.299234,0.034665,0.751785,0.759956,0.746558,0.752766,0.005513,0.016258,0.009631,0.008373,0.011421,0.003459,0.139401,0.17386,0.169993,0.161084,0.015414,7.93e-4,9.86e-4,9.65e-4,9.15e-4,8.7e-5,14.353618,14.798887,14.676544,14.609683,0.187828
dataset_11/uvl/phycore229x.uvl,dataset_11/uvl/phycore229x.uvl,1373,664,0.516387,932,1193,-0.280043,42,150,517,FALSE,0.16774,0.148794,0.139378,0.151971,0.011795,7e-5,8.1e-5,4.6e-5,6.6e-5,1.4e-5,0.918209,0.90086,0.938395,0.91915500000000006,0.015338,1.01617,0.91352,0.896393,0.942028,0.052891,0.949191,0.881697,0.981526,0.937472,0.041589,1.021995,0.919238,0.999849,0.980361,0.044156,10.64415,10.686767,10.367658,10.566192,0.141458,0.995448,0.874852,0.832105,0.900802,0.069163,0.947799,0.927091,0.871337,0.915409,0.03229,3.029066,2.94067,2.992662,2.987466,0.036274,0.854477,0.782736,0.834956,0.824056,0.030285,3.921447,4.278282,3.928512,4.042747,0.166573,0.112443,0.100713,0.113618,0.108925,0.005826,0.222917,0.190776,0.227441,0.213711,0.016323,0.560526,0.591619,0.56699600000000006,0.573047,0.013395,0.008485,0.294671,0.008362,0.10384,0.134939,0.119324,0.129941,0.296396,0.181887,0.081086,9.36e-4,8.45e-4,0.001051,9.44e-4,8.4e-5,14.846379,14.876515,14.629163,14.784019,0.110189
dataset_11/uvl/picasso.uvl,dataset_11/uvl/picasso.uvl,1261,642,0.49088,899,1353,-0.505006,42,58,519,FALSE,0.216309,0.132044,0.139653,0.162668,0.038056,5.9e-5,6.1e-5,5.6e-5,5.8e-5,2e-6,0.784777,0.786038,0.761072,0.777296,0.011484,0.722276,0.784465,0.773691,0.760144,0.027136,0.835495,0.811285,0.792825,0.813201,0.017473,0.771542,0.887989,0.750574,0.803368,0.060445,9.73287,9.521285,9.545659,9.599938,0.094522,0.815433,0.795026,0.79822,0.802893,0.008962,0.794146,0.783704,0.766195,0.781348,0.011532,2.586439,2.648231,2.586111,2.606927,0.029207,0.836473,0.760745,0.847844,0.815021,0.038658,3.697802,3.55184,3.544004,3.597882,0.070727,0.121267,0.118877,0.113526,0.11789,0.003236,0.255975,0.237637,0.257902,0.250504,0.009133,0.625309,0.625196,0.631831,0.627446,0.003101,0.008283,0.044525,0.008909,0.020572,0.016939,0.156886,0.133003,0.137736,0.142542,0.010325,9.1e-4,8.93e-4,9.02e-4,9.02e-4,7e-6,13.229512,13.1017,12.911192,13.080801,0.130791
dataset_11/uvl/pid.uvl,dataset_11/uvl/pid.uvl,1242,634,0.489533,891,1088,-0.2211,42,62,504,FALSE,0.844929,0.135021,0.153517,0.377822,0.330381,1.01e-4,6.4e-5,7.3e-5,7.9e-5,1.6e-5,0.776956,0.766724,0.761976,0.768552,0.006251,0.738023,0.779652,0.714113,0.743929,0.02708,0.785533,0.688314,0.752327,0.742058,0.040348,0.718554,0.844239,0.843636,0.802143,0.059107,8.761254,8.742484,8.770878,8.758205,0.01179,0.794328,0.708968,0.711792,0.738363,0.03959,0.721616,0.760779,0.810515,0.764303,0.036378,2.537747,2.51889,2.523263,2.526633,0.008059,0.678461,0.673093,0.697094,0.682883,0.010285,3.290914,3.217217,3.306701,3.271611,0.038998,0.104514,0.101138,0.09769,0.101114,0.002786,0.161267,0.210206,0.164908,0.178794,0.022262,0.472382,0.552168,0.458893,0.494481,0.041161,0.012199,0.006935,0.007298,0.00881,0.0024,0.124257,0.128828,0.353029,0.202038,0.106783,9.62e-4,8.79e-4,0.001034,9.58e-4,6.3e-5,12.762877,12.093242,12.357994,12.404705,0.275365
dataset_11/uvl/prpmc1100.uvl,dataset_11/uvl/prpmc1100.uvl,1236,633,0.487864,875,1299,-0.484571,42,61,500,FALSE,0.180439,0.128402,0.132671,0.147171,0.023589,6.9e-5,7.3e-5,5.9e-5,6.7e-5,6e-6,0.690275,0.746868,0.76966,0.735601,0.033373,0.764437,0.714773,0.708329,0.729179,0.025069,0.717445,0.748461,0.72447,0.730125,0.013279,0.881324,0.815997,0.773062,0.823461,0.044511,8.814143,8.882258,9.255427,8.983943,0.193972,0.763935,0.700006,0.747775,0.737239,0.027142,0.736686,0.832884,0.835839,0.801803,0.04606,2.47497,2.505044,2.615794,2.531936,0.060554,0.694462,0.710742,0.721205,0.708803,0.011004,3.220186,3.216036,3.414586,3.283603,0.092634,0.127264,0.123354,0.096438,0.115685,0.013703,0.252968,0.245439,0.20289,0.233766,0.022048,0.543645,0.548731,0.620866,0.571081,0.035265,0.008703,0.007906,0.008868,0.008492,4.2e-4,0.143378,0.130621,0.137296,0.137098,0.00521,8.83e-4,8.97e-4,9.08e-4,8.96e-4,1e-5,12.201202,12.176367,12.510861,12.296144,0.152167
dataset_11/uvl/psim.uvl,dataset_11/uvl/psim.uvl,1194,613,0.4866,826,1264,-0.530266,4,53,524,FALSE,0.163161,0.133339,0.138718,0.145073,0.012977,4.2e-5,5.7e-5,4.3e-5,4.7e-5,7e-6,0.660376,0.721805,0.629531,0.670571,0.038354,0.769782,0.660446,0.762043,0.730757,0.049818,0.625713,0.730857,0.62242,0.659663,0.05036,0.81302,0.703986,0.742887,0.753298,0.045118,8.569011,8.617155,8.745908,8.644025,0.074675,0.608948,0.686201,0.63772,0.644289,0.031879,0.737768,0.682131,0.743029,0.720976,0.027551,2.363718,2.287608,2.289674,2.313666,0.035401,0.717005,0.689176,0.817882,0.741354,0.055293,3.225143,3.386777,3.360427,3.324116,0.070806,0.081852,0.081576,0.097511,0.08698,0.007448,0.254585,0.204644,0.248735,0.235988,0.022292,0.579966,0.599017,0.550904,0.576629,0.019783,0.007593,0.012523,0.007464,0.009193,0.002355,0.160197,0.138173,0.132157,0.143509,0.012053,8.55e-4,8.31e-4,8.59e-4,8.48e-4,1.2e-5,11.769851,11.719278,11.782131,11.757087,0.027201
dataset_11/uvl/rattler.uvl,dataset_11/uvl/rattler.uvl,1324,688,0.480363,894,1110,-0.241611,4,30,602,FALSE,0.178105,0.139805,0.135356,0.151089,0.019189,7.1e-5,5e-5,6.8e-5,6.3e-5,9e-6,0.80136,0.763445,0.81561,0.793472,0.022015,0.877997,0.797844,0.810486,0.828775,0.035185,0.785748,0.790982,0.751708,0.776146,0.017412,0.920933,0.893807,0.903986,0.906242,0.011189,10.519746,10.625344,10.543749,10.562946,0.045197,0.771639,0.843159,0.753431,0.789409,0.038727,0.811204,0.804988,0.840722,0.818971,0.015588,2.829762,2.867397,2.769959,2.822372,0.040121,0.83969800000000006,0.883008,0.942223,0.88831,0.042023,4.364009,4.310886,4.319439,4.331444,0.02329,0.093787,0.12238,0.123907,0.113358,0.013853,0.189072,0.235399,0.221751,0.215407,0.019438,0.620537,0.5581,0.572292,0.583643,0.026724,0.011115,0.00755,0.007633,0.008766,0.001662,0.13084,0.114297,0.133016,0.126051,0.008359,8.21e-4,0.001789,9.82e-4,0.001198,4.24e-4,14.226858,14.135027,14.102703,14.154862,0.052591
dataset_11/uvl/ref4955.uvl,dataset_11/uvl/ref4955.uvl,1231,631,0.487409,862,983,-0.140371,3,58,539,FALSE,0.399619,0.126796,0.163768,0.230061,0.120842,6.8e-5,5.6e-5,5.4e-5,5.9e-5,6e-6,0.678085,0.774298,0.768502,0.740295,0.044053,0.733139,0.680083,0.785023,0.732748,0.042843,0.657235,0.748717,0.635895,0.680616,0.048937,0.815538,0.772753,0.876758,0.821683,0.042681,8.884476,9.064698,8.888921,8.946031,0.083929,0.67442,0.75283,0.713957,0.713736,0.032011,0.782839,0.766221,0.749363,0.766141,0.013666,2.435725,2.583004,2.537018,2.518582,0.061523,0.635166,0.688504,0.657098,0.660256,0.021889,3.557365,3.604544,3.442152,3.534687,0.068208,0.099874,0.097755,0.107277,0.101635,0.004082,0.196757,0.153411,0.19094,0.180369,0.01921,0.502303,0.418406,0.491089,0.470599,0.037189,0.009117,0.007634,0.006662,0.007804,0.00101,0.094337,0.104473,0.102357,0.100389,0.004365,7.43e-4,0.001073,9.31e-4,9.16e-4,1.35e-4,12.272463,12.280704,12.228975,12.260714,0.022694
dataset_11/uvl/refidt334.uvl,dataset_11/uvl/refidt334.uvl,1276,676,0.470219,870,1390,-0.597701,4,34,562,FALSE,0.194969,0.130856,0.147678,0.157834,0.027141,7.5e-5,5.8e-5,8.2e-5,7.2e-5,1e-5,0.785413,0.75497,0.783438,0.774607,0.013909,0.771673,0.77768,0.770619,0.773324,0.00311,0.775789,0.76141,0.734488,0.757229,0.017118,0.898909,0.875711,0.839155,0.871258,0.024597,10.007226,9.974387,10.066591,10.016068,0.038158,0.706818,0.741277,0.717139,0.721745,0.01444,0.853832,0.788903,0.82786,0.823532,0.026683,2.590789,2.660497,2.663779,2.638355,0.033661,0.861935,0.844107,0.833725,0.846589,0.01165,3.885331,3.85844,3.942796,3.895522,0.035184,0.106803,0.105495,0.10731,0.106536,7.65e-4,0.300523,0.293947,0.297165,0.297212,0.002685,0.701164,0.681695,0.67679,0.686549,0.010526,0.008101,0.008094,0.00826,0.008152,7.7e-5,0.146347,0.135554,0.58679,0.289564,0.210217,0.001589,0.001013,9.53e-4,0.001185,2.87e-4,13.590207,13.419842,13.938171,13.649407,0.215708
dataset_11/uvl/sa1100mm.uvl,dataset_11/uvl/sa1100mm.uvl,1235,626,0.493117,878,1223,-0.392938,42,60,507,FALSE,0.256452,0.130756,0.139756,0.175655,0.05725,4.1e-5,5.5e-5,5.5e-5,5e-5,6e-6,0.682557,0.754643,0.717098,0.7181,0.029438,0.808015,0.842772,0.805266,0.818684,0.017069,0.697054,0.674603,0.722881,0.698179,0.019725,0.859178,0.886694,0.837284,0.861052,0.020215,8.984855,9.054469,9.133386,9.05757,0.060677,0.69968,0.699647,0.755254,0.718194,0.026206,0.778866,0.783072,0.76288,0.774939,0.008698,2.482298,2.551002,2.618404,2.550568,0.055566,0.779744,0.762034,0.741607,0.761128,0.015583,3.388041,3.365321,3.35341,3.368924,0.014366,0.119475,0.100848,0.11963,0.113318,0.008817,0.200673,0.224759,0.230313,0.218582,0.012865,0.536051,0.567756,0.551862,0.55189,0.012944,0.009462,0.012439,0.008478,0.010126,0.001684,0.152098,0.132802,0.13334,0.139413,0.008972,8.66e-4,8.77e-4,8.98e-4,8.8e-4,1.3e-5,12.450702,12.490216,12.49854,12.479819,0.020867
dataset_11/uvl/sam7ex256.uvl,dataset_11/uvl/sam7ex256.uvl,1345,673,0.499628,935,1111,-0.188235,42,80,550,FALSE,0.698094,0.176558,0.150927,0.34186,0.252113,1.19e-4,7.4e-5,7.5e-5,8.9e-5,2.1e-5,0.896605,0.849367,0.86178,0.869251,0.019995,0.807839,0.89068,0.896772,0.865097,0.040564,0.896425,0.783522,0.797192,0.825713,0.050312,0.900329,0.994056,1.009518,0.967968,0.048243,10.549724,10.475121,11.128558,10.717801,0.292041,0.84377,0.849225,0.855859,0.849618,0.004943,0.936183,0.881415,0.846445,0.888014,0.036932,2.96925,2.961598,2.942397,2.957748,0.011296,0.780842,0.75898,0.748023,0.762615,0.013643,4.084894,4.055659,4.71754,4.286031,0.305356,0.11455,0.137728,0.137791,0.130023,0.010941,0.219518,0.244242,0.252341,0.2387,0.013961,0.600691,0.586248,0.628137,0.605025,0.017373,0.007361,0.153141,0.26851,0.143004,0.106854,0.12849,0.133562,0.142227,0.13476,0.005672,9.84e-4,9.36e-4,0.001069,9.96e-4,5.5e-5,14.886095,14.457139,15.256743,14.866659,0.326726
dataset_11/uvl/se7751.uvl,dataset_11/uvl/se7751.uvl,1309,676,0.483575,883,1619,-0.833522,3,61,569,FALSE,0.198655,0.138694,0.145106,0.160818,0.026882,1.01e-4,6.3e-5,7.6e-5,8e-5,1.6e-5,0.878895,0.776125,0.783936,0.812985,0.046714,0.826617,0.780459,0.83936,0.815479,0.025303,0.755713,0.776887,0.762092,0.764897,0.008869,0.928304,0.834729,0.89956,0.887531,0.039137,10.480855,10.400531,10.703247,10.528211,0.128039,0.769054,0.771186,0.71279,0.75101,0.027039,0.802286,0.780307,0.898528,0.82704,0.05134,2.707065,2.796979,2.716473,2.740172,0.040351,0.838158,0.851971,0.901475,0.863868,0.027183,4.132364,3.951165,4.200404,4.094645,0.105189,0.105999,0.109501,0.102315,0.105938,0.002934,0.309542,0.362849,0.390378,0.354256,0.033556,0.816359,0.776547,0.780856,0.791254,0.017839,0.010447,0.188823,0.015912,0.071727,0.082829,0.177936,0.172092,0.156747,0.168925,0.008935,9.33e-4,9.59e-4,9.54e-4,9.49e-4,1.1e-5,14.258565,14.069476,14.307103,14.211715,0.102511
dataset_11/uvl/se77x9.uvl,dataset_11/uvl/se77x9.uvl,1333,687,0.484621,911,1309,-0.436883,3,72,571,FALSE,0.184057,0.15317,0.153863,0.163697,0.0144,7e-5,8.3e-5,8.7e-5,8e-5,7e-6,0.798447,0.823537,0.787868,0.803284,0.014958,0.874684,0.853108,0.910679,0.87949,0.023748,0.854013,0.83662,0.958533,0.883055,0.053841,0.892466,0.941665,0.983221,0.939117,0.037094,11.004723,10.9186,11.64756,11.190294,0.325242,0.869667,0.851796,0.994498,0.90532,0.063479,0.838222,0.756242,0.975164,0.856542,0.090309,3.057476,2.842853,2.951577,2.950635,0.087622,0.84989,0.854866,1.121545,0.9421,0.126903,4.328788,4.53487,4.484746,4.449468,0.087753,0.119761,0.114463,0.116743,0.116989,0.00217,0.273773,0.233972,0.316956,0.2749,0.033887,0.667122,0.729513,0.686304,0.694313,0.026093,0.00918,0.013204,0.008319,0.010234,0.002129,0.142011,0.13631,0.1874,0.15524,0.022859,0.00107,9.57e-4,0.001046,0.001024,4.9e-5,14.760825,14.677358,15.638698,15.025627,0.434844
dataset_11/uvl/sh4_202_md.uvl,dataset_11/uvl/sh4_202_md.uvl,1272,649,0.48978,885,1514,-0.710734,3,52,568,FALSE,0.174505,0.141553,0.142033,0.152697,0.015422,5.6e-5,8.7e-5,8e-5,7.4e-5,1.3e-5,0.953496,0.820167,0.768912,0.847525,0.0778,0.825114,0.844543,0.886722,0.852126,0.025717,0.790761,0.778773,0.745578,0.771704,0.019111,0.958005,0.904771,0.942421,0.935065,0.022346,10.879442,11.143625,10.651177,10.891415,0.201219,0.746167,0.756172,0.809625,0.770655,0.027857,0.918691,0.849096,0.950874,0.90622,0.042476,2.786951,2.922161,2.821129,2.843414,0.057404,0.925554,0.878782,0.849266,0.884534,0.031409,4.258878,4.494016,4.042559,4.265151,0.18436,0.114824,0.113729,0.104721,0.111091,0.004527,0.36971,0.328205,0.312972,0.336962,0.023977,0.758639,0.801437,0.760004,0.77336,0.019861,0.009188,0.009816,0.010499,0.009834,5.35e-4,0.163954,0.158157,0.201259,0.174457,0.019099,9.86e-4,9.62e-4,0.001857,0.001268,4.17e-4,14.755612,14.802565,14.350653,14.636277,0.202874
dataset_11/uvl/sh7708.uvl,dataset_11/uvl/sh7708.uvl,1267,626,0.505919,876,1191,-0.359589,3,103,535,FALSE,0.165868,0.128476,0.151078,0.148474,0.015376,7.4e-5,5.2e-5,7.1e-5,6.6e-5,1e-5,0.753091,0.785702,0.804426,0.781073,0.021212,0.772425,0.749774,0.785347,0.769182,0.014702,0.756803,0.803746,0.713204,0.757918,0.036972,0.824966,0.796856,0.887254,0.836358,0.037774,9.549998,9.672248,9.696503,9.639583,0.064116,0.77692,0.816452,0.714786,0.769386,0.041846,0.752936,0.713525,0.890932,0.785797,0.076062,2.649228,2.654005,2.635899,2.646377,0.007662,0.723872,0.726453,0.76797,0.739432,0.020207,3.721929,3.830531,3.839701,3.797387,0.053488,0.075114,0.095002,0.078075,0.08273,0.008761,0.198882,0.249402,0.19907,0.215785,0.023771,0.651091,0.586852,0.570044,0.602662,0.034925,0.008801,0.009427,0.009568,0.009265,3.33e-4,0.129759,0.141146,0.124096,0.131667,0.00709,7.83e-4,0.001071,8.82e-4,9.12e-4,1.19e-4,12.962682,13.088627,13.172537,13.074615,0.086244
dataset_11/uvl/skmb91302.uvl,dataset_11/uvl/skmb91302.uvl,1230,644,0.476423,840,1312,-0.561905,4,53,529,FALSE,0.137773,0.122233,0.124312,0.128106,0.006888,4.6e-5,5.5e-5,4.4e-5,4.8e-5,5e-6,0.670461,0.725691,0.700492,0.698882,0.022576,0.785675,0.760666,0.695958,0.747433,0.037803,0.68219,0.732471,0.737974,0.717545,0.025101,0.868866,0.87911,0.702104,0.816693,0.081135,9.36329,9.710027,9.291725,9.455014,0.182673,0.63579,0.723056,0.744131,0.700992,0.046901,0.84235,0.861796,0.690304,0.79815,0.076671,2.459069,2.728416,2.503024,2.563503,0.117984,0.850492,0.776854,0.762176,0.796507,0.03864,3.631413,3.571746,3.566572,3.58991,0.029422,0.084131,0.082028,0.091957,0.086039,0.004272,0.22785,0.222996,0.220841,0.223896,0.002931,0.632157,0.743108,0.712693,0.695986,0.046811,0.014038,0.007864,0.01196,0.011287,0.002565,0.140813,0.13123,0.138074,0.136706,0.00403,0.001498,8.02e-4,9.83e-4,0.001094,2.95e-4,12.664766,13.070252,12.403726,12.712914,0.27423
dataset_11/uvl/sleb.uvl,dataset_11/uvl/sleb.uvl,1201,612,0.490425,827,1241,-0.500605,4,52,533,FALSE,0.131718,0.124659,0.143383,0.133254,0.0077210000000000004,5.9e-5,7.3e-5,5e-5,6.1e-5,9e-6,0.68253,0.695518,0.722184,0.700077,0.016507,0.713349,0.741557,0.621772,0.692226,0.051132,0.66751,0.650837,0.74202,0.686789,0.039643,0.754584,0.820093,0.692948,0.755875,0.051915,8.788227,8.659714,8.844063,8.764001,0.077185,0.657786,0.608589,0.691431,0.652602,0.034018,0.729657,0.789593,0.64358,0.720943,0.059927,2.369106,2.277502,2.42818,2.358263,0.06199,0.722203,0.781795,0.68129,0.728429,0.041266,3.436724,3.325992,3.520373,3.427696,0.079612,0.093307,0.089108,0.073299,0.085238,0.008614,0.216174,0.244726,0.198767,0.219889,0.018946,0.563245,0.542383,0.607117,0.570915,0.026978,0.008582,0.00752,0.0108,0.008967,0.001367,0.125037,0.136096,0.140595,0.133909,0.006537,0.001456,0.001412,8.88e-4,0.001252,2.58e-4,11.873157,11.837584,11.918815,11.876519,0.033248
dataset_11/uvl/smdk2410.uvl,dataset_11/uvl/smdk2410.uvl,1279,662,0.482408,884,1283,-0.451357,42,64,511,FALSE,0.18708,0.128868,0.142735,0.152894,0.024827,5.3e-5,5.2e-5,6.3e-5,5.6e-5,5e-6,0.79332,0.802038,0.723923,0.773093,0.03495,0.832794,0.748512,0.865064,0.815457,0.049136,0.800904,0.80609,0.741863,0.782952,0.029132,0.7938,0.814891,0.885456,0.831382,0.039193,9.690089,9.725835,9.545074,9.653666,0.078161,0.818543,0.796746,0.737657,0.784315,0.034171,0.765164,0.804658,0.763265,0.777696,0.019081,2.690571,2.72146,2.709679,2.707236,0.012728,0.788126,0.879329,0.762528,0.809994,0.050128,3.561196,3.516074,3.486487,3.521252,0.030719,0.095966,0.112235,0.147945,0.118716,0.021709,0.221039,0.262802,0.296237,0.260026,0.030762,0.749457,0.632504,0.641248,0.674403,0.053191,0.008939,0.009205,0.008807,0.008984,1.66e-4,0.12711,0.152169,0.126872,0.135383,0.01187,8.31e-4,9.39e-4,9.66e-4,9.12e-4,5.8e-5,13.235022,13.188698,13.04092,13.15488,0.082771
dataset_11/uvl/snds.uvl,dataset_11/uvl/snds.uvl,1231,629,0.489033,872,1263,-0.448394,42,53,507,FALSE,0.139297,0.149952,0.136372,0.141873,0.005836,5.2e-5,5.2e-5,7.2e-5,5.9e-5,9e-6,0.737303,0.728095,0.794707,0.753368,0.029471,0.782306,0.749433,0.718236,0.749992,0.02616,0.694671,0.699897,0.753253,0.71594,0.02647,0.847092,0.798755,0.797019,0.814289,0.023206,10.651235,9.092716,9.182124,9.642025,0.714552,0.67987,0.679173,0.704498,0.687847,0.011777,0.87461,0.782392,0.851163,0.836055,0.039134,3.379681,2.602587,2.58177,2.854679,0.371329,0.922977,0.723894,0.782459,0.809776,0.083539,3.740887,3.334413,3.332983,3.469428,0.191952,0.106576,0.109661,0.113907,0.11004800000000001,0.003006,0.276632,0.243786,0.23931,0.253242,0.016639,0.669976,0.616783,0.576008,0.620923,0.038474,0.008884,0.007828,0.007725,0.008146,5.24e-4,0.138777,0.136963,0.126738,0.134159,0.0053,9.15e-4,0.001122,9.17e-4,9.84e-4,9.7e-5,14.000625,12.364925,12.517279,12.960943,0.737792
dataset_11/uvl/sparc_erc32.uvl,dataset_11/uvl/sparc_erc32.uvl,1181,603,0.489416,816,1216,-0.490196,4,52,522,FALSE,0.145616,0.131986,0.110411,0.129338,0.014494,5e-5,5.5e-5,3.5e-5,4.7e-5,8e-6,0.690619,0.689134,0.618364,0.666039,0.033717,0.605362,0.61505,0.701666,0.640692,0.043296,0.756758,0.738215,0.624011,0.706328,0.058697,0.677516,0.684553,0.772799,0.711623,0.043353,8.585387,8.564308,8.653764,8.601153,0.038184,0.686787,0.729226,0.637065,0.684359,0.037664,0.666306,0.655908,0.732821,0.685012,0.034072,2.368316,2.343965,2.249604,2.320629,0.051196,0.672356,0.679345,0.752646,0.701449,0.036314,3.331594,3.284599,3.311911,3.309368,0.01927,0.094626,0.087664,0.091502,0.091264,0.002847,0.228453,0.223048,0.24667,0.232724,0.010106,0.536921,0.560527,0.631517,0.576322,0.040201,0.007552,0.007459,0.007504,0.007505,3.8e-5,0.127894,0.114676,0.119433,0.120668,0.005466,8.76e-4,7.23e-4,7e-4,7.66e-4,7.8e-5,11.597735,11.546259,11.60878,11.584258,0.027245
dataset_11/uvl/sparc_leon.uvl,dataset_11/uvl/sparc_leon.uvl,1181,603,0.489416,816,1216,-0.490196,4,52,522,FALSE,0.157304,0.12239,0.145722,0.141805,0.01452,5.4e-5,5.6e-5,6e-5,5.6e-5,2e-6,0.720463,0.662929,0.67313,0.685507,0.025065,0.618306,0.661544,0.675895,0.651915,0.024477,0.751376,0.677062,0.609444,0.679294,0.057965,0.650274,0.698915,0.738882,0.696024,0.036232,8.610289,8.643096,8.583793,8.612393,0.024256,0.715158,0.67437,0.638484,0.676004,0.031323,0.673828,0.679488,0.760202,0.704506,0.039451,2.280661,2.34606,2.225451,2.284058,0.049297,0.679715,0.674754,0.753988,0.702819,0.036238,3.390745,3.398209,3.348229,3.379061,0.022013,0.09648,0.094382,0.108281,0.099714,0.006118,0.226603,0.230005,0.243623,0.23341,0.007354,0.547076,0.5458,0.505514,0.532796,0.019299,0.009969,0.011375,0.007384,0.009576,0.001653,0.151864,0.135313,0.129911,0.139029,0.00934,9.28e-4,8.97e-4,8.56e-4,8.93e-4,3e-5,11.670919,11.613683,11.565185,11.616595,0.043215
dataset_11/uvl/sparclite_sim.uvl,dataset_11/uvl/sparclite_sim.uvl,1181,603,0.489416,816,1216,-0.490196,4,52,522,FALSE,0.136691,0.11866,0.118643,0.124665,0.008504,4.9e-5,6.4e-5,6.7e-5,6e-5,8e-6,0.687229,0.680847,0.647087,0.671721,0.017613,0.624266,0.681965,0.665456,0.657229,0.024263,0.757997,0.625025,0.653631,0.678885,0.057147,0.638082,0.783994,0.71642,0.712832,0.059622,8.793501,8.810862,8.559092,8.721152,0.114812,0.683576,0.640029,0.678062,0.667222,0.01936,0.668376,0.729725,0.716861,0.704987,0.026415,2.410093,2.336049,2.279752,2.341965,0.053376,0.702898,0.747501,0.676948,0.709116,0.029137,3.375495,3.463177,3.34883,3.395834,0.048847,0.07352,0.085738,0.08843,0.082563,0.006488,0.194039,0.243625,0.234176,0.223947,0.021497,0.685477,0.564989,0.535998,0.595488,0.064723,0.011156,0.008111,0.013425,0.010897,0.002177,0.124536,0.152011,0.125459,0.134002,0.01274,0.001176,8.39e-4,8.8e-4,9.65e-4,1.5e-4,11.774791,11.862485,11.500264,11.712513,0.154294
dataset_11/uvl/stb.uvl,dataset_11/uvl/stb.uvl,1265,658,0.479842,860,1247,-0.45,4,55,548,FALSE,0.135387,0.129915,0.143145,0.136149,0.005428,7e-5,5.5e-5,4.9e-5,5.8e-5,9e-6,0.728198,0.757141,0.735023,0.740121,0.012354,0.773754,0.815355,0.788035,0.792381,0.017259,0.758261,0.691675,0.681727,0.710554,0.033978,0.77955,0.862484,0.880885,0.840973,0.044078,9.831108,9.686319,9.731714,9.749714,0.060465,0.749718,0.728167,0.699203,0.725696,0.020697,0.78778,0.829455,0.8297,0.815645,0.019704,2.554821,2.537341,2.655679,2.582614,0.052155,0.77727,0.816953,0.786295,0.793506,0.016984,3.97444,3.750084,3.837682,3.854068,0.092323,0.087489,0.116432,0.110368,0.104763,0.012463,0.214847,0.237048,0.23977299999999999,0.230556,0.011163,0.684713,0.670813,0.572993,0.64284,0.049714,0.014176,0.009331,0.007584,0.010363,0.002789,0.160532,0.131215,0.132858,0.141535,0.01345,8.41e-4,9.08e-4,9.5e-4,8.99e-4,4.5e-5,13.181982,13.084495,13.102078,13.122852,0.042423
dataset_11/uvl/stdeval1.uvl,dataset_11/uvl/stdeval1.uvl,1203,615,0.488778,844,1235,-0.46327,4,52,532,FALSE,0.152105,0.125224,0.119664,0.132331,0.014165,5e-5,6.9e-5,5.8e-5,5.9e-5,8e-6,0.744454,0.768067,0.691886,0.734802,0.031841,0.67752,0.723239,0.674645,0.691801,0.022261,0.757013,0.726832,0.697641,0.727162,0.02424,0.751914,0.817575,0.786372,0.785287,0.026817,9.056757,9.039398,9.17952,9.091892,0.062367,0.800311,0.696079,0.743211,0.746533,0.042617,0.704792,0.762364,0.762454,0.743203,0.027161,2.39782,2.407653,2.432308,2.412594,0.014507,0.745374,0.751359,0.746091,0.747608,0.002668,3.524923,3.573574,3.627601,3.575366,0.041937,0.089967,0.081204,0.08171,0.084294,0.004017,0.246494,0.206326,0.208118,0.220313,0.018527,0.54705,0.560806,0.577999,0.561952,0.012661,0.011747,0.009744,0.01007,0.01052,8.78e-4,0.130377,0.145652,0.125055,0.133695,0.00873,0.001016,9.19e-4,9.25e-4,9.53e-4,4.4e-5,12.283057,12.35682,12.28594,12.308606,0.034113
dataset_11/uvl/stm3210e_eval.uvl,dataset_11/uvl/stm3210e_eval.uvl,1283,635,0.505066,873,1242,-0.42268,4,55,589,FALSE,0.153961,0.152769,0.140626,0.149119,0.006025,5.3e-5,5.8e-5,6e-5,5.7e-5,3e-6,0.703707,0.820988,0.790075,0.77159,0.049632,0.90644,0.780736,0.784538,0.823905,0.058382,0.707555,0.786169,0.767599,0.753774,0.03355,0.905021,0.914655,0.878533,0.899403,0.015272,10.356933,10.318237,10.756152,10.477107,0.197946,0.764084,0.771214,0.855293,0.796864,0.041418,0.843932,0.905132,0.746237,0.831767,0.065437,2.800456,2.715727,2.946766,2.820983,0.095432,0.784736,0.805775,0.894171,0.828228,0.047414,4.216933,4.145368,4.367371,4.243224,0.092519,0.128085,0.081916,0.104484,0.104828,0.01885,0.244449,0.209814,0.248882,0.234382,0.017466,0.574231,0.683264,0.592923,0.616806,0.047608,0.007809,0.008992,0.007905,0.008235,5.36e-4,0.145269,0.133484,0.131562,0.136772,0.00606,0.001103,9.17e-4,9.55e-4,9.92e-4,8e-5,13.88796,13.917112,14.25813,14.021067,0.168051
dataset_11/uvl/ts1000.uvl,dataset_11/uvl/ts1000.uvl,1310,669,0.489313,886,1398,-0.577878,4,42,595,FALSE,0.146856,0.138027,0.13762,0.140834,0.004261,5.6e-5,5.7e-5,5.5e-5,5.6e-5,1e-6,0.804114,0.777485,0.794483,0.792028,0.011009,0.830423,0.877304,0.868899,0.858875,0.020409,0.753524,0.774364,0.763684,0.763857,0.008509,0.930415,0.885813,0.917746,0.911325,0.018766,10.8378,10.934098,10.947494,10.906464,0.04886,0.724464,0.844284,0.791452,0.786733,0.04903,0.92708,0.859132,0.858113,0.881442,0.032274,2.775182,2.93783,2.838101,2.850371,0.066965,0.878464,0.848058,0.846601,0.857707,0.014689,4.437187,4.353176,4.396051,4.395471,0.0343,0.113704,0.099307,0.125688,0.112899,0.010785,0.292278,0.297708,0.316665,0.302217,0.010454,0.689414,0.69458,0.774797,0.719597,0.039089,0.011668,0.012215,0.008164,0.010682,0.001795,0.163156,0.142656,0.149045,0.151619,0.008565,9.59e-4,9.95e-4,0.001627,0.001194,3.07e-4,14.47907,14.543128,14.588931,14.537043,0.045056
dataset_11/uvl/ts6.uvl,dataset_11/uvl/ts6.uvl,1253,645,0.485235,865,1393,-0.610405,4,39,565,FALSE,0.204838,0.13074,0.129266,0.154948,0.035283,5.6e-5,4.5e-5,5.1e-5,5.1e-5,4e-6,0.793811,0.737942,0.764745,0.765499,0.022815,0.719442,0.811418,0.71728,0.74938,0.043876,0.723808,0.709605,0.775879,0.73643,0.028491,0.836262,0.823727,0.807547,0.822512,0.011754,10.161721,9.960803,10.122541,10.081688,0.086962,0.721924,0.741567,0.741706,0.735065,0.009293,0.84608,0.793535,0.824811,0.821475,0.021581,2.531745,2.630235,2.585858,2.582613,0.040274,0.924143,0.812974,0.90436,0.880492,0.048421,4.089411,3.889478,3.94691,3.975266,0.084049,0.086978,0.12246,0.101635,0.103691,0.014558,0.240303,0.290953,0.289585,0.273613,0.023561,0.721106,0.679577,0.727651,0.709444,0.021288,0.009639,0.008379,0.008545,0.008854,5.59e-4,0.153833,0.143713,0.147201,0.148249,0.004197,9e-4,9.21e-4,9.58e-4,9.26e-4,2.4e-5,13.604412,13.327404,13.474125,13.468647,0.113154
dataset_11/uvl/tx39_sim.uvl,dataset_11/uvl/tx39_sim.uvl,1192,609,0.489094,822,1230,-0.49635,3,58,522,FALSE,0.149057,0.128361,0.130819,0.136079,0.009231,6.6e-5,4.6e-5,6.6e-5,5.9e-5,9e-6,0.814488,0.741999,0.680586,0.745691,0.054727,0.649321,0.71743,0.863058,0.74327,0.08915,0.705041,0.745199,0.619218,0.689819,0.052545,0.73754,0.704986,0.813328,0.751951,0.045389,8.765258,8.858019,8.725267,8.782848,0.055605,0.681801,0.679912,0.613142,0.658285,0.03193,0.647662,0.662238,0.783865,0.697922,0.061062,2.389827,2.427119,2.299378,2.372108,0.053634,0.759089,0.759891,0.848345,0.789108,0.041888,3.348405,3.403265,3.296558,3.349409,0.043569,0.097234,0.086622,0.07575,0.086535,0.008771,0.254727,0.222969,0.209053,0.228916,0.019114,0.586488,0.615977,0.599145,0.600537,0.012079,0.00768,0.008704,0.008395,0.00826,4.29e-4,0.128599,0.146972,0.150227,0.141933,0.009521,8.72e-4,0.001669,8.85e-4,0.001142,3.73e-4,11.958027,12.053493,11.991945,12.001155,0.039514
dataset_11/uvl/uE250.uvl,dataset_11/uvl/uE250.uvl,1262,643,0.490491,900,1152,-0.28,42,58,519,FALSE,0.173127,0.13778,0.133177,0.148028,0.017847,5.1e-5,5.1e-5,6e-5,5.4e-5,4e-6,0.752423,0.797622,0.791177,0.780408,0.019962,0.87291,0.799378,0.827892,0.833393,0.030271,0.772979,0.805847,0.793293,0.790706,0.013543,0.900908,0.859414,0.864033,0.874785,0.018568,9.803068,9.81487,9.551088,9.723009,0.121662,0.914216,0.887331,0.829962,0.87717,0.035139,0.755501,0.759681,0.759416,0.758199,0.001911,2.77005,2.730449,2.733123,2.744541,0.018071,0.687806,0.706228,0.696889,0.696974,0.007521,3.787455,3.85067,3.632408,3.756844,0.091697,0.104735,0.094557,0.115821,0.105037,0.008684,0.188618,0.186257,0.216783,0.197219,0.013867,0.594662,0.599671,0.566662,0.586998,0.014525,0.013147,0.008979,0.008335,0.010154,0.002133,0.123019,0.117819,0.126473,0.122437,0.003557,0.001203,9.19e-4,8.97e-4,0.001006,1.39e-4,13.41294,13.342787,13.09873,13.284819,0.134665
dataset_11/uvl/vads.uvl,dataset_11/uvl/vads.uvl,1253,645,0.485235,865,1393,-0.610405,4,39,565,FALSE,0.175717,0.136581,0.152905,0.155068,0.016051,6.1e-5,5.8e-5,4.6e-5,5.5e-5,6e-6,0.752672,0.74248,0.766677,0.753943,0.009919,0.815094,0.795839,0.822356,0.811096,0.011188,0.803622,0.721714,0.803796,0.776377,0.038653,0.851692,0.895843,0.810944,0.852827,0.034669,10.026478,10.058502,10.207948,10.097642,0.079086,0.758369,0.72542,0.761471,0.74842,0.016313,0.758781,0.879781,0.793895,0.810819,0.050827,2.6999050000000002,2.671579,2.704816,2.6921,0.014648,0.784873,0.804467,0.797069,0.79547,0.008079,4.004983,3.965007,4.124791,4.031594,0.067891,0.109668,0.086028,0.088397,0.094697,0.01063,0.264395,0.239635,0.228657,0.244229,0.014948,0.645477,0.686553,0.708825,0.680285,0.026239,0.012058,0.00915,0.009545,0.010251,0.001288,0.164793,0.147652,0.155065,0.155837,0.007019,9.62e-4,0.001539,0.00093000000000000005,0.001144,2.8e-4,13.603244,13.509466,13.73032,13.614343,0.090504
dataset_11/uvl/viper.uvl,dataset_11/uvl/viper.uvl,1314,669,0.490868,894,1252,-0.400447,4,44,597,FALSE,0.154693,0.155403,0.144841,0.151646,0.00482,4.9e-5,7.3e-5,5.7e-5,6e-5,1e-5,0.776567,0.81939,0.836706,0.810888,0.025277,0.853113,0.791196,0.818977,0.821095,0.025322,0.847826,0.805748,0.808414,0.820663,0.019238,0.842313,0.897945,0.877652,0.872637,0.022987,10.805518,10.846539,10.726302,10.792786,0.049905,0.860189,0.781097,0.772986,0.804757,0.039336,0.797531,0.903715,0.888105,0.863117,0.046812,2.834173,2.952871,2.91043,2.899158,0.049109,0.871558,0.800895,0.799438,0.823963,0.03366,4.371668,4.370799,4.331481,4.357982,0.018743,0.12117,0.102128,0.087975,0.103758,0.013601,0.253841,0.262538,0.216933,0.244437,0.01977,0.695363,0.672465,0.718923,0.695584,0.018967,0.009248,0.010071,0.008947,0.009422,4.75e-4,0.135156,0.126871,0.132875,0.131634,0.003494,9.48e-4,7.87e-4,8.3e-4,8.55e-4,6.8e-5,14.425537,14.454134,14.355713,14.411794,0.041338
dataset_11/uvl/vrc4373.uvl,dataset_11/uvl/vrc4373.uvl,1260,659,0.476984,860,1355,-0.575581,4,59,538,FALSE,0.131571,0.144846,0.131903,0.136107,0.006181,4.3e-5,5.8e-5,5.6e-5,5.2e-5,7e-6,0.757855,0.728352,0.77312,0.753109,0.018582,0.75849,0.804776,0.709855,0.757707,0.038755,0.758295,0.727636,0.827206,0.771046,0.041637,0.815712,0.889367,0.796079,0.833719,0.040157,9.805249,9.812254,9.831421,9.816308,0.011063,0.774042,0.725571,0.74543,0.748348,0.019896,0.78769,0.89078,0.824499,0.834323,0.042656,2.673211,2.633047,2.503903,2.603387,0.072231,0.788962,0.814691,0.875618,0.826423,0.036337,3.716689,3.696087,3.784422,3.732399,0.037735,0.113437,0.108144,0.123033,0.114871,0.006162,0.287536,0.289675,0.26702,0.28141,0.010213,0.663657,0.654232,0.707471,0.67512,0.023197,0.009002,0.007892,0.009808,0.008901,7.85e-4,0.140427,0.148695,0.139423,0.142848,0.004154,9.52e-4,0.001572,9.43e-4,0.001156,2.95e-4,13.177698,13.265563,13.219932,13.221065,0.03588
dataset_11/uvl/vrc4375.uvl,dataset_11/uvl/vrc4375.uvl,1271,670,0.472856,870,1344,-0.544828,4,45,552,FALSE,0.124756,0.126869,0.129548,0.127058,0.001961,5.7e-5,7.8e-5,4.9e-5,6.1e-5,1.2e-5,0.791822,0.723482,0.763743,0.759682,0.028047,0.831458,0.851737,0.792463,0.825219,0.024597,0.70036,0.700197,0.702155,0.700904,8.87e-4,0.860556,0.920054,0.906307,0.895639,0.025434,10.165517,10.19141,10.175979,10.177635,0.010635,0.79739,0.733273,0.708372,0.746345,0.037499,0.808906,0.86019,0.853268,0.840788,0.022721,2.645556,2.6534,2.716139,2.671698,0.031587,0.892064,0.882855,0.873815,0.882911,0.00745,3.900857,4.03146,3.991667,3.9746610000000002,0.054658,0.107395,0.087476,0.094662,0.096511,0.008236,0.306056,0.244085,0.24619,0.265444,0.02873,0.707268,0.698639,0.691838,0.699248,0.006314,0.011129,0.009632,0.009524,0.010095,7.32e-4,0.151732,0.151912,0.143337,0.148994,0.004001,9.82e-4,9.69e-4,9.18e-4,9.57e-4,2.8e-5,13.638464,13.676438,13.624131,13.646344,0.022069
dataset_12/uvl/uClinux-distribution.uvl,dataset_12/uvl/uClinux-distribution.uvl,1580,1504,0.048101,197,1350,-5.852792,7,6,63,FALSE,0.097404,0.07401,0.063039,0.078151,0.014332,3e-5,5.6e-5,3e-5,3.9e-5,1.2e-5,0.279804,0.290813,0.240748,0.270455,0.021482,0.231463,0.27485,0.23272,0.246344,0.020163,0.271753,0.243143,0.261116,0.25867,0.011807,0.295835,0.244187,0.299058,0.279693,0.025141,6.14218,6.249862,6.212413,6.201485,0.044635,0.279632,0.243075,0.285338,0.269348,0.018724,0.261279,0.291791,0.271328,0.274799,0.012696,0.78943700000000006,0.870962,0.811555,0.823985,0.034423,1.158464,1.062763,1.148762,1.12333,0.04301,0.384795,0.413842,0.390009,0.396215,0.012644,0.200695,0.202769,0.197618,0.20036,0.002116,0.532847,0.537607,0.544902,0.538452,0.004958,2.535007,2.62703,2.562871,2.574969,0.03853,0.015989,0.013773,0.012465,0.014075,0.001455,0.265228,0.236038,0.245408,0.248891,0.012169,0.001435,0.001264,0.001434,0.001378,8e-5,7.601209,7.628082,7.568529,7.599273,0.024351
dataset_48/uvl/ea2468.uvl,dataset_48/uvl/ea2468.uvl,1408,630,0.552557,1281,1089,0.149883,3,149,626,TRUE,0.163279,0.152482,0.161846,0.159203,0.004788,6.5e-5,9.1e-5,8.6e-5,8e-5,1.1e-5,1.166499,1.276388,1.207541,1.216809,0.045338,1.217061,1.139661,1.288607,1.21511,0.060822,1.13256,1.203714,1.102507,1.146261,0.042438,1.30955,1.168556,1.3632,1.280435,0.082087,15.184777,15.564757,15.68502,15.478185,0.213201,1.118121,1.24024,1.145633,1.167998,0.052303,1.317939,1.128189,1.254074,1.233401,0.078832,3.828657,4.010352,3.89488,3.911296,0.075079,2.627633,2.487756,2.643507,2.586299,0.069981,4.985095,5.282775,5.207329,5.1584,0.126356,0.074283,0.092257,0.085326,0.083955,0.007402,0.732558,0.71518,0.969834,0.805857,0.116166,0.500471,0.607987,0.484417,0.530958,0.054861,0.017771,0.01107,0.007345,0.012062,0.004314,0.136741,0.12901,0.140548,0.135433,0.0048,0.001011,0.001266,9.75e-4,0.001084,1.29e-4,20.329365,20.647045,20.957732,20.644714,0.256535
dataset_49/uvl/ea2468.uvl,dataset_49/uvl/ea2468.uvl,1408,630,0.552557,1281,1089,0.149883,3,149,626,TRUE,0.160185,0.166719,0.168884,0.165262,0.003698,6.1e-5,8.7e-5,6.3e-5,7.1e-5,1.2e-5,1.093333,1.245911,1.202399,1.180548,0.064177,1.292385,1.113022,1.164544,1.189984,0.075402,1.097074,1.267829,1.274465,1.213123,0.082103,1.350588,1.177312,1.189967,1.239289,0.07887,15.40396,15.718995,15.824057,15.649004,0.178502,1.1484510000000001,1.28631,1.252442,1.229068,0.058657,1.169086,1.131602,1.147346,1.149345,0.015368,3.873878,4.085529,4.185052,4.048153,0.129756,2.511324,2.655166,2.535652,2.567381,0.062863,5.213899,5.150269,5.274991,5.213053,0.050921,0.09024,0.084084,0.088636,0.087653,0.002607,0.89563,0.828346,0.860572,0.861516,0.027477,0.501433,0.497667,0.479347,0.492816,0.009647,0.008511,0.006937,0.007071,0.007506,7.12e-4,0.12254,0.141147,0.13024,0.131309,0.007634,0.001017,9.88e-4,9.7e-4,9.92e-4,2e-5,20.529703,20.838996,20.962711,20.777137,0.182106
