input_file,output_file,original_features,simplified_features,feature_reduction_ratio,original_constraints,simplified_constraints,constraint_reduction_ratio,removed_core_features,removed_dead_features,removed_atomic_set_features,full_reduction
dataset_1/uvl/dm_mobile_phone.csv.uvl,dataset_1/uvl/dm_mobile_phone.csv.uvl,11,11,0,1,1,0,0,0,0,FALSE
dataset_12/uvl/axTLS.uvl,dataset_12/uvl/axTLS.uvl,96,48,0.5,14,23,-0.642857,24,12,12,FALSE
dataset_12/uvl/uClibc.uvl,dataset_12/uvl/uClibc.uvl,313,229,0.268371,56,1712,-29.571429,41,27,16,FALSE
dataset_12/uvl/uClinux-base.uvl,dataset_12/uvl/uClinux-base.uvl,380,184,0.515789,3455,1174,0.660203,114,68,14,TRUE
dataset_16/uvl/chat_system.uvl,dataset_16/uvl/chat_system.uvl,10,7,0.3,2,3,-0.5,2,0,1,FALSE
dataset_17/uvl/ovm_MPPL.ovm.uvl,dataset_17/uvl/ovm_MPPL.ovm.uvl,10,10,0,1,1,0,0,0,0,FALSE
dataset_18/uvl/ovm_OnlineShop.ovm.uvl,dataset_18/uvl/ovm_OnlineShop.ovm.uvl,14,10,0.285714,4,4,0,3,0,1,FALSE
dataset_2/uvl/dm_ASEJ1.csv.uvl,dataset_2/uvl/dm_ASEJ1.csv.uvl,109,109,0,96,96,0,0,0,0,FALSE
dataset_2/uvl/dm_DOPLERTools.csv.uvl,dataset_2/uvl/dm_DOPLERTools.csv.uvl,50,50,0,15,15,0,0,0,0,FALSE
dataset_2/uvl/dm_DissModel.csv.uvl,dataset_2/uvl/dm_DissModel.csv.uvl,116,116,0,0,0,0,0,0,0,FALSE
dataset_20/uvl/DELL-LAPTOP-NOTEBOOK-FM.uvl,dataset_20/uvl/DELL-LAPTOP-NOTEBOOK-FM.uvl,47,38,0.191489,105,158,-0.504762,7,0,2,FALSE
dataset_20/uvl/REAL-FM-1.uvl,dataset_20/uvl/REAL-FM-1.uvl,88,71,0.193182,0,19,0,11,0,6,FALSE
dataset_20/uvl/REAL-FM-10.uvl,dataset_20/uvl/REAL-FM-10.uvl,14,7,0.5,0,0,0,4,0,3,FALSE
dataset_20/uvl/REAL-FM-11.uvl,dataset_20/uvl/REAL-FM-11.uvl,67,19,0.716418,4,4,0,36,0,12,FALSE
dataset_20/uvl/REAL-FM-12.uvl,dataset_20/uvl/REAL-FM-12.uvl,14,12,0.142857,2,2,0,2,0,0,FALSE
dataset_20/uvl/REAL-FM-13.uvl,dataset_20/uvl/REAL-FM-13.uvl,12,9,0.25,2,6,-2,2,0,1,FALSE
dataset_20/uvl/REAL-FM-14.uvl,dataset_20/uvl/REAL-FM-14.uvl,18,12,0.333333,0,5,0,2,0,4,FALSE
dataset_20/uvl/REAL-FM-15.uvl,dataset_20/uvl/REAL-FM-15.uvl,25,14,0.44,3,12,-3,7,0,4,FALSE
dataset_20/uvl/REAL-FM-16.uvl,dataset_20/uvl/REAL-FM-16.uvl,26,19,0.269231,3,4,-0.333333,6,0,1,FALSE
dataset_20/uvl/REAL-FM-17.uvl,dataset_20/uvl/REAL-FM-17.uvl,25,15,0.4,4,17,-3.25,8,0,2,FALSE
dataset_20/uvl/REAL-FM-18.uvl,dataset_20/uvl/REAL-FM-18.uvl,44,36,0.181818,8,15,-0.875,7,0,1,FALSE
dataset_20/uvl/REAL-FM-19.uvl,dataset_20/uvl/REAL-FM-19.uvl,30,10,0.666667,8,0,1,10,2,8,TRUE
dataset_20/uvl/REAL-FM-2.uvl,dataset_20/uvl/REAL-FM-2.uvl,23,17,0.26087,2,17,-7.5,5,0,1,FALSE
dataset_20/uvl/REAL-FM-20.uvl,dataset_20/uvl/REAL-FM-20.uvl,44,32,0.272727,0,10,0,1,0,11,FALSE
dataset_20/uvl/REAL-FM-3.uvl,dataset_20/uvl/REAL-FM-3.uvl,43,35,0.186047,6,7,-0.166667,3,0,5,FALSE
dataset_20/uvl/REAL-FM-4.uvl,dataset_20/uvl/REAL-FM-4.uvl,290,213,0.265517,20,37,-0.85,29,0,48,FALSE
dataset_20/uvl/REAL-FM-5.uvl,dataset_20/uvl/REAL-FM-5.uvl,17,7,0.588235,13,2,0.846154,4,5,1,TRUE
dataset_20/uvl/REAL-FM-6.uvl,dataset_20/uvl/REAL-FM-6.uvl,11,8,0.272727,2,7,-2.5,2,0,1,FALSE
dataset_20/uvl/REAL-FM-7.uvl,dataset_20/uvl/REAL-FM-7.uvl,14,10,0.285714,2,2,0,1,0,3,FALSE
dataset_20/uvl/REAL-FM-8.uvl,dataset_20/uvl/REAL-FM-8.uvl,17,6,0.647059,1,1,0,10,0,1,FALSE
dataset_20/uvl/REAL-FM-9.uvl,dataset_20/uvl/REAL-FM-9.uvl,14,9,0.357143,2,4,-1,4,0,1,FALSE
dataset_20/uvl/aircraft_fm.uvl,dataset_20/uvl/aircraft_fm.uvl,13,11,0.153846,0,2,0,2,0,0,FALSE
dataset_20/uvl/arcade_game_pl_fm.uvl,dataset_20/uvl/arcade_game_pl_fm.uvl,61,43,0.295082,34,39,-0.147059,17,0,1,FALSE
dataset_20/uvl/car_fm.uvl,dataset_20/uvl/car_fm.uvl,14,12,0.142857,1,1,0,1,0,1,FALSE
dataset_20/uvl/cfdp_library_fm.uvl,dataset_20/uvl/cfdp_library_fm.uvl,13,13,0,5,5,0,0,0,0,FALSE
dataset_20/uvl/connector_fm.uvl,dataset_20/uvl/connector_fm.uvl,20,14,0.3,0,6,0,2,0,4,FALSE
dataset_20/uvl/fame_dbms_fm.uvl,dataset_20/uvl/fame_dbms_fm.uvl,21,12,0.428571,0,8,0,4,0,5,FALSE
dataset_20/uvl/model_20090801_1908323193.uvl,dataset_20/uvl/model_20090801_1908323193.uvl,13,13,0,0,0,0,0,0,0,FALSE
dataset_20/uvl/model_20091009_1552375070.uvl,dataset_20/uvl/model_20091009_1552375070.uvl,37,27,0.27027,6,13,-1.166667,9,0,1,FALSE
dataset_20/uvl/model_20091015_449909368.uvl,dataset_20/uvl/model_20091015_449909368.uvl,10,6,0.4,1,1,0,3,0,1,FALSE
dataset_20/uvl/model_20091109_376438407.uvl,dataset_20/uvl/model_20091109_376438407.uvl,22,15,0.318182,0,1,0,7,0,0,FALSE
dataset_20/uvl/model_20091129_1734444143.uvl,dataset_20/uvl/model_20091129_1734444143.uvl,12,9,0.25,1,3,-2,3,0,0,FALSE
dataset_20/uvl/model_20091205_755658379.uvl,dataset_20/uvl/model_20091205_755658379.uvl,94,48,0.489362,2,32,-15,36,0,10,FALSE
dataset_20/uvl/model_20091206_1647557456.uvl,dataset_20/uvl/model_20091206_1647557456.uvl,10,9,0.1,0,1,0,1,0,0,FALSE
dataset_20/uvl/model_20091210_241985787.uvl,dataset_20/uvl/model_20091210_241985787.uvl,16,15,0.0625,0,1,0,1,0,0,FALSE
dataset_20/uvl/model_20091210_993249741.uvl,dataset_20/uvl/model_20091210_993249741.uvl,29,21,0.275862,0,0,0,7,0,1,FALSE
dataset_20/uvl/model_20091219_494647199.uvl,dataset_20/uvl/model_20091219_494647199.uvl,11,6,0.454545,0,0,0,5,0,0,FALSE
dataset_20/uvl/model_20091225_1547989376.uvl,dataset_20/uvl/model_20091225_1547989376.uvl,29,24,0.172414,2,2,0,3,0,2,FALSE
dataset_20/uvl/model_20100106_985255768.uvl,dataset_20/uvl/model_20100106_985255768.uvl,20,14,0.3,0,7,0,3,0,3,FALSE
dataset_20/uvl/model_20100213_206550190.uvl,dataset_20/uvl/model_20100213_206550190.uvl,38,21,0.447368,8,19,-1.375,11,1,5,FALSE
dataset_20/uvl/model_20100216_713947806.uvl,dataset_20/uvl/model_20100216_713947806.uvl,12,4,0.666667,0,0,0,8,0,0,FALSE
dataset_20/uvl/model_20100308_1032655961.uvl,dataset_20/uvl/model_20100308_1032655961.uvl,15,10,0.333333,2,3,-0.5,5,0,0,FALSE
dataset_20/uvl/model_20100308_1355834007.uvl,dataset_20/uvl/model_20100308_1355834007.uvl,20,20,0,0,0,0,0,0,0,FALSE
dataset_20/uvl/model_20100321_1548012375.uvl,dataset_20/uvl/model_20100321_1548012375.uvl,18,15,0.166667,0,0,0,3,0,0,FALSE
dataset_20/uvl/model_20100322_955726153.uvl,dataset_20/uvl/model_20100322_955726153.uvl,20,10,0.5,1,2,-1,7,0,3,FALSE
dataset_20/uvl/model_20100324_1996898492.uvl,dataset_20/uvl/model_20100324_1996898492.uvl,11,3,0.727273,3,0,1,7,1,0,TRUE
dataset_20/uvl/model_20100325_298677687.uvl,dataset_20/uvl/model_20100325_298677687.uvl,10,8,0.2,0,0,0,2,0,0,FALSE
dataset_20/uvl/model_20100326_770562654.uvl,dataset_20/uvl/model_20100326_770562654.uvl,27,22,0.185185,2,10,-4,5,0,0,FALSE
dataset_20/uvl/model_20100412_337845737.uvl,dataset_20/uvl/model_20100412_337845737.uvl,10,1,0.9,0,0,0,9,0,0,FALSE
dataset_20/uvl/model_20100415_240595643.uvl,dataset_20/uvl/model_20100415_240595643.uvl,31,23,0.258065,2,7,-2.5,6,0,2,FALSE
dataset_20/uvl/model_20100415_947132043.uvl,dataset_20/uvl/model_20100415_947132043.uvl,31,24,0.225806,7,12,-0.714286,5,0,2,FALSE
dataset_20/uvl/model_20100416_811483774.uvl,dataset_20/uvl/model_20100416_811483774.uvl,16,15,0.0625,0,4,0,0,0,1,FALSE
dataset_20/uvl/model_20100529_1010171189.uvl,dataset_20/uvl/model_20100529_1010171189.uvl,22,16,0.272727,0,5,0,5,0,1,FALSE
dataset_20/uvl/model_20100607_746327867.uvl,dataset_20/uvl/model_20100607_746327867.uvl,20,14,0.3,0,5,0,4,0,2,FALSE
dataset_20/uvl/model_20100624_2076952989.uvl,dataset_20/uvl/model_20100624_2076952989.uvl,17,13,0.235294,3,4,-0.333333,2,0,2,FALSE
dataset_20/uvl/model_20100625_251719781.uvl,dataset_20/uvl/model_20100625_251719781.uvl,16,16,0,0,0,0,0,0,0,FALSE
dataset_20/uvl/model_20100712_329430908.uvl,dataset_20/uvl/model_20100712_329430908.uvl,20,11,0.45,0,0,0,9,0,0,FALSE
dataset_20/uvl/model_20100719_944437142.uvl,dataset_20/uvl/model_20100719_944437142.uvl,29,25,0.137931,6,32,-4.333333,4,0,0,FALSE
dataset_20/uvl/model_20100730_1366577700.uvl,dataset_20/uvl/model_20100730_1366577700.uvl,32,26,0.1875,5,0,1,6,0,0,TRUE
dataset_20/uvl/model_20100805_1484639410.uvl,dataset_20/uvl/model_20100805_1484639410.uvl,31,16,0.483871,4,4,0,15,0,0,FALSE
dataset_20/uvl/model_20100822_281357717.uvl,dataset_20/uvl/model_20100822_281357717.uvl,15,14,0.066667,5,10,-1,1,0,0,FALSE
dataset_20/uvl/model_20100824_837146809.uvl,dataset_20/uvl/model_20100824_837146809.uvl,22,14,0.363636,0,1,0,3,0,5,FALSE
dataset_20/uvl/model_20100829_787258873.uvl,dataset_20/uvl/model_20100829_787258873.uvl,57,44,0.22807,0,19,0,13,0,0,FALSE
dataset_20/uvl/model_20100830_561967343.uvl,dataset_20/uvl/model_20100830_561967343.uvl,32,8,0.75,0,0,0,24,0,0,FALSE
dataset_20/uvl/model_20100831_1378118837.uvl,dataset_20/uvl/model_20100831_1378118837.uvl,35,15,0.571429,0,16,0,20,0,0,FALSE
dataset_20/uvl/model_20100904_226530663.uvl,dataset_20/uvl/model_20100904_226530663.uvl,38,24,0.368421,0,3,0,13,0,1,FALSE
dataset_20/uvl/model_20100904_330653656.uvl,dataset_20/uvl/model_20100904_330653656.uvl,10,6,0.4,0,1,0,4,0,0,FALSE
dataset_20/uvl/model_20100927_1382418986.uvl,dataset_20/uvl/model_20100927_1382418986.uvl,10,8,0.2,2,2,0,0,0,2,FALSE
dataset_20/uvl/model_20101020_1809093990.uvl,dataset_20/uvl/model_20101020_1809093990.uvl,20,2,0.9,0,0,0,12,0,6,FALSE
dataset_20/uvl/model_20101024_1938793748.uvl,dataset_20/uvl/model_20101024_1938793748.uvl,29,29,0,3,3,0,0,0,0,FALSE
dataset_20/uvl/model_20101104_260803083.uvl,dataset_20/uvl/model_20101104_260803083.uvl,11,8,0.272727,0,4,0,2,0,1,FALSE
dataset_20/uvl/model_20101109_1698100628.uvl,dataset_20/uvl/model_20101109_1698100628.uvl,15,13,0.133333,0,9,0,2,0,0,FALSE
dataset_20/uvl/model_20101110_1749898936.uvl,dataset_20/uvl/model_20101110_1749898936.uvl,19,10,0.473684,4,8,-1,4,0,5,FALSE
dataset_20/uvl/model_20101111_156018899.uvl,dataset_20/uvl/model_20101111_156018899.uvl,12,8,0.333333,0,1,0,3,0,1,FALSE
dataset_20/uvl/model_20101111_1790887308.uvl,dataset_20/uvl/model_20101111_1790887308.uvl,10,8,0.2,2,2,0,2,0,0,FALSE
dataset_20/uvl/model_20101112_864228137.uvl,dataset_20/uvl/model_20101112_864228137.uvl,137,96,0.29927,1,1,0,6,0,35,FALSE
dataset_20/uvl/model_20101115_2000504462.uvl,dataset_20/uvl/model_20101115_2000504462.uvl,72,55,0.236111,0,0,0,0,0,17,FALSE
dataset_20/uvl/model_20101116_1022976130.uvl,dataset_20/uvl/model_20101116_1022976130.uvl,34,29,0.147059,0,2,0,2,0,3,FALSE
dataset_20/uvl/model_20101117_1571856147.uvl,dataset_20/uvl/model_20101117_1571856147.uvl,10,7,0.3,0,1,0,3,0,0,FALSE
dataset_20/uvl/model_20101117_2128796258.uvl,dataset_20/uvl/model_20101117_2128796258.uvl,72,48,0.333333,21,42,-1,14,0,10,FALSE
dataset_20/uvl/model_20101119_1472596180.uvl,dataset_20/uvl/model_20101119_1472596180.uvl,25,17,0.32,2,4,-1,7,0,1,FALSE
dataset_20/uvl/model_20101120_2091447559.uvl,dataset_20/uvl/model_20101120_2091447559.uvl,20,3,0.85,0,0,0,15,0,2,FALSE
dataset_20/uvl/model_20101123_920943759.uvl,dataset_20/uvl/model_20101123_920943759.uvl,15,7,0.533333,0,1,0,7,0,1,FALSE
dataset_20/uvl/model_20101124_661702924.uvl,dataset_20/uvl/model_20101124_661702924.uvl,15,10,0.333333,3,15,-4,4,0,1,FALSE
dataset_20/uvl/model_20101208_1056693380.uvl,dataset_20/uvl/model_20101208_1056693380.uvl,25,2,0.92,0,0,0,20,0,3,FALSE
dataset_20/uvl/model_20110116_381192414.uvl,dataset_20/uvl/model_20110116_381192414.uvl,60,46,0.233333,2,1,0.5,6,0,8,TRUE
dataset_20/uvl/model_20110124_2116036381.uvl,dataset_20/uvl/model_20110124_2116036381.uvl,18,10,0.444444,1,1,0,4,0,4,FALSE
dataset_20/uvl/model_20110127_1318390760.uvl,dataset_20/uvl/model_20110127_1318390760.uvl,13,8,0.384615,0,5,0,5,0,0,FALSE
dataset_20/uvl/model_20110130_639381749.uvl,dataset_20/uvl/model_20110130_639381749.uvl,12,7,0.416667,0,0,0,5,0,0,FALSE
dataset_20/uvl/model_20110203_1382675896.uvl,dataset_20/uvl/model_20110203_1382675896.uvl,14,7,0.5,0,0,0,7,0,0,FALSE
dataset_20/uvl/model_20110203_2097159983.uvl,dataset_20/uvl/model_20110203_2097159983.uvl,18,11,0.388889,0,2,0,7,0,0,FALSE
dataset_20/uvl/model_20110207_906076676.uvl,dataset_20/uvl/model_20110207_906076676.uvl,12,7,0.416667,0,8,0,5,0,0,FALSE
dataset_20/uvl/model_20110214_751339643.uvl,dataset_20/uvl/model_20110214_751339643.uvl,56,8,0.857143,84,0,1,30,18,0,TRUE
dataset_20/uvl/model_20110216_1027109687.uvl,dataset_20/uvl/model_20110216_1027109687.uvl,12,12,0,4,4,0,0,0,0,FALSE
dataset_20/uvl/model_20110216_608697455.uvl,dataset_20/uvl/model_20110216_608697455.uvl,14,13,0.071429,4,4,0,1,0,0,FALSE
dataset_20/uvl/model_20110222_2078967171.uvl,dataset_20/uvl/model_20110222_2078967171.uvl,48,42,0.125,5,5,0,3,0,3,FALSE
dataset_20/uvl/model_20110301_216655728.uvl,dataset_20/uvl/model_20110301_216655728.uvl,10,2,0.8,0,0,0,8,0,0,FALSE
dataset_20/uvl/model_20110306_314567479.uvl,dataset_20/uvl/model_20110306_314567479.uvl,14,9,0.357143,0,0,0,5,0,0,FALSE
dataset_20/uvl/model_20110310_1849309646.uvl,dataset_20/uvl/model_20110310_1849309646.uvl,23,16,0.304348,0,8,0,5,0,2,FALSE
dataset_20/uvl/model_20110318_225131257.uvl,dataset_20/uvl/model_20110318_225131257.uvl,15,3,0.8,4,0,1,6,0,6,TRUE
dataset_20/uvl/model_20110323_789959080.uvl,dataset_20/uvl/model_20110323_789959080.uvl,15,12,0.2,0,0,0,3,0,0,FALSE
dataset_20/uvl/model_20110328_1177934440.uvl,dataset_20/uvl/model_20110328_1177934440.uvl,18,5,0.722222,3,3,0,12,0,1,FALSE
dataset_20/uvl/model_20110329_10104623.uvl,dataset_20/uvl/model_20110329_10104623.uvl,41,37,0.097561,5,13,-1.6,4,0,0,FALSE
dataset_20/uvl/model_20110330_919429247.uvl,dataset_20/uvl/model_20110330_919429247.uvl,25,18,0.28,2,6,-2,6,0,1,FALSE
dataset_20/uvl/model_20110401_868452735.uvl,dataset_20/uvl/model_20110401_868452735.uvl,14,9,0.357143,0,4,0,3,0,2,FALSE
dataset_20/uvl/model_20110406_1047532859.uvl,dataset_20/uvl/model_20110406_1047532859.uvl,29,26,0.103448,3,4,-0.333333,2,0,1,FALSE
dataset_20/uvl/model_20110406_353034837.uvl,dataset_20/uvl/model_20110406_353034837.uvl,40,33,0.175,0,15,0,5,0,2,FALSE
dataset_20/uvl/model_20110406_656545830.uvl,dataset_20/uvl/model_20110406_656545830.uvl,17,8,0.529412,0,2,0,8,0,1,FALSE
dataset_20/uvl/model_20110407_1283128166.uvl,dataset_20/uvl/model_20110407_1283128166.uvl,51,38,0.254902,1,5,-4,9,0,4,FALSE
dataset_20/uvl/model_20110428_1131293346.uvl,dataset_20/uvl/model_20110428_1131293346.uvl,13,5,0.615385,0,0,0,7,0,1,FALSE
dataset_20/uvl/model_20110428_553405269.uvl,dataset_20/uvl/model_20110428_553405269.uvl,37,13,0.648649,4,14,-2.5,14,0,10,FALSE
dataset_20/uvl/model_20110507_674768061.uvl,dataset_20/uvl/model_20110507_674768061.uvl,40,28,0.3,17,18,-0.058824,6,0,6,FALSE
dataset_20/uvl/model_20110516_1331478109.uvl,dataset_20/uvl/model_20110516_1331478109.uvl,88,46,0.477273,59,53,0.101695,42,0,0,TRUE
dataset_20/uvl/model_20110519_1142211980.uvl,dataset_20/uvl/model_20110519_1142211980.uvl,14,8,0.428571,0,5,0,6,0,0,FALSE
dataset_20/uvl/model_20110519_503436691.uvl,dataset_20/uvl/model_20110519_503436691.uvl,11,9,0.181818,0,1,0,1,0,1,FALSE
dataset_20/uvl/model_20110525_1619420630.uvl,dataset_20/uvl/model_20110525_1619420630.uvl,45,27,0.4,5,17,-2.4,14,0,4,FALSE
dataset_20/uvl/model_20110525_564104612.uvl,dataset_20/uvl/model_20110525_564104612.uvl,27,20,0.259259,6,6,0,6,0,1,FALSE
dataset_20/uvl/model_20110525_928187171.uvl,dataset_20/uvl/model_20110525_928187171.uvl,14,5,0.642857,0,0,0,9,0,0,FALSE
dataset_20/uvl/model_20110527_1847306763.uvl,dataset_20/uvl/model_20110527_1847306763.uvl,63,43,0.31746,46,26,0.434783,17,0,3,TRUE
dataset_20/uvl/model_20110601_1103941862.uvl,dataset_20/uvl/model_20110601_1103941862.uvl,12,8,0.333333,2,2,0,4,0,0,FALSE
dataset_20/uvl/model_20110605_1465859222.uvl,dataset_20/uvl/model_20110605_1465859222.uvl,17,8,0.529412,0,1,0,9,0,0,FALSE
dataset_20/uvl/model_20110622_260389190.uvl,dataset_20/uvl/model_20110622_260389190.uvl,12,6,0.5,0,1,0,4,0,2,FALSE
dataset_20/uvl/model_20110704_328391695.uvl,dataset_20/uvl/model_20110704_328391695.uvl,172,121,0.296512,0,59,0,49,0,2,FALSE
dataset_20/uvl/model_20110704_555218409.uvl,dataset_20/uvl/model_20110704_555218409.uvl,11,2,0.818182,0,0,0,9,0,0,FALSE
dataset_20/uvl/model_20110712_1373520081.uvl,dataset_20/uvl/model_20110712_1373520081.uvl,66,30,0.545455,2,5,-1.5,33,0,3,FALSE
dataset_20/uvl/model_20110715_945252556.uvl,dataset_20/uvl/model_20110715_945252556.uvl,32,30,0.0625,0,1,0,2,0,0,FALSE
dataset_20/uvl/model_20110718_866950306.uvl,dataset_20/uvl/model_20110718_866950306.uvl,20,7,0.65,0,1,0,12,0,1,FALSE
dataset_20/uvl/model_20110722_419227445.uvl,dataset_20/uvl/model_20110722_419227445.uvl,25,9,0.64,0,0,0,9,0,7,FALSE
dataset_20/uvl/model_20110725_452580960.uvl,dataset_20/uvl/model_20110725_452580960.uvl,34,13,0.617647,0,11,0,0,0,21,FALSE
dataset_20/uvl/model_20110809_1799855518.uvl,dataset_20/uvl/model_20110809_1799855518.uvl,25,22,0.12,0,29,0,3,0,0,FALSE
dataset_20/uvl/model_20110823_1386366267.uvl,dataset_20/uvl/model_20110823_1386366267.uvl,15,10,0.333333,1,1,0,3,0,2,FALSE
dataset_20/uvl/model_20110823_553386338.uvl,dataset_20/uvl/model_20110823_553386338.uvl,21,8,0.619048,0,0,0,13,0,0,FALSE
dataset_20/uvl/model_20110826_1180494500.uvl,dataset_20/uvl/model_20110826_1180494500.uvl,24,5,0.791667,0,0,0,19,0,0,FALSE
dataset_20/uvl/model_20110826_1555954181.uvl,dataset_20/uvl/model_20110826_1555954181.uvl,24,5,0.791667,0,0,0,19,0,0,FALSE
dataset_20/uvl/model_20110826_1574631601.uvl,dataset_20/uvl/model_20110826_1574631601.uvl,52,21,0.596154,4,0,1,31,0,0,TRUE
dataset_20/uvl/model_20110826_1744501275.uvl,dataset_20/uvl/model_20110826_1744501275.uvl,24,5,0.791667,0,0,0,19,0,0,FALSE
dataset_20/uvl/model_20110826_252647654.uvl,dataset_20/uvl/model_20110826_252647654.uvl,24,5,0.791667,0,0,0,19,0,0,FALSE
dataset_20/uvl/model_20110826_819334011.uvl,dataset_20/uvl/model_20110826_819334011.uvl,24,5,0.791667,0,0,0,19,0,0,FALSE
dataset_20/uvl/model_20110915_1159959623.uvl,dataset_20/uvl/model_20110915_1159959623.uvl,10,9,0.1,2,7,-2.5,1,0,0,FALSE
dataset_20/uvl/model_20110919_127780100.uvl,dataset_20/uvl/model_20110919_127780100.uvl,37,36,0.027027,6,9,-0.5,1,0,0,FALSE
dataset_20/uvl/model_20110925_62365838.uvl,dataset_20/uvl/model_20110925_62365838.uvl,23,10,0.565217,0,2,0,9,0,4,FALSE
dataset_20/uvl/model_20110926_400852996.uvl,dataset_20/uvl/model_20110926_400852996.uvl,36,8,0.777778,1,2,-1,17,0,11,FALSE
dataset_20/uvl/model_20110926_608554224.uvl,dataset_20/uvl/model_20110926_608554224.uvl,30,6,0.8,2,1,0.5,11,0,13,TRUE
dataset_20/uvl/model_20111020_455520177.uvl,dataset_20/uvl/model_20111020_455520177.uvl,11,8,0.272727,0,1,0,3,0,0,FALSE
dataset_20/uvl/model_20111025_1408959776.uvl,dataset_20/uvl/model_20111025_1408959776.uvl,13,7,0.461538,0,0,0,6,0,0,FALSE
dataset_20/uvl/model_20111027_1380540076.uvl,dataset_20/uvl/model_20111027_1380540076.uvl,10,6,0.4,0,0,0,4,0,0,FALSE
dataset_20/uvl/model_20111027_668940289.uvl,dataset_20/uvl/model_20111027_668940289.uvl,29,11,0.62069,4,6,-0.5,8,0,10,FALSE
dataset_20/uvl/model_20111027_966072474.uvl,dataset_20/uvl/model_20111027_966072474.uvl,10,5,0.5,0,0,0,5,0,0,FALSE
dataset_20/uvl/model_20111029_1654942500.uvl,dataset_20/uvl/model_20111029_1654942500.uvl,37,36,0.027027,6,9,-0.5,1,0,0,FALSE
dataset_20/uvl/model_20111031_386778867.uvl,dataset_20/uvl/model_20111031_386778867.uvl,25,22,0.12,0,29,0,3,0,0,FALSE
dataset_20/uvl/model_20111111_1026730216.uvl,dataset_20/uvl/model_20111111_1026730216.uvl,37,18,0.513514,0,14,0,16,0,3,FALSE
dataset_20/uvl/model_20111129_1932950448.uvl,dataset_20/uvl/model_20111129_1932950448.uvl,13,8,0.384615,0,0,0,5,0,0,FALSE
dataset_20/uvl/model_20111130_1614470655.uvl,dataset_20/uvl/model_20111130_1614470655.uvl,77,49,0.363636,0,9,0,11,0,17,FALSE
dataset_20/uvl/model_20111201_1252018702.uvl,dataset_20/uvl/model_20111201_1252018702.uvl,61,59,0.032787,2,18,-8,1,0,1,FALSE
dataset_20/uvl/model_20111201_372659565.uvl,dataset_20/uvl/model_20111201_372659565.uvl,61,59,0.032787,0,16,0,1,0,1,FALSE
dataset_20/uvl/model_20111214_733452875.uvl,dataset_20/uvl/model_20111214_733452875.uvl,15,3,0.8,0,0,0,12,0,0,FALSE
dataset_20/uvl/model_20111220_1184087779.uvl,dataset_20/uvl/model_20111220_1184087779.uvl,15,12,0.2,1,16,-15,2,0,1,FALSE
dataset_20/uvl/model_20111220_1450733948.uvl,dataset_20/uvl/model_20111220_1450733948.uvl,41,34,0.170732,0,372,0,6,0,1,FALSE
dataset_20/uvl/model_20120109_1808102333.uvl,dataset_20/uvl/model_20120109_1808102333.uvl,18,7,0.611111,2,2,0,10,0,1,FALSE
dataset_20/uvl/model_20120110_1094246588.uvl,dataset_20/uvl/model_20120110_1094246588.uvl,10,8,0.2,2,7,-2.5,2,0,0,FALSE
dataset_20/uvl/model_20120110_1256867454.uvl,dataset_20/uvl/model_20120110_1256867454.uvl,10,8,0.2,2,7,-2.5,2,0,0,FALSE
dataset_20/uvl/model_20120110_139114401.uvl,dataset_20/uvl/model_20120110_139114401.uvl,10,8,0.2,2,7,-2.5,2,0,0,FALSE
dataset_20/uvl/model_20120110_1719396361.uvl,dataset_20/uvl/model_20120110_1719396361.uvl,10,8,0.2,2,7,-2.5,2,0,0,FALSE
dataset_20/uvl/model_20120110_1754443954.uvl,dataset_20/uvl/model_20120110_1754443954.uvl,10,8,0.2,1,6,-5,2,0,0,FALSE
dataset_20/uvl/model_20120110_855603964.uvl,dataset_20/uvl/model_20120110_855603964.uvl,10,8,0.2,2,7,-2.5,2,0,0,FALSE
dataset_20/uvl/model_20120111_1667229430.uvl,dataset_20/uvl/model_20120111_1667229430.uvl,24,15,0.375,2,2,0,5,0,4,FALSE
dataset_20/uvl/model_20120113_1803352101.uvl,dataset_20/uvl/model_20120113_1803352101.uvl,43,38,0.116279,2,17,-7.5,3,0,2,FALSE
dataset_20/uvl/model_20120113_1950870026.uvl,dataset_20/uvl/model_20120113_1950870026.uvl,10,6,0.4,1,2,-1,3,0,1,FALSE
dataset_20/uvl/model_20120122_258977494.uvl,dataset_20/uvl/model_20120122_258977494.uvl,19,14,0.263158,5,13,-1.6,5,0,0,FALSE
dataset_20/uvl/model_20120124_94644767.uvl,dataset_20/uvl/model_20120124_94644767.uvl,12,9,0.25,0,1,0,3,0,0,FALSE
dataset_20/uvl/model_20120130_333619036.uvl,dataset_20/uvl/model_20120130_333619036.uvl,31,29,0.064516,0,1,0,1,0,1,FALSE
dataset_20/uvl/model_20120201_1444061231.uvl,dataset_20/uvl/model_20120201_1444061231.uvl,38,25,0.342105,11,26,-1.363636,10,0,3,FALSE
dataset_20/uvl/model_20120201_865979127.uvl,dataset_20/uvl/model_20120201_865979127.uvl,28,20,0.285714,17,27,-0.588235,6,0,2,FALSE
dataset_20/uvl/model_20120201_899753062.uvl,dataset_20/uvl/model_20120201_899753062.uvl,27,20,0.259259,17,35,-1.058824,5,0,2,FALSE
dataset_20/uvl/model_20120202_114979109.uvl,dataset_20/uvl/model_20120202_114979109.uvl,22,13,0.409091,5,14,-1.8,7,0,2,FALSE
dataset_20/uvl/model_20120202_1596034358.uvl,dataset_20/uvl/model_20120202_1596034358.uvl,10,6,0.4,1,2,-1,4,0,0,FALSE
dataset_20/uvl/model_20120205_24117969.uvl,dataset_20/uvl/model_20120205_24117969.uvl,34,16,0.529412,0,0,0,6,0,12,FALSE
dataset_20/uvl/model_20120229_1103715736.uvl,dataset_20/uvl/model_20120229_1103715736.uvl,14,11,0.214286,0,1,0,2,0,1,FALSE
dataset_20/uvl/model_20120314_1438691117.uvl,dataset_20/uvl/model_20120314_1438691117.uvl,13,1,0.923077,0,0,0,12,0,0,FALSE
dataset_20/uvl/model_20120328_1227899142.uvl,dataset_20/uvl/model_20120328_1227899142.uvl,21,15,0.285714,2,3,-0.5,4,0,2,FALSE
dataset_20/uvl/model_20120328_1309817018.uvl,dataset_20/uvl/model_20120328_1309817018.uvl,14,12,0.142857,0,8,0,2,0,0,FALSE
dataset_20/uvl/model_20120328_1357539597.uvl,dataset_20/uvl/model_20120328_1357539597.uvl,18,13,0.277778,1,1,0,4,0,1,FALSE
dataset_20/uvl/model_20120328_1373483522.uvl,dataset_20/uvl/model_20120328_1373483522.uvl,13,6,0.538462,2,1,0.5,5,0,2,TRUE
dataset_20/uvl/model_20120328_1412454948.uvl,dataset_20/uvl/model_20120328_1412454948.uvl,36,26,0.277778,0,6,0,9,0,1,FALSE
dataset_20/uvl/model_20120328_1667195252.uvl,dataset_20/uvl/model_20120328_1667195252.uvl,24,19,0.208333,1,1,0,5,0,0,FALSE
dataset_20/uvl/model_20120328_1814590478.uvl,dataset_20/uvl/model_20120328_1814590478.uvl,36,26,0.277778,0,6,0,9,0,1,FALSE
dataset_20/uvl/model_20120328_1974817485.uvl,dataset_20/uvl/model_20120328_1974817485.uvl,13,10,0.230769,0,21,0,2,0,1,FALSE
dataset_20/uvl/model_20120328_288933955.uvl,dataset_20/uvl/model_20120328_288933955.uvl,17,6,0.647059,3,1,0.666667,11,0,0,TRUE
dataset_20/uvl/model_20120328_361613983.uvl,dataset_20/uvl/model_20120328_361613983.uvl,16,9,0.4375,2,2,0,5,0,2,FALSE
dataset_20/uvl/model_20120328_523540818.uvl,dataset_20/uvl/model_20120328_523540818.uvl,10,8,0.2,0,0,0,1,0,1,FALSE
dataset_20/uvl/model_20120328_573707444.uvl,dataset_20/uvl/model_20120328_573707444.uvl,34,20,0.411765,1,16,-15,10,0,4,FALSE
dataset_20/uvl/model_20120328_593032745.uvl,dataset_20/uvl/model_20120328_593032745.uvl,19,8,0.578947,0,1,0,7,0,4,FALSE
dataset_20/uvl/model_20120328_663906927.uvl,dataset_20/uvl/model_20120328_663906927.uvl,28,15,0.464286,1,2,-1,9,0,4,FALSE
dataset_20/uvl/model_20120328_794090001.uvl,dataset_20/uvl/model_20120328_794090001.uvl,22,5,0.772727,0,1,0,16,0,1,FALSE
dataset_20/uvl/model_20120328_810464459.uvl,dataset_20/uvl/model_20120328_810464459.uvl,17,8,0.529412,0,0,0,6,0,3,FALSE
dataset_20/uvl/model_20120329_788560154.uvl,dataset_20/uvl/model_20120329_788560154.uvl,55,45,0.181818,0,53,0,6,0,4,FALSE
dataset_20/uvl/model_20120408_404695779.uvl,dataset_20/uvl/model_20120408_404695779.uvl,70,67,0.042857,1,23,-22,3,0,0,FALSE
dataset_20/uvl/model_20120411_196667302.uvl,dataset_20/uvl/model_20120411_196667302.uvl,26,16,0.384615,3,15,-4,8,0,2,FALSE
dataset_20/uvl/model_20120412_1314362396.uvl,dataset_20/uvl/model_20120412_1314362396.uvl,12,6,0.5,0,0,0,3,0,3,FALSE
dataset_20/uvl/model_20120418_828883554.uvl,dataset_20/uvl/model_20120418_828883554.uvl,52,35,0.326923,0,51,0,15,0,2,FALSE
dataset_20/uvl/model_20120419_1397354511.uvl,dataset_20/uvl/model_20120419_1397354511.uvl,20,14,0.3,2,6,-2,5,0,1,FALSE
dataset_20/uvl/model_20120422_1648870831.uvl,dataset_20/uvl/model_20120422_1648870831.uvl,14,8,0.428571,2,2,0,3,1,2,FALSE
dataset_20/uvl/model_20120422_2100930135.uvl,dataset_20/uvl/model_20120422_2100930135.uvl,25,15,0.4,4,3,0.25,8,0,2,TRUE
dataset_20/uvl/model_20120423_1196408273.uvl,dataset_20/uvl/model_20120423_1196408273.uvl,16,9,0.4375,0,4,0,4,0,3,FALSE
dataset_20/uvl/model_20120423_1625073325.uvl,dataset_20/uvl/model_20120423_1625073325.uvl,32,20,0.375,0,39,0,8,0,4,FALSE
dataset_20/uvl/model_20120424_1703152596.uvl,dataset_20/uvl/model_20120424_1703152596.uvl,59,30,0.491525,0,7,0,18,0,11,FALSE
dataset_20/uvl/model_20120425_1998125226.uvl,dataset_20/uvl/model_20120425_1998125226.uvl,71,48,0.323944,0,3,0,17,0,6,FALSE
dataset_20/uvl/model_20120510_220834497.uvl,dataset_20/uvl/model_20120510_220834497.uvl,53,32,0.396226,0,6,0,14,0,7,FALSE
dataset_20/uvl/model_20120512_712347860.uvl,dataset_20/uvl/model_20120512_712347860.uvl,13,7,0.461538,0,1,0,5,0,1,FALSE
dataset_20/uvl/model_20120513_373795895.uvl,dataset_20/uvl/model_20120513_373795895.uvl,14,7,0.5,0,1,0,6,0,1,FALSE
dataset_20/uvl/model_20120515_1862354569.uvl,dataset_20/uvl/model_20120515_1862354569.uvl,15,7,0.533333,1,1,0,7,0,1,FALSE
dataset_20/uvl/model_20120522_87989914.uvl,dataset_20/uvl/model_20120522_87989914.uvl,35,33,0.057143,20,103,-4.15,1,1,0,FALSE
dataset_20/uvl/model_20120528_1294065815.uvl,dataset_20/uvl/model_20120528_1294065815.uvl,13,8,0.384615,0,0,0,4,0,1,FALSE
dataset_20/uvl/model_20120529_2101702978.uvl,dataset_20/uvl/model_20120529_2101702978.uvl,35,27,0.228571,23,60,-1.608696,5,2,1,FALSE
dataset_20/uvl/model_20120531_2078087379.uvl,dataset_20/uvl/model_20120531_2078087379.uvl,17,6,0.647059,3,5,-0.666667,11,0,0,FALSE
dataset_20/uvl/model_20120609_84195762.uvl,dataset_20/uvl/model_20120609_84195762.uvl,26,11,0.576923,0,0,0,10,0,5,FALSE
dataset_20/uvl/model_20120627_1512389149.uvl,dataset_20/uvl/model_20120627_1512389149.uvl,11,6,0.454545,2,2,0,3,0,2,FALSE
dataset_20/uvl/model_20120701_1498696792.uvl,dataset_20/uvl/model_20120701_1498696792.uvl,11,11,0,0,0,0,0,0,0,FALSE
dataset_20/uvl/model_20120701_899073101.uvl,dataset_20/uvl/model_20120701_899073101.uvl,11,11,0,0,0,0,0,0,0,FALSE
dataset_20/uvl/model_20120705_77954373.uvl,dataset_20/uvl/model_20120705_77954373.uvl,22,17,0.227273,0,21,0,5,0,0,FALSE
dataset_20/uvl/model_20120710_919309758.uvl,dataset_20/uvl/model_20120710_919309758.uvl,19,17,0.105263,0,8,0,2,0,0,FALSE
dataset_20/uvl/model_20120717_770767926.uvl,dataset_20/uvl/model_20120717_770767926.uvl,11,8,0.272727,0,0,0,3,0,0,FALSE
dataset_20/uvl/model_20120718_813832704.uvl,dataset_20/uvl/model_20120718_813832704.uvl,11,5,0.545455,1,1,0,6,0,0,FALSE
dataset_20/uvl/model_20120722_2065280700.uvl,dataset_20/uvl/model_20120722_2065280700.uvl,13,13,0,1,1,0,0,0,0,FALSE
dataset_20/uvl/model_20120725_1460954667.uvl,dataset_20/uvl/model_20120725_1460954667.uvl,97,81,0.164948,1,2,-1,12,0,4,FALSE
dataset_20/uvl/model_20120728_275737618.uvl,dataset_20/uvl/model_20120728_275737618.uvl,14,12,0.142857,0,2,0,2,0,0,FALSE
dataset_20/uvl/model_20120731_787433291.uvl,dataset_20/uvl/model_20120731_787433291.uvl,43,31,0.27907,3,16,-4.333333,9,0,3,FALSE
dataset_20/uvl/model_20120801_1784537083.uvl,dataset_20/uvl/model_20120801_1784537083.uvl,12,7,0.416667,0,1,0,1,0,4,FALSE
dataset_20/uvl/model_20120806_904481092.uvl,dataset_20/uvl/model_20120806_904481092.uvl,17,10,0.411765,1,5,-4,3,0,4,FALSE
dataset_20/uvl/model_20120822_650185552.uvl,dataset_20/uvl/model_20120822_650185552.uvl,25,14,0.44,6,8,-0.333333,6,0,5,FALSE
dataset_20/uvl/model_20120823_304633016.uvl,dataset_20/uvl/model_20120823_304633016.uvl,16,14,0.125,7,5,0.285714,2,0,0,TRUE
dataset_20/uvl/model_20120824_761159432.uvl,dataset_20/uvl/model_20120824_761159432.uvl,23,12,0.478261,4,6,-0.5,6,0,5,FALSE
dataset_20/uvl/model_20120828_1516795545.uvl,dataset_20/uvl/model_20120828_1516795545.uvl,13,6,0.538462,0,1,0,3,0,4,FALSE
dataset_20/uvl/model_20120829_1418879889.uvl,dataset_20/uvl/model_20120829_1418879889.uvl,10,3,0.7,0,1,0,7,0,0,FALSE
dataset_20/uvl/model_20120829_191972511.uvl,dataset_20/uvl/model_20120829_191972511.uvl,168,116,0.309524,46,72,-0.565217,6,0,46,FALSE
dataset_20/uvl/model_20120829_28461699.uvl,dataset_20/uvl/model_20120829_28461699.uvl,11,8,0.272727,2,4,-1,3,0,0,FALSE
dataset_20/uvl/model_20120829_881090911.uvl,dataset_20/uvl/model_20120829_881090911.uvl,10,8,0.2,0,0,0,2,0,0,FALSE
dataset_20/uvl/model_20120902_865058601.uvl,dataset_20/uvl/model_20120902_865058601.uvl,19,13,0.315789,0,2,0,2,0,4,FALSE
dataset_20/uvl/model_20120904_1604580471.uvl,dataset_20/uvl/model_20120904_1604580471.uvl,13,8,0.384615,0,8,0,4,0,1,FALSE
dataset_20/uvl/model_20120905_104354355.uvl,dataset_20/uvl/model_20120905_104354355.uvl,13,5,0.615385,0,0,0,8,0,0,FALSE
dataset_20/uvl/model_20120909_341305614.uvl,dataset_20/uvl/model_20120909_341305614.uvl,32,24,0.25,2,5,-1.5,6,0,2,FALSE
dataset_20/uvl/model_20120915_487659597.uvl,dataset_20/uvl/model_20120915_487659597.uvl,20,14,0.3,1,7,-6,3,0,3,FALSE
dataset_20/uvl/model_20120920_383492576.uvl,dataset_20/uvl/model_20120920_383492576.uvl,11,5,0.545455,1,1,0,6,0,0,FALSE
dataset_20/uvl/model_20121015_1348696629.uvl,dataset_20/uvl/model_20121015_1348696629.uvl,10,4,0.6,1,1,0,3,0,3,FALSE
dataset_20/uvl/model_20121017_2007593800.uvl,dataset_20/uvl/model_20121017_2007593800.uvl,10,8,0.2,0,5,0,2,0,0,FALSE
dataset_20/uvl/model_20121018_1186774722.uvl,dataset_20/uvl/model_20121018_1186774722.uvl,16,10,0.375,0,1,0,3,0,3,FALSE
dataset_20/uvl/model_20121018_1495134161.uvl,dataset_20/uvl/model_20121018_1495134161.uvl,17,12,0.294118,0,5,0,3,0,2,FALSE
dataset_20/uvl/model_20121018_1550648286.uvl,dataset_20/uvl/model_20121018_1550648286.uvl,16,9,0.4375,0,1,0,4,0,3,FALSE
dataset_20/uvl/model_20121018_1578042435.uvl,dataset_20/uvl/model_20121018_1578042435.uvl,17,12,0.294118,0,6,0,3,0,2,FALSE
dataset_20/uvl/model_20121018_1639434192.uvl,dataset_20/uvl/model_20121018_1639434192.uvl,17,12,0.294118,0,5,0,3,0,2,FALSE
dataset_20/uvl/model_20121018_1701181193.uvl,dataset_20/uvl/model_20121018_1701181193.uvl,17,12,0.294118,0,5,0,3,0,2,FALSE
dataset_20/uvl/model_20121018_1875808662.uvl,dataset_20/uvl/model_20121018_1875808662.uvl,16,9,0.4375,0,1,0,4,0,3,FALSE
dataset_20/uvl/model_20121018_1970318852.uvl,dataset_20/uvl/model_20121018_1970318852.uvl,16,9,0.4375,0,1,0,4,0,3,FALSE
dataset_20/uvl/model_20121018_201916182.uvl,dataset_20/uvl/model_20121018_201916182.uvl,16,9,0.4375,0,1,0,4,0,3,FALSE
dataset_20/uvl/model_20121018_242475712.uvl,dataset_20/uvl/model_20121018_242475712.uvl,16,9,0.4375,0,1,0,4,0,3,FALSE
dataset_20/uvl/model_20121018_271963732.uvl,dataset_20/uvl/model_20121018_271963732.uvl,16,9,0.4375,0,1,0,4,0,3,FALSE
dataset_20/uvl/model_20121018_436901160.uvl,dataset_20/uvl/model_20121018_436901160.uvl,16,9,0.4375,0,1,0,4,0,3,FALSE
dataset_20/uvl/model_20121018_795335675.uvl,dataset_20/uvl/model_20121018_795335675.uvl,16,9,0.4375,0,1,0,4,0,3,FALSE
dataset_20/uvl/model_20121018_820869482.uvl,dataset_20/uvl/model_20121018_820869482.uvl,16,9,0.4375,0,1,0,4,0,3,FALSE
dataset_20/uvl/model_20121018_880874071.uvl,dataset_20/uvl/model_20121018_880874071.uvl,16,10,0.375,0,1,0,3,0,3,FALSE
dataset_20/uvl/model_20121019_1128529660.uvl,dataset_20/uvl/model_20121019_1128529660.uvl,14,10,0.285714,0,6,0,2,0,2,FALSE
dataset_20/uvl/model_20121023_1328975384.uvl,dataset_20/uvl/model_20121023_1328975384.uvl,14,8,0.428571,0,1,0,4,0,2,FALSE
dataset_20/uvl/model_20121023_356761254.uvl,dataset_20/uvl/model_20121023_356761254.uvl,12,6,0.5,0,0,0,6,0,0,FALSE
dataset_20/uvl/model_20121025_1453237615.uvl,dataset_20/uvl/model_20121025_1453237615.uvl,20,7,0.65,0,0,0,13,0,0,FALSE
dataset_20/uvl/model_20121025_1656878048.uvl,dataset_20/uvl/model_20121025_1656878048.uvl,26,15,0.423077,0,0,0,11,0,0,FALSE
dataset_20/uvl/model_20121026_334751192.uvl,dataset_20/uvl/model_20121026_334751192.uvl,28,21,0.25,0,0,0,6,0,1,FALSE
dataset_20/uvl/model_20121102_443205816.uvl,dataset_20/uvl/model_20121102_443205816.uvl,26,18,0.307692,0,4,0,4,0,4,FALSE
dataset_20/uvl/model_20121102_768518520.uvl,dataset_20/uvl/model_20121102_768518520.uvl,14,14,0,0,0,0,0,0,0,FALSE
dataset_20/uvl/model_20121106_1816491064.uvl,dataset_20/uvl/model_20121106_1816491064.uvl,23,12,0.478261,0,1,0,8,0,3,FALSE
dataset_20/uvl/model_20121123_1014773113.uvl,dataset_20/uvl/model_20121123_1014773113.uvl,16,6,0.625,1,1,0,5,0,5,FALSE
dataset_20/uvl/model_20121123_1047250318.uvl,dataset_20/uvl/model_20121123_1047250318.uvl,16,6,0.625,2,2,0,5,0,5,FALSE
dataset_20/uvl/model_20121123_1266693931.uvl,dataset_20/uvl/model_20121123_1266693931.uvl,16,8,0.5,0,1,0,3,0,5,FALSE
dataset_20/uvl/model_20121123_1445508018.uvl,dataset_20/uvl/model_20121123_1445508018.uvl,16,8,0.5,0,1,0,6,0,2,FALSE
dataset_20/uvl/model_20121123_1588832561.uvl,dataset_20/uvl/model_20121123_1588832561.uvl,16,5,0.6875,0,0,0,8,0,3,FALSE
dataset_20/uvl/model_20121123_1668268132.uvl,dataset_20/uvl/model_20121123_1668268132.uvl,13,8,0.384615,2,8,-3,3,0,2,FALSE
dataset_20/uvl/model_20121123_1672558767.uvl,dataset_20/uvl/model_20121123_1672558767.uvl,15,4,0.733333,2,1,0.5,9,0,2,TRUE
dataset_20/uvl/model_20121123_1692800929.uvl,dataset_20/uvl/model_20121123_1692800929.uvl,16,6,0.625,1,1,0,5,0,5,FALSE
dataset_20/uvl/model_20121123_1807427529.uvl,dataset_20/uvl/model_20121123_1807427529.uvl,17,4,0.764706,1,1,0,9,0,4,FALSE
dataset_20/uvl/model_20121123_2085968892.uvl,dataset_20/uvl/model_20121123_2085968892.uvl,17,6,0.647059,0,0,0,5,0,6,FALSE
dataset_20/uvl/model_20121123_388334786.uvl,dataset_20/uvl/model_20121123_388334786.uvl,16,6,0.625,2,2,0,5,0,5,FALSE
dataset_20/uvl/model_20121123_638033800.uvl,dataset_20/uvl/model_20121123_638033800.uvl,14,4,0.714286,0,0,0,7,0,3,FALSE
dataset_20/uvl/model_20121123_913179730.uvl,dataset_20/uvl/model_20121123_913179730.uvl,17,10,0.411765,1,6,-5,3,0,4,FALSE
dataset_20/uvl/model_20121212_1167666293.uvl,dataset_20/uvl/model_20121212_1167666293.uvl,15,4,0.733333,2,1,0.5,9,0,2,TRUE
dataset_20/uvl/model_20121212_425431925.uvl,dataset_20/uvl/model_20121212_425431925.uvl,16,9,0.4375,0,1,0,4,0,3,FALSE
dataset_20/uvl/model_20121213_681234650.uvl,dataset_20/uvl/model_20121213_681234650.uvl,33,21,0.363636,0,0,0,2,0,10,FALSE
dataset_20/uvl/model_20121214_211817376.uvl,dataset_20/uvl/model_20121214_211817376.uvl,14,11,0.214286,2,7,-2.5,3,0,0,FALSE
dataset_20/uvl/model_20121219_1714348674.uvl,dataset_20/uvl/model_20121219_1714348674.uvl,10,9,0.1,0,0,0,1,0,0,FALSE
dataset_20/uvl/model_20121219_629525870.uvl,dataset_20/uvl/model_20121219_629525870.uvl,18,6,0.666667,9,4,0.555556,8,0,4,TRUE
dataset_20/uvl/model_20130105_1019508207.uvl,dataset_20/uvl/model_20130105_1019508207.uvl,24,20,0.166667,4,5,-0.25,4,0,0,FALSE
dataset_20/uvl/model_20130106_749900457.uvl,dataset_20/uvl/model_20130106_749900457.uvl,21,17,0.190476,0,21,0,3,0,1,FALSE
dataset_20/uvl/model_20130115_768867592.uvl,dataset_20/uvl/model_20130115_768867592.uvl,11,4,0.636364,1,0,1,4,0,3,TRUE
dataset_20/uvl/model_20130116_1542765516.uvl,dataset_20/uvl/model_20130116_1542765516.uvl,10,5,0.5,0,0,0,5,0,0,FALSE
dataset_20/uvl/model_20130116_382639902.uvl,dataset_20/uvl/model_20130116_382639902.uvl,31,20,0.354839,9,32,-2.555556,6,0,5,FALSE
dataset_20/uvl/model_20130117_2075912065.uvl,dataset_20/uvl/model_20130117_2075912065.uvl,13,1,0.923077,5,0,1,6,6,0,TRUE
dataset_20/uvl/model_20130121_710180273.uvl,dataset_20/uvl/model_20130121_710180273.uvl,10,1,0.9,3,0,1,5,4,0,TRUE
dataset_20/uvl/model_20130122_1064508817.uvl,dataset_20/uvl/model_20130122_1064508817.uvl,12,2,0.833333,7,0,1,1,9,0,TRUE
dataset_20/uvl/model_20130122_243381566.uvl,dataset_20/uvl/model_20130122_243381566.uvl,14,11,0.214286,0,1,0,3,0,0,FALSE
dataset_20/uvl/model_20130122_92211527.uvl,dataset_20/uvl/model_20130122_92211527.uvl,11,6,0.454545,7,6,0.142857,1,2,2,TRUE
dataset_20/uvl/model_20130123_686198065.uvl,dataset_20/uvl/model_20130123_686198065.uvl,40,31,0.225,0,0,0,3,0,6,FALSE
dataset_20/uvl/model_20130125_189285641.uvl,dataset_20/uvl/model_20130125_189285641.uvl,18,6,0.666667,1,1,0,11,0,1,FALSE
dataset_20/uvl/model_20130219_1778040846.uvl,dataset_20/uvl/model_20130219_1778040846.uvl,40,32,0.2,0,0,0,4,0,4,FALSE
dataset_20/uvl/model_20130220_406091727.uvl,dataset_20/uvl/model_20130220_406091727.uvl,43,30,0.302326,5,9,-0.8,10,0,3,FALSE
dataset_20/uvl/model_20130224_1469220523.uvl,dataset_20/uvl/model_20130224_1469220523.uvl,10,6,0.4,0,1,0,1,0,3,FALSE
dataset_20/uvl/model_20130226_1908057354.uvl,dataset_20/uvl/model_20130226_1908057354.uvl,16,9,0.4375,3,10,-2.333333,5,0,2,FALSE
dataset_20/uvl/model_20130302_1361528923.uvl,dataset_20/uvl/model_20130302_1361528923.uvl,10,10,0,3,3,0,0,0,0,FALSE
dataset_20/uvl/model_20130302_379367837.uvl,dataset_20/uvl/model_20130302_379367837.uvl,10,7,0.3,1,1,0,2,0,1,FALSE
dataset_20/uvl/model_20130305_204544380.uvl,dataset_20/uvl/model_20130305_204544380.uvl,13,10,0.230769,2,2,0,2,0,1,FALSE
dataset_20/uvl/model_20130305_522520932.uvl,dataset_20/uvl/model_20130305_522520932.uvl,16,8,0.5,3,9,-2,5,0,3,FALSE
dataset_20/uvl/model_20130307_609838668.uvl,dataset_20/uvl/model_20130307_609838668.uvl,176,127,0.278409,4,20,-4,16,0,33,FALSE
dataset_20/uvl/model_20130309_1354780318.uvl,dataset_20/uvl/model_20130309_1354780318.uvl,11,4,0.636364,0,5,0,7,0,0,FALSE
dataset_20/uvl/model_20130311_1184229274.uvl,dataset_20/uvl/model_20130311_1184229274.uvl,11,7,0.363636,0,1,0,4,0,0,FALSE
dataset_20/uvl/model_20130324_1541392486.uvl,dataset_20/uvl/model_20130324_1541392486.uvl,51,33,0.352941,0,17,0,16,0,2,FALSE
dataset_20/uvl/model_20130410_2115212559.uvl,dataset_20/uvl/model_20130410_2115212559.uvl,11,3,0.727273,0,0,0,1,0,7,FALSE
dataset_20/uvl/model_20130414_861625706.uvl,dataset_20/uvl/model_20130414_861625706.uvl,15,10,0.333333,0,2,0,3,0,2,FALSE
dataset_20/uvl/model_20130418_1158438101.uvl,dataset_20/uvl/model_20130418_1158438101.uvl,19,13,0.315789,2,21,-9.5,5,0,1,FALSE
dataset_20/uvl/model_20130418_1960440366.uvl,dataset_20/uvl/model_20130418_1960440366.uvl,29,25,0.137931,4,6,-0.5,3,0,1,FALSE
dataset_20/uvl/model_20130422_1348727660.uvl,dataset_20/uvl/model_20130422_1348727660.uvl,19,14,0.263158,0,1,0,3,0,2,FALSE
dataset_20/uvl/model_20130422_139902368.uvl,dataset_20/uvl/model_20130422_139902368.uvl,40,20,0.5,0,0,0,15,0,5,FALSE
dataset_20/uvl/model_20130426_1685243628.uvl,dataset_20/uvl/model_20130426_1685243628.uvl,16,16,0,0,0,0,0,0,0,FALSE
dataset_20/uvl/model_20130508_1842381745.uvl,dataset_20/uvl/model_20130508_1842381745.uvl,16,8,0.5,0,1,0,6,0,2,FALSE
dataset_20/uvl/model_20130510_203163945.uvl,dataset_20/uvl/model_20130510_203163945.uvl,18,14,0.222222,0,5,0,4,0,0,FALSE
dataset_20/uvl/model_20130522_1326579656.uvl,dataset_20/uvl/model_20130522_1326579656.uvl,45,40,0.111111,0,4,0,5,0,0,FALSE
dataset_20/uvl/model_20130522_2044729096.uvl,dataset_20/uvl/model_20130522_2044729096.uvl,31,19,0.387097,0,8,0,11,0,1,FALSE
dataset_20/uvl/model_20130529_1162054266.uvl,dataset_20/uvl/model_20130529_1162054266.uvl,16,8,0.5,1,1,0,7,0,1,FALSE
dataset_20/uvl/model_20130529_1165512118.uvl,dataset_20/uvl/model_20130529_1165512118.uvl,10,7,0.3,0,0,0,3,0,0,FALSE
dataset_20/uvl/model_20130529_1187431770.uvl,dataset_20/uvl/model_20130529_1187431770.uvl,16,8,0.5,1,1,0,7,0,1,FALSE
dataset_20/uvl/model_20130529_167247656.uvl,dataset_20/uvl/model_20130529_167247656.uvl,16,8,0.5,1,1,0,7,0,1,FALSE
dataset_20/uvl/model_20130529_1911302663.uvl,dataset_20/uvl/model_20130529_1911302663.uvl,16,8,0.5,1,1,0,7,0,1,FALSE
dataset_20/uvl/model_20130529_2135483929.uvl,dataset_20/uvl/model_20130529_2135483929.uvl,16,9,0.4375,2,3,-0.5,6,0,1,FALSE
dataset_20/uvl/model_20130529_51708559.uvl,dataset_20/uvl/model_20130529_51708559.uvl,16,9,0.4375,2,3,-0.5,6,0,1,FALSE
dataset_20/uvl/model_20130529_552715089.uvl,dataset_20/uvl/model_20130529_552715089.uvl,17,10,0.411765,1,6,-5,7,0,0,FALSE
dataset_20/uvl/model_20130604_1500555803.uvl,dataset_20/uvl/model_20130604_1500555803.uvl,13,2,0.846154,0,0,0,11,0,0,FALSE
dataset_20/uvl/model_20130619_405989942.uvl,dataset_20/uvl/model_20130619_405989942.uvl,10,5,0.5,0,0,0,1,0,4,FALSE
dataset_20/uvl/model_20130621_2143921379.uvl,dataset_20/uvl/model_20130621_2143921379.uvl,29,24,0.172414,5,13,-1.6,5,0,0,FALSE
dataset_20/uvl/model_20130627_888588099.uvl,dataset_20/uvl/model_20130627_888588099.uvl,17,8,0.529412,0,2,0,8,0,1,FALSE
dataset_20/uvl/model_20130703_1107240012.uvl,dataset_20/uvl/model_20130703_1107240012.uvl,64,59,0.078125,2,47,-22.5,3,0,2,FALSE
dataset_20/uvl/model_20130716_384525556.uvl,dataset_20/uvl/model_20130716_384525556.uvl,17,10,0.411765,0,5,0,4,0,3,FALSE
dataset_20/uvl/model_20130722_443972122.uvl,dataset_20/uvl/model_20130722_443972122.uvl,12,8,0.333333,0,0,0,4,0,0,FALSE
dataset_20/uvl/model_20130725_1746580783.uvl,dataset_20/uvl/model_20130725_1746580783.uvl,16,13,0.1875,1,2,-1,2,0,1,FALSE
dataset_20/uvl/model_20130725_1929838118.uvl,dataset_20/uvl/model_20130725_1929838118.uvl,41,34,0.170732,0,41,0,1,0,6,FALSE
dataset_20/uvl/model_20130725_608010428.uvl,dataset_20/uvl/model_20130725_608010428.uvl,12,10,0.166667,0,0,0,1,0,1,FALSE
dataset_20/uvl/model_20130726_597280131.uvl,dataset_20/uvl/model_20130726_597280131.uvl,47,36,0.234043,7,38,-4.428571,2,0,9,FALSE
dataset_20/uvl/model_20130731_2029107317.uvl,dataset_20/uvl/model_20130731_2029107317.uvl,76,62,0.184211,0,18,0,14,0,0,FALSE
dataset_20/uvl/model_20130807_1787614695.uvl,dataset_20/uvl/model_20130807_1787614695.uvl,13,1,0.923077,0,0,0,12,0,0,FALSE
dataset_20/uvl/model_20130808_465499656.uvl,dataset_20/uvl/model_20130808_465499656.uvl,22,18,0.181818,0,0,0,2,0,2,FALSE
dataset_20/uvl/model_20130809_353548541.uvl,dataset_20/uvl/model_20130809_353548541.uvl,57,47,0.175439,0,5,0,8,0,2,FALSE
dataset_20/uvl/model_20130811_391981530.uvl,dataset_20/uvl/model_20130811_391981530.uvl,41,32,0.219512,11,17,-0.545455,4,0,5,FALSE
dataset_20/uvl/model_20130812_1882708509.uvl,dataset_20/uvl/model_20130812_1882708509.uvl,41,33,0.195122,10,16,-0.6,4,0,4,FALSE
dataset_20/uvl/model_20130812_690840910.uvl,dataset_20/uvl/model_20130812_690840910.uvl,30,25,0.166667,6,8,-0.333333,5,0,0,FALSE
dataset_20/uvl/model_20130815_1890929461.uvl,dataset_20/uvl/model_20130815_1890929461.uvl,56,45,0.196429,11,23,-1.090909,5,0,6,FALSE
dataset_20/uvl/model_20130818_278315719.uvl,dataset_20/uvl/model_20130818_278315719.uvl,10,7,0.3,0,0,0,2,0,1,FALSE
dataset_20/uvl/model_20130820_1465112187.uvl,dataset_20/uvl/model_20130820_1465112187.uvl,49,14,0.714286,0,0,0,35,0,0,FALSE
dataset_20/uvl/model_20130821_1446947208.uvl,dataset_20/uvl/model_20130821_1446947208.uvl,49,1,0.979592,0,0,0,48,0,0,FALSE
dataset_20/uvl/model_20130821_361829065.uvl,dataset_20/uvl/model_20130821_361829065.uvl,30,5,0.833333,0,0,0,25,0,0,FALSE
dataset_20/uvl/model_20130821_470005647.uvl,dataset_20/uvl/model_20130821_470005647.uvl,43,7,0.837209,0,0,0,36,0,0,FALSE
dataset_20/uvl/model_20130908_1057721135.uvl,dataset_20/uvl/model_20130908_1057721135.uvl,14,4,0.714286,0,0,0,10,0,0,FALSE
dataset_20/uvl/model_20130908_1070185514.uvl,dataset_20/uvl/model_20130908_1070185514.uvl,366,330,0.098361,181,124,0.314917,33,0,3,TRUE
dataset_20/uvl/model_20130908_2094539725.uvl,dataset_20/uvl/model_20130908_2094539725.uvl,81,49,0.395062,0,4,0,9,0,23,FALSE
dataset_20/uvl/model_20130911_2001583567.uvl,dataset_20/uvl/model_20130911_2001583567.uvl,34,22,0.352941,0,17,0,10,0,2,FALSE
dataset_20/uvl/model_20130916_1001858303.uvl,dataset_20/uvl/model_20130916_1001858303.uvl,15,7,0.533333,2,1,0.5,8,0,0,TRUE
dataset_20/uvl/model_20130916_1112744253.uvl,dataset_20/uvl/model_20130916_1112744253.uvl,15,8,0.466667,2,1,0.5,5,0,2,TRUE
dataset_20/uvl/model_20130916_1448418245.uvl,dataset_20/uvl/model_20130916_1448418245.uvl,14,7,0.5,2,1,0.5,7,0,0,TRUE
dataset_20/uvl/model_20130916_1467348272.uvl,dataset_20/uvl/model_20130916_1467348272.uvl,16,7,0.5625,2,1,0.5,9,0,0,TRUE
dataset_20/uvl/model_20130916_156611854.uvl,dataset_20/uvl/model_20130916_156611854.uvl,17,12,0.294118,0,5,0,3,0,2,FALSE
dataset_20/uvl/model_20130916_1649901124.uvl,dataset_20/uvl/model_20130916_1649901124.uvl,16,8,0.5,0,0,0,7,0,1,FALSE
dataset_20/uvl/model_20130916_1894002979.uvl,dataset_20/uvl/model_20130916_1894002979.uvl,16,8,0.5,1,1,0,7,0,1,FALSE
dataset_20/uvl/model_20130916_1980915056.uvl,dataset_20/uvl/model_20130916_1980915056.uvl,15,7,0.533333,2,1,0.5,8,0,0,TRUE
dataset_20/uvl/model_20130916_1983257725.uvl,dataset_20/uvl/model_20130916_1983257725.uvl,16,8,0.5,0,0,0,7,0,1,FALSE
dataset_20/uvl/model_20130916_2072761889.uvl,dataset_20/uvl/model_20130916_2072761889.uvl,15,7,0.533333,2,1,0.5,8,0,0,TRUE
dataset_20/uvl/model_20130916_302923469.uvl,dataset_20/uvl/model_20130916_302923469.uvl,16,7,0.5625,2,2,0,8,0,1,FALSE
dataset_20/uvl/model_20130916_330769314.uvl,dataset_20/uvl/model_20130916_330769314.uvl,17,6,0.647059,1,1,0,9,0,2,FALSE
dataset_20/uvl/model_20130916_552778902.uvl,dataset_20/uvl/model_20130916_552778902.uvl,16,5,0.6875,1,1,0,11,0,0,FALSE
dataset_20/uvl/model_20130916_667715515.uvl,dataset_20/uvl/model_20130916_667715515.uvl,16,8,0.5,1,1,0,7,0,1,FALSE
dataset_20/uvl/model_20130916_882364260.uvl,dataset_20/uvl/model_20130916_882364260.uvl,15,7,0.533333,2,1,0.5,8,0,0,TRUE
dataset_20/uvl/model_20130916_894347834.uvl,dataset_20/uvl/model_20130916_894347834.uvl,15,7,0.533333,2,1,0.5,8,0,0,TRUE
dataset_20/uvl/model_20130917_1805517149.uvl,dataset_20/uvl/model_20130917_1805517149.uvl,13,9,0.307692,4,4,0,3,0,1,FALSE
dataset_20/uvl/model_20130917_737900063.uvl,dataset_20/uvl/model_20130917_737900063.uvl,13,7,0.461538,4,6,-0.5,3,0,3,FALSE
dataset_20/uvl/model_20131016_1224723724.uvl,dataset_20/uvl/model_20131016_1224723724.uvl,11,8,0.272727,2,1,0.5,3,0,0,TRUE
dataset_20/uvl/model_20131028_1719041666.uvl,dataset_20/uvl/model_20131028_1719041666.uvl,19,4,0.789474,0,0,0,13,0,2,FALSE
dataset_20/uvl/model_20131109_2060894287.uvl,dataset_20/uvl/model_20131109_2060894287.uvl,14,10,0.285714,3,8,-1.666667,2,0,2,FALSE
dataset_20/uvl/model_20131111_1434736548.uvl,dataset_20/uvl/model_20131111_1434736548.uvl,34,20,0.411765,3,9,-2,14,0,0,FALSE
dataset_20/uvl/model_20131111_1486670620.uvl,dataset_20/uvl/model_20131111_1486670620.uvl,21,18,0.142857,0,1,0,3,0,0,FALSE
dataset_20/uvl/model_20131112_1165253679.uvl,dataset_20/uvl/model_20131112_1165253679.uvl,27,22,0.185185,0,3,0,5,0,0,FALSE
dataset_20/uvl/model_20131112_1191150070.uvl,dataset_20/uvl/model_20131112_1191150070.uvl,57,25,0.561404,1,3,-2,25,0,7,FALSE
dataset_20/uvl/model_20131112_1315617761.uvl,dataset_20/uvl/model_20131112_1315617761.uvl,58,47,0.189655,6,8,-0.333333,0,0,11,FALSE
dataset_20/uvl/model_20131112_1353790761.uvl,dataset_20/uvl/model_20131112_1353790761.uvl,23,16,0.304348,0,9,0,6,0,1,FALSE
dataset_20/uvl/model_20131112_1399418967.uvl,dataset_20/uvl/model_20131112_1399418967.uvl,35,30,0.142857,0,12,0,5,0,0,FALSE
dataset_20/uvl/model_20131112_1591180910.uvl,dataset_20/uvl/model_20131112_1591180910.uvl,29,23,0.206897,0,11,0,5,0,1,FALSE
dataset_20/uvl/model_20131112_1592384504.uvl,dataset_20/uvl/model_20131112_1592384504.uvl,32,25,0.21875,0,4,0,4,0,3,FALSE
dataset_20/uvl/model_20131112_1617262618.uvl,dataset_20/uvl/model_20131112_1617262618.uvl,30,17,0.433333,0,0,0,11,0,2,FALSE
dataset_20/uvl/model_20131112_1630582425.uvl,dataset_20/uvl/model_20131112_1630582425.uvl,28,21,0.25,0,16,0,5,0,2,FALSE
dataset_20/uvl/model_20131112_1825068383.uvl,dataset_20/uvl/model_20131112_1825068383.uvl,25,22,0.12,5,8,-0.6,3,0,0,FALSE
dataset_20/uvl/model_20131112_1840652917.uvl,dataset_20/uvl/model_20131112_1840652917.uvl,17,11,0.352941,1,0,1,6,0,0,TRUE
dataset_20/uvl/model_20131112_1855381012.uvl,dataset_20/uvl/model_20131112_1855381012.uvl,31,25,0.193548,0,4,0,4,0,2,FALSE
dataset_20/uvl/model_20131112_2028027455.uvl,dataset_20/uvl/model_20131112_2028027455.uvl,13,8,0.384615,0,1,0,3,0,2,FALSE
dataset_20/uvl/model_20131112_330151541.uvl,dataset_20/uvl/model_20131112_330151541.uvl,21,17,0.190476,0,5,0,3,0,1,FALSE
dataset_20/uvl/model_20131112_356575914.uvl,dataset_20/uvl/model_20131112_356575914.uvl,20,16,0.2,0,12,0,3,0,1,FALSE
dataset_20/uvl/model_20131112_605989901.uvl,dataset_20/uvl/model_20131112_605989901.uvl,25,21,0.16,0,10,0,4,0,0,FALSE
dataset_20/uvl/model_20131112_64627122.uvl,dataset_20/uvl/model_20131112_64627122.uvl,13,9,0.307692,0,1,0,4,0,0,FALSE
dataset_20/uvl/model_20131112_817529963.uvl,dataset_20/uvl/model_20131112_817529963.uvl,40,13,0.675,0,2,0,21,0,6,FALSE
dataset_20/uvl/model_20131112_832913408.uvl,dataset_20/uvl/model_20131112_832913408.uvl,17,6,0.647059,0,0,0,10,0,1,FALSE
dataset_20/uvl/model_20131112_990013628.uvl,dataset_20/uvl/model_20131112_990013628.uvl,10,7,0.3,0,0,0,3,0,0,FALSE
dataset_20/uvl/model_20131113_2067550021.uvl,dataset_20/uvl/model_20131113_2067550021.uvl,42,18,0.571429,4,8,-1,17,0,7,FALSE
dataset_20/uvl/model_20131114_87095598.uvl,dataset_20/uvl/model_20131114_87095598.uvl,57,28,0.508772,4,13,-2.25,18,0,11,FALSE
dataset_20/uvl/model_20131121_194495737.uvl,dataset_20/uvl/model_20131121_194495737.uvl,12,9,0.25,2,7,-2.5,2,0,1,FALSE
dataset_20/uvl/model_20131122_1083650489.uvl,dataset_20/uvl/model_20131122_1083650489.uvl,15,4,0.733333,0,0,0,9,0,2,FALSE
dataset_20/uvl/model_20131122_1241273029.uvl,dataset_20/uvl/model_20131122_1241273029.uvl,18,5,0.722222,0,0,0,9,0,4,FALSE
dataset_20/uvl/model_20131122_1558809462.uvl,dataset_20/uvl/model_20131122_1558809462.uvl,26,10,0.615385,0,1,0,9,0,7,FALSE
dataset_20/uvl/model_20131122_1573422851.uvl,dataset_20/uvl/model_20131122_1573422851.uvl,15,11,0.266667,0,2,0,2,0,2,FALSE
dataset_20/uvl/model_20131122_1877947099.uvl,dataset_20/uvl/model_20131122_1877947099.uvl,15,11,0.266667,0,2,0,2,0,2,FALSE
dataset_20/uvl/model_20131122_224574976.uvl,dataset_20/uvl/model_20131122_224574976.uvl,11,2,0.818182,0,0,0,9,0,0,FALSE
dataset_20/uvl/model_20131122_23346211.uvl,dataset_20/uvl/model_20131122_23346211.uvl,15,10,0.333333,0,2,0,2,0,3,FALSE
dataset_20/uvl/model_20131122_641443746.uvl,dataset_20/uvl/model_20131122_641443746.uvl,14,3,0.785714,0,0,0,9,0,2,FALSE
dataset_20/uvl/model_20131122_913576973.uvl,dataset_20/uvl/model_20131122_913576973.uvl,23,8,0.652174,0,1,0,9,0,6,FALSE
dataset_20/uvl/model_20131124_646639708.uvl,dataset_20/uvl/model_20131124_646639708.uvl,16,7,0.5625,1,1,0,9,0,0,FALSE
dataset_20/uvl/model_20131125_731391866.uvl,dataset_20/uvl/model_20131125_731391866.uvl,18,9,0.5,1,1,0,9,0,0,FALSE
dataset_20/uvl/model_20131128_2046989275.uvl,dataset_20/uvl/model_20131128_2046989275.uvl,15,9,0.4,0,0,0,6,0,0,FALSE
dataset_20/uvl/model_20131129_1765219729.uvl,dataset_20/uvl/model_20131129_1765219729.uvl,14,11,0.214286,2,7,-2.5,2,0,1,FALSE
dataset_20/uvl/model_20131129_1795005487.uvl,dataset_20/uvl/model_20131129_1795005487.uvl,10,8,0.2,2,7,-2.5,2,0,0,FALSE
dataset_20/uvl/model_20131129_2135897376.uvl,dataset_20/uvl/model_20131129_2135897376.uvl,10,8,0.2,2,7,-2.5,2,0,0,FALSE
dataset_20/uvl/model_20131201_820966647.uvl,dataset_20/uvl/model_20131201_820966647.uvl,18,9,0.5,1,1,0,9,0,0,FALSE
dataset_20/uvl/model_20131202_1494824194.uvl,dataset_20/uvl/model_20131202_1494824194.uvl,34,13,0.617647,0,0,0,20,0,1,FALSE
dataset_20/uvl/model_20131202_1575628003.uvl,dataset_20/uvl/model_20131202_1575628003.uvl,19,10,0.473684,0,0,0,9,0,0,FALSE
dataset_20/uvl/model_20131202_1775789712.uvl,dataset_20/uvl/model_20131202_1775789712.uvl,50,25,0.5,0,4,0,15,0,10,FALSE
dataset_20/uvl/model_20131202_533920013.uvl,dataset_20/uvl/model_20131202_533920013.uvl,19,10,0.473684,0,0,0,9,0,0,FALSE
dataset_20/uvl/model_20131202_715513367.uvl,dataset_20/uvl/model_20131202_715513367.uvl,22,12,0.454545,0,0,0,10,0,0,FALSE
dataset_20/uvl/model_20131203_151571988.uvl,dataset_20/uvl/model_20131203_151571988.uvl,54,18,0.666667,1,8,-7,20,0,16,FALSE
dataset_20/uvl/model_20131206_656913635.uvl,dataset_20/uvl/model_20131206_656913635.uvl,13,10,0.230769,2,2,0,2,0,1,FALSE
dataset_20/uvl/model_20131206_684654596.uvl,dataset_20/uvl/model_20131206_684654596.uvl,12,9,0.25,2,7,-2.5,3,0,0,FALSE
dataset_20/uvl/model_20131210_413521746.uvl,dataset_20/uvl/model_20131210_413521746.uvl,13,9,0.307692,3,7,-1.333333,3,0,1,FALSE
dataset_20/uvl/model_20131217_806985744.uvl,dataset_20/uvl/model_20131217_806985744.uvl,11,9,0.181818,0,7,0,2,0,0,FALSE
dataset_20/uvl/model_20140101_941325443.uvl,dataset_20/uvl/model_20140101_941325443.uvl,10,5,0.5,0,0,0,5,0,0,FALSE
dataset_20/uvl/model_20140109_637429284.uvl,dataset_20/uvl/model_20140109_637429284.uvl,11,5,0.545455,0,5,0,6,0,0,FALSE
dataset_20/uvl/model_20140130_912999540.uvl,dataset_20/uvl/model_20140130_912999540.uvl,13,11,0.153846,2,2,0,0,0,2,FALSE
dataset_20/uvl/model_20140205_954857783.uvl,dataset_20/uvl/model_20140205_954857783.uvl,11,10,0.090909,2,7,-2.5,1,0,0,FALSE
dataset_20/uvl/model_20140207_1303140975.uvl,dataset_20/uvl/model_20140207_1303140975.uvl,12,1,0.916667,0,0,0,11,0,0,FALSE
dataset_20/uvl/model_20140209_1382642350.uvl,dataset_20/uvl/model_20140209_1382642350.uvl,41,30,0.268293,7,53,-6.571429,10,0,1,FALSE
dataset_20/uvl/model_20140209_1802656178.uvl,dataset_20/uvl/model_20140209_1802656178.uvl,26,13,0.5,4,18,-3.5,4,8,1,FALSE
dataset_20/uvl/model_20140209_34267674.uvl,dataset_20/uvl/model_20140209_34267674.uvl,44,29,0.340909,14,35,-1.5,13,0,2,FALSE
dataset_20/uvl/model_20140209_576830157.uvl,dataset_20/uvl/model_20140209_576830157.uvl,27,15,0.444444,12,14,-0.166667,7,0,5,FALSE
dataset_20/uvl/model_20140209_738203734.uvl,dataset_20/uvl/model_20140209_738203734.uvl,51,26,0.490196,21,25,-0.190476,19,0,6,FALSE
dataset_20/uvl/model_20140223_789634838.uvl,dataset_20/uvl/model_20140223_789634838.uvl,26,19,0.269231,0,7,0,6,0,1,FALSE
dataset_20/uvl/model_20140225_1829795152.uvl,dataset_20/uvl/model_20140225_1829795152.uvl,14,11,0.214286,1,6,-5,3,0,0,FALSE
dataset_20/uvl/model_20140227_386614568.uvl,dataset_20/uvl/model_20140227_386614568.uvl,75,42,0.44,0,46,0,14,0,19,FALSE
dataset_20/uvl/model_20140227_661956564.uvl,dataset_20/uvl/model_20140227_661956564.uvl,47,39,0.170213,0,18,0,6,0,2,FALSE
dataset_20/uvl/model_20140301_728202228.uvl,dataset_20/uvl/model_20140301_728202228.uvl,49,41,0.163265,0,12,0,6,0,2,FALSE
dataset_20/uvl/model_20140303_1487935744.uvl,dataset_20/uvl/model_20140303_1487935744.uvl,23,21,0.086957,0,0,0,2,0,0,FALSE
dataset_20/uvl/model_20140305_1485634182.uvl,dataset_20/uvl/model_20140305_1485634182.uvl,28,26,0.071429,3,8,-1.666667,1,0,1,FALSE
dataset_20/uvl/model_20140305_1745306436.uvl,dataset_20/uvl/model_20140305_1745306436.uvl,20,13,0.35,1,20,-19,6,0,1,FALSE
dataset_20/uvl/model_20140305_850513381.uvl,dataset_20/uvl/model_20140305_850513381.uvl,63,40,0.365079,43,21,0.511628,22,0,1,TRUE
dataset_20/uvl/model_20140306_1313194877.uvl,dataset_20/uvl/model_20140306_1313194877.uvl,32,22,0.3125,0,1,0,1,0,9,FALSE
dataset_20/uvl/model_20140306_1607259562.uvl,dataset_20/uvl/model_20140306_1607259562.uvl,43,35,0.186047,6,7,-0.166667,3,0,5,FALSE
dataset_20/uvl/model_20140306_1994550432.uvl,dataset_20/uvl/model_20140306_1994550432.uvl,12,10,0.166667,0,5,0,1,0,1,FALSE
dataset_20/uvl/model_20140310_1022041880.uvl,dataset_20/uvl/model_20140310_1022041880.uvl,88,71,0.193182,0,15,0,11,0,6,FALSE
dataset_20/uvl/model_20140310_1916029542.uvl,dataset_20/uvl/model_20140310_1916029542.uvl,144,137,0.048611,0,144,0,7,0,0,FALSE
dataset_20/uvl/model_20140319_1506613330.uvl,dataset_20/uvl/model_20140319_1506613330.uvl,16,9,0.4375,0,5,0,4,0,3,FALSE
dataset_20/uvl/model_20140320_391816142.uvl,dataset_20/uvl/model_20140320_391816142.uvl,11,4,0.636364,0,0,0,5,0,2,FALSE
dataset_20/uvl/model_20140321_1655023261.uvl,dataset_20/uvl/model_20140321_1655023261.uvl,14,1,0.928571,0,0,0,13,0,0,FALSE
dataset_20/uvl/model_20140322_1340045027.uvl,dataset_20/uvl/model_20140322_1340045027.uvl,10,6,0.4,0,0,0,4,0,0,FALSE
dataset_20/uvl/model_20140324_1142291623.uvl,dataset_20/uvl/model_20140324_1142291623.uvl,11,7,0.363636,0,1,0,0,0,4,FALSE
dataset_20/uvl/model_20140326_1693773444.uvl,dataset_20/uvl/model_20140326_1693773444.uvl,13,9,0.307692,3,9,-2,3,0,1,FALSE
dataset_20/uvl/model_20140326_183546394.uvl,dataset_20/uvl/model_20140326_183546394.uvl,11,5,0.545455,0,0,0,6,0,0,FALSE
dataset_20/uvl/model_20140326_801743865.uvl,dataset_20/uvl/model_20140326_801743865.uvl,13,8,0.384615,8,7,0.125,3,0,2,TRUE
dataset_20/uvl/model_20140328_1965511118.uvl,dataset_20/uvl/model_20140328_1965511118.uvl,10,2,0.8,0,0,0,8,0,0,FALSE
dataset_20/uvl/model_20140401_1527258088.uvl,dataset_20/uvl/model_20140401_1527258088.uvl,13,9,0.307692,9,8,0.111111,3,0,1,TRUE
dataset_20/uvl/model_20140402_1108338221.uvl,dataset_20/uvl/model_20140402_1108338221.uvl,10,8,0.2,0,0,0,1,0,1,FALSE
dataset_20/uvl/model_20140403_1254324003.uvl,dataset_20/uvl/model_20140403_1254324003.uvl,28,10,0.642857,0,0,0,17,0,1,FALSE
dataset_20/uvl/model_20140403_1425048263.uvl,dataset_20/uvl/model_20140403_1425048263.uvl,12,7,0.416667,0,2,0,5,0,0,FALSE
dataset_20/uvl/model_20140403_1688136935.uvl,dataset_20/uvl/model_20140403_1688136935.uvl,45,45,0,3,3,0,0,0,0,FALSE
dataset_20/uvl/model_20140408_1553357169.uvl,dataset_20/uvl/model_20140408_1553357169.uvl,11,11,0,8,8,0,0,0,0,FALSE
dataset_20/uvl/model_20140409_1370428339.uvl,dataset_20/uvl/model_20140409_1370428339.uvl,24,17,0.291667,8,12,-0.5,3,0,4,FALSE
dataset_20/uvl/model_20140410_1285833987.uvl,dataset_20/uvl/model_20140410_1285833987.uvl,11,11,0,10,10,0,0,0,0,FALSE
dataset_20/uvl/model_20140410_1905141388.uvl,dataset_20/uvl/model_20140410_1905141388.uvl,11,7,0.363636,10,3,0.7,0,1,3,TRUE
dataset_20/uvl/model_20140410_454790336.uvl,dataset_20/uvl/model_20140410_454790336.uvl,11,6,0.454545,11,7,0.363636,3,2,0,TRUE
dataset_20/uvl/model_20140411_114609198.uvl,dataset_20/uvl/model_20140411_114609198.uvl,12,9,0.25,7,7,0,3,0,0,FALSE
dataset_20/uvl/model_20140411_1148485857.uvl,dataset_20/uvl/model_20140411_1148485857.uvl,12,9,0.25,12,12,0,3,0,0,FALSE
dataset_20/uvl/model_20140411_1742095150.uvl,dataset_20/uvl/model_20140411_1742095150.uvl,12,9,0.25,12,12,0,3,0,0,FALSE
dataset_20/uvl/model_20140411_279155356.uvl,dataset_20/uvl/model_20140411_279155356.uvl,11,8,0.272727,1,1,0,3,0,0,FALSE
dataset_20/uvl/model_20140420_1899694432.uvl,dataset_20/uvl/model_20140420_1899694432.uvl,55,52,0.054545,3,10,-2.333333,3,0,0,FALSE
dataset_20/uvl/model_20140421_782765396.uvl,dataset_20/uvl/model_20140421_782765396.uvl,19,13,0.315789,0,0,0,4,0,2,FALSE
dataset_20/uvl/model_20140422_1825362104.uvl,dataset_20/uvl/model_20140422_1825362104.uvl,21,11,0.47619,0,0,0,10,0,0,FALSE
dataset_20/uvl/model_20140422_2137156564.uvl,dataset_20/uvl/model_20140422_2137156564.uvl,35,23,0.342857,3,11,-2.666667,10,0,2,FALSE
dataset_20/uvl/model_20140423_1716161596.uvl,dataset_20/uvl/model_20140423_1716161596.uvl,42,31,0.261905,0,16,0,7,0,4,FALSE
dataset_20/uvl/model_20140423_1890396897.uvl,dataset_20/uvl/model_20140423_1890396897.uvl,36,24,0.333333,3,11,-2.666667,10,0,2,FALSE
dataset_20/uvl/model_20140423_277886534.uvl,dataset_20/uvl/model_20140423_277886534.uvl,21,11,0.47619,0,7,0,10,0,0,FALSE
dataset_20/uvl/model_20140423_813378270.uvl,dataset_20/uvl/model_20140423_813378270.uvl,48,33,0.3125,2,14,-6,14,0,1,FALSE
dataset_20/uvl/model_20140423_969548559.uvl,dataset_20/uvl/model_20140423_969548559.uvl,49,32,0.346939,1,4,-3,15,0,2,FALSE
dataset_20/uvl/model_20140424_1672030888.uvl,dataset_20/uvl/model_20140424_1672030888.uvl,65,60,0.076923,11,3,0.727273,3,1,1,TRUE
dataset_20/uvl/model_20140425_366530615.uvl,dataset_20/uvl/model_20140425_366530615.uvl,11,7,0.363636,1,5,-4,3,0,1,FALSE
dataset_20/uvl/model_20140427_1594857347.uvl,dataset_20/uvl/model_20140427_1594857347.uvl,19,10,0.473684,5,0,1,6,3,0,TRUE
dataset_20/uvl/model_20140428_1043688075.uvl,dataset_20/uvl/model_20140428_1043688075.uvl,56,38,0.321429,1,6,-5,15,0,3,FALSE
dataset_20/uvl/model_20140428_1127346099.uvl,dataset_20/uvl/model_20140428_1127346099.uvl,72,52,0.277778,1,5,-4,17,0,3,FALSE
dataset_20/uvl/model_20140428_1301432646.uvl,dataset_20/uvl/model_20140428_1301432646.uvl,72,52,0.277778,1,5,-4,17,0,3,FALSE
dataset_20/uvl/model_20140428_1917957920.uvl,dataset_20/uvl/model_20140428_1917957920.uvl,63,44,0.301587,1,4,-3,16,0,3,FALSE
dataset_20/uvl/model_20140430_1345238885.uvl,dataset_20/uvl/model_20140430_1345238885.uvl,17,10,0.411765,0,2,0,7,0,0,FALSE
dataset_20/uvl/model_20140430_1532303117.uvl,dataset_20/uvl/model_20140430_1532303117.uvl,32,22,0.3125,1,12,-11,8,0,2,FALSE
dataset_20/uvl/model_20140503_110898123.uvl,dataset_20/uvl/model_20140503_110898123.uvl,16,13,0.1875,2,7,-2.5,3,0,0,FALSE
dataset_20/uvl/model_20140503_2024413965.uvl,dataset_20/uvl/model_20140503_2024413965.uvl,16,15,0.0625,0,1,0,1,0,0,FALSE
dataset_20/uvl/model_20140508_530056624.uvl,dataset_20/uvl/model_20140508_530056624.uvl,36,12,0.666667,23,13,0.434783,9,9,6,TRUE
dataset_20/uvl/model_20140508_536536644.uvl,dataset_20/uvl/model_20140508_536536644.uvl,36,21,0.416667,8,16,-1,8,0,7,FALSE
dataset_20/uvl/model_20140509_978687642.uvl,dataset_20/uvl/model_20140509_978687642.uvl,10,2,0.8,0,0,0,8,0,0,FALSE
dataset_20/uvl/model_20140511_603377022.uvl,dataset_20/uvl/model_20140511_603377022.uvl,15,6,0.6,0,0,0,6,0,3,FALSE
dataset_20/uvl/model_20140514_1151327844.uvl,dataset_20/uvl/model_20140514_1151327844.uvl,43,30,0.302326,9,17,-0.888889,11,0,2,FALSE
dataset_20/uvl/model_20140524_520707568.uvl,dataset_20/uvl/model_20140524_520707568.uvl,11,6,0.454545,0,0,0,5,0,0,FALSE
dataset_20/uvl/model_20140530_1262796172.uvl,dataset_20/uvl/model_20140530_1262796172.uvl,10,6,0.4,0,0,0,0,0,4,FALSE
dataset_20/uvl/model_20140604_731553244.uvl,dataset_20/uvl/model_20140604_731553244.uvl,14,10,0.285714,0,3,0,4,0,0,FALSE
dataset_20/uvl/model_20140605_572628146.uvl,dataset_20/uvl/model_20140605_572628146.uvl,11,7,0.363636,0,0,0,4,0,0,FALSE
dataset_20/uvl/model_20140613_1129301242.uvl,dataset_20/uvl/model_20140613_1129301242.uvl,10,6,0.4,0,1,0,3,0,1,FALSE
dataset_20/uvl/model_20140613_2054294739.uvl,dataset_20/uvl/model_20140613_2054294739.uvl,10,6,0.4,2,3,-0.5,3,0,1,FALSE
dataset_20/uvl/model_20140614_1407759983.uvl,dataset_20/uvl/model_20140614_1407759983.uvl,29,19,0.344828,3,3,0,5,0,5,FALSE
dataset_20/uvl/model_20140614_1599125118.uvl,dataset_20/uvl/model_20140614_1599125118.uvl,13,9,0.307692,0,0,0,4,0,0,FALSE
dataset_20/uvl/model_20140614_1989695192.uvl,dataset_20/uvl/model_20140614_1989695192.uvl,29,24,0.172414,8,13,-0.625,5,0,0,FALSE
dataset_20/uvl/model_20140614_2029282468.uvl,dataset_20/uvl/model_20140614_2029282468.uvl,54,35,0.351852,1,2,-1,6,0,13,FALSE
dataset_20/uvl/model_20140614_436006902.uvl,dataset_20/uvl/model_20140614_436006902.uvl,25,17,0.32,9,18,-1,5,0,3,FALSE
dataset_20/uvl/model_20140614_81946339.uvl,dataset_20/uvl/model_20140614_81946339.uvl,22,18,0.181818,2,2,0,2,0,2,FALSE
dataset_20/uvl/model_20140615_1417385367.uvl,dataset_20/uvl/model_20140615_1417385367.uvl,35,19,0.457143,0,1,0,12,0,4,FALSE
dataset_20/uvl/model_20140615_1477062295.uvl,dataset_20/uvl/model_20140615_1477062295.uvl,33,22,0.333333,0,10,0,5,0,6,FALSE
dataset_20/uvl/model_20140615_1755551630.uvl,dataset_20/uvl/model_20140615_1755551630.uvl,24,11,0.541667,0,1,0,9,0,4,FALSE
dataset_20/uvl/model_20140628_1177734570.uvl,dataset_20/uvl/model_20140628_1177734570.uvl,29,13,0.551724,12,16,-0.333333,9,0,7,FALSE
dataset_20/uvl/model_20140629_1128400878.uvl,dataset_20/uvl/model_20140629_1128400878.uvl,42,24,0.428571,0,15,0,15,0,3,FALSE
dataset_20/uvl/model_20140630_1564361664.uvl,dataset_20/uvl/model_20140630_1564361664.uvl,10,8,0.2,0,0,0,2,0,0,FALSE
dataset_20/uvl/model_20140710_2059561340.uvl,dataset_20/uvl/model_20140710_2059561340.uvl,33,22,0.333333,4,10,-1.5,5,3,3,FALSE
dataset_20/uvl/model_20140728_1532422166.uvl,dataset_20/uvl/model_20140728_1532422166.uvl,23,15,0.347826,20,44,-1.2,4,0,4,FALSE
dataset_20/uvl/model_20140801_240918546.uvl,dataset_20/uvl/model_20140801_240918546.uvl,22,15,0.318182,0,29,0,6,0,1,FALSE
dataset_20/uvl/model_20140819_1020837515.uvl,dataset_20/uvl/model_20140819_1020837515.uvl,63,27,0.571429,5,3,0.4,21,0,15,TRUE
dataset_20/uvl/model_20140819_1738890661.uvl,dataset_20/uvl/model_20140819_1738890661.uvl,10,3,0.7,0,0,0,7,0,0,FALSE
dataset_20/uvl/model_20140819_2062208658.uvl,dataset_20/uvl/model_20140819_2062208658.uvl,26,8,0.692308,0,0,0,18,0,0,FALSE
dataset_20/uvl/model_20140819_424669215.uvl,dataset_20/uvl/model_20140819_424669215.uvl,17,9,0.470588,0,0,0,5,0,3,FALSE
dataset_20/uvl/model_20140819_535519547.uvl,dataset_20/uvl/model_20140819_535519547.uvl,13,3,0.769231,0,0,0,8,0,2,FALSE
dataset_20/uvl/model_20140819_709073537.uvl,dataset_20/uvl/model_20140819_709073537.uvl,43,14,0.674419,1,0,1,21,0,8,TRUE
dataset_20/uvl/model_20140819_914542251.uvl,dataset_20/uvl/model_20140819_914542251.uvl,62,19,0.693548,0,5,0,34,0,9,FALSE
dataset_20/uvl/model_20140819_940483638.uvl,dataset_20/uvl/model_20140819_940483638.uvl,11,6,0.454545,0,1,0,5,0,0,FALSE
dataset_20/uvl/model_20140820_1349433690.uvl,dataset_20/uvl/model_20140820_1349433690.uvl,22,8,0.636364,0,0,0,14,0,0,FALSE
dataset_20/uvl/model_20140823_1972464026.uvl,dataset_20/uvl/model_20140823_1972464026.uvl,35,14,0.6,3,0,1,19,0,2,TRUE
dataset_20/uvl/model_20140824_1421620261.uvl,dataset_20/uvl/model_20140824_1421620261.uvl,51,19,0.627451,11,13,-0.181818,12,0,20,FALSE
dataset_20/uvl/model_20140824_1698583194.uvl,dataset_20/uvl/model_20140824_1698583194.uvl,66,27,0.590909,0,0,0,27,0,12,FALSE
dataset_20/uvl/model_20140824_2115796112.uvl,dataset_20/uvl/model_20140824_2115796112.uvl,43,15,0.651163,6,3,0.5,26,1,1,TRUE
dataset_20/uvl/model_20140824_525404983.uvl,dataset_20/uvl/model_20140824_525404983.uvl,47,16,0.659574,0,0,0,25,0,6,FALSE
dataset_20/uvl/model_20140825_2017008690.uvl,dataset_20/uvl/model_20140825_2017008690.uvl,58,22,0.62069,1,3,-2,30,0,6,FALSE
dataset_20/uvl/model_20140826_2051139991.uvl,dataset_20/uvl/model_20140826_2051139991.uvl,31,12,0.612903,0,0,0,13,0,6,FALSE
dataset_20/uvl/model_20140902_941000321.uvl,dataset_20/uvl/model_20140902_941000321.uvl,13,5,0.615385,0,1,0,6,0,2,FALSE
dataset_20/uvl/model_20140905_2124104947.uvl,dataset_20/uvl/model_20140905_2124104947.uvl,10,7,0.3,0,1,0,1,0,2,FALSE
dataset_20/uvl/model_20140905_372428255.uvl,dataset_20/uvl/model_20140905_372428255.uvl,13,10,0.230769,0,7,0,0,0,3,FALSE
dataset_20/uvl/model_20140914_1816201365.uvl,dataset_20/uvl/model_20140914_1816201365.uvl,37,14,0.621622,2,3,-0.5,23,0,0,FALSE
dataset_20/uvl/model_20140914_775838300.uvl,dataset_20/uvl/model_20140914_775838300.uvl,24,6,0.75,0,0,0,18,0,0,FALSE
dataset_20/uvl/model_20140917_195564800.uvl,dataset_20/uvl/model_20140917_195564800.uvl,16,2,0.875,0,0,0,14,0,0,FALSE
dataset_20/uvl/model_20140925_285704903.uvl,dataset_20/uvl/model_20140925_285704903.uvl,20,6,0.7,0,6,0,0,0,14,FALSE
dataset_20/uvl/model_20141006_1946000492.uvl,dataset_20/uvl/model_20141006_1946000492.uvl,14,9,0.357143,0,6,0,4,0,1,FALSE
dataset_20/uvl/model_20141017_1234330746.uvl,dataset_20/uvl/model_20141017_1234330746.uvl,38,24,0.368421,11,16,-0.454545,13,0,1,FALSE
dataset_20/uvl/model_20141018_2078980023.uvl,dataset_20/uvl/model_20141018_2078980023.uvl,87,80,0.08046,0,60,0,2,0,5,FALSE
dataset_20/uvl/model_20141018_811394530.uvl,dataset_20/uvl/model_20141018_811394530.uvl,23,13,0.434783,0,14,0,3,0,7,FALSE
dataset_20/uvl/model_20141021_386995832.uvl,dataset_20/uvl/model_20141021_386995832.uvl,24,18,0.25,1,1,0,4,0,2,FALSE
dataset_20/uvl/model_20141023_1082000051.uvl,dataset_20/uvl/model_20141023_1082000051.uvl,37,22,0.405405,15,5,0.666667,8,1,6,TRUE
dataset_20/uvl/model_20141023_1600573567.uvl,dataset_20/uvl/model_20141023_1600573567.uvl,20,14,0.3,0,1,0,6,0,0,FALSE
dataset_20/uvl/model_20141023_437365215.uvl,dataset_20/uvl/model_20141023_437365215.uvl,35,20,0.428571,4,9,-1.25,14,0,1,FALSE
dataset_20/uvl/model_20141029_1107505375.uvl,dataset_20/uvl/model_20141029_1107505375.uvl,12,3,0.75,0,0,0,4,0,5,FALSE
dataset_20/uvl/model_20141029_1924517902.uvl,dataset_20/uvl/model_20141029_1924517902.uvl,53,6,0.886792,0,1,0,40,0,7,FALSE
dataset_20/uvl/model_20141030_1194865372.uvl,dataset_20/uvl/model_20141030_1194865372.uvl,48,38,0.208333,0,5,0,8,0,2,FALSE
dataset_20/uvl/model_20141030_1477913256.uvl,dataset_20/uvl/model_20141030_1477913256.uvl,12,4,0.666667,1,0,1,7,0,1,TRUE
dataset_20/uvl/model_20141102_1778359466.uvl,dataset_20/uvl/model_20141102_1778359466.uvl,23,13,0.434783,0,1,0,8,0,2,FALSE
dataset_20/uvl/model_20141103_285596543.uvl,dataset_20/uvl/model_20141103_285596543.uvl,25,16,0.36,2,4,-1,9,0,0,FALSE
dataset_20/uvl/model_20141103_771283347.uvl,dataset_20/uvl/model_20141103_771283347.uvl,10,8,0.2,3,8,-1.666667,2,0,0,FALSE
dataset_20/uvl/model_20141104_1527188029.uvl,dataset_20/uvl/model_20141104_1527188029.uvl,140,104,0.257143,0,0,0,19,0,17,FALSE
dataset_20/uvl/model_20141106_1014782772.uvl,dataset_20/uvl/model_20141106_1014782772.uvl,17,14,0.176471,0,2,0,3,0,0,FALSE
dataset_20/uvl/model_20141106_309720283.uvl,dataset_20/uvl/model_20141106_309720283.uvl,57,48,0.157895,0,3,0,3,0,6,FALSE
dataset_20/uvl/model_20141106_687094706.uvl,dataset_20/uvl/model_20141106_687094706.uvl,65,56,0.138462,0,3,0,3,0,6,FALSE
dataset_20/uvl/model_20141107_377655341.uvl,dataset_20/uvl/model_20141107_377655341.uvl,24,18,0.25,2,2,0,4,0,2,FALSE
dataset_20/uvl/model_20141107_655975442.uvl,dataset_20/uvl/model_20141107_655975442.uvl,10,8,0.2,1,6,-5,2,0,0,FALSE
dataset_20/uvl/model_20141108_202761108.uvl,dataset_20/uvl/model_20141108_202761108.uvl,10,7,0.3,0,5,0,3,0,0,FALSE
dataset_20/uvl/model_20141108_701198022.uvl,dataset_20/uvl/model_20141108_701198022.uvl,11,7,0.363636,0,0,0,2,0,2,FALSE
dataset_20/uvl/model_20141109_1274255950.uvl,dataset_20/uvl/model_20141109_1274255950.uvl,11,5,0.545455,1,2,-1,5,0,1,FALSE
dataset_20/uvl/model_20141111_2120296387.uvl,dataset_20/uvl/model_20141111_2120296387.uvl,51,41,0.196078,0,15,0,4,0,6,FALSE
dataset_20/uvl/model_20141113_1414990983.uvl,dataset_20/uvl/model_20141113_1414990983.uvl,46,35,0.23913,1,2,-1,10,0,1,FALSE
dataset_20/uvl/model_20141113_346832425.uvl,dataset_20/uvl/model_20141113_346832425.uvl,56,51,0.089286,5,13,-1.6,4,0,1,FALSE
dataset_20/uvl/model_20141114_653359930.uvl,dataset_20/uvl/model_20141114_653359930.uvl,32,25,0.21875,9,11,-0.222222,5,0,2,FALSE
dataset_20/uvl/model_20141116_913921823.uvl,dataset_20/uvl/model_20141116_913921823.uvl,44,12,0.727273,0,11,0,26,0,6,FALSE
dataset_20/uvl/model_20141119_1459706454.uvl,dataset_20/uvl/model_20141119_1459706454.uvl,34,9,0.735294,0,0,0,25,0,0,FALSE
dataset_20/uvl/model_20141119_1676144838.uvl,dataset_20/uvl/model_20141119_1676144838.uvl,14,4,0.714286,0,0,0,10,0,0,FALSE
dataset_20/uvl/model_20141129_1031364.uvl,dataset_20/uvl/model_20141129_1031364.uvl,12,9,0.25,2,5,-1.5,3,0,0,FALSE
dataset_20/uvl/model_20141129_1141626102.uvl,dataset_20/uvl/model_20141129_1141626102.uvl,12,9,0.25,0,3,0,3,0,0,FALSE
dataset_20/uvl/model_20141129_1168519534.uvl,dataset_20/uvl/model_20141129_1168519534.uvl,12,9,0.25,2,8,-3,3,0,0,FALSE
dataset_20/uvl/model_20141129_1642511009.uvl,dataset_20/uvl/model_20141129_1642511009.uvl,34,28,0.176471,14,43,-2.071429,6,0,0,FALSE
dataset_20/uvl/model_20141129_2117240468.uvl,dataset_20/uvl/model_20141129_2117240468.uvl,12,9,0.25,2,5,-1.5,3,0,0,FALSE
dataset_20/uvl/model_20141129_264528063.uvl,dataset_20/uvl/model_20141129_264528063.uvl,13,10,0.230769,1,4,-3,3,0,0,FALSE
dataset_20/uvl/model_20141129_6569546.uvl,dataset_20/uvl/model_20141129_6569546.uvl,25,18,0.28,1,13,-12,6,0,1,FALSE
dataset_20/uvl/model_20141129_966803644.uvl,dataset_20/uvl/model_20141129_966803644.uvl,12,12,0,0,0,0,0,0,0,FALSE
dataset_20/uvl/model_20141202_104116345.uvl,dataset_20/uvl/model_20141202_104116345.uvl,10,8,0.2,2,7,-2.5,2,0,0,FALSE
dataset_20/uvl/model_20141202_107430422.uvl,dataset_20/uvl/model_20141202_107430422.uvl,36,25,0.305556,0,5,0,8,0,3,FALSE
dataset_20/uvl/model_20141205_2005181775.uvl,dataset_20/uvl/model_20141205_2005181775.uvl,33,29,0.121212,0,15,0,4,0,0,FALSE
dataset_20/uvl/model_20141212_523199394.uvl,dataset_20/uvl/model_20141212_523199394.uvl,15,11,0.266667,0,6,0,4,0,0,FALSE
dataset_20/uvl/model_20150105_1168070568.uvl,dataset_20/uvl/model_20150105_1168070568.uvl,17,9,0.470588,0,0,0,3,0,5,FALSE
dataset_20/uvl/model_20150109_425963323.uvl,dataset_20/uvl/model_20150109_425963323.uvl,37,22,0.405405,0,15,0,10,0,5,FALSE
dataset_20/uvl/model_20150114_50814742.uvl,dataset_20/uvl/model_20150114_50814742.uvl,33,21,0.363636,11,29,-1.636364,10,0,2,FALSE
dataset_20/uvl/model_20150120_214372699.uvl,dataset_20/uvl/model_20150120_214372699.uvl,40,31,0.225,0,1,0,8,0,1,FALSE
dataset_20/uvl/model_20150208_1225865238.uvl,dataset_20/uvl/model_20150208_1225865238.uvl,42,28,0.333333,13,58,-3.461538,9,2,3,FALSE
dataset_20/uvl/model_20150208_2120373387.uvl,dataset_20/uvl/model_20150208_2120373387.uvl,25,16,0.36,5,23,-3.6,6,0,3,FALSE
dataset_20/uvl/model_20150209_1183047948.uvl,dataset_20/uvl/model_20150209_1183047948.uvl,29,22,0.241379,19,45,-1.368421,5,0,2,FALSE
dataset_20/uvl/model_20150212_1516383976.uvl,dataset_20/uvl/model_20150212_1516383976.uvl,12,8,0.333333,1,9,-8,3,0,1,FALSE
dataset_20/uvl/model_20150222_2069201003.uvl,dataset_20/uvl/model_20150222_2069201003.uvl,13,6,0.538462,0,2,0,7,0,0,FALSE
dataset_20/uvl/model_20150222_409043024.uvl,dataset_20/uvl/model_20150222_409043024.uvl,52,31,0.403846,2,29,-13.5,18,0,3,FALSE
dataset_20/uvl/model_20150223_339293957.uvl,dataset_20/uvl/model_20150223_339293957.uvl,26,11,0.576923,7,12,-0.714286,12,0,3,FALSE
dataset_20/uvl/model_20150223_771673981.uvl,dataset_20/uvl/model_20150223_771673981.uvl,26,14,0.461538,0,12,0,9,0,3,FALSE
dataset_20/uvl/model_20150226_64791123.uvl,dataset_20/uvl/model_20150226_64791123.uvl,26,13,0.5,2,2,0,8,0,5,FALSE
dataset_20/uvl/model_20150228_222823272.uvl,dataset_20/uvl/model_20150228_222823272.uvl,37,20,0.459459,7,13,-0.857143,11,0,6,FALSE
dataset_20/uvl/model_20150228_41303449.uvl,dataset_20/uvl/model_20150228_41303449.uvl,33,22,0.333333,1,2,-1,5,0,6,FALSE
dataset_20/uvl/model_20150301_1821356180.uvl,dataset_20/uvl/model_20150301_1821356180.uvl,28,19,0.321429,5,7,-0.4,6,0,3,FALSE
dataset_20/uvl/model_20150301_300492477.uvl,dataset_20/uvl/model_20150301_300492477.uvl,33,26,0.212121,2,6,-2,6,0,1,FALSE
dataset_20/uvl/model_20150301_527193150.uvl,dataset_20/uvl/model_20150301_527193150.uvl,24,18,0.25,0,0,0,6,0,0,FALSE
dataset_20/uvl/model_20150302_1660900120.uvl,dataset_20/uvl/model_20150302_1660900120.uvl,31,21,0.322581,3,4,-0.333333,10,0,0,FALSE
dataset_20/uvl/model_20150304_173081072.uvl,dataset_20/uvl/model_20150304_173081072.uvl,20,19,0.05,7,7,0,1,0,0,FALSE
dataset_20/uvl/model_20150304_617127008.uvl,dataset_20/uvl/model_20150304_617127008.uvl,56,42,0.25,12,25,-1.083333,9,0,5,FALSE
dataset_20/uvl/model_20150305_15208156.uvl,dataset_20/uvl/model_20150305_15208156.uvl,30,20,0.333333,4,4,0,9,0,1,FALSE
dataset_20/uvl/model_20150305_837831991.uvl,dataset_20/uvl/model_20150305_837831991.uvl,39,20,0.487179,3,14,-3.666667,15,0,4,FALSE
dataset_20/uvl/model_20150305_94122420.uvl,dataset_20/uvl/model_20150305_94122420.uvl,31,15,0.516129,0,4,0,15,0,1,FALSE
dataset_20/uvl/model_20150306_503606823.uvl,dataset_20/uvl/model_20150306_503606823.uvl,27,17,0.37037,0,0,0,7,0,3,FALSE
dataset_20/uvl/model_20150307_1251635490.uvl,dataset_20/uvl/model_20150307_1251635490.uvl,35,27,0.228571,1,2,-1,6,0,2,FALSE
dataset_20/uvl/model_20150309_1129343473.uvl,dataset_20/uvl/model_20150309_1129343473.uvl,33,24,0.272727,5,7,-0.4,6,0,3,FALSE
dataset_20/uvl/model_20150309_1544990511.uvl,dataset_20/uvl/model_20150309_1544990511.uvl,39,7,0.820513,3,0,1,26,0,6,TRUE
dataset_20/uvl/model_20150309_670536624.uvl,dataset_20/uvl/model_20150309_670536624.uvl,22,18,0.181818,6,12,-1,4,0,0,FALSE
dataset_20/uvl/model_20150310_1159520762.uvl,dataset_20/uvl/model_20150310_1159520762.uvl,35,24,0.314286,6,11,-0.833333,9,0,2,FALSE
dataset_20/uvl/model_20150310_1191030699.uvl,dataset_20/uvl/model_20150310_1191030699.uvl,30,21,0.3,4,5,-0.25,5,0,4,FALSE
dataset_20/uvl/model_20150310_1642957582.uvl,dataset_20/uvl/model_20150310_1642957582.uvl,29,24,0.172414,4,7,-0.75,3,0,2,FALSE
dataset_20/uvl/model_20150310_563618715.uvl,dataset_20/uvl/model_20150310_563618715.uvl,33,23,0.30303,7,7,0,7,1,2,FALSE
dataset_20/uvl/model_20150320_593593000.uvl,dataset_20/uvl/model_20150320_593593000.uvl,13,11,0.153846,2,2,0,2,0,0,FALSE
dataset_20/uvl/model_20150330_63301402.uvl,dataset_20/uvl/model_20150330_63301402.uvl,11,8,0.272727,0,5,0,3,0,0,FALSE
dataset_20/uvl/model_20150411_1026005127.uvl,dataset_20/uvl/model_20150411_1026005127.uvl,10,6,0.4,2,2,0,4,0,0,FALSE
dataset_20/uvl/model_20150411_1055039600.uvl,dataset_20/uvl/model_20150411_1055039600.uvl,18,7,0.611111,0,20,0,11,0,0,FALSE
dataset_20/uvl/model_20150411_1378086632.uvl,dataset_20/uvl/model_20150411_1378086632.uvl,15,11,0.266667,1,9,-8,3,0,1,FALSE
dataset_20/uvl/model_20150414_2125272166.uvl,dataset_20/uvl/model_20150414_2125272166.uvl,21,18,0.142857,6,11,-0.833333,2,0,1,FALSE
dataset_20/uvl/model_20150416_264061404.uvl,dataset_20/uvl/model_20150416_264061404.uvl,47,36,0.234043,0,14,0,5,0,6,FALSE
dataset_20/uvl/model_20150419_1225785874.uvl,dataset_20/uvl/model_20150419_1225785874.uvl,11,9,0.181818,0,0,0,0,0,2,FALSE
dataset_20/uvl/model_20150423_1415525319.uvl,dataset_20/uvl/model_20150423_1415525319.uvl,27,10,0.62963,0,8,0,15,0,2,FALSE
dataset_20/uvl/model_20150423_1422172417.uvl,dataset_20/uvl/model_20150423_1422172417.uvl,14,5,0.642857,0,0,0,7,0,2,FALSE
dataset_20/uvl/model_20150425_1862491910.uvl,dataset_20/uvl/model_20150425_1862491910.uvl,80,59,0.2625,0,17,0,20,0,1,FALSE
dataset_20/uvl/model_20150427_2103265175.uvl,dataset_20/uvl/model_20150427_2103265175.uvl,56,36,0.357143,3,8,-1.666667,14,0,6,FALSE
dataset_20/uvl/model_20150428_2048110240.uvl,dataset_20/uvl/model_20150428_2048110240.uvl,11,7,0.363636,2,3,-0.5,3,0,1,FALSE
dataset_20/uvl/model_20150429_343028682.uvl,dataset_20/uvl/model_20150429_343028682.uvl,43,21,0.511628,0,14,0,22,0,0,FALSE
dataset_20/uvl/model_20150505_1728564449.uvl,dataset_20/uvl/model_20150505_1728564449.uvl,13,13,0,0,0,0,0,0,0,FALSE
dataset_20/uvl/model_20150506_2068045691.uvl,dataset_20/uvl/model_20150506_2068045691.uvl,20,6,0.7,0,0,0,14,0,0,FALSE
dataset_20/uvl/model_20150506_306101537.uvl,dataset_20/uvl/model_20150506_306101537.uvl,33,18,0.454545,0,0,0,15,0,0,FALSE
dataset_20/uvl/model_20150507_1665248699.uvl,dataset_20/uvl/model_20150507_1665248699.uvl,15,7,0.533333,0,2,0,7,0,1,FALSE
dataset_20/uvl/model_20150507_425070085.uvl,dataset_20/uvl/model_20150507_425070085.uvl,44,41,0.068182,0,1,0,3,0,0,FALSE
dataset_20/uvl/model_20150509_1341412445.uvl,dataset_20/uvl/model_20150509_1341412445.uvl,10,9,0.1,1,6,-5,1,0,0,FALSE
dataset_20/uvl/model_20150512_534005467.uvl,dataset_20/uvl/model_20150512_534005467.uvl,31,14,0.548387,5,8,-0.6,12,0,5,FALSE
dataset_20/uvl/model_20150515_2045521211.uvl,dataset_20/uvl/model_20150515_2045521211.uvl,25,17,0.32,2,4,-1,7,0,1,FALSE
dataset_20/uvl/model_20150521_1423870525.uvl,dataset_20/uvl/model_20150521_1423870525.uvl,16,9,0.4375,0,5,0,7,0,0,FALSE
dataset_20/uvl/model_20150521_1988107963.uvl,dataset_20/uvl/model_20150521_1988107963.uvl,17,13,0.235294,0,4,0,4,0,0,FALSE
dataset_20/uvl/model_20150523_1701783178.uvl,dataset_20/uvl/model_20150523_1701783178.uvl,23,18,0.217391,0,1,0,4,0,1,FALSE
dataset_20/uvl/model_20150523_372542452.uvl,dataset_20/uvl/model_20150523_372542452.uvl,47,33,0.297872,5,52,-9.4,11,0,3,FALSE
dataset_20/uvl/model_20150527_1979644627.uvl,dataset_20/uvl/model_20150527_1979644627.uvl,72,66,0.083333,0,21,0,0,0,6,FALSE
dataset_20/uvl/model_20150527_2051574410.uvl,dataset_20/uvl/model_20150527_2051574410.uvl,28,27,0.035714,0,1,0,0,0,1,FALSE
dataset_20/uvl/model_20150527_830434674.uvl,dataset_20/uvl/model_20150527_830434674.uvl,34,34,0,0,0,0,0,0,0,FALSE
dataset_20/uvl/model_20150529_550903687.uvl,dataset_20/uvl/model_20150529_550903687.uvl,21,15,0.285714,2,3,-0.5,4,0,2,FALSE
dataset_20/uvl/model_20150610_685576256.uvl,dataset_20/uvl/model_20150610_685576256.uvl,15,6,0.6,3,4,-0.333333,5,0,4,FALSE
dataset_20/uvl/model_20150611_1748318240.uvl,dataset_20/uvl/model_20150611_1748318240.uvl,14,9,0.357143,0,1,0,4,0,1,FALSE
dataset_20/uvl/model_20150611_578706116.uvl,dataset_20/uvl/model_20150611_578706116.uvl,13,8,0.384615,0,2,0,3,0,2,FALSE
dataset_20/uvl/model_20150612_1719519345.uvl,dataset_20/uvl/model_20150612_1719519345.uvl,14,13,0.071429,0,0,0,1,0,0,FALSE
dataset_20/uvl/model_20150614_1325491211.uvl,dataset_20/uvl/model_20150614_1325491211.uvl,24,18,0.25,3,4,-0.333333,6,0,0,FALSE
dataset_20/uvl/model_20150616_1287606127.uvl,dataset_20/uvl/model_20150616_1287606127.uvl,22,13,0.409091,0,1,0,8,0,1,FALSE
dataset_20/uvl/model_20150616_314969910.uvl,dataset_20/uvl/model_20150616_314969910.uvl,26,17,0.346154,2,4,-1,9,0,0,FALSE
dataset_20/uvl/model_20150616_74187279.uvl,dataset_20/uvl/model_20150616_74187279.uvl,17,8,0.529412,0,4,0,5,0,4,FALSE
dataset_20/uvl/model_20150620_2057636397.uvl,dataset_20/uvl/model_20150620_2057636397.uvl,13,6,0.538462,0,0,0,3,0,4,FALSE
dataset_20/uvl/model_20150621_1174641946.uvl,dataset_20/uvl/model_20150621_1174641946.uvl,36,11,0.694444,3,11,-2.666667,17,0,8,FALSE
dataset_20/uvl/model_20150621_2090653675.uvl,dataset_20/uvl/model_20150621_2090653675.uvl,20,20,0,0,0,0,0,0,0,FALSE
dataset_20/uvl/model_20150624_1191374126.uvl,dataset_20/uvl/model_20150624_1191374126.uvl,13,12,0.076923,1,1,0,1,0,0,FALSE
dataset_20/uvl/model_20150625_1923523971.uvl,dataset_20/uvl/model_20150625_1923523971.uvl,16,13,0.1875,1,9,-8,3,0,0,FALSE
dataset_20/uvl/model_20150701_451946642.uvl,dataset_20/uvl/model_20150701_451946642.uvl,22,20,0.090909,0,4,0,1,0,1,FALSE
dataset_20/uvl/model_20150703_1928436983.uvl,dataset_20/uvl/model_20150703_1928436983.uvl,10,2,0.8,0,0,0,5,0,3,FALSE
dataset_20/uvl/model_20150713_1448325014.uvl,dataset_20/uvl/model_20150713_1448325014.uvl,32,18,0.4375,4,16,-3,5,0,9,FALSE
dataset_20/uvl/model_20150715_1425609053.uvl,dataset_20/uvl/model_20150715_1425609053.uvl,12,10,0.166667,0,0,0,2,0,0,FALSE
dataset_20/uvl/model_20150715_75174593.uvl,dataset_20/uvl/model_20150715_75174593.uvl,17,12,0.294118,1,6,-5,3,0,2,FALSE
dataset_20/uvl/model_20150720_1580995178.uvl,dataset_20/uvl/model_20150720_1580995178.uvl,22,19,0.136364,2,4,-1,2,0,1,FALSE
dataset_20/uvl/model_20151102_2085331426.uvl,dataset_20/uvl/model_20151102_2085331426.uvl,51,32,0.372549,4,25,-5.25,16,0,3,FALSE
dataset_20/uvl/model_20151103_1678219280.uvl,dataset_20/uvl/model_20151103_1678219280.uvl,19,7,0.631579,0,1,0,12,0,0,FALSE
dataset_20/uvl/model_20151106_857588743.uvl,dataset_20/uvl/model_20151106_857588743.uvl,21,17,0.190476,4,8,-1,3,0,1,FALSE
dataset_20/uvl/model_20151111_460133826.uvl,dataset_20/uvl/model_20151111_460133826.uvl,40,15,0.625,1,4,-3,25,0,0,FALSE
dataset_20/uvl/model_20151116_762410606.uvl,dataset_20/uvl/model_20151116_762410606.uvl,29,16,0.448276,0,1,0,8,0,5,FALSE
dataset_20/uvl/model_20151117_1411945431.uvl,dataset_20/uvl/model_20151117_1411945431.uvl,22,2,0.909091,0,0,0,18,0,2,FALSE
dataset_20/uvl/model_20151119_424700280.uvl,dataset_20/uvl/model_20151119_424700280.uvl,10,5,0.5,1,2,-1,4,0,1,FALSE
dataset_20/uvl/model_20151119_825568988.uvl,dataset_20/uvl/model_20151119_825568988.uvl,19,12,0.368421,1,0,1,6,0,1,TRUE
dataset_20/uvl/model_20151122_103763227.uvl,dataset_20/uvl/model_20151122_103763227.uvl,47,35,0.255319,0,741,0,12,0,0,FALSE
dataset_20/uvl/model_20151124_1131991591.uvl,dataset_20/uvl/model_20151124_1131991591.uvl,34,16,0.529412,0,0,0,8,0,10,FALSE
dataset_20/uvl/model_20151127_885194761.uvl,dataset_20/uvl/model_20151127_885194761.uvl,36,31,0.138889,5,9,-0.8,2,0,3,FALSE
dataset_20/uvl/model_20151201_896154285.uvl,dataset_20/uvl/model_20151201_896154285.uvl,24,12,0.5,2,2,0,9,0,3,FALSE
dataset_20/uvl/model_20151202_1529785580.uvl,dataset_20/uvl/model_20151202_1529785580.uvl,40,25,0.375,3,9,-2,10,0,5,FALSE
dataset_20/uvl/model_20151216_1220822165.uvl,dataset_20/uvl/model_20151216_1220822165.uvl,15,14,0.066667,0,1,0,1,0,0,FALSE
dataset_20/uvl/model_20160103_2012826523.uvl,dataset_20/uvl/model_20160103_2012826523.uvl,94,80,0.148936,2,70,-34,14,0,0,FALSE
dataset_20/uvl/model_20160106_443157632.uvl,dataset_20/uvl/model_20160106_443157632.uvl,13,3,0.769231,0,0,0,10,0,0,FALSE
dataset_20/uvl/model_20160111_1033692827.uvl,dataset_20/uvl/model_20160111_1033692827.uvl,61,28,0.540984,3,6,-1,31,0,2,FALSE
dataset_20/uvl/model_20160121_1141972007.uvl,dataset_20/uvl/model_20160121_1141972007.uvl,20,9,0.55,0,2,0,11,0,0,FALSE
dataset_20/uvl/model_20160122_407616496.uvl,dataset_20/uvl/model_20160122_407616496.uvl,29,20,0.310345,2,13,-5.5,5,0,4,FALSE
dataset_20/uvl/model_20160123_368502373.uvl,dataset_20/uvl/model_20160123_368502373.uvl,10,6,0.4,0,0,0,3,0,1,FALSE
dataset_20/uvl/model_20160125_1378351345.uvl,dataset_20/uvl/model_20160125_1378351345.uvl,38,24,0.368421,7,93,-12.285714,13,0,1,FALSE
dataset_20/uvl/model_20160125_59009200.uvl,dataset_20/uvl/model_20160125_59009200.uvl,37,19,0.486486,7,5,0.285714,2,0,16,TRUE
dataset_20/uvl/model_20160221_544170906.uvl,dataset_20/uvl/model_20160221_544170906.uvl,11,6,0.454545,1,2,-1,3,0,2,FALSE
dataset_20/uvl/model_20160225_2040495200.uvl,dataset_20/uvl/model_20160225_2040495200.uvl,50,39,0.22,3,72,-23,7,0,4,FALSE
dataset_20/uvl/model_20160225_419189676.uvl,dataset_20/uvl/model_20160225_419189676.uvl,47,38,0.191489,5,13,-1.6,7,0,2,FALSE
dataset_20/uvl/model_20160227_1275602559.uvl,dataset_20/uvl/model_20160227_1275602559.uvl,47,37,0.212766,34,70,-1.058824,7,0,3,FALSE
dataset_20/uvl/model_20160227_1389842098.uvl,dataset_20/uvl/model_20160227_1389842098.uvl,48,39,0.1875,4,12,-2,7,0,2,FALSE
dataset_20/uvl/model_20160229_1590940306.uvl,dataset_20/uvl/model_20160229_1590940306.uvl,50,39,0.22,9,15,-0.666667,8,0,3,FALSE
dataset_20/uvl/model_20160229_171128808.uvl,dataset_20/uvl/model_20160229_171128808.uvl,48,34,0.291667,23,46,-1,7,4,3,FALSE
dataset_20/uvl/model_20160229_1734203468.uvl,dataset_20/uvl/model_20160229_1734203468.uvl,48,38,0.208333,4,60,-14,8,0,2,FALSE
dataset_20/uvl/model_20160229_490224198.uvl,dataset_20/uvl/model_20160229_490224198.uvl,49,36,0.265306,6,36,-5,10,0,3,FALSE
dataset_20/uvl/model_20160229_707006027.uvl,dataset_20/uvl/model_20160229_707006027.uvl,13,2,0.846154,1,0,1,10,0,1,TRUE
dataset_20/uvl/model_20160301_1978418899.uvl,dataset_20/uvl/model_20160301_1978418899.uvl,24,6,0.75,8,3,0.625,17,0,1,TRUE
dataset_20/uvl/model_20160301_235863217.uvl,dataset_20/uvl/model_20160301_235863217.uvl,20,5,0.75,7,2,0.714286,14,0,1,TRUE
dataset_20/uvl/model_20160303_1635209528.uvl,dataset_20/uvl/model_20160303_1635209528.uvl,16,8,0.5,0,2,0,5,0,3,FALSE
dataset_20/uvl/model_20160303_1645051071.uvl,dataset_20/uvl/model_20160303_1645051071.uvl,17,12,0.294118,2,7,-2.5,3,0,2,FALSE
dataset_20/uvl/model_20160304_1567363129.uvl,dataset_20/uvl/model_20160304_1567363129.uvl,19,13,0.315789,7,6,0.142857,2,0,4,TRUE
dataset_20/uvl/model_20160304_165509543.uvl,dataset_20/uvl/model_20160304_165509543.uvl,43,26,0.395349,6,24,-3,12,0,5,FALSE
dataset_20/uvl/model_20160304_168615633.uvl,dataset_20/uvl/model_20160304_168615633.uvl,29,24,0.172414,5,13,-1.6,5,0,0,FALSE
dataset_20/uvl/model_20160307_1341241097.uvl,dataset_20/uvl/model_20160307_1341241097.uvl,12,9,0.25,0,8,0,2,0,1,FALSE
dataset_20/uvl/model_20160308_190029672.uvl,dataset_20/uvl/model_20160308_190029672.uvl,33,28,0.151515,0,3,0,4,0,1,FALSE
dataset_20/uvl/model_20160308_79396455.uvl,dataset_20/uvl/model_20160308_79396455.uvl,41,34,0.170732,7,22,-2.142857,7,0,0,FALSE
dataset_20/uvl/model_20160308_993894457.uvl,dataset_20/uvl/model_20160308_993894457.uvl,10,6,0.4,0,1,0,3,0,1,FALSE
dataset_20/uvl/model_20160309_1721210506.uvl,dataset_20/uvl/model_20160309_1721210506.uvl,14,9,0.357143,0,1,0,4,0,1,FALSE
dataset_20/uvl/model_20160309_77134368.uvl,dataset_20/uvl/model_20160309_77134368.uvl,18,13,0.277778,0,1,0,4,0,1,FALSE
dataset_20/uvl/model_20160311_1359424486.uvl,dataset_20/uvl/model_20160311_1359424486.uvl,50,26,0.48,0,0,0,24,0,0,FALSE
dataset_20/uvl/model_20160311_358715911.uvl,dataset_20/uvl/model_20160311_358715911.uvl,26,9,0.653846,0,0,0,17,0,0,FALSE
dataset_20/uvl/model_20160315_505457800.uvl,dataset_20/uvl/model_20160315_505457800.uvl,28,10,0.642857,0,1,0,18,0,0,FALSE
dataset_20/uvl/model_20160315_697003579.uvl,dataset_20/uvl/model_20160315_697003579.uvl,27,17,0.37037,0,5,0,9,0,1,FALSE
dataset_20/uvl/model_20160317_1483846003.uvl,dataset_20/uvl/model_20160317_1483846003.uvl,46,26,0.434783,0,1,0,20,0,0,FALSE
dataset_20/uvl/model_20160322_2014722365.uvl,dataset_20/uvl/model_20160322_2014722365.uvl,54,46,0.148148,0,7,0,8,0,0,FALSE
dataset_20/uvl/model_20160329_1092215724.uvl,dataset_20/uvl/model_20160329_1092215724.uvl,17,9,0.470588,9,10,-0.111111,7,0,1,FALSE
dataset_20/uvl/model_20160329_1144142418.uvl,dataset_20/uvl/model_20160329_1144142418.uvl,54,31,0.425926,0,12,0,7,0,16,FALSE
dataset_20/uvl/model_20160329_1152124785.uvl,dataset_20/uvl/model_20160329_1152124785.uvl,21,5,0.761905,0,0,0,10,0,6,FALSE
dataset_20/uvl/model_20160329_1368375444.uvl,dataset_20/uvl/model_20160329_1368375444.uvl,33,14,0.575758,7,26,-2.714286,17,0,2,FALSE
dataset_20/uvl/model_20160329_1491802197.uvl,dataset_20/uvl/model_20160329_1491802197.uvl,20,5,0.75,0,4,0,14,0,1,FALSE
dataset_20/uvl/model_20160329_160417479.uvl,dataset_20/uvl/model_20160329_160417479.uvl,20,5,0.75,0,4,0,14,0,1,FALSE
dataset_20/uvl/model_20160329_1691896941.uvl,dataset_20/uvl/model_20160329_1691896941.uvl,28,6,0.785714,12,5,0.583333,12,0,10,TRUE
dataset_20/uvl/model_20160329_174305764.uvl,dataset_20/uvl/model_20160329_174305764.uvl,44,17,0.613636,10,11,-0.1,22,0,5,FALSE
dataset_20/uvl/model_20160329_1999221629.uvl,dataset_20/uvl/model_20160329_1999221629.uvl,24,10,0.583333,0,5,0,14,0,0,FALSE
dataset_20/uvl/model_20160329_2023954051.uvl,dataset_20/uvl/model_20160329_2023954051.uvl,24,10,0.583333,0,16,0,12,0,2,FALSE
dataset_20/uvl/model_20160329_268958808.uvl,dataset_20/uvl/model_20160329_268958808.uvl,47,15,0.680851,8,6,0.25,27,0,5,TRUE
dataset_20/uvl/model_20160329_304357596.uvl,dataset_20/uvl/model_20160329_304357596.uvl,23,13,0.434783,0,12,0,8,0,2,FALSE
dataset_20/uvl/model_20160329_578011837.uvl,dataset_20/uvl/model_20160329_578011837.uvl,23,8,0.652174,0,4,0,12,0,3,FALSE
dataset_20/uvl/model_20160329_736279509.uvl,dataset_20/uvl/model_20160329_736279509.uvl,14,6,0.571429,0,0,0,8,0,0,FALSE
dataset_20/uvl/model_20160329_864839294.uvl,dataset_20/uvl/model_20160329_864839294.uvl,22,17,0.227273,0,2,0,4,0,1,FALSE
dataset_20/uvl/model_20160329_925786350.uvl,dataset_20/uvl/model_20160329_925786350.uvl,31,11,0.645161,0,0,0,18,0,2,FALSE
dataset_20/uvl/model_20160329_926312476.uvl,dataset_20/uvl/model_20160329_926312476.uvl,21,12,0.428571,0,9,0,3,0,6,FALSE
dataset_20/uvl/model_20160330_1191432205.uvl,dataset_20/uvl/model_20160330_1191432205.uvl,19,7,0.631579,0,0,0,6,0,6,FALSE
dataset_20/uvl/model_20160330_1233914245.uvl,dataset_20/uvl/model_20160330_1233914245.uvl,12,11,0.083333,3,8,-1.666667,1,0,0,FALSE
dataset_20/uvl/model_20160330_1306243394.uvl,dataset_20/uvl/model_20160330_1306243394.uvl,21,10,0.52381,0,4,0,11,0,0,FALSE
dataset_20/uvl/model_20160330_1356575467.uvl,dataset_20/uvl/model_20160330_1356575467.uvl,10,4,0.6,0,1,0,6,0,0,FALSE
dataset_20/uvl/model_20160330_149443721.uvl,dataset_20/uvl/model_20160330_149443721.uvl,30,9,0.7,14,0,1,17,4,0,TRUE
dataset_20/uvl/model_20160330_1632759327.uvl,dataset_20/uvl/model_20160330_1632759327.uvl,19,10,0.473684,0,12,0,9,0,0,FALSE
dataset_20/uvl/model_20160330_1784601624.uvl,dataset_20/uvl/model_20160330_1784601624.uvl,25,14,0.44,0,0,0,0,0,11,FALSE
dataset_20/uvl/model_20160330_1846251072.uvl,dataset_20/uvl/model_20160330_1846251072.uvl,39,10,0.74359,0,2,0,26,0,3,FALSE
dataset_20/uvl/model_20160330_218438641.uvl,dataset_20/uvl/model_20160330_218438641.uvl,23,13,0.434783,0,12,0,8,0,2,FALSE
dataset_20/uvl/model_20160330_387052519.uvl,dataset_20/uvl/model_20160330_387052519.uvl,21,13,0.380952,0,12,0,7,0,1,FALSE
dataset_20/uvl/model_20160330_469153666.uvl,dataset_20/uvl/model_20160330_469153666.uvl,13,7,0.461538,0,2,0,6,0,0,FALSE
dataset_20/uvl/model_20160330_511669656.uvl,dataset_20/uvl/model_20160330_511669656.uvl,15,10,0.333333,0,6,0,2,0,3,FALSE
dataset_20/uvl/model_20160330_888130075.uvl,dataset_20/uvl/model_20160330_888130075.uvl,73,47,0.356164,0,3,0,7,0,19,FALSE
dataset_20/uvl/model_20160330_925748995.uvl,dataset_20/uvl/model_20160330_925748995.uvl,16,7,0.5625,0,8,0,9,0,0,FALSE
dataset_20/uvl/model_20160330_999254735.uvl,dataset_20/uvl/model_20160330_999254735.uvl,14,5,0.642857,0,0,0,5,0,4,FALSE
dataset_20/uvl/model_20160411_1158715394.uvl,dataset_20/uvl/model_20160411_1158715394.uvl,11,9,0.181818,0,1,0,2,0,0,FALSE
dataset_20/uvl/model_20160420_1926809017.uvl,dataset_20/uvl/model_20160420_1926809017.uvl,12,10,0.166667,0,24,0,2,0,0,FALSE
dataset_20/uvl/model_20160420_474055968.uvl,dataset_20/uvl/model_20160420_474055968.uvl,96,83,0.135417,0,120,0,11,0,2,FALSE
dataset_20/uvl/model_20160426_744600320.uvl,dataset_20/uvl/model_20160426_744600320.uvl,21,11,0.47619,0,0,0,9,0,1,FALSE
dataset_20/uvl/model_20160428_283258262.uvl,dataset_20/uvl/model_20160428_283258262.uvl,40,20,0.5,0,3,0,13,0,7,FALSE
dataset_20/uvl/model_20160429_2024552354.uvl,dataset_20/uvl/model_20160429_2024552354.uvl,12,12,0,0,0,0,0,0,0,FALSE
dataset_20/uvl/model_20160502_1352812691.uvl,dataset_20/uvl/model_20160502_1352812691.uvl,38,28,0.263158,0,3,0,5,0,5,FALSE
dataset_20/uvl/model_20160502_596671432.uvl,dataset_20/uvl/model_20160502_596671432.uvl,25,15,0.4,0,5,0,7,0,3,FALSE
dataset_20/uvl/model_20160503_1174916821.uvl,dataset_20/uvl/model_20160503_1174916821.uvl,42,16,0.619048,2,5,-1.5,26,0,0,FALSE
dataset_20/uvl/model_20160504_1687809818.uvl,dataset_20/uvl/model_20160504_1687809818.uvl,30,14,0.533333,0,5,0,16,0,0,FALSE
dataset_20/uvl/model_20160504_18344306.uvl,dataset_20/uvl/model_20160504_18344306.uvl,13,8,0.384615,2,2,0,4,0,1,FALSE
dataset_20/uvl/model_20160504_814917052.uvl,dataset_20/uvl/model_20160504_814917052.uvl,26,18,0.307692,0,10,0,6,0,2,FALSE
dataset_20/uvl/model_20160506_174377233.uvl,dataset_20/uvl/model_20160506_174377233.uvl,40,25,0.375,0,76,0,13,0,2,FALSE
dataset_20/uvl/model_20160508_265400900.uvl,dataset_20/uvl/model_20160508_265400900.uvl,46,23,0.5,6,10,-0.666667,23,0,0,FALSE
dataset_20/uvl/model_20160512_1688304541.uvl,dataset_20/uvl/model_20160512_1688304541.uvl,31,13,0.580645,0,4,0,14,0,4,FALSE
dataset_20/uvl/model_20160519_1235536625.uvl,dataset_20/uvl/model_20160519_1235536625.uvl,34,24,0.294118,16,203,-11.6875,3,3,4,FALSE
dataset_20/uvl/model_20160519_1444507509.uvl,dataset_20/uvl/model_20160519_1444507509.uvl,41,28,0.317073,19,92,-3.842105,6,3,4,FALSE
dataset_20/uvl/model_20160520_681202886.uvl,dataset_20/uvl/model_20160520_681202886.uvl,11,7,0.363636,0,1,0,4,0,0,FALSE
dataset_20/uvl/model_20160524_3029237.uvl,dataset_20/uvl/model_20160524_3029237.uvl,19,12,0.368421,2,3,-0.5,4,0,3,FALSE
dataset_20/uvl/model_20160527_1098137653.uvl,dataset_20/uvl/model_20160527_1098137653.uvl,20,7,0.65,3,4,-0.333333,8,0,5,FALSE
dataset_20/uvl/model_20160531_1105256806.uvl,dataset_20/uvl/model_20160531_1105256806.uvl,25,13,0.48,8,10,-0.25,11,1,0,FALSE
dataset_20/uvl/model_20160531_486171149.uvl,dataset_20/uvl/model_20160531_486171149.uvl,35,22,0.371429,17,206,-11.117647,3,5,5,FALSE
dataset_20/uvl/model_20160531_990808801.uvl,dataset_20/uvl/model_20160531_990808801.uvl,14,6,0.571429,0,0,0,2,0,6,FALSE
dataset_20/uvl/model_20160603_398155586.uvl,dataset_20/uvl/model_20160603_398155586.uvl,15,9,0.4,0,18,0,3,0,3,FALSE
dataset_20/uvl/model_20160606_235281629.uvl,dataset_20/uvl/model_20160606_235281629.uvl,13,2,0.846154,0,0,0,3,0,8,FALSE
dataset_20/uvl/model_20160606_412121552.uvl,dataset_20/uvl/model_20160606_412121552.uvl,14,5,0.642857,0,0,0,2,0,7,FALSE
dataset_20/uvl/model_20160608_755102753.uvl,dataset_20/uvl/model_20160608_755102753.uvl,12,3,0.75,0,0,0,9,0,0,FALSE
dataset_20/uvl/model_20160620_457730604.uvl,dataset_20/uvl/model_20160620_457730604.uvl,20,13,0.35,0,0,0,7,0,0,FALSE
dataset_20/uvl/model_20160621_993334585.uvl,dataset_20/uvl/model_20160621_993334585.uvl,26,10,0.615385,0,0,0,14,0,2,FALSE
dataset_20/uvl/model_20160623_1415871890.uvl,dataset_20/uvl/model_20160623_1415871890.uvl,13,11,0.153846,1,12,-11,2,0,0,FALSE
dataset_20/uvl/model_20160629_1032137585.uvl,dataset_20/uvl/model_20160629_1032137585.uvl,16,13,0.1875,2,13,-5.5,3,0,0,FALSE
dataset_20/uvl/model_20160712_1875218337.uvl,dataset_20/uvl/model_20160712_1875218337.uvl,11,3,0.727273,0,0,0,8,0,0,FALSE
dataset_20/uvl/model_20160716_1943328700.uvl,dataset_20/uvl/model_20160716_1943328700.uvl,18,13,0.277778,0,3,0,4,0,1,FALSE
dataset_20/uvl/model_20160721_1827988269.uvl,dataset_20/uvl/model_20160721_1827988269.uvl,19,15,0.210526,5,5,0,3,0,1,FALSE
dataset_20/uvl/model_20160721_972954567.uvl,dataset_20/uvl/model_20160721_972954567.uvl,10,6,0.4,0,1,0,3,0,1,FALSE
dataset_20/uvl/model_20160726_1855902901.uvl,dataset_20/uvl/model_20160726_1855902901.uvl,12,1,0.916667,1,0,1,11,0,0,TRUE
dataset_20/uvl/model_20160812_1476754989.uvl,dataset_20/uvl/model_20160812_1476754989.uvl,10,8,0.2,2,7,-2.5,2,0,0,FALSE
dataset_20/uvl/model_20160813_60083737.uvl,dataset_20/uvl/model_20160813_60083737.uvl,10,5,0.5,0,0,0,3,0,2,FALSE
dataset_20/uvl/model_20160821_1946133193.uvl,dataset_20/uvl/model_20160821_1946133193.uvl,14,6,0.571429,1,3,-2,7,0,1,FALSE
dataset_20/uvl/model_20160822_713171625.uvl,dataset_20/uvl/model_20160822_713171625.uvl,28,22,0.214286,3,8,-1.666667,6,0,0,FALSE
dataset_20/uvl/model_20160824_2005849052.uvl,dataset_20/uvl/model_20160824_2005849052.uvl,21,8,0.619048,0,0,0,9,0,4,FALSE
dataset_20/uvl/model_20160905_338518821.uvl,dataset_20/uvl/model_20160905_338518821.uvl,25,16,0.36,0,1,0,2,0,7,FALSE
dataset_20/uvl/model_20160905_774306083.uvl,dataset_20/uvl/model_20160905_774306083.uvl,14,12,0.142857,0,0,0,2,0,0,FALSE
dataset_20/uvl/model_20160906_1914580505.uvl,dataset_20/uvl/model_20160906_1914580505.uvl,31,21,0.322581,0,7,0,10,0,0,FALSE
dataset_20/uvl/model_20160906_802533043.uvl,dataset_20/uvl/model_20160906_802533043.uvl,21,15,0.285714,4,5,-0.25,4,0,2,FALSE
dataset_20/uvl/model_20160906_881197553.uvl,dataset_20/uvl/model_20160906_881197553.uvl,18,14,0.222222,0,5,0,4,0,0,FALSE
dataset_20/uvl/model_20160907_1816738180.uvl,dataset_20/uvl/model_20160907_1816738180.uvl,10,8,0.2,0,5,0,2,0,0,FALSE
dataset_20/uvl/model_20160911_493856736.uvl,dataset_20/uvl/model_20160911_493856736.uvl,45,35,0.222222,6,54,-8,7,0,3,FALSE
dataset_20/uvl/model_20160912_1428022317.uvl,dataset_20/uvl/model_20160912_1428022317.uvl,49,44,0.102041,10,15,-0.5,0,0,5,FALSE
dataset_20/uvl/model_20160912_772295854.uvl,dataset_20/uvl/model_20160912_772295854.uvl,18,18,0,0,0,0,0,0,0,FALSE
dataset_20/uvl/model_20160913_2142740300.uvl,dataset_20/uvl/model_20160913_2142740300.uvl,48,27,0.4375,21,44,-1.095238,7,6,8,FALSE
dataset_20/uvl/model_20160913_245590430.uvl,dataset_20/uvl/model_20160913_245590430.uvl,38,33,0.131579,23,34,-0.478261,0,1,4,FALSE
dataset_20/uvl/model_20160913_269001380.uvl,dataset_20/uvl/model_20160913_269001380.uvl,49,37,0.244898,17,61,-2.588235,7,0,5,FALSE
dataset_20/uvl/model_20160913_482611615.uvl,dataset_20/uvl/model_20160913_482611615.uvl,48,29,0.395833,12,30,-1.5,7,6,6,FALSE
dataset_20/uvl/model_20160913_600398973.uvl,dataset_20/uvl/model_20160913_600398973.uvl,48,36,0.25,6,37,-5.166667,9,0,3,FALSE
dataset_20/uvl/model_20160917_824197127.uvl,dataset_20/uvl/model_20160917_824197127.uvl,14,9,0.357143,0,4,0,4,0,1,FALSE
dataset_20/uvl/model_20160919_1142576711.uvl,dataset_20/uvl/model_20160919_1142576711.uvl,20,9,0.55,0,3,0,11,0,0,FALSE
dataset_20/uvl/model_20160919_422339066.uvl,dataset_20/uvl/model_20160919_422339066.uvl,50,31,0.38,5,14,-1.8,14,0,5,FALSE
dataset_20/uvl/model_20160919_825563014.uvl,dataset_20/uvl/model_20160919_825563014.uvl,11,6,0.454545,0,1,0,3,0,2,FALSE
dataset_20/uvl/model_20160921_24535453.uvl,dataset_20/uvl/model_20160921_24535453.uvl,29,17,0.413793,0,1,0,11,0,1,FALSE
dataset_20/uvl/model_20160925_2087627141.uvl,dataset_20/uvl/model_20160925_2087627141.uvl,47,47,0,9,9,0,0,0,0,FALSE
dataset_20/uvl/model_20160926_106687243.uvl,dataset_20/uvl/model_20160926_106687243.uvl,57,10,0.824561,0,11,0,47,0,0,FALSE
dataset_20/uvl/model_20160926_2009081259.uvl,dataset_20/uvl/model_20160926_2009081259.uvl,54,8,0.851852,0,0,0,39,0,7,FALSE
dataset_20/uvl/model_20161003_680973994.uvl,dataset_20/uvl/model_20161003_680973994.uvl,53,37,0.301887,7,8,-0.142857,12,0,4,FALSE
dataset_20/uvl/model_20161012_1497804026.uvl,dataset_20/uvl/model_20161012_1497804026.uvl,13,5,0.615385,0,0,0,8,0,0,FALSE
dataset_20/uvl/model_20161018_1395239714.uvl,dataset_20/uvl/model_20161018_1395239714.uvl,11,1,0.909091,0,0,0,10,0,0,FALSE
dataset_20/uvl/model_20161025_210874268.uvl,dataset_20/uvl/model_20161025_210874268.uvl,10,10,0,0,0,0,0,0,0,FALSE
dataset_20/uvl/model_20161101_1188178549.uvl,dataset_20/uvl/model_20161101_1188178549.uvl,36,33,0.083333,0,3,0,3,0,0,FALSE
dataset_20/uvl/model_20161101_1287284082.uvl,dataset_20/uvl/model_20161101_1287284082.uvl,50,49,0.02,0,0,0,0,0,1,FALSE
dataset_20/uvl/model_20161107_2119549052.uvl,dataset_20/uvl/model_20161107_2119549052.uvl,12,3,0.75,0,1,0,8,0,1,FALSE
dataset_20/uvl/model_20161107_751073207.uvl,dataset_20/uvl/model_20161107_751073207.uvl,11,5,0.545455,0,1,0,4,0,2,FALSE
dataset_20/uvl/model_20161109_258969269.uvl,dataset_20/uvl/model_20161109_258969269.uvl,10,8,0.2,2,2,0,1,0,1,FALSE
dataset_20/uvl/model_20161117_1407262512.uvl,dataset_20/uvl/model_20161117_1407262512.uvl,21,15,0.285714,0,1,0,1,0,5,FALSE
dataset_20/uvl/model_20161118_1167269407.uvl,dataset_20/uvl/model_20161118_1167269407.uvl,66,31,0.530303,13,279,-20.461538,4,26,5,FALSE
dataset_20/uvl/model_20161122_1255346120.uvl,dataset_20/uvl/model_20161122_1255346120.uvl,15,11,0.266667,1,13,-12,4,0,0,FALSE
dataset_20/uvl/model_20161123_1530983999.uvl,dataset_20/uvl/model_20161123_1530983999.uvl,36,1,0.972222,0,0,0,35,0,0,FALSE
dataset_20/uvl/model_20161124_135805624.uvl,dataset_20/uvl/model_20161124_135805624.uvl,37,34,0.081081,0,3,0,3,0,0,FALSE
dataset_20/uvl/model_20161125_1777261352.uvl,dataset_20/uvl/model_20161125_1777261352.uvl,33,20,0.393939,3,64,-20.333333,13,0,0,FALSE
dataset_20/uvl/model_20161127_1823059506.uvl,dataset_20/uvl/model_20161127_1823059506.uvl,69,62,0.101449,246,723,-1.939024,5,0,2,FALSE
dataset_20/uvl/model_20161128_1478224089.uvl,dataset_20/uvl/model_20161128_1478224089.uvl,77,73,0.051948,0,2,0,0,0,4,FALSE
dataset_20/uvl/model_20161128_2006303576.uvl,dataset_20/uvl/model_20161128_2006303576.uvl,96,61,0.364583,0,54,0,12,0,23,FALSE
dataset_20/uvl/model_20161128_2133107865.uvl,dataset_20/uvl/model_20161128_2133107865.uvl,68,66,0.029412,0,2,0,0,0,2,FALSE
dataset_20/uvl/model_20161128_844678202.uvl,dataset_20/uvl/model_20161128_844678202.uvl,39,38,0.025641,2,2,0,0,0,1,FALSE
dataset_20/uvl/model_20161207_285955518.uvl,dataset_20/uvl/model_20161207_285955518.uvl,54,51,0.055556,0,5,0,2,0,1,FALSE
dataset_20/uvl/model_20161209_758532997.uvl,dataset_20/uvl/model_20161209_758532997.uvl,13,10,0.230769,0,37,0,3,0,0,FALSE
dataset_20/uvl/model_20161212_1631452800.uvl,dataset_20/uvl/model_20161212_1631452800.uvl,23,11,0.521739,7,7,0,7,0,5,FALSE
dataset_20/uvl/model_20161213_651973816.uvl,dataset_20/uvl/model_20161213_651973816.uvl,21,12,0.428571,6,7,-0.166667,7,0,2,FALSE
dataset_20/uvl/model_20170115_352040991.uvl,dataset_20/uvl/model_20170115_352040991.uvl,17,8,0.529412,1,1,0,9,0,0,FALSE
dataset_20/uvl/model_20170131_61369545.uvl,dataset_20/uvl/model_20170131_61369545.uvl,39,27,0.307692,0,0,0,11,0,1,FALSE
dataset_20/uvl/model_20170206_852070049.uvl,dataset_20/uvl/model_20170206_852070049.uvl,13,9,0.307692,1,2,-1,3,0,1,FALSE
dataset_20/uvl/model_20170215_1278541927.uvl,dataset_20/uvl/model_20170215_1278541927.uvl,41,20,0.512195,0,6,0,17,0,4,FALSE
dataset_20/uvl/model_20170215_1976164448.uvl,dataset_20/uvl/model_20170215_1976164448.uvl,35,33,0.057143,3,3,0,0,0,2,FALSE
dataset_20/uvl/model_20170219_358603289.uvl,dataset_20/uvl/model_20170219_358603289.uvl,62,50,0.193548,0,8,0,10,0,2,FALSE
dataset_20/uvl/model_20170221_1848353506.uvl,dataset_20/uvl/model_20170221_1848353506.uvl,210,140,0.333333,38,748,-18.684211,45,0,25,FALSE
dataset_20/uvl/model_20170228_1437582980.uvl,dataset_20/uvl/model_20170228_1437582980.uvl,10,10,0,0,0,0,0,0,0,FALSE
dataset_20/uvl/model_20170228_2078125436.uvl,dataset_20/uvl/model_20170228_2078125436.uvl,34,28,0.176471,1,11,-10,5,0,1,FALSE
dataset_20/uvl/model_20170301_235251685.uvl,dataset_20/uvl/model_20170301_235251685.uvl,14,11,0.214286,1,8,-7,3,0,0,FALSE
dataset_20/uvl/model_20170308_1789444441.uvl,dataset_20/uvl/model_20170308_1789444441.uvl,28,12,0.571429,0,0,0,16,0,0,FALSE
dataset_20/uvl/model_20170310_195700687.uvl,dataset_20/uvl/model_20170310_195700687.uvl,47,36,0.234043,20,56,-1.8,6,0,5,FALSE
dataset_20/uvl/model_20170310_2069806245.uvl,dataset_20/uvl/model_20170310_2069806245.uvl,49,38,0.22449,10,53,-4.3,7,0,4,FALSE
dataset_20/uvl/model_20170310_906013336.uvl,dataset_20/uvl/model_20170310_906013336.uvl,47,35,0.255319,9,61,-5.777778,7,0,5,FALSE
dataset_20/uvl/model_20170311_1316290182.uvl,dataset_20/uvl/model_20170311_1316290182.uvl,48,36,0.25,23,60,-1.608696,7,0,5,FALSE
dataset_20/uvl/model_20170312_968402737.uvl,dataset_20/uvl/model_20170312_968402737.uvl,49,38,0.22449,7,55,-6.857143,7,0,4,FALSE
dataset_20/uvl/model_20170313_143405764.uvl,dataset_20/uvl/model_20170313_143405764.uvl,48,37,0.229167,21,50,-1.380952,7,1,3,FALSE
dataset_20/uvl/model_20170313_788976149.uvl,dataset_20/uvl/model_20170313_788976149.uvl,12,8,0.333333,0,6,0,3,0,1,FALSE
dataset_20/uvl/model_20170315_1174513943.uvl,dataset_20/uvl/model_20170315_1174513943.uvl,18,17,0.055556,0,1,0,1,0,0,FALSE
dataset_20/uvl/model_20170315_692595151.uvl,dataset_20/uvl/model_20170315_692595151.uvl,23,17,0.26087,0,37,0,5,0,1,FALSE
dataset_20/uvl/model_20170316_1293936491.uvl,dataset_20/uvl/model_20170316_1293936491.uvl,48,4,0.916667,5,0,1,35,0,9,TRUE
dataset_20/uvl/model_20170316_1430061931.uvl,dataset_20/uvl/model_20170316_1430061931.uvl,60,60,0,203,203,0,0,0,0,FALSE
dataset_20/uvl/model_20170316_174511349.uvl,dataset_20/uvl/model_20170316_174511349.uvl,16,13,0.1875,3,3,0,1,0,2,FALSE
dataset_20/uvl/model_20170317_1165725.uvl,dataset_20/uvl/model_20170317_1165725.uvl,50,4,0.92,7,0,1,37,0,9,TRUE
dataset_20/uvl/model_20170320_149190356.uvl,dataset_20/uvl/model_20170320_149190356.uvl,50,4,0.92,6,0,1,37,0,9,TRUE
dataset_20/uvl/model_20170320_1505333083.uvl,dataset_20/uvl/model_20170320_1505333083.uvl,47,37,0.212766,0,44,0,6,0,4,FALSE
dataset_20/uvl/model_20170320_772300106.uvl,dataset_20/uvl/model_20170320_772300106.uvl,48,4,0.916667,0,0,0,35,0,9,FALSE
dataset_20/uvl/model_20170321_1279222212.uvl,dataset_20/uvl/model_20170321_1279222212.uvl,10,3,0.7,2,0,1,4,0,3,TRUE
dataset_20/uvl/model_20170321_1774846112.uvl,dataset_20/uvl/model_20170321_1774846112.uvl,179,115,0.357542,26,153,-4.884615,48,0,16,FALSE
dataset_20/uvl/model_20170322_711096381.uvl,dataset_20/uvl/model_20170322_711096381.uvl,10,5,0.5,0,0,0,5,0,0,FALSE
dataset_20/uvl/model_20170328_1485540940.uvl,dataset_20/uvl/model_20170328_1485540940.uvl,451,358,0.206208,137,132,0.036496,0,0,93,TRUE
dataset_20/uvl/model_20170328_418838667.uvl,dataset_20/uvl/model_20170328_418838667.uvl,261,153,0.413793,72,164,-1.277778,0,25,83,FALSE
dataset_20/uvl/model_20170402_1978825740.uvl,dataset_20/uvl/model_20170402_1978825740.uvl,263,163,0.380228,84,325,-2.869048,0,12,88,FALSE
dataset_20/uvl/model_20170402_765751837.uvl,dataset_20/uvl/model_20170402_765751837.uvl,329,248,0.246201,108,110,-0.018519,0,0,81,FALSE
dataset_20/uvl/model_20170404_1821671055.uvl,dataset_20/uvl/model_20170404_1821671055.uvl,13,9,0.307692,3,9,-2,3,0,1,FALSE
dataset_20/uvl/model_20170405_957299568.uvl,dataset_20/uvl/model_20170405_957299568.uvl,142,127,0.105634,88,124,-0.409091,12,0,3,FALSE
dataset_20/uvl/model_20170410_971411480.uvl,dataset_20/uvl/model_20170410_971411480.uvl,11,7,0.363636,0,11,0,3,0,1,FALSE
dataset_20/uvl/model_20170414_1751865819.uvl,dataset_20/uvl/model_20170414_1751865819.uvl,77,36,0.532468,8,7,0.125,15,0,26,TRUE
dataset_20/uvl/model_20170419_185164278.uvl,dataset_20/uvl/model_20170419_185164278.uvl,17,12,0.294118,0,11,0,4,0,1,FALSE
dataset_20/uvl/model_20170420_1165511748.uvl,dataset_20/uvl/model_20170420_1165511748.uvl,77,73,0.051948,0,13,0,0,0,4,FALSE
dataset_20/uvl/model_20170424_781699396.uvl,dataset_20/uvl/model_20170424_781699396.uvl,142,84,0.408451,13,193,-13.846154,30,0,28,FALSE
dataset_20/uvl/model_20170502_101132737.uvl,dataset_20/uvl/model_20170502_101132737.uvl,33,17,0.484848,9,10,-0.111111,9,0,7,FALSE
dataset_20/uvl/model_20170504_370000031.uvl,dataset_20/uvl/model_20170504_370000031.uvl,36,26,0.277778,5,16,-2.2,9,0,1,FALSE
dataset_20/uvl/model_20170505_1428478521.uvl,dataset_20/uvl/model_20170505_1428478521.uvl,24,21,0.125,2,5,-1.5,3,0,0,FALSE
dataset_20/uvl/model_20170505_1995894898.uvl,dataset_20/uvl/model_20170505_1995894898.uvl,32,17,0.46875,3,11,-2.666667,9,0,6,FALSE
dataset_20/uvl/model_20170510_174347414.uvl,dataset_20/uvl/model_20170510_174347414.uvl,15,11,0.266667,0,2,0,2,0,2,FALSE
dataset_20/uvl/model_20170512_1532934104.uvl,dataset_20/uvl/model_20170512_1532934104.uvl,24,21,0.125,0,0,0,2,0,1,FALSE
dataset_20/uvl/model_20170517_1276361560.uvl,dataset_20/uvl/model_20170517_1276361560.uvl,10,8,0.2,2,7,-2.5,2,0,0,FALSE
dataset_20/uvl/model_20170517_1468714593.uvl,dataset_20/uvl/model_20170517_1468714593.uvl,10,8,0.2,2,7,-2.5,2,0,0,FALSE
dataset_20/uvl/model_20170517_1986241278.uvl,dataset_20/uvl/model_20170517_1986241278.uvl,10,7,0.3,2,7,-2.5,3,0,0,FALSE
dataset_20/uvl/model_20170518_1713871521.uvl,dataset_20/uvl/model_20170518_1713871521.uvl,15,9,0.4,2,4,-1,4,0,2,FALSE
dataset_20/uvl/model_20170518_711240246.uvl,dataset_20/uvl/model_20170518_711240246.uvl,36,27,0.25,0,0,0,9,0,0,FALSE
dataset_20/uvl/model_20170527_1802227256.uvl,dataset_20/uvl/model_20170527_1802227256.uvl,11,6,0.454545,3,0,1,4,1,0,TRUE
dataset_20/uvl/model_20170528_1427439246.uvl,dataset_20/uvl/model_20170528_1427439246.uvl,10,8,0.2,2,2,0,1,0,1,FALSE
dataset_20/uvl/model_20170607_1389753102.uvl,dataset_20/uvl/model_20170607_1389753102.uvl,13,8,0.384615,1,1,0,5,0,0,FALSE
dataset_20/uvl/model_20170618_724645944.uvl,dataset_20/uvl/model_20170618_724645944.uvl,13,4,0.692308,2,1,0.5,7,0,2,TRUE
dataset_20/uvl/model_20170627_231083922.uvl,dataset_20/uvl/model_20170627_231083922.uvl,14,10,0.285714,1,2,-1,3,0,1,FALSE
dataset_20/uvl/model_20170702_979744088.uvl,dataset_20/uvl/model_20170702_979744088.uvl,21,21,0,0,0,0,0,0,0,FALSE
dataset_20/uvl/model_20170703_1893075315.uvl,dataset_20/uvl/model_20170703_1893075315.uvl,20,15,0.25,1,1,0,2,0,3,FALSE
dataset_20/uvl/model_20170704_1299892151.uvl,dataset_20/uvl/model_20170704_1299892151.uvl,11,10,0.090909,0,0,0,1,0,0,FALSE
dataset_20/uvl/model_20170706_1181552122.uvl,dataset_20/uvl/model_20170706_1181552122.uvl,11,5,0.545455,2,6,-2,5,0,1,FALSE
dataset_20/uvl/model_20170706_1588900401.uvl,dataset_20/uvl/model_20170706_1588900401.uvl,30,23,0.233333,1,1,0,3,0,4,FALSE
dataset_20/uvl/model_20170718_2017313962.uvl,dataset_20/uvl/model_20170718_2017313962.uvl,18,4,0.777778,0,0,0,14,0,0,FALSE
dataset_20/uvl/model_20170720_160368734.uvl,dataset_20/uvl/model_20170720_160368734.uvl,14,7,0.5,0,0,0,7,0,0,FALSE
dataset_20/uvl/model_20170809_1734454576.uvl,dataset_20/uvl/model_20170809_1734454576.uvl,15,6,0.6,0,0,0,9,0,0,FALSE
dataset_20/uvl/model_20170814_699386305.uvl,dataset_20/uvl/model_20170814_699386305.uvl,12,12,0,0,0,0,0,0,0,FALSE
dataset_20/uvl/model_20170818_1523700786.uvl,dataset_20/uvl/model_20170818_1523700786.uvl,31,9,0.709677,0,1,0,16,0,6,FALSE
dataset_20/uvl/model_20170818_812208818.uvl,dataset_20/uvl/model_20170818_812208818.uvl,31,9,0.709677,0,1,0,16,0,6,FALSE
dataset_20/uvl/model_20170821_2117231347.uvl,dataset_20/uvl/model_20170821_2117231347.uvl,28,15,0.464286,25,35,-0.4,5,5,3,FALSE
dataset_20/uvl/model_20170821_744427680.uvl,dataset_20/uvl/model_20170821_744427680.uvl,15,12,0.2,16,25,-0.5625,3,0,0,FALSE
dataset_20/uvl/model_20170904_444361354.uvl,dataset_20/uvl/model_20170904_444361354.uvl,46,33,0.282609,0,9,0,10,0,3,FALSE
dataset_20/uvl/model_20170904_998227463.uvl,dataset_20/uvl/model_20170904_998227463.uvl,42,35,0.166667,0,9,0,6,0,1,FALSE
dataset_20/uvl/model_20170911_1850240044.uvl,dataset_20/uvl/model_20170911_1850240044.uvl,13,5,0.615385,0,3,0,8,0,0,FALSE
dataset_20/uvl/model_20170916_132089042.uvl,dataset_20/uvl/model_20170916_132089042.uvl,48,38,0.208333,24,38,-0.583333,7,0,3,FALSE
dataset_20/uvl/model_20170916_973590519.uvl,dataset_20/uvl/model_20170916_973590519.uvl,48,34,0.291667,14,55,-2.928571,7,5,2,FALSE
dataset_20/uvl/model_20170918_1157652981.uvl,dataset_20/uvl/model_20170918_1157652981.uvl,48,37,0.229167,4,52,-12,7,0,4,FALSE
dataset_20/uvl/model_20170918_191476099.uvl,dataset_20/uvl/model_20170918_191476099.uvl,48,40,0.166667,1,1,0,8,0,0,FALSE
dataset_20/uvl/model_20170918_1996976409.uvl,dataset_20/uvl/model_20170918_1996976409.uvl,33,26,0.212121,0,3,0,7,0,0,FALSE
dataset_20/uvl/model_20170918_2076946141.uvl,dataset_20/uvl/model_20170918_2076946141.uvl,16,14,0.125,0,21,0,2,0,0,FALSE
dataset_20/uvl/model_20170918_446567907.uvl,dataset_20/uvl/model_20170918_446567907.uvl,48,32,0.333333,11,46,-3.181818,7,3,6,FALSE
dataset_20/uvl/model_20170919_1393589103.uvl,dataset_20/uvl/model_20170919_1393589103.uvl,48,35,0.270833,20,48,-1.4,7,1,5,FALSE
dataset_20/uvl/model_20170919_1425490791.uvl,dataset_20/uvl/model_20170919_1425490791.uvl,47,36,0.234043,17,39,-1.294118,6,2,3,FALSE
dataset_20/uvl/model_20170919_1946252337.uvl,dataset_20/uvl/model_20170919_1946252337.uvl,48,36,0.25,6,66,-10,7,0,5,FALSE
dataset_20/uvl/model_20170919_303553909.uvl,dataset_20/uvl/model_20170919_303553909.uvl,49,37,0.244898,29,61,-1.103448,7,0,5,FALSE
dataset_20/uvl/model_20170919_414938854.uvl,dataset_20/uvl/model_20170919_414938854.uvl,47,37,0.212766,0,32,0,7,0,3,FALSE
dataset_20/uvl/model_20170921_244476382.uvl,dataset_20/uvl/model_20170921_244476382.uvl,47,39,0.170213,10,55,-4.5,6,0,2,FALSE
dataset_20/uvl/model_20170925_1698983864.uvl,dataset_20/uvl/model_20170925_1698983864.uvl,19,9,0.526316,0,0,0,3,0,7,FALSE
dataset_20/uvl/model_20170926_1539445221.uvl,dataset_20/uvl/model_20170926_1539445221.uvl,14,9,0.357143,1,5,-4,4,0,1,FALSE
dataset_20/uvl/model_20170926_289427240.uvl,dataset_20/uvl/model_20170926_289427240.uvl,11,8,0.272727,0,1,0,2,0,1,FALSE
dataset_20/uvl/model_20170927_2140419024.uvl,dataset_20/uvl/model_20170927_2140419024.uvl,87,81,0.068966,0,24,0,6,0,0,FALSE
dataset_20/uvl/model_20170930_228024571.uvl,dataset_20/uvl/model_20170930_228024571.uvl,62,45,0.274194,25,66,-1.64,13,2,2,FALSE
dataset_20/uvl/model_20171005_1407702877.uvl,dataset_20/uvl/model_20171005_1407702877.uvl,28,20,0.285714,0,3,0,8,0,0,FALSE
dataset_20/uvl/model_20171005_1816009957.uvl,dataset_20/uvl/model_20171005_1816009957.uvl,10,6,0.4,0,11,0,4,0,0,FALSE
dataset_20/uvl/model_20171005_661289758.uvl,dataset_20/uvl/model_20171005_661289758.uvl,10,2,0.8,0,0,0,6,0,2,FALSE
dataset_20/uvl/model_20171008_377237228.uvl,dataset_20/uvl/model_20171008_377237228.uvl,43,35,0.186047,0,5,0,8,0,0,FALSE
dataset_20/uvl/model_20171010_332868283.uvl,dataset_20/uvl/model_20171010_332868283.uvl,12,7,0.416667,0,0,0,4,0,1,FALSE
dataset_20/uvl/model_20171012_404282969.uvl,dataset_20/uvl/model_20171012_404282969.uvl,25,14,0.44,0,1,0,11,0,0,FALSE
dataset_20/uvl/model_20171012_432118074.uvl,dataset_20/uvl/model_20171012_432118074.uvl,28,13,0.535714,0,0,0,15,0,0,FALSE
dataset_20/uvl/model_20171012_484328807.uvl,dataset_20/uvl/model_20171012_484328807.uvl,36,1,0.972222,0,0,0,35,0,0,FALSE
dataset_20/uvl/model_20171014_936370428.uvl,dataset_20/uvl/model_20171014_936370428.uvl,10,8,0.2,0,1,0,2,0,0,FALSE
dataset_20/uvl/model_20171016_1973576375.uvl,dataset_20/uvl/model_20171016_1973576375.uvl,11,6,0.454545,3,3,0,4,0,1,FALSE
dataset_20/uvl/model_20171016_2132568250.uvl,dataset_20/uvl/model_20171016_2132568250.uvl,12,12,0,0,0,0,0,0,0,FALSE
dataset_20/uvl/model_20171016_777651910.uvl,dataset_20/uvl/model_20171016_777651910.uvl,27,16,0.407407,0,2,0,9,0,2,FALSE
dataset_20/uvl/model_20171018_1720986032.uvl,dataset_20/uvl/model_20171018_1720986032.uvl,130,98,0.246154,0,14,0,13,0,19,FALSE
dataset_20/uvl/model_20171020_786614820.uvl,dataset_20/uvl/model_20171020_786614820.uvl,12,5,0.583333,0,0,0,5,0,2,FALSE
dataset_20/uvl/model_20171021_192017753.uvl,dataset_20/uvl/model_20171021_192017753.uvl,17,10,0.411765,0,5,0,3,0,4,FALSE
dataset_20/uvl/model_20171028_1906143627.uvl,dataset_20/uvl/model_20171028_1906143627.uvl,13,11,0.153846,2,2,0,2,0,0,FALSE
dataset_20/uvl/model_20171029_1247758730.uvl,dataset_20/uvl/model_20171029_1247758730.uvl,10,3,0.7,0,0,0,6,0,1,FALSE
dataset_20/uvl/model_20171029_714150136.uvl,dataset_20/uvl/model_20171029_714150136.uvl,10,4,0.6,0,0,0,6,0,0,FALSE
dataset_20/uvl/model_20171108_1643056811.uvl,dataset_20/uvl/model_20171108_1643056811.uvl,12,9,0.25,0,14,0,3,0,0,FALSE
dataset_20/uvl/model_20171109_1740328562.uvl,dataset_20/uvl/model_20171109_1740328562.uvl,21,18,0.142857,11,21,-0.909091,3,0,0,FALSE
dataset_20/uvl/model_20171128_2320585.uvl,dataset_20/uvl/model_20171128_2320585.uvl,14,4,0.714286,0,1,0,9,0,1,FALSE
dataset_20/uvl/model_20171129_847069382.uvl,dataset_20/uvl/model_20171129_847069382.uvl,35,29,0.171429,0,14,0,6,0,0,FALSE
dataset_20/uvl/model_20171202_671836466.uvl,dataset_20/uvl/model_20171202_671836466.uvl,14,1,0.928571,0,0,0,13,0,0,FALSE
dataset_20/uvl/model_20171204_404453510.uvl,dataset_20/uvl/model_20171204_404453510.uvl,21,17,0.190476,2,1,0.5,3,0,1,TRUE
dataset_20/uvl/model_20171207_1015871671.uvl,dataset_20/uvl/model_20171207_1015871671.uvl,18,7,0.611111,16,0,1,11,0,0,TRUE
dataset_20/uvl/model_20171207_711618687.uvl,dataset_20/uvl/model_20171207_711618687.uvl,13,8,0.384615,0,0,0,5,0,0,FALSE
dataset_20/uvl/model_20171208_504832504.uvl,dataset_20/uvl/model_20171208_504832504.uvl,10,8,0.2,0,5,0,2,0,0,FALSE
dataset_20/uvl/model_20171213_638254090.uvl,dataset_20/uvl/model_20171213_638254090.uvl,11,8,0.272727,0,1,0,2,0,1,FALSE
dataset_20/uvl/model_20180110_870365297.uvl,dataset_20/uvl/model_20180110_870365297.uvl,10,8,0.2,2,3,-0.5,2,0,0,FALSE
dataset_20/uvl/model_20180122_1429516018.uvl,dataset_20/uvl/model_20180122_1429516018.uvl,40,35,0.125,4,51,-11.75,4,0,1,FALSE
dataset_20/uvl/model_20180126_2070362475.uvl,dataset_20/uvl/model_20180126_2070362475.uvl,30,21,0.3,0,12,0,8,0,1,FALSE
dataset_20/uvl/model_20180214_1066016479.uvl,dataset_20/uvl/model_20180214_1066016479.uvl,96,79,0.177083,17,58,-2.411765,14,0,3,FALSE
dataset_20/uvl/model_20180222_1531590612.uvl,dataset_20/uvl/model_20180222_1531590612.uvl,18,12,0.333333,0,0,0,5,0,1,FALSE
dataset_20/uvl/model_20180222_1576024243.uvl,dataset_20/uvl/model_20180222_1576024243.uvl,13,5,0.615385,0,4,0,7,0,1,FALSE
dataset_20/uvl/model_20180222_1790291836.uvl,dataset_20/uvl/model_20180222_1790291836.uvl,22,15,0.318182,0,12,0,7,0,0,FALSE
dataset_20/uvl/model_20180222_1813103418.uvl,dataset_20/uvl/model_20180222_1813103418.uvl,26,12,0.538462,0,22,0,12,0,2,FALSE
dataset_20/uvl/model_20180222_1895267586.uvl,dataset_20/uvl/model_20180222_1895267586.uvl,22,11,0.5,3,3,0,11,0,0,FALSE
dataset_20/uvl/model_20180222_1925875374.uvl,dataset_20/uvl/model_20180222_1925875374.uvl,45,35,0.222222,0,4,0,4,0,6,FALSE
dataset_20/uvl/model_20180222_524224426.uvl,dataset_20/uvl/model_20180222_524224426.uvl,26,22,0.153846,0,0,0,1,0,3,FALSE
dataset_20/uvl/model_20180222_786472237.uvl,dataset_20/uvl/model_20180222_786472237.uvl,12,8,0.333333,0,8,0,3,0,1,FALSE
dataset_20/uvl/model_20180226_492552032.uvl,dataset_20/uvl/model_20180226_492552032.uvl,11,7,0.363636,0,8,0,4,0,0,FALSE
dataset_20/uvl/model_20180227_1765307019.uvl,dataset_20/uvl/model_20180227_1765307019.uvl,116,96,0.172414,16,86,-4.375,16,0,4,FALSE
dataset_20/uvl/model_20180301_203291309.uvl,dataset_20/uvl/model_20180301_203291309.uvl,13,9,0.307692,0,0,0,4,0,0,FALSE
dataset_20/uvl/model_20180302_974887082.uvl,dataset_20/uvl/model_20180302_974887082.uvl,122,27,0.778689,28,23,0.178571,54,0,41,TRUE
dataset_20/uvl/model_20180304_1150769979.uvl,dataset_20/uvl/model_20180304_1150769979.uvl,48,37,0.229167,11,53,-3.818182,7,0,4,FALSE
dataset_20/uvl/model_20180304_290046860.uvl,dataset_20/uvl/model_20180304_290046860.uvl,48,38,0.208333,3,46,-14.333333,7,0,3,FALSE
dataset_20/uvl/model_20180305_1393570452.uvl,dataset_20/uvl/model_20180305_1393570452.uvl,48,32,0.333333,18,49,-1.722222,7,3,6,FALSE
dataset_20/uvl/model_20180305_1565538092.uvl,dataset_20/uvl/model_20180305_1565538092.uvl,50,37,0.26,12,50,-3.166667,7,0,6,FALSE
dataset_20/uvl/model_20180305_2101436905.uvl,dataset_20/uvl/model_20180305_2101436905.uvl,47,39,0.170213,0,45,0,6,0,2,FALSE
dataset_20/uvl/model_20180306_1110315637.uvl,dataset_20/uvl/model_20180306_1110315637.uvl,39,29,0.25641,1,58,-57,9,0,1,FALSE
dataset_20/uvl/model_20180306_1553572984.uvl,dataset_20/uvl/model_20180306_1553572984.uvl,47,5,0.893617,0,0,0,35,0,7,FALSE
dataset_20/uvl/model_20180306_1625675392.uvl,dataset_20/uvl/model_20180306_1625675392.uvl,48,37,0.229167,0,44,0,7,0,4,FALSE
dataset_20/uvl/model_20180306_177892963.uvl,dataset_20/uvl/model_20180306_177892963.uvl,45,18,0.6,15,16,-0.066667,7,11,9,FALSE
dataset_20/uvl/model_20180306_1851656621.uvl,dataset_20/uvl/model_20180306_1851656621.uvl,49,32,0.346939,13,45,-2.461538,7,3,7,FALSE
dataset_20/uvl/model_20180306_422218475.uvl,dataset_20/uvl/model_20180306_422218475.uvl,53,36,0.320755,6,42,-6,7,3,7,FALSE
dataset_20/uvl/model_20180306_73619671.uvl,dataset_20/uvl/model_20180306_73619671.uvl,48,39,0.1875,5,51,-9.2,7,0,2,FALSE
dataset_20/uvl/model_20180306_832754487.uvl,dataset_20/uvl/model_20180306_832754487.uvl,49,37,0.244898,27,63,-1.333333,7,0,5,FALSE
dataset_20/uvl/model_20180307_2144246090.uvl,dataset_20/uvl/model_20180307_2144246090.uvl,49,26,0.469388,10,22,-1.2,6,6,11,FALSE
dataset_20/uvl/model_20180311_1112468126.uvl,dataset_20/uvl/model_20180311_1112468126.uvl,29,11,0.62069,0,3,0,16,0,2,FALSE
dataset_20/uvl/model_20180403_1861855205.uvl,dataset_20/uvl/model_20180403_1861855205.uvl,14,3,0.785714,0,0,0,10,0,1,FALSE
dataset_20/uvl/model_20180407_489573335.uvl,dataset_20/uvl/model_20180407_489573335.uvl,109,42,0.614679,17,8,0.529412,54,1,12,TRUE
dataset_20/uvl/model_20180409_394573881.uvl,dataset_20/uvl/model_20180409_394573881.uvl,10,6,0.4,0,0,0,2,0,2,FALSE
dataset_20/uvl/model_20180411_122889136.uvl,dataset_20/uvl/model_20180411_122889136.uvl,26,26,0,0,0,0,0,0,0,FALSE
dataset_20/uvl/model_20180509_988672632.uvl,dataset_20/uvl/model_20180509_988672632.uvl,27,22,0.185185,0,25,0,4,0,1,FALSE
dataset_20/uvl/model_20180511_622669496.uvl,dataset_20/uvl/model_20180511_622669496.uvl,18,13,0.277778,0,0,0,5,0,0,FALSE
dataset_20/uvl/model_20180511_935028612.uvl,dataset_20/uvl/model_20180511_935028612.uvl,20,13,0.35,3,5,-0.666667,7,0,0,FALSE
dataset_20/uvl/model_20180512_143602565.uvl,dataset_20/uvl/model_20180512_143602565.uvl,37,17,0.540541,0,2,0,20,0,0,FALSE
dataset_20/uvl/model_20180512_276218752.uvl,dataset_20/uvl/model_20180512_276218752.uvl,36,4,0.888889,2,0,1,32,0,0,TRUE
dataset_20/uvl/model_20180512_316263333.uvl,dataset_20/uvl/model_20180512_316263333.uvl,41,19,0.536585,0,6,0,19,0,3,FALSE
dataset_20/uvl/model_20180512_409172439.uvl,dataset_20/uvl/model_20180512_409172439.uvl,37,17,0.540541,0,2,0,20,0,0,FALSE
dataset_20/uvl/model_20180512_419383167.uvl,dataset_20/uvl/model_20180512_419383167.uvl,36,4,0.888889,2,0,1,32,0,0,TRUE
dataset_20/uvl/model_20180512_427876131.uvl,dataset_20/uvl/model_20180512_427876131.uvl,37,17,0.540541,0,2,0,20,0,0,FALSE
dataset_20/uvl/model_20180512_660942805.uvl,dataset_20/uvl/model_20180512_660942805.uvl,36,4,0.888889,2,0,1,32,0,0,TRUE
dataset_20/uvl/model_20180512_733862721.uvl,dataset_20/uvl/model_20180512_733862721.uvl,23,17,0.26087,2,8,-3,5,0,1,FALSE
dataset_20/uvl/model_20180512_775268148.uvl,dataset_20/uvl/model_20180512_775268148.uvl,24,20,0.166667,0,8,0,4,0,0,FALSE
dataset_20/uvl/model_20180512_810540422.uvl,dataset_20/uvl/model_20180512_810540422.uvl,23,17,0.26087,1,5,-4,5,0,1,FALSE
dataset_20/uvl/model_20180512_893377341.uvl,dataset_20/uvl/model_20180512_893377341.uvl,24,18,0.25,2,13,-5.5,5,0,1,FALSE
dataset_20/uvl/model_20180513_39795521.uvl,dataset_20/uvl/model_20180513_39795521.uvl,22,10,0.545455,0,4,0,12,0,0,FALSE
dataset_20/uvl/model_20180514_1722608288.uvl,dataset_20/uvl/model_20180514_1722608288.uvl,27,11,0.592593,0,9,0,16,0,0,FALSE
dataset_20/uvl/model_20180514_381391194.uvl,dataset_20/uvl/model_20180514_381391194.uvl,20,7,0.65,0,0,0,13,0,0,FALSE
dataset_20/uvl/model_20180530_1810935889.uvl,dataset_20/uvl/model_20180530_1810935889.uvl,11,6,0.454545,2,2,0,4,0,1,FALSE
dataset_20/uvl/model_20180611_1112345807.uvl,dataset_20/uvl/model_20180611_1112345807.uvl,10,4,0.6,3,0,1,6,0,0,TRUE
dataset_20/uvl/model_20180611_1140870617.uvl,dataset_20/uvl/model_20180611_1140870617.uvl,10,4,0.6,3,0,1,6,0,0,TRUE
dataset_20/uvl/model_20180611_1800915628.uvl,dataset_20/uvl/model_20180611_1800915628.uvl,10,4,0.6,3,0,1,6,0,0,TRUE
dataset_20/uvl/model_20180611_848416665.uvl,dataset_20/uvl/model_20180611_848416665.uvl,10,4,0.6,3,0,1,6,0,0,TRUE
dataset_20/uvl/model_20180612_1244406232.uvl,dataset_20/uvl/model_20180612_1244406232.uvl,33,28,0.151515,0,1,0,5,0,0,FALSE
dataset_20/uvl/model_20180612_712325117.uvl,dataset_20/uvl/model_20180612_712325117.uvl,15,5,0.666667,0,0,0,0,0,10,FALSE
dataset_20/uvl/model_20180613_78021145.uvl,dataset_20/uvl/model_20180613_78021145.uvl,15,5,0.666667,1,3,-2,0,0,10,FALSE
dataset_20/uvl/model_20180618_656757926.uvl,dataset_20/uvl/model_20180618_656757926.uvl,11,3,0.727273,0,0,0,8,0,0,FALSE
dataset_20/uvl/model_20180705_2136123533.uvl,dataset_20/uvl/model_20180705_2136123533.uvl,10,9,0.1,0,1,0,1,0,0,FALSE
dataset_20/uvl/model_20180708_1907991672.uvl,dataset_20/uvl/model_20180708_1907991672.uvl,24,15,0.375,9,14,-0.555556,7,0,2,FALSE
dataset_20/uvl/model_20180713_1002093829.uvl,dataset_20/uvl/model_20180713_1002093829.uvl,23,22,0.043478,6,7,-0.166667,1,0,0,FALSE
dataset_20/uvl/model_20180729_2071913647.uvl,dataset_20/uvl/model_20180729_2071913647.uvl,24,15,0.375,6,6,0,7,0,2,FALSE
dataset_20/uvl/model_20180729_701594854.uvl,dataset_20/uvl/model_20180729_701594854.uvl,22,12,0.454545,3,4,-0.333333,8,0,2,FALSE
dataset_20/uvl/model_20180729_778045288.uvl,dataset_20/uvl/model_20180729_778045288.uvl,31,23,0.258065,3,3,0,4,0,4,FALSE
dataset_20/uvl/model_20180815_1120231956.uvl,dataset_20/uvl/model_20180815_1120231956.uvl,26,13,0.5,8,8,0,11,0,2,FALSE
dataset_20/uvl/model_20180819_995624779.uvl,dataset_20/uvl/model_20180819_995624779.uvl,14,11,0.214286,0,2,0,3,0,0,FALSE
dataset_20/uvl/model_20180911_126281571.uvl,dataset_20/uvl/model_20180911_126281571.uvl,10,8,0.2,2,7,-2.5,2,0,0,FALSE
dataset_20/uvl/model_20180913_1045465294.uvl,dataset_20/uvl/model_20180913_1045465294.uvl,10,8,0.2,0,5,0,1,0,1,FALSE
dataset_20/uvl/model_20180913_872907572.uvl,dataset_20/uvl/model_20180913_872907572.uvl,15,5,0.666667,0,0,0,9,0,1,FALSE
dataset_20/uvl/model_20180917_1978871462.uvl,dataset_20/uvl/model_20180917_1978871462.uvl,50,37,0.26,0,1,0,9,0,4,FALSE
dataset_20/uvl/model_20180927_642324190.uvl,dataset_20/uvl/model_20180927_642324190.uvl,51,37,0.27451,0,1,0,10,0,4,FALSE
dataset_20/uvl/model_20180930_1153905679.uvl,dataset_20/uvl/model_20180930_1153905679.uvl,27,19,0.296296,0,4,0,7,0,1,FALSE
dataset_20/uvl/model_20181005_1705175151.uvl,dataset_20/uvl/model_20181005_1705175151.uvl,26,14,0.461538,0,1,0,8,0,4,FALSE
dataset_20/uvl/model_20181016_583005690.uvl,dataset_20/uvl/model_20181016_583005690.uvl,32,22,0.3125,2,3,-0.5,10,0,0,FALSE
dataset_20/uvl/model_20181019_994429580.uvl,dataset_20/uvl/model_20181019_994429580.uvl,10,5,0.5,1,2,-1,4,0,1,FALSE
dataset_20/uvl/model_20181024_611767532.uvl,dataset_20/uvl/model_20181024_611767532.uvl,13,11,0.153846,2,2,0,2,0,0,FALSE
dataset_20/uvl/model_20181029_2093756359.uvl,dataset_20/uvl/model_20181029_2093756359.uvl,18,8,0.555556,4,0,1,6,2,2,TRUE
dataset_20/uvl/model_20181103_2077285196.uvl,dataset_20/uvl/model_20181103_2077285196.uvl,11,6,0.454545,2,3,-0.5,3,0,2,FALSE
dataset_20/uvl/model_20181104_43638915.uvl,dataset_20/uvl/model_20181104_43638915.uvl,10,8,0.2,0,5,0,2,0,0,FALSE
dataset_20/uvl/model_20181118_1641295184.uvl,dataset_20/uvl/model_20181118_1641295184.uvl,12,7,0.416667,1,1,0,3,0,2,FALSE
dataset_20/uvl/model_20181119_2037159342.uvl,dataset_20/uvl/model_20181119_2037159342.uvl,23,9,0.608696,6,5,0.166667,11,0,3,TRUE
dataset_20/uvl/model_20181205_2097248492.uvl,dataset_20/uvl/model_20181205_2097248492.uvl,19,13,0.315789,9,9,0,2,0,4,FALSE
dataset_20/uvl/model_20181219_1343761699.uvl,dataset_20/uvl/model_20181219_1343761699.uvl,20,16,0.2,6,38,-5.333333,4,0,0,FALSE
dataset_20/uvl/model_20190108_414883666.uvl,dataset_20/uvl/model_20190108_414883666.uvl,17,17,0,0,0,0,0,0,0,FALSE
dataset_20/uvl/model_20190117_1837815772.uvl,dataset_20/uvl/model_20190117_1837815772.uvl,14,9,0.357143,0,4,0,1,0,4,FALSE
dataset_20/uvl/model_20190122_546529784.uvl,dataset_20/uvl/model_20190122_546529784.uvl,18,12,0.333333,1,1,0,5,0,1,FALSE
dataset_20/uvl/model_20190124_988857604.uvl,dataset_20/uvl/model_20190124_988857604.uvl,46,31,0.326087,0,6,0,11,0,4,FALSE
dataset_20/uvl/model_20190128_1522973155.uvl,dataset_20/uvl/model_20190128_1522973155.uvl,23,9,0.608696,5,3,0.4,12,0,2,TRUE
dataset_20/uvl/model_20190129_1004578234.uvl,dataset_20/uvl/model_20190129_1004578234.uvl,18,7,0.611111,1,1,0,3,0,8,FALSE
dataset_20/uvl/model_20190203_959278211.uvl,dataset_20/uvl/model_20190203_959278211.uvl,27,2,0.925926,0,0,0,21,0,4,FALSE
dataset_20/uvl/model_20190214_582844610.uvl,dataset_20/uvl/model_20190214_582844610.uvl,11,6,0.454545,2,3,-0.5,3,0,2,FALSE
dataset_20/uvl/model_20190219_265960660.uvl,dataset_20/uvl/model_20190219_265960660.uvl,178,139,0.219101,9,32,-2.555556,0,0,39,FALSE
dataset_20/uvl/model_20190220_184230257.uvl,dataset_20/uvl/model_20190220_184230257.uvl,38,26,0.315789,10,13,-0.3,1,0,11,FALSE
dataset_20/uvl/model_20190221_1604245950.uvl,dataset_20/uvl/model_20190221_1604245950.uvl,18,10,0.444444,2,3,-0.5,1,0,7,FALSE
dataset_20/uvl/model_20190223_1159148955.uvl,dataset_20/uvl/model_20190223_1159148955.uvl,103,79,0.23301,9,9,0,0,13,11,FALSE
dataset_20/uvl/model_20190223_1275185141.uvl,dataset_20/uvl/model_20190223_1275185141.uvl,10,9,0.1,1,12,-11,1,0,0,FALSE
dataset_20/uvl/model_20190223_2023041805.uvl,dataset_20/uvl/model_20190223_2023041805.uvl,19,16,0.157895,10,25,-1.5,3,0,0,FALSE
dataset_20/uvl/model_20190223_2034909826.uvl,dataset_20/uvl/model_20190223_2034909826.uvl,88,83,0.056818,0,56,0,4,0,1,FALSE
dataset_20/uvl/model_20190228_1201197026.uvl,dataset_20/uvl/model_20190228_1201197026.uvl,16,7,0.5625,2,1,0.5,7,0,2,TRUE
dataset_20/uvl/model_20190304_818967793.uvl,dataset_20/uvl/model_20190304_818967793.uvl,29,17,0.413793,0,4,0,11,0,1,FALSE
dataset_20/uvl/model_20190326_164569423.uvl,dataset_20/uvl/model_20190326_164569423.uvl,10,6,0.4,0,0,0,4,0,0,FALSE
dataset_20/uvl/model_20190328_829158427.uvl,dataset_20/uvl/model_20190328_829158427.uvl,14,10,0.285714,3,7,-1.333333,3,0,1,FALSE
dataset_20/uvl/model_20190413_1966613868.uvl,dataset_20/uvl/model_20190413_1966613868.uvl,42,39,0.071429,0,259,0,3,0,0,FALSE
dataset_20/uvl/model_20190416_284413958.uvl,dataset_20/uvl/model_20190416_284413958.uvl,37,25,0.324324,0,5,0,12,0,0,FALSE
dataset_20/uvl/model_20190416_545039882.uvl,dataset_20/uvl/model_20190416_545039882.uvl,21,13,0.380952,0,0,0,8,0,0,FALSE
dataset_20/uvl/model_20190416_886742925.uvl,dataset_20/uvl/model_20190416_886742925.uvl,12,7,0.416667,0,0,0,5,0,0,FALSE
dataset_20/uvl/model_20190430_2137275351.uvl,dataset_20/uvl/model_20190430_2137275351.uvl,37,16,0.567568,1,9,-8,20,0,1,FALSE
dataset_20/uvl/model_20190430_348224224.uvl,dataset_20/uvl/model_20190430_348224224.uvl,33,19,0.424242,0,7,0,7,0,7,FALSE
dataset_20/uvl/model_20190502_109355269.uvl,dataset_20/uvl/model_20190502_109355269.uvl,18,14,0.222222,0,3,0,4,0,0,FALSE
dataset_20/uvl/model_20190502_1338968023.uvl,dataset_20/uvl/model_20190502_1338968023.uvl,34,1,0.970588,5,0,1,33,0,0,TRUE
dataset_20/uvl/model_20190503_1463982406.uvl,dataset_20/uvl/model_20190503_1463982406.uvl,41,24,0.414634,4,7,-0.75,17,0,0,FALSE
dataset_20/uvl/model_20190504_755268837.uvl,dataset_20/uvl/model_20190504_755268837.uvl,43,17,0.604651,11,14,-0.272727,15,0,11,FALSE
dataset_20/uvl/model_20190510_1232864614.uvl,dataset_20/uvl/model_20190510_1232864614.uvl,12,9,0.25,0,6,0,3,0,0,FALSE
dataset_20/uvl/model_20190510_899437477.uvl,dataset_20/uvl/model_20190510_899437477.uvl,13,10,0.230769,0,5,0,3,0,0,FALSE
dataset_20/uvl/model_20190513_110684557.uvl,dataset_20/uvl/model_20190513_110684557.uvl,10,7,0.3,2,3,-0.5,2,0,1,FALSE
dataset_20/uvl/model_20190513_1749709644.uvl,dataset_20/uvl/model_20190513_1749709644.uvl,20,14,0.3,3,3,0,6,0,0,FALSE
dataset_20/uvl/model_20190513_1805648090.uvl,dataset_20/uvl/model_20190513_1805648090.uvl,10,4,0.6,2,2,0,6,0,0,FALSE
dataset_20/uvl/model_20190513_215044614.uvl,dataset_20/uvl/model_20190513_215044614.uvl,10,6,0.4,0,0,0,3,0,1,FALSE
dataset_20/uvl/model_20190513_554652357.uvl,dataset_20/uvl/model_20190513_554652357.uvl,10,1,0.9,0,0,0,9,0,0,FALSE
dataset_20/uvl/model_20190513_639238065.uvl,dataset_20/uvl/model_20190513_639238065.uvl,10,6,0.4,1,1,0,3,0,1,FALSE
dataset_20/uvl/model_20190514_850677966.uvl,dataset_20/uvl/model_20190514_850677966.uvl,25,18,0.28,4,4,0,6,0,1,FALSE
dataset_20/uvl/model_20190522_227919886.uvl,dataset_20/uvl/model_20190522_227919886.uvl,20,7,0.65,5,4,0.2,4,2,7,TRUE
dataset_20/uvl/model_20190526_2060834946.uvl,dataset_20/uvl/model_20190526_2060834946.uvl,12,12,0,1,1,0,0,0,0,FALSE
dataset_20/uvl/model_20190616_1868431112.uvl,dataset_20/uvl/model_20190616_1868431112.uvl,40,23,0.425,0,18,0,16,0,1,FALSE
dataset_20/uvl/model_20190619_50728308.uvl,dataset_20/uvl/model_20190619_50728308.uvl,19,1,0.947368,0,0,0,18,0,0,FALSE
dataset_20/uvl/model_20190624_198695067.uvl,dataset_20/uvl/model_20190624_198695067.uvl,24,11,0.541667,0,0,0,13,0,0,FALSE
dataset_20/uvl/model_20190730_1957937065.uvl,dataset_20/uvl/model_20190730_1957937065.uvl,25,16,0.36,1,3,-2,9,0,0,FALSE
dataset_20/uvl/model_20190805_1041162508.uvl,dataset_20/uvl/model_20190805_1041162508.uvl,23,15,0.347826,1,0,1,5,1,2,TRUE
dataset_20/uvl/model_20190824_1440931285.uvl,dataset_20/uvl/model_20190824_1440931285.uvl,104,99,0.048077,0,3,0,4,0,1,FALSE
dataset_20/uvl/model_20190825_1083955002.uvl,dataset_20/uvl/model_20190825_1083955002.uvl,12,7,0.416667,0,3,0,3,0,2,FALSE
dataset_20/uvl/model_20190904_400441788.uvl,dataset_20/uvl/model_20190904_400441788.uvl,625,537,0.1408,0,139,0,42,0,46,FALSE
dataset_20/uvl/model_20190913_1052617154.uvl,dataset_20/uvl/model_20190913_1052617154.uvl,21,6,0.714286,0,0,0,8,0,7,FALSE
dataset_20/uvl/model_20190914_1323674619.uvl,dataset_20/uvl/model_20190914_1323674619.uvl,61,16,0.737705,0,0,0,35,0,10,FALSE
dataset_20/uvl/model_20190915_1211977272.uvl,dataset_20/uvl/model_20190915_1211977272.uvl,22,5,0.772727,0,0,0,16,0,1,FALSE
dataset_20/uvl/model_20190915_1647283170.uvl,dataset_20/uvl/model_20190915_1647283170.uvl,10,6,0.4,0,0,0,4,0,0,FALSE
dataset_20/uvl/model_20190915_38921055.uvl,dataset_20/uvl/model_20190915_38921055.uvl,10,6,0.4,0,0,0,4,0,0,FALSE
dataset_20/uvl/model_20190916_1591625575.uvl,dataset_20/uvl/model_20190916_1591625575.uvl,42,30,0.285714,0,88,0,12,0,0,FALSE
dataset_20/uvl/model_20190916_1777637747.uvl,dataset_20/uvl/model_20190916_1777637747.uvl,10,2,0.8,0,0,0,8,0,0,FALSE
dataset_20/uvl/model_20190916_233719618.uvl,dataset_20/uvl/model_20190916_233719618.uvl,10,10,0,0,0,0,0,0,0,FALSE
dataset_20/uvl/model_20190916_779041735.uvl,dataset_20/uvl/model_20190916_779041735.uvl,41,29,0.292683,0,45,0,12,0,0,FALSE
dataset_20/uvl/model_20190917_1294871534.uvl,dataset_20/uvl/model_20190917_1294871534.uvl,16,11,0.3125,0,7,0,4,0,1,FALSE
dataset_20/uvl/model_20190917_1352548057.uvl,dataset_20/uvl/model_20190917_1352548057.uvl,59,44,0.254237,0,16,0,14,0,1,FALSE
dataset_20/uvl/model_20190917_1484600794.uvl,dataset_20/uvl/model_20190917_1484600794.uvl,17,13,0.235294,0,7,0,4,0,0,FALSE
dataset_20/uvl/model_20190917_1598073515.uvl,dataset_20/uvl/model_20190917_1598073515.uvl,16,2,0.875,0,0,0,14,0,0,FALSE
dataset_20/uvl/model_20190917_1679843058.uvl,dataset_20/uvl/model_20190917_1679843058.uvl,11,11,0,0,0,0,0,0,0,FALSE
dataset_20/uvl/model_20190917_1844149588.uvl,dataset_20/uvl/model_20190917_1844149588.uvl,49,38,0.22449,0,155,0,10,0,1,FALSE
dataset_20/uvl/model_20190917_1855142600.uvl,dataset_20/uvl/model_20190917_1855142600.uvl,38,15,0.605263,0,5,0,17,0,6,FALSE
dataset_20/uvl/model_20190917_1882445879.uvl,dataset_20/uvl/model_20190917_1882445879.uvl,16,16,0,0,0,0,0,0,0,FALSE
dataset_20/uvl/model_20190917_383002664.uvl,dataset_20/uvl/model_20190917_383002664.uvl,43,36,0.162791,0,94,0,6,0,1,FALSE
dataset_20/uvl/model_20190917_490456110.uvl,dataset_20/uvl/model_20190917_490456110.uvl,39,32,0.179487,0,37,0,4,0,3,FALSE
dataset_20/uvl/model_20190917_512190943.uvl,dataset_20/uvl/model_20190917_512190943.uvl,45,20,0.555556,0,23,0,25,0,0,FALSE
dataset_20/uvl/model_20190917_552843992.uvl,dataset_20/uvl/model_20190917_552843992.uvl,10,8,0.2,0,7,0,2,0,0,FALSE
dataset_20/uvl/model_20190917_595353381.uvl,dataset_20/uvl/model_20190917_595353381.uvl,13,13,0,0,0,0,0,0,0,FALSE
dataset_20/uvl/model_20190917_659690280.uvl,dataset_20/uvl/model_20190917_659690280.uvl,12,12,0,0,0,0,0,0,0,FALSE
dataset_20/uvl/model_20190917_729866659.uvl,dataset_20/uvl/model_20190917_729866659.uvl,83,51,0.385542,0,9,0,30,0,2,FALSE
dataset_20/uvl/model_20190917_75070341.uvl,dataset_20/uvl/model_20190917_75070341.uvl,33,24,0.272727,0,78,0,8,0,1,FALSE
dataset_20/uvl/model_20190917_80747458.uvl,dataset_20/uvl/model_20190917_80747458.uvl,16,12,0.25,0,0,0,2,0,2,FALSE
dataset_20/uvl/model_20190917_896971240.uvl,dataset_20/uvl/model_20190917_896971240.uvl,35,28,0.2,0,72,0,4,0,3,FALSE
dataset_20/uvl/model_20190918_1569717148.uvl,dataset_20/uvl/model_20190918_1569717148.uvl,17,8,0.529412,0,0,0,6,0,3,FALSE
dataset_20/uvl/model_20190919_887233558.uvl,dataset_20/uvl/model_20190919_887233558.uvl,17,11,0.352941,0,0,0,4,0,2,FALSE
dataset_20/uvl/model_20190920_1330526555.uvl,dataset_20/uvl/model_20190920_1330526555.uvl,10,4,0.6,0,0,0,4,0,2,FALSE
dataset_20/uvl/model_20190920_56721129.uvl,dataset_20/uvl/model_20190920_56721129.uvl,15,6,0.6,0,0,0,7,0,2,FALSE
dataset_20/uvl/model_20190920_579117949.uvl,dataset_20/uvl/model_20190920_579117949.uvl,13,3,0.769231,5,0,1,9,1,0,TRUE
dataset_20/uvl/model_20190921_1186818003.uvl,dataset_20/uvl/model_20190921_1186818003.uvl,15,6,0.6,0,1,0,6,0,3,FALSE
dataset_20/uvl/model_20190922_1316746975.uvl,dataset_20/uvl/model_20190922_1316746975.uvl,22,4,0.818182,0,0,0,18,0,0,FALSE
dataset_20/uvl/model_20190922_230985682.uvl,dataset_20/uvl/model_20190922_230985682.uvl,21,1,0.952381,11,0,1,20,0,0,TRUE
dataset_20/uvl/model_20190922_267709941.uvl,dataset_20/uvl/model_20190922_267709941.uvl,35,24,0.314286,0,0,0,10,0,1,FALSE
dataset_20/uvl/model_20190922_499979669.uvl,dataset_20/uvl/model_20190922_499979669.uvl,25,14,0.44,4,4,0,11,0,0,FALSE
dataset_20/uvl/model_20190922_718247414.uvl,dataset_20/uvl/model_20190922_718247414.uvl,12,8,0.333333,0,0,0,2,0,2,FALSE
dataset_20/uvl/model_20190922_729177560.uvl,dataset_20/uvl/model_20190922_729177560.uvl,21,7,0.666667,0,0,0,14,0,0,FALSE
dataset_20/uvl/model_20190929_1773228224.uvl,dataset_20/uvl/model_20190929_1773228224.uvl,17,10,0.411765,8,8,0,7,0,0,FALSE
dataset_20/uvl/model_20191012_1432325334.uvl,dataset_20/uvl/model_20191012_1432325334.uvl,40,23,0.425,7,23,-2.285714,16,0,1,FALSE
dataset_20/uvl/model_20191016_1243022077.uvl,dataset_20/uvl/model_20191016_1243022077.uvl,83,83,0,0,0,0,0,0,0,FALSE
dataset_20/uvl/model_20191111_1176325905.uvl,dataset_20/uvl/model_20191111_1176325905.uvl,16,10,0.375,0,0,0,6,0,0,FALSE
dataset_20/uvl/model_20191115_635910941.uvl,dataset_20/uvl/model_20191115_635910941.uvl,37,10,0.72973,0,0,0,18,0,9,FALSE
dataset_20/uvl/model_20191119_1702487696.uvl,dataset_20/uvl/model_20191119_1702487696.uvl,24,7,0.708333,0,0,0,11,0,6,FALSE
dataset_20/uvl/model_20191126_842054213.uvl,dataset_20/uvl/model_20191126_842054213.uvl,21,15,0.285714,3,4,-0.333333,6,0,0,FALSE
dataset_20/uvl/model_20200120_1111265554.uvl,dataset_20/uvl/model_20200120_1111265554.uvl,10,10,0,0,0,0,0,0,0,FALSE
dataset_20/uvl/model_20200121_827473084.uvl,dataset_20/uvl/model_20200121_827473084.uvl,17,16,0.058824,0,0,0,0,0,1,FALSE
dataset_20/uvl/model_20200128_1154759905.uvl,dataset_20/uvl/model_20200128_1154759905.uvl,23,20,0.130435,4,4,0,3,0,0,FALSE
dataset_20/uvl/model_20200128_1186233455.uvl,dataset_20/uvl/model_20200128_1186233455.uvl,23,20,0.130435,4,4,0,3,0,0,FALSE
dataset_20/uvl/model_20200128_1669015551.uvl,dataset_20/uvl/model_20200128_1669015551.uvl,23,20,0.130435,0,0,0,3,0,0,FALSE
dataset_20/uvl/model_20200128_23228584.uvl,dataset_20/uvl/model_20200128_23228584.uvl,23,20,0.130435,4,4,0,3,0,0,FALSE
dataset_20/uvl/model_20200128_745414394.uvl,dataset_20/uvl/model_20200128_745414394.uvl,23,20,0.130435,0,0,0,3,0,0,FALSE
dataset_20/uvl/model_20200212_1763855182.uvl,dataset_20/uvl/model_20200212_1763855182.uvl,12,1,0.916667,0,0,0,11,0,0,FALSE
dataset_20/uvl/model_20200225_1125771038.uvl,dataset_20/uvl/model_20200225_1125771038.uvl,43,31,0.27907,3,20,-5.666667,9,0,3,FALSE
dataset_20/uvl/model_20200316_153170359.uvl,dataset_20/uvl/model_20200316_153170359.uvl,124,55,0.556452,7,113,-15.142857,32,28,9,FALSE
dataset_20/uvl/model_20200320_13307140.uvl,dataset_20/uvl/model_20200320_13307140.uvl,10,4,0.6,0,0,0,6,0,0,FALSE
dataset_20/uvl/model_20200403_1286696698.uvl,dataset_20/uvl/model_20200403_1286696698.uvl,37,16,0.567568,0,26,0,5,0,16,FALSE
dataset_20/uvl/model_20200403_1474941211.uvl,dataset_20/uvl/model_20200403_1474941211.uvl,14,10,0.285714,0,1,0,2,0,2,FALSE
dataset_20/uvl/model_20200412_2136556876.uvl,dataset_20/uvl/model_20200412_2136556876.uvl,12,8,0.333333,0,0,0,4,0,0,FALSE
dataset_20/uvl/model_20200413_90255108.uvl,dataset_20/uvl/model_20200413_90255108.uvl,48,44,0.083333,0,57,0,3,0,1,FALSE
dataset_20/uvl/model_20200425_1144751894.uvl,dataset_20/uvl/model_20200425_1144751894.uvl,10,2,0.8,4,0,1,6,1,1,TRUE
dataset_20/uvl/model_20200503_927740000.uvl,dataset_20/uvl/model_20200503_927740000.uvl,21,20,0.047619,3,4,-0.333333,1,0,0,FALSE
dataset_20/uvl/model_20200513_1559879338.uvl,dataset_20/uvl/model_20200513_1559879338.uvl,11,7,0.363636,0,1,0,3,0,1,FALSE
dataset_20/uvl/model_20200517_1501498720.uvl,dataset_20/uvl/model_20200517_1501498720.uvl,11,6,0.454545,2,3,-0.5,3,0,2,FALSE
dataset_20/uvl/model_20200524_149606280.uvl,dataset_20/uvl/model_20200524_149606280.uvl,35,20,0.428571,13,19,-0.461538,14,0,1,FALSE
dataset_20/uvl/model_20200609_1715293706.uvl,dataset_20/uvl/model_20200609_1715293706.uvl,12,10,0.166667,2,7,-2.5,2,0,0,FALSE
dataset_20/uvl/model_20200619_2057881785.uvl,dataset_20/uvl/model_20200619_2057881785.uvl,37,13,0.648649,7,13,-0.857143,21,0,3,FALSE
dataset_20/uvl/model_20200621_929471783.uvl,dataset_20/uvl/model_20200621_929471783.uvl,11,9,0.181818,2,8,-3,2,0,0,FALSE
dataset_20/uvl/model_20200728_429027371.uvl,dataset_20/uvl/model_20200728_429027371.uvl,17,15,0.117647,0,15,0,1,0,1,FALSE
dataset_20/uvl/model_20200810_1006372985.uvl,dataset_20/uvl/model_20200810_1006372985.uvl,36,16,0.555556,0,3,0,13,0,7,FALSE
dataset_20/uvl/model_20200810_1274447969.uvl,dataset_20/uvl/model_20200810_1274447969.uvl,33,19,0.424242,0,1,0,12,0,2,FALSE
dataset_20/uvl/model_20200810_1407499848.uvl,dataset_20/uvl/model_20200810_1407499848.uvl,35,16,0.542857,0,4,0,19,0,0,FALSE
dataset_20/uvl/model_20200810_1487197226.uvl,dataset_20/uvl/model_20200810_1487197226.uvl,29,10,0.655172,0,2,0,19,0,0,FALSE
dataset_20/uvl/model_20200810_1781368898.uvl,dataset_20/uvl/model_20200810_1781368898.uvl,21,9,0.571429,0,0,0,11,0,1,FALSE
dataset_20/uvl/model_20200810_1943380085.uvl,dataset_20/uvl/model_20200810_1943380085.uvl,26,15,0.423077,1,10,-9,9,0,2,FALSE
dataset_20/uvl/model_20200810_903664942.uvl,dataset_20/uvl/model_20200810_903664942.uvl,25,20,0.2,2,5,-1.5,4,0,1,FALSE
dataset_20/uvl/model_20200810_956997411.uvl,dataset_20/uvl/model_20200810_956997411.uvl,39,15,0.615385,0,10,0,22,0,2,FALSE
dataset_20/uvl/model_20200811_1911664133.uvl,dataset_20/uvl/model_20200811_1911664133.uvl,17,7,0.588235,6,6,0,7,1,2,FALSE
dataset_20/uvl/model_20200811_368165701.uvl,dataset_20/uvl/model_20200811_368165701.uvl,11,2,0.818182,0,0,0,8,0,1,FALSE
dataset_20/uvl/model_20200813_1618100589.uvl,dataset_20/uvl/model_20200813_1618100589.uvl,28,13,0.535714,0,1,0,15,0,0,FALSE
dataset_20/uvl/model_20200815_1845054862.uvl,dataset_20/uvl/model_20200815_1845054862.uvl,39,15,0.615385,0,10,0,13,0,11,FALSE
dataset_20/uvl/model_20200815_41086763.uvl,dataset_20/uvl/model_20200815_41086763.uvl,31,8,0.741935,0,4,0,17,0,6,FALSE
dataset_20/uvl/model_20200815_433256797.uvl,dataset_20/uvl/model_20200815_433256797.uvl,39,15,0.615385,0,7,0,13,0,11,FALSE
dataset_20/uvl/model_20200815_582760962.uvl,dataset_20/uvl/model_20200815_582760962.uvl,29,17,0.413793,0,0,0,10,0,2,FALSE
dataset_20/uvl/model_20200816_1246721801.uvl,dataset_20/uvl/model_20200816_1246721801.uvl,18,6,0.666667,0,0,0,10,0,2,FALSE
dataset_20/uvl/model_20200816_33425673.uvl,dataset_20/uvl/model_20200816_33425673.uvl,39,15,0.615385,0,7,0,13,0,11,FALSE
dataset_20/uvl/model_20200817_129447612.uvl,dataset_20/uvl/model_20200817_129447612.uvl,37,17,0.540541,0,4,0,19,0,1,FALSE
dataset_20/uvl/model_20200817_1333981485.uvl,dataset_20/uvl/model_20200817_1333981485.uvl,33,24,0.272727,0,9,0,9,0,0,FALSE
dataset_20/uvl/model_20200819_498504850.uvl,dataset_20/uvl/model_20200819_498504850.uvl,31,14,0.548387,0,5,0,16,0,1,FALSE
dataset_20/uvl/model_20200819_710049424.uvl,dataset_20/uvl/model_20200819_710049424.uvl,28,18,0.357143,0,14,0,7,0,3,FALSE
dataset_20/uvl/model_20200819_795623217.uvl,dataset_20/uvl/model_20200819_795623217.uvl,26,15,0.423077,0,20,0,10,0,1,FALSE
dataset_20/uvl/model_20200829_1325519775.uvl,dataset_20/uvl/model_20200829_1325519775.uvl,22,5,0.772727,0,0,0,17,0,0,FALSE
dataset_20/uvl/model_20200901_1356822502.uvl,dataset_20/uvl/model_20200901_1356822502.uvl,38,27,0.289474,0,15,0,9,0,2,FALSE
dataset_20/uvl/model_20200901_1590540568.uvl,dataset_20/uvl/model_20200901_1590540568.uvl,38,27,0.289474,4,22,-4.5,9,0,2,FALSE
dataset_20/uvl/model_20200901_1615961503.uvl,dataset_20/uvl/model_20200901_1615961503.uvl,38,27,0.289474,0,15,0,9,0,2,FALSE
dataset_20/uvl/model_20200901_164722413.uvl,dataset_20/uvl/model_20200901_164722413.uvl,11,8,0.272727,0,0,0,2,0,1,FALSE
dataset_20/uvl/model_20200901_2052923297.uvl,dataset_20/uvl/model_20200901_2052923297.uvl,21,1,0.952381,0,0,0,20,0,0,FALSE
dataset_20/uvl/model_20200901_328439811.uvl,dataset_20/uvl/model_20200901_328439811.uvl,35,27,0.228571,0,29,0,7,0,1,FALSE
dataset_20/uvl/model_20200901_40084439.uvl,dataset_20/uvl/model_20200901_40084439.uvl,26,4,0.846154,0,0,0,18,0,4,FALSE
dataset_20/uvl/model_20200901_93573304.uvl,dataset_20/uvl/model_20200901_93573304.uvl,38,27,0.289474,0,15,0,9,0,2,FALSE
dataset_20/uvl/model_20200907_1296105910.uvl,dataset_20/uvl/model_20200907_1296105910.uvl,35,27,0.228571,1,30,-29,7,0,1,FALSE
dataset_20/uvl/model_20200907_1598312227.uvl,dataset_20/uvl/model_20200907_1598312227.uvl,130,8,0.938462,0,1,0,118,0,4,FALSE
dataset_20/uvl/model_20200907_1678285822.uvl,dataset_20/uvl/model_20200907_1678285822.uvl,63,26,0.587302,0,6,0,11,0,26,FALSE
dataset_20/uvl/model_20200909_844580970.uvl,dataset_20/uvl/model_20200909_844580970.uvl,17,13,0.235294,0,17,0,4,0,0,FALSE
dataset_20/uvl/model_20200919_469515687.uvl,dataset_20/uvl/model_20200919_469515687.uvl,20,9,0.55,1,6,-5,10,0,1,FALSE
dataset_20/uvl/model_20201002_1982652571.uvl,dataset_20/uvl/model_20201002_1982652571.uvl,15,5,0.666667,0,1,0,0,0,10,FALSE
dataset_20/uvl/model_20201007_667063467.uvl,dataset_20/uvl/model_20201007_667063467.uvl,72,52,0.277778,0,15,0,17,0,3,FALSE
dataset_20/uvl/model_20201010_633615094.uvl,dataset_20/uvl/model_20201010_633615094.uvl,12,8,0.333333,0,2,0,3,0,1,FALSE
dataset_20/uvl/model_20201011_1804341944.uvl,dataset_20/uvl/model_20201011_1804341944.uvl,59,59,0,0,0,0,0,0,0,FALSE
dataset_20/uvl/model_20220910_809454030.uvl,dataset_20/uvl/model_20220910_809454030.uvl,37,35,0.054054,13,14,-0.076923,1,0,1,FALSE
dataset_20/uvl/model_20221004_622223252.uvl,dataset_20/uvl/model_20221004_622223252.uvl,26,15,0.423077,0,0,0,7,0,4,FALSE
dataset_20/uvl/model_20221009_1635938665.uvl,dataset_20/uvl/model_20221009_1635938665.uvl,42,17,0.595238,0,6,0,16,0,9,FALSE
dataset_20/uvl/model_20221010_1477134717.uvl,dataset_20/uvl/model_20221010_1477134717.uvl,51,40,0.215686,0,5,0,10,0,1,FALSE
dataset_20/uvl/model_20221013_1054303307.uvl,dataset_20/uvl/model_20221013_1054303307.uvl,66,30,0.545455,0,24,0,26,0,10,FALSE
dataset_20/uvl/model_20221015_510481451.uvl,dataset_20/uvl/model_20221015_510481451.uvl,12,11,0.083333,2,3,-0.5,1,0,0,FALSE
dataset_20/uvl/model_20221017_1844403757.uvl,dataset_20/uvl/model_20221017_1844403757.uvl,10,3,0.7,0,0,0,5,0,2,FALSE
dataset_20/uvl/model_20221018_544175819.uvl,dataset_20/uvl/model_20221018_544175819.uvl,29,21,0.275862,0,4,0,7,0,1,FALSE
dataset_20/uvl/model_20221025_2010292001.uvl,dataset_20/uvl/model_20221025_2010292001.uvl,22,5,0.772727,0,0,0,13,0,4,FALSE
dataset_20/uvl/model_20221026_1860047321.uvl,dataset_20/uvl/model_20221026_1860047321.uvl,103,49,0.524272,0,43,0,42,0,12,FALSE
dataset_20/uvl/model_20221029_568257220.uvl,dataset_20/uvl/model_20221029_568257220.uvl,17,8,0.529412,18,14,0.222222,5,3,1,TRUE
dataset_20/uvl/model_20221031_340330235.uvl,dataset_20/uvl/model_20221031_340330235.uvl,35,11,0.685714,0,0,0,4,0,20,FALSE
dataset_20/uvl/model_20221101_871584152.uvl,dataset_20/uvl/model_20221101_871584152.uvl,19,15,0.210526,19,40,-1.105263,4,0,0,FALSE
dataset_20/uvl/model_20221102_1308706395.uvl,dataset_20/uvl/model_20221102_1308706395.uvl,17,7,0.588235,3,5,-0.666667,4,3,3,FALSE
dataset_20/uvl/model_20221109_1435495840.uvl,dataset_20/uvl/model_20221109_1435495840.uvl,14,10,0.285714,2,3,-0.5,3,0,1,FALSE
dataset_20/uvl/model_20221114_1363146415.uvl,dataset_20/uvl/model_20221114_1363146415.uvl,39,22,0.435897,4,3,0.25,10,0,7,TRUE
dataset_20/uvl/model_20221122_1612835830.uvl,dataset_20/uvl/model_20221122_1612835830.uvl,20,16,0.2,0,11,0,4,0,0,FALSE
dataset_20/uvl/model_20221125_1235088379.uvl,dataset_20/uvl/model_20221125_1235088379.uvl,25,17,0.32,1,8,-7,5,0,3,FALSE
dataset_20/uvl/model_20221208_1038664369.uvl,dataset_20/uvl/model_20221208_1038664369.uvl,28,24,0.142857,0,6,0,4,0,0,FALSE
dataset_20/uvl/model_20221208_1116778716.uvl,dataset_20/uvl/model_20221208_1116778716.uvl,22,19,0.136364,0,5,0,3,0,0,FALSE
dataset_20/uvl/model_20221220_1576677705.uvl,dataset_20/uvl/model_20221220_1576677705.uvl,14,8,0.428571,2,13,-5.5,4,0,2,FALSE
dataset_20/uvl/model_20221229_1000010819.uvl,dataset_20/uvl/model_20221229_1000010819.uvl,17,11,0.352941,0,1,0,5,0,1,FALSE
dataset_20/uvl/model_20221229_2070974785.uvl,dataset_20/uvl/model_20221229_2070974785.uvl,17,11,0.352941,0,1,0,5,0,1,FALSE
dataset_20/uvl/model_20230120_1200060194.uvl,dataset_20/uvl/model_20230120_1200060194.uvl,20,9,0.55,0,0,0,11,0,0,FALSE
dataset_20/uvl/model_20230228_1021126902.uvl,dataset_20/uvl/model_20230228_1021126902.uvl,11,8,0.272727,1,1,0,2,0,1,FALSE
dataset_20/uvl/model_20230313_612090761.uvl,dataset_20/uvl/model_20230313_612090761.uvl,13,9,0.307692,3,3,0,3,0,1,FALSE
dataset_20/uvl/model_20230322_1023477919.uvl,dataset_20/uvl/model_20230322_1023477919.uvl,73,68,0.068493,0,3,0,5,0,0,FALSE
dataset_20/uvl/model_20230322_1028761227.uvl,dataset_20/uvl/model_20230322_1028761227.uvl,18,8,0.555556,0,1,0,7,0,3,FALSE
dataset_20/uvl/model_20230322_1036375763.uvl,dataset_20/uvl/model_20230322_1036375763.uvl,40,29,0.275,0,2,0,6,0,5,FALSE
dataset_20/uvl/model_20230322_1194175451.uvl,dataset_20/uvl/model_20230322_1194175451.uvl,34,27,0.205882,0,0,0,3,0,4,FALSE
dataset_20/uvl/model_20230322_1299985155.uvl,dataset_20/uvl/model_20230322_1299985155.uvl,31,21,0.322581,0,176,0,9,0,1,FALSE
dataset_20/uvl/model_20230322_1548752135.uvl,dataset_20/uvl/model_20230322_1548752135.uvl,45,32,0.288889,4,8,-1,7,0,6,FALSE
dataset_20/uvl/model_20230322_1573076538.uvl,dataset_20/uvl/model_20230322_1573076538.uvl,17,9,0.470588,0,0,0,4,0,4,FALSE
dataset_20/uvl/model_20230322_1814026223.uvl,dataset_20/uvl/model_20230322_1814026223.uvl,20,9,0.55,0,6,0,11,0,0,FALSE
dataset_20/uvl/model_20230322_1855764436.uvl,dataset_20/uvl/model_20230322_1855764436.uvl,26,12,0.538462,0,5,0,7,0,7,FALSE
dataset_20/uvl/model_20230322_1882971454.uvl,dataset_20/uvl/model_20230322_1882971454.uvl,21,9,0.571429,0,1,0,12,0,0,FALSE
dataset_20/uvl/model_20230322_1887635433.uvl,dataset_20/uvl/model_20230322_1887635433.uvl,32,13,0.59375,0,5,0,19,0,0,FALSE
dataset_20/uvl/model_20230322_1914329788.uvl,dataset_20/uvl/model_20230322_1914329788.uvl,32,13,0.59375,0,5,0,19,0,0,FALSE
dataset_20/uvl/model_20230322_2049733851.uvl,dataset_20/uvl/model_20230322_2049733851.uvl,24,9,0.625,0,4,0,13,0,2,FALSE
dataset_20/uvl/model_20230322_2065877531.uvl,dataset_20/uvl/model_20230322_2065877531.uvl,26,7,0.730769,0,1,0,19,0,0,FALSE
dataset_20/uvl/model_20230322_208918165.uvl,dataset_20/uvl/model_20230322_208918165.uvl,40,28,0.3,0,2,0,7,0,5,FALSE
dataset_20/uvl/model_20230322_242202942.uvl,dataset_20/uvl/model_20230322_242202942.uvl,19,10,0.473684,0,1,0,9,0,0,FALSE
dataset_20/uvl/model_20230322_307237036.uvl,dataset_20/uvl/model_20230322_307237036.uvl,29,10,0.655172,0,12,0,10,0,9,FALSE
dataset_20/uvl/model_20230322_310895789.uvl,dataset_20/uvl/model_20230322_310895789.uvl,26,7,0.730769,0,1,0,19,0,0,FALSE
dataset_20/uvl/model_20230322_342259021.uvl,dataset_20/uvl/model_20230322_342259021.uvl,33,14,0.575758,0,7,0,12,0,7,FALSE
dataset_20/uvl/model_20230322_413432441.uvl,dataset_20/uvl/model_20230322_413432441.uvl,22,8,0.636364,0,0,0,13,0,1,FALSE
dataset_20/uvl/model_20230322_492815120.uvl,dataset_20/uvl/model_20230322_492815120.uvl,41,24,0.414634,0,24,0,11,0,6,FALSE
dataset_20/uvl/model_20230322_497943934.uvl,dataset_20/uvl/model_20230322_497943934.uvl,40,29,0.275,0,2,0,6,0,5,FALSE
dataset_20/uvl/model_20230322_572568226.uvl,dataset_20/uvl/model_20230322_572568226.uvl,51,32,0.372549,0,9,0,7,0,12,FALSE
dataset_20/uvl/model_20230322_604627146.uvl,dataset_20/uvl/model_20230322_604627146.uvl,22,7,0.681818,0,8,0,9,0,6,FALSE
dataset_20/uvl/model_20230322_61558144.uvl,dataset_20/uvl/model_20230322_61558144.uvl,16,8,0.5,0,0,0,7,0,1,FALSE
dataset_20/uvl/model_20230322_729074756.uvl,dataset_20/uvl/model_20230322_729074756.uvl,29,10,0.655172,0,12,0,10,0,9,FALSE
dataset_20/uvl/model_20230322_774285627.uvl,dataset_20/uvl/model_20230322_774285627.uvl,15,5,0.666667,0,4,0,6,0,4,FALSE
dataset_20/uvl/model_20230322_812446738.uvl,dataset_20/uvl/model_20230322_812446738.uvl,34,25,0.264706,0,4,0,6,0,3,FALSE
dataset_20/uvl/model_20230322_928718925.uvl,dataset_20/uvl/model_20230322_928718925.uvl,20,9,0.55,0,8,0,11,0,0,FALSE
dataset_20/uvl/model_20230323_1102049462.uvl,dataset_20/uvl/model_20230323_1102049462.uvl,17,4,0.764706,0,0,0,13,0,0,FALSE
dataset_20/uvl/model_20230323_1108197556.uvl,dataset_20/uvl/model_20230323_1108197556.uvl,17,4,0.764706,0,4,0,13,0,0,FALSE
dataset_20/uvl/model_20230323_1971213764.uvl,dataset_20/uvl/model_20230323_1971213764.uvl,46,18,0.608696,0,8,0,16,0,12,FALSE
dataset_20/uvl/model_20230323_425392427.uvl,dataset_20/uvl/model_20230323_425392427.uvl,33,14,0.575758,0,7,0,12,0,7,FALSE
dataset_20/uvl/model_20230323_58681865.uvl,dataset_20/uvl/model_20230323_58681865.uvl,17,4,0.764706,0,4,0,13,0,0,FALSE
dataset_20/uvl/model_20230323_642188361.uvl,dataset_20/uvl/model_20230323_642188361.uvl,23,10,0.565217,0,2,0,12,0,1,FALSE
dataset_20/uvl/model_20230323_867226898.uvl,dataset_20/uvl/model_20230323_867226898.uvl,16,5,0.6875,0,4,0,10,0,1,FALSE
dataset_20/uvl/model_20230323_901833353.uvl,dataset_20/uvl/model_20230323_901833353.uvl,74,25,0.662162,0,30,0,47,0,2,FALSE
dataset_20/uvl/model_20230422_2139223494.uvl,dataset_20/uvl/model_20230422_2139223494.uvl,37,24,0.351351,0,49,0,13,0,0,FALSE
dataset_20/uvl/model_20230423_1943321532.uvl,dataset_20/uvl/model_20230423_1943321532.uvl,27,6,0.777778,0,1,0,21,0,0,FALSE
dataset_20/uvl/model_20230426_159926820.uvl,dataset_20/uvl/model_20230426_159926820.uvl,59,27,0.542373,0,34,0,11,0,21,FALSE
dataset_20/uvl/model_20230505_1739075744.uvl,dataset_20/uvl/model_20230505_1739075744.uvl,42,16,0.619048,3,9,-2,11,0,15,FALSE
dataset_20/uvl/model_20230608_1658584159.uvl,dataset_20/uvl/model_20230608_1658584159.uvl,24,19,0.208333,0,1,0,5,0,0,FALSE
dataset_20/uvl/model_20230609_1502711362.uvl,dataset_20/uvl/model_20230609_1502711362.uvl,22,10,0.545455,0,0,0,11,0,1,FALSE
dataset_20/uvl/model_20230613_1168762973.uvl,dataset_20/uvl/model_20230613_1168762973.uvl,11,6,0.454545,0,11,0,4,0,1,FALSE
dataset_20/uvl/model_20230615_1063099089.uvl,dataset_20/uvl/model_20230615_1063099089.uvl,38,32,0.157895,0,30,0,5,0,1,FALSE
dataset_20/uvl/model_20230615_743611401.uvl,dataset_20/uvl/model_20230615_743611401.uvl,24,16,0.333333,0,4,0,5,0,3,FALSE
dataset_20/uvl/model_20230615_784426434.uvl,dataset_20/uvl/model_20230615_784426434.uvl,14,10,0.285714,0,1,0,3,0,1,FALSE
dataset_20/uvl/model_20230616_862941800.uvl,dataset_20/uvl/model_20230616_862941800.uvl,30,6,0.8,0,11,0,0,0,24,FALSE
dataset_20/uvl/model_20230630_666266911.uvl,dataset_20/uvl/model_20230630_666266911.uvl,13,9,0.307692,2,2,0,2,0,2,FALSE
dataset_20/uvl/movies_app_fm.uvl,dataset_20/uvl/movies_app_fm.uvl,13,6,0.538462,0,0,0,3,0,4,FALSE
dataset_20/uvl/smart_home_fm.uvl,dataset_20/uvl/smart_home_fm.uvl,59,30,0.491525,3,0,1,25,0,4,TRUE
dataset_20/uvl/stack_fm.uvl,dataset_20/uvl/stack_fm.uvl,17,15,0.117647,0,7,0,1,0,1,FALSE
dataset_3/uvl/dm_HICSSDM.csv.uvl,dataset_3/uvl/dm_HICSSDM.csv.uvl,28,28,0,0,0,0,0,0,0,FALSE
dataset_4/uvl/dm_eShop_DM.csv.uvl,dataset_4/uvl/dm_eShop_DM.csv.uvl,13,13,0,4,4,0,0,0,0,FALSE
dataset_42/uvl/step1 Determine the information you need to display.uvl,dataset_42/uvl/step1 Determine the information you need to display.uvl,12,9,0.25,7,64,-8.142857,2,0,1,FALSE
dataset_42/uvl/step2 Select the best means to display the information (tables).uvl,dataset_42/uvl/step2 Select the best means to display the information (tables).uvl,13,8,0.384615,2,9,-3.5,3,0,2,FALSE
"dataset_42/uvl/step3 Design the display to show the information simply, clearly and accurately (graphs).uvl","dataset_42/uvl/step3 Design the display to show the information simply, clearly and accurately (graphs).uvl",50,44,0.12,0,0,0,5,0,1,FALSE
dataset_42/uvl/step4 Select the implementation for the visualization (graphs).uvl,dataset_42/uvl/step4 Select the implementation for the visualization (graphs).uvl,14,6,0.571429,4,12,-2,2,0,6,FALSE
dataset_42/uvl/step4 Select the implementation for the visualization (tables).uvl,dataset_42/uvl/step4 Select the implementation for the visualization (tables).uvl,14,6,0.571429,4,12,-2,2,0,6,FALSE
dataset_43/uvl/model.uvl,dataset_43/uvl/model.uvl,13,9,0.307692,2,2,0,2,0,2,FALSE
dataset_44/uvl/software_strategies.uvl,dataset_44/uvl/software_strategies.uvl,57,53,0.070175,12,24,-1,3,0,1,FALSE
dataset_45/uvl/SGPL.uvl,dataset_45/uvl/SGPL.uvl,94,82,0.12766,19,73,-2.842105,11,0,1,FALSE
dataset_46/uvl/miband1.uvl,dataset_46/uvl/miband1.uvl,12,1,0.916667,0,0,0,11,0,0,FALSE
dataset_46/uvl/miband1_planned.uvl,dataset_46/uvl/miband1_planned.uvl,12,1,0.916667,0,0,0,11,0,0,FALSE
dataset_46/uvl/miband1_realized.uvl,dataset_46/uvl/miband1_realized.uvl,12,1,0.916667,0,0,0,11,0,0,FALSE
dataset_46/uvl/miband1s.uvl,dataset_46/uvl/miband1s.uvl,13,2,0.846154,0,0,0,11,0,0,FALSE
dataset_46/uvl/miband1s_planned.uvl,dataset_46/uvl/miband1s_planned.uvl,13,2,0.846154,0,0,0,11,0,0,FALSE
dataset_46/uvl/miband1s_realized.uvl,dataset_46/uvl/miband1s_realized.uvl,13,2,0.846154,0,0,0,11,0,0,FALSE
dataset_46/uvl/miband2.uvl,dataset_46/uvl/miband2.uvl,21,6,0.714286,4,2,0.5,11,0,4,TRUE
dataset_46/uvl/miband2_planned.uvl,dataset_46/uvl/miband2_planned.uvl,21,7,0.666667,0,4,0,11,0,3,FALSE
dataset_46/uvl/miband2_realized.uvl,dataset_46/uvl/miband2_realized.uvl,21,7,0.666667,0,4,0,11,0,3,FALSE
dataset_46/uvl/miband3.uvl,dataset_46/uvl/miband3.uvl,24,8,0.666667,8,4,0.5,11,0,5,TRUE
dataset_46/uvl/miband3_planned.uvl,dataset_46/uvl/miband3_planned.uvl,24,10,0.583333,1,5,-4,11,0,3,FALSE
dataset_46/uvl/miband3_realized.uvl,dataset_46/uvl/miband3_realized.uvl,24,9,0.625,5,3,0.4,11,0,4,TRUE
dataset_46/uvl/miband4.uvl,dataset_46/uvl/miband4.uvl,31,10,0.677419,16,17,-0.0625,11,0,10,FALSE
dataset_46/uvl/miband4_planned.uvl,dataset_46/uvl/miband4_planned.uvl,31,16,0.483871,1,10,-9,11,0,4,FALSE
dataset_46/uvl/miband4_realized.uvl,dataset_46/uvl/miband4_realized.uvl,31,14,0.548387,8,19,-1.375,11,0,6,FALSE
dataset_46/uvl/miband5.uvl,dataset_46/uvl/miband5.uvl,34,12,0.647059,20,27,-0.35,11,0,11,FALSE
dataset_46/uvl/miband5_planned.uvl,dataset_46/uvl/miband5_planned.uvl,34,19,0.441176,1,10,-9,11,0,4,FALSE
dataset_46/uvl/miband5_realized.uvl,dataset_46/uvl/miband5_realized.uvl,34,13,0.617647,16,17,-0.0625,11,0,10,FALSE
dataset_46/uvl/miband6.uvl,dataset_46/uvl/miband6.uvl,35,13,0.628571,21,28,-0.333333,11,0,11,FALSE
dataset_46/uvl/miband6_planned.uvl,dataset_46/uvl/miband6_planned.uvl,35,20,0.428571,1,10,-9,11,0,4,FALSE
dataset_46/uvl/miband6_realized.uvl,dataset_46/uvl/miband6_realized.uvl,35,13,0.628571,20,27,-0.35,11,0,11,FALSE
dataset_46/uvl/miband7.uvl,dataset_46/uvl/miband7.uvl,36,11,0.694444,22,26,-0.181818,11,1,13,FALSE
dataset_46/uvl/miband7_planned.uvl,dataset_46/uvl/miband7_planned.uvl,36,21,0.416667,1,14,-13,11,0,4,FALSE
dataset_46/uvl/miband7_realized.uvl,dataset_46/uvl/miband7_realized.uvl,36,14,0.611111,20,28,-0.4,11,0,11,FALSE
dataset_46/uvl/miband8.uvl,dataset_46/uvl/miband8.uvl,37,11,0.702703,22,25,-0.136364,11,2,13,FALSE
dataset_46/uvl/miband8_planned.uvl,dataset_46/uvl/miband8_planned.uvl,37,22,0.405405,1,19,-18,11,0,4,FALSE
dataset_46/uvl/miband8_realized.uvl,dataset_46/uvl/miband8_realized.uvl,37,13,0.648649,22,27,-0.227273,11,2,11,FALSE
dataset_48/uvl/REAL-FM-4.uvl,dataset_48/uvl/REAL-FM-4.uvl,291,213,0.268041,21,59,-1.809524,30,0,48,FALSE
dataset_48/uvl/busybox-1.18.0.uvl,dataset_48/uvl/busybox-1.18.0.uvl,854,796,0.067916,67,63,0.059701,19,16,23,TRUE
dataset_49/uvl/REAL-FM-4.uvl,dataset_49/uvl/REAL-FM-4.uvl,291,213,0.268041,21,59,-1.809524,30,0,48,FALSE
dataset_49/uvl/REAL-FM-7.uvl,dataset_49/uvl/REAL-FM-7.uvl,14,10,0.285714,2,2,0,1,0,3,FALSE
dataset_49/uvl/arcade-game.uvl,dataset_49/uvl/arcade-game.uvl,65,40,0.384615,34,36,-0.058824,19,0,6,FALSE
dataset_49/uvl/busybox-1.18.0.uvl,dataset_49/uvl/busybox-1.18.0.uvl,854,796,0.067916,67,63,0.059701,19,16,23,TRUE
dataset_49/uvl/fqa.uvl,dataset_49/uvl/fqa.uvl,179,146,0.184358,9,12,-0.333333,0,0,33,FALSE
dataset_5/uvl/berkeleydb.uvl,dataset_5/uvl/berkeleydb.uvl,76,63,0.171053,20,27,-0.35,0,0,13,FALSE
dataset_50/uvl/SGPL.uvl,dataset_50/uvl/SGPL.uvl,94,82,0.12766,19,73,-2.842105,11,0,1,FALSE
dataset_51/uvl/SGPL_reduced.uvl,dataset_51/uvl/SGPL_reduced.uvl,46,37,0.195652,4,9,-1.25,9,0,0,FALSE
dataset_52/uvl/CDI.uvl,dataset_52/uvl/CDI.uvl,43,26,0.395349,7,24,-2.428571,13,0,4,FALSE
dataset_56/uvl/TankWar_gft.uvl,dataset_56/uvl/TankWar_gft.uvl,37,28,0.243243,0,6,0,6,0,3,FALSE
dataset_57/uvl/Bausatz_2025_Ingredients.uvl,dataset_57/uvl/Bausatz_2025_Ingredients.uvl,60,60,0,0,0,0,0,0,0,FALSE
dataset_57/uvl/Bausatz_2025_Spirits.uvl,dataset_57/uvl/Bausatz_2025_Spirits.uvl,21,21,0,0,0,0,0,0,0,FALSE
dataset_57/uvl/Bibra_2025_Bases.uvl,dataset_57/uvl/Bibra_2025_Bases.uvl,6,6,0,0,0,0,0,0,0,FALSE
dataset_57/uvl/Bibra_2025_Dressings.uvl,dataset_57/uvl/Bibra_2025_Dressings.uvl,15,15,0,0,0,0,0,0,0,FALSE
dataset_57/uvl/Bibra_2025_FinalTouch.uvl,dataset_57/uvl/Bibra_2025_FinalTouch.uvl,13,13,0,0,0,0,0,0,0,FALSE
dataset_57/uvl/Bibra_2025_Ingredients.uvl,dataset_57/uvl/Bibra_2025_Ingredients.uvl,27,27,0,0,0,0,0,0,0,FALSE
dataset_57/uvl/Bibra_2025_Marinades.uvl,dataset_57/uvl/Bibra_2025_Marinades.uvl,7,7,0,0,0,0,0,0,0,FALSE
dataset_57/uvl/Bibra_2025_Proteins.uvl,dataset_57/uvl/Bibra_2025_Proteins.uvl,16,16,0,0,0,0,0,0,0,FALSE
dataset_57/uvl/Fuengirola_Pizzas.uvl,dataset_57/uvl/Fuengirola_Pizzas.uvl,32,29,0.09375,2,51,-24.5,1,0,2,FALSE
dataset_57/uvl/JustSalad_2025_Additions.uvl,dataset_57/uvl/JustSalad_2025_Additions.uvl,6,6,0,0,0,0,0,0,0,FALSE
dataset_57/uvl/NamasteRincon_Pizza.uvl,dataset_57/uvl/NamasteRincon_Pizza.uvl,38,33,0.131579,4,2,0.5,4,0,1,TRUE
dataset_57/uvl/Turkish_2025_Ingredients.uvl,dataset_57/uvl/Turkish_2025_Ingredients.uvl,27,27,0,0,0,0,0,0,0,FALSE
dataset_58/uvl/IngredientsFM.uvl,dataset_58/uvl/IngredientsFM.uvl,30,30,0,0,0,0,0,0,0,FALSE
dataset_6/uvl/financialservices01.uvl,dataset_6/uvl/financialservices01.uvl,771,670,0.130999,1080,2406,-1.227778,21,12,68,FALSE
dataset_61/uvl/model-v1.uvl,dataset_61/uvl/model-v1.uvl,19,12,0.368421,0,12,0,5,0,2,FALSE
dataset_61/uvl/model-v2.uvl,dataset_61/uvl/model-v2.uvl,19,12,0.368421,0,12,0,5,0,2,FALSE
dataset_61/uvl/model-v3.uvl,dataset_61/uvl/model-v3.uvl,26,20,0.230769,0,133,0,5,0,1,FALSE
dataset_61/uvl/model-v4.uvl,dataset_61/uvl/model-v4.uvl,27,21,0.222222,0,136,0,5,0,1,FALSE
dataset_61/uvl/model-v5.uvl,dataset_61/uvl/model-v5.uvl,37,31,0.162162,0,292,0,5,0,1,FALSE
dataset_61/uvl/model-v6.uvl,dataset_61/uvl/model-v6.uvl,61,56,0.081967,0,1993,0,5,0,0,FALSE
dataset_61/uvl/model-v8.uvl,dataset_61/uvl/model-v8.uvl,65,60,0.076923,0,1396,0,5,0,0,FALSE
dataset_7/uvl/2017-05-22.uvl,dataset_7/uvl/2017-05-22.uvl,557,448,0.195691,1001,1872,-0.87013,28,0,81,FALSE
dataset_7/uvl/2017-09-28.uvl,dataset_7/uvl/2017-09-28.uvl,704,595,0.15483,1136,2521,-1.21919,17,12,80,FALSE
dataset_7/uvl/2017-10-20.uvl,dataset_7/uvl/2017-10-20.uvl,712,601,0.155899,1142,2464,-1.157618,18,12,81,FALSE
dataset_7/uvl/2017-11-20.uvl,dataset_7/uvl/2017-11-20.uvl,711,600,0.156118,1148,3084,-1.686411,18,12,81,FALSE
dataset_7/uvl/2017-12-22.uvl,dataset_7/uvl/2017-12-22.uvl,716,602,0.159218,1148,3310,-1.883275,18,12,84,FALSE
dataset_7/uvl/2018-01-23.uvl,dataset_7/uvl/2018-01-23.uvl,712,590,0.171348,1028,3555,-2.458171,17,12,93,FALSE
dataset_7/uvl/2018-02-20.uvl,dataset_7/uvl/2018-02-20.uvl,759,637,0.160738,1034,3987,-2.855899,17,12,93,FALSE
dataset_7/uvl/2018-03-26.uvl,dataset_7/uvl/2018-03-26.uvl,771,631,0.181582,1080,3685,-2.412037,24,12,104,FALSE
dataset_7/uvl/2018-04-23.uvl,dataset_7/uvl/2018-04-23.uvl,774,673,0.130491,1079,2294,-1.126043,22,12,67,FALSE
dataset_7/uvl/2018-05-09.uvl,dataset_7/uvl/2018-05-09.uvl,771,670,0.130999,1080,2406,-1.227778,21,12,68,FALSE
dataset_70/uvl/strategies.uvl,dataset_70/uvl/strategies.uvl,57,53,0.070175,12,24,-1,3,0,1,FALSE
dataset_72/uvl/An_Instrument_for_Measuring Variability_Thinking.uvl,dataset_72/uvl/An_Instrument_for_Measuring Variability_Thinking.uvl,16,13,0.1875,2,9,-3.5,2,0,1,FALSE
dataset_73/uvl/Dashboard.uvl,dataset_73/uvl/Dashboard.uvl,17,10,0.411765,0,11,0,7,0,0,FALSE
dataset_74/uvl/sample_splent_app.uvl,dataset_74/uvl/sample_splent_app.uvl,8,6,0.25,3,2,0.333333,2,0,0,TRUE
dataset_75/uvl/sample_splent_app.uvl,dataset_75/uvl/sample_splent_app.uvl,8,6,0.25,3,2,0.333333,2,0,0,TRUE
dataset_78/uvl/FitApp.uvl,dataset_78/uvl/FitApp.uvl,23,21,0.086957,6,16,-1.666667,2,0,0,FALSE
dataset_78/uvl/FitnessApp.uvl,dataset_78/uvl/FitnessApp.uvl,56,35,0.375,8,24,-2,12,0,9,FALSE
dataset_78/uvl/GpsPort.uvl,dataset_78/uvl/GpsPort.uvl,29,18,0.37931,4,3,0.25,7,0,4,TRUE
dataset_78/uvl/MonumentosZaragoza.uvl,dataset_78/uvl/MonumentosZaragoza.uvl,34,18,0.470588,1,4,-3,11,0,5,FALSE
dataset_78/uvl/SdaWorld.uvl,dataset_78/uvl/SdaWorld.uvl,16,6,0.625,1,0,1,1,0,9,TRUE
dataset_79/uvl/CasetViejaEscuela.uvl,dataset_79/uvl/CasetViejaEscuela.uvl,20,4,0.8,12,4,0.666667,12,0,4,TRUE
dataset_79/uvl/FinTrack.uvl,dataset_79/uvl/FinTrack.uvl,37,12,0.675676,2,6,-2,14,0,11,FALSE
dataset_80/uvl/propeller.uvl,dataset_80/uvl/propeller.uvl,32,14,0.5625,0,30,0,15,0,3,FALSE
dataset_81/uvl/sample_splent_app.uvl,dataset_81/uvl/sample_splent_app.uvl,17,13,0.235294,10,5,0.5,3,0,1,TRUE
dataset_82/uvl/sample_splent_app.uvl,dataset_82/uvl/sample_splent_app.uvl,15,11,0.266667,8,4,0.5,3,0,1,TRUE
dataset_87/uvl/cms_spl.uvl,dataset_87/uvl/cms_spl.uvl,30,22,0.266667,14,8,0.428571,6,0,2,TRUE
dataset_88/uvl/marketplace_spl.uvl,dataset_88/uvl/marketplace_spl.uvl,14,8,0.428571,4,1,0.75,5,0,1,TRUE
dataset_89/uvl/demo_spl.uvl,dataset_89/uvl/demo_spl.uvl,3,2,0.333333,1,0,1,1,0,0,TRUE
dataset_90/uvl/demo_spl.uvl,dataset_90/uvl/demo_spl.uvl,3,2,0.333333,1,0,1,1,0,0,TRUE
dataset_91/uvl/demo_spl.uvl,dataset_91/uvl/demo_spl.uvl,3,2,0.333333,1,0,1,1,0,0,TRUE
dataset_92/uvl/openwiki_spl.uvl,dataset_92/uvl/openwiki_spl.uvl,21,12,0.428571,11,2,0.818182,7,0,2,TRUE
dataset_93/uvl/openwiki_spl.uvl,dataset_93/uvl/openwiki_spl.uvl,21,12,0.428571,11,3,0.727273,7,0,2,TRUE
dataset_94/uvl/cms_spl.uvl,dataset_94/uvl/cms_spl.uvl,33,25,0.242424,19,13,0.315789,6,0,2,TRUE
dataset_95/uvl/cms_spl.uvl,dataset_95/uvl/cms_spl.uvl,33,25,0.242424,20,14,0.3,6,0,2,TRUE
dataset_96/uvl/cms_spl.uvl,dataset_96/uvl/cms_spl.uvl,34,25,0.264706,20,14,0.3,7,0,2,TRUE
dataset_97/uvl/cms_spl.uvl,dataset_97/uvl/cms_spl.uvl,35,26,0.257143,22,14,0.363636,7,0,2,TRUE
